severity	reason	entityType	entity	qid	theme	question	response	confidence	justification	source
high	extreme_score_generic_justification	party	LFI	1	Économie	Il faut réduire les impôts sur le travail et le capital, même si cela implique de réduire certaines dépenses publiques.	-3	2	Désaccord fort : orientation cohérente avec le document officiel retenu, sans passage isolé directement équivalent à la question.	https://lafranceinsoumise.fr/europeennes-2024/programme-de-lunion-populaire/chapitre-1-sortir-de-lausterite-et-partager-les-richesses/
high	extreme_score_generic_justification	party	LFI	6	Économie	Les entreprises privées sont généralement plus efficaces que l'État pour fournir des biens et services, même dans certains secteurs essentiels.	-3	2	Désaccord fort : sources officielles et prises de position convergentes ; le niveau de confiance documentaire a été réévalué indépendamment de l’intensité de la réponse.	https://lafranceinsoumise.fr/
high	extreme_score_generic_justification	party	LFI	8	Économie	La concurrence est généralement préférable à la réglementation pour améliorer les prix, la qualité et l'innovation.	-3	2	Désaccord fort : sources officielles et prises de position convergentes ; le niveau de confiance documentaire a été réévalué indépendamment de l’intensité de la réponse.	https://lafranceinsoumise.fr/
high	extreme_score_generic_justification	party	LFI	13	État	Les citoyens devraient avoir davantage de liberté pour choisir eux-mêmes comment utiliser leur argent plutôt que de passer par des systèmes publics obligatoires.	-3	2	Désaccord fort : sources officielles et prises de position convergentes ; le niveau de confiance documentaire a été réévalué indépendamment de l’intensité de la réponse.	https://lafranceinsoumise.fr/
high	extreme_score_generic_justification	party	LFI	14	Social / société	La société devrait accepter beaucoup plus largement les différents modes de vie, même lorsqu'ils s'éloignent des normes traditionnelles.	3	2	Accord fort : codage cohérent avec la ligne programmatique générale du parti sur social / société.	https://lafranceinsoumise.fr/wp-content/uploads/2024/06/Programme-nouveaufrontpopulaire.pdf
high	extreme_score_generic_justification	party	LFI	17	Social / société	Les politiques publiques devraient chercher à corriger activement les discriminations historiques ou structurelles entre groupes sociaux.	3	2	Accord fort : codage cohérent avec la ligne programmatique générale du parti sur social / société.	https://lafranceinsoumise.fr/wp-content/uploads/2024/06/Programme-nouveaufrontpopulaire.pdf
high	extreme_score_generic_justification	party	LFI	21	Immigration	L'immigration économique est globalement bénéfique pour l'économie française.	3	2	Accord net : sources officielles et prises de position convergentes ; le niveau de confiance documentaire a été réévalué indépendamment de l’intensité de la réponse.	https://lafranceinsoumise.fr/wp-content/uploads/2024/06/Programme-nouveaufrontpopulaire.pdf
high	extreme_score_generic_justification	party	LFI	25	Immigration	Même lorsque l'immigration est économiquement bénéfique, elle peut être légitimement limitée pour préserver la cohésion culturelle du pays.	-3	2	Désaccord fort : orientation cohérente avec le document officiel retenu, sans passage isolé directement équivalent à la question.	https://lafranceinsoumise.fr/wp-content/uploads/2024/06/Programme-nouveaufrontpopulaire.pdf
high	extreme_score_generic_justification	party	LFI	28	Sécurité / justice	Il vaut mieux investir dans la prévention et la réinsertion que dans l'augmentation des sanctions.	3	2	Accord fort : sources officielles et prises de position convergentes ; le niveau de confiance documentaire a été réévalué indépendamment de l’intensité de la réponse.	https://lafranceinsoumise.fr/wp-content/uploads/2024/06/Programme-nouveaufrontpopulaire.pdf
high	extreme_score_generic_justification	party	LFI	29	Sécurité / justice	La police devrait disposer de pouvoirs plus importants pour lutter contre la criminalité, quitte à accepter davantage de contrôles sur certaines libertés individuelles.	-3	2	Désaccord fort : orientation cohérente avec le document officiel retenu, sans passage isolé directement équivalent à la question.	https://lafranceinsoumise.fr/wp-content/uploads/2024/06/Programme-nouveaufrontpopulaire.pdf
high	extreme_score_generic_justification	party	LFI	32	Écologie	La lutte contre le changement climatique doit rester prioritaire même lorsqu'elle réduit la croissance économique à court terme.	3	2	Accord fort : orientation cohérente avec le document officiel retenu, sans passage isolé directement équivalent à la question.	https://lafranceinsoumise.fr/wp-content/uploads/2024/06/Programme-nouveaufrontpopulaire.pdf
high	extreme_score_generic_justification	party	LFI	36	Écologie	Il est justifié d'interdire certains produits ou comportements très polluants même lorsque les consommateurs les souhaitent.	3	2	Accord fort : codage cohérent avec la ligne programmatique générale du parti sur écologie.	https://lafranceinsoumise.fr/wp-content/uploads/2024/06/Programme-nouveaufrontpopulaire.pdf
high	extreme_score_generic_justification	party	LFI	37	Écologie	Les pays riches devraient supporter une part prépondérante du coût de la transition écologique mondiale.	3	2	Accord fort : sources officielles et prises de position convergentes ; le niveau de confiance documentaire a été réévalué indépendamment de l’intensité de la réponse.	https://lafranceinsoumise.fr/wp-content/uploads/2024/06/Programme-nouveaufrontpopulaire.pdf
medium	neutral_score_generic_justification	party	LFI	40	Europe	L'euro est globalement bénéfique pour la France malgré la perte de certains instruments de politique économique.	0	2	Position équilibrée ou non tranchée : orientation cohérente avec le document officiel retenu, sans passage isolé directement équivalent à la question.	https://lafranceinsoumise.fr/wp-content/uploads/2024/05/PROGRAMME-UNION-POPULAIRE_EURO-2024.pdf
medium	neutral_score_generic_justification	party	LFI	41	Europe	L'Union européenne devrait pouvoir imposer davantage de règles communes aux États membres.	0	2	Position équilibrée ou non tranchée : orientation cohérente avec le document officiel retenu, sans passage isolé directement équivalent à la question.	https://lafranceinsoumise.fr/wp-content/uploads/2024/05/PROGRAMME-UNION-POPULAIRE_EURO-2024.pdf
high	extreme_score_generic_justification	party	LFI	42	Europe	En cas de conflit entre les intérêts économiques français et les règles européennes, la France devrait pouvoir désobéir à certaines règles européennes.	3	2	Accord fort : orientation cohérente avec le document officiel retenu, sans passage isolé directement équivalent à la question.	https://lafranceinsoumise.fr/wp-content/uploads/2024/05/PROGRAMME-UNION-POPULAIRE_EURO-2024.pdf
medium	low_confidence	party	LFI	48	Travail / chômage	Le CDI protège trop fortement les salariés déjà en poste et peut rendre plus difficile l’accès à l’emploi stable, au détriment des jeunes, chômeurs ou travailleurs en contrats précaires.	-2	1	Désaccord net : estimation prudente ; aucune formulation parfaitement équivalente à la question n’a été identifiée.	https://lafranceinsoumise.fr/europeennes-2024/programme-de-lunion-populaire/chapitre-1-sortir-de-lausterite-et-partager-les-richesses/
high	strong_score_low_confidence	party	LFI	48	Travail / chômage	Le CDI protège trop fortement les salariés déjà en poste et peut rendre plus difficile l’accès à l’emploi stable, au détriment des jeunes, chômeurs ou travailleurs en contrats précaires.	-2	1	Désaccord net : estimation prudente ; aucune formulation parfaitement équivalente à la question n’a été identifiée.	https://lafranceinsoumise.fr/europeennes-2024/programme-de-lunion-populaire/chapitre-1-sortir-de-lausterite-et-partager-les-richesses/
high	extreme_score_generic_justification	party	LFI	49	Retraites	Les retraites devraient être progressivement réformées vers un système combinant répartition et capitalisation, même si cela implique une période de transition coûteuse.	-3	2	Désaccord fort : orientation cohérente avec le document officiel retenu, sans passage isolé directement équivalent à la question.	https://lafranceinsoumise.fr/europeennes-2024/programme-de-lunion-populaire/chapitre-1-sortir-de-lausterite-et-partager-les-richesses/
high	extreme_score_generic_justification	party	LFI	50	Retraites	L'âge légal de départ à la retraite devrait être automatiquement indexé sur l'espérance de vie nationale.	-3	2	Désaccord fort : sources officielles et prises de position convergentes ; le niveau de confiance documentaire a été réévalué indépendamment de l’intensité de la réponse.	https://lafranceinsoumise.fr/
high	extreme_score_generic_justification	party	LFI	51	Protection sociale	Les prestations sociales devraient être fortement conditionnées à la durée de cotisation et de participation au marché du travail.	-3	2	Désaccord fort : orientation cohérente avec le document officiel retenu, sans passage isolé directement équivalent à la question.	https://lafranceinsoumise.fr/europeennes-2024/programme-de-lunion-populaire/chapitre-1-sortir-de-lausterite-et-partager-les-richesses/
high	extreme_score_generic_justification	party	LFI	54	État / entreprises	L'État devrait davantage utiliser son pouvoir d'actionnaire pour orienter les grandes entreprises françaises vers des objectifs industriels de long terme.	3	2	Accord fort : sources officielles et prises de position convergentes ; le niveau de confiance documentaire a été réévalué indépendamment de l’intensité de la réponse.	https://lafranceinsoumise.fr/
high	extreme_score_generic_justification	party	LFI	55	État / entreprises	Il faudrait réduire fortement les normes administratives pesant sur les entreprises, même si certaines protections environnementales ou sociales deviennent moins strictes.	-3	2	Désaccord fort : orientation cohérente avec le document officiel retenu, sans passage isolé directement équivalent à la question.	https://lafranceinsoumise.fr/europeennes-2024/programme-de-lunion-populaire/chapitre-1-sortir-de-lausterite-et-partager-les-richesses/
high	extreme_score_generic_justification	party	LFI	57	Immigration / assimilation	L'accès à certaines prestations sociales devrait être beaucoup plus limité pendant les premières années suivant l'arrivée d'un immigré.	-3	2	Désaccord fort : orientation cohérente avec le document officiel retenu, sans passage isolé directement équivalent à la question.	https://lafranceinsoumise.fr/wp-content/uploads/2024/06/Programme-nouveaufrontpopulaire.pdf
medium	low_confidence	party	LFI	58	Immigration / assimilation	La France devrait privilégier l'immigration économique qualifiée, même si cela signifie accueillir moins de personnes peu qualifiées.	-1	1	Réserve : estimation prudente ; aucune formulation parfaitement équivalente à la question n’a été identifiée.	https://lafranceinsoumise.fr/wp-content/uploads/2024/06/Programme-nouveaufrontpopulaire.pdf
high	extreme_score_generic_justification	party	LFI	59	Immigration / assimilation	Une personne née en France de parents étrangers devrait automatiquement devenir française à sa majorité si elle y a grandi, même si elle ne manifeste pas particulièrement d'attachement à la France.	3	2	Accord fort : orientation cohérente avec le document officiel retenu, sans passage isolé directement équivalent à la question.	https://lafranceinsoumise.fr/wp-content/uploads/2024/06/Programme-nouveaufrontpopulaire.pdf
high	extreme_score_generic_justification	party	LFI	60	Immigration / assimilation	La France devrait pouvoir refuser l'entrée à un immigré légalement admissible lorsqu'il existe de fortes raisons de penser qu'il ne souhaite pas s'intégrer culturellement à la société française.	-3	2	Désaccord fort : orientation cohérente avec le document officiel retenu, sans passage isolé directement équivalent à la question.	https://lafranceinsoumise.fr/wp-content/uploads/2024/06/Programme-nouveaufrontpopulaire.pdf
high	extreme_score_generic_justification	party	LFI	61	Immigration / assimilation	Le fait de conserver des pratiques culturelles ou religieuses très différentes de celles de la majorité française n'est pas en soi un problème tant que les lois françaises sont respectées.	3	2	Accord fort : sources officielles et prises de position convergentes ; le niveau de confiance documentaire a été réévalué indépendamment de l’intensité de la réponse.	https://lafranceinsoumise.fr/wp-content/uploads/2024/06/Programme-nouveaufrontpopulaire.pdf
high	extreme_score_generic_justification	party	LFI	68	Écologie	La France devrait interdire progressivement la vente de voitures thermiques même si cela augmente temporairement le prix moyen des véhicules.	3	2	Accord fort : orientation cohérente avec le document officiel retenu, sans passage isolé directement équivalent à la question.	https://lafranceinsoumise.fr/wp-content/uploads/2024/06/Programme-nouveaufrontpopulaire.pdf
high	extreme_score_generic_justification	party	LFI	69	Écologie	Il faut privilégier le nucléaire même si cela conduit à réduire certains investissements dans les renouvelables.	-3	2	Désaccord fort : orientation cohérente avec le document officiel retenu, sans passage isolé directement équivalent à la question.	https://lafranceinsoumise.fr/wp-content/uploads/2024/06/Programme-nouveaufrontpopulaire.pdf
medium	low_confidence	party	LFI	71	Écologie / croissance	Si la France pouvait réduire ses émissions de 20 % mais que cela réduisait son PIB de 3 %, alors que les autres pays ne faisaient aucun effort comparable, il faudrait quand même le faire.	2	1	Accord net : estimation prudente ; aucune formulation parfaitement équivalente à la question n’a été identifiée.	https://lafranceinsoumise.fr/wp-content/uploads/2024/06/Programme-nouveaufrontpopulaire.pdf
high	strong_score_low_confidence	party	LFI	71	Écologie / croissance	Si la France pouvait réduire ses émissions de 20 % mais que cela réduisait son PIB de 3 %, alors que les autres pays ne faisaient aucun effort comparable, il faudrait quand même le faire.	2	1	Accord net : estimation prudente ; aucune formulation parfaitement équivalente à la question n’a été identifiée.	https://lafranceinsoumise.fr/wp-content/uploads/2024/06/Programme-nouveaufrontpopulaire.pdf
medium	low_confidence	party	LFI	73	Institutions	Un gouvernement devrait pouvoir prendre une décision économiquement nécessaire mais très impopulaire sans chercher à obtenir l'approbation immédiate de la population.	0	1	Position équilibrée ou non tranchée : estimation prudente ; aucune formulation parfaitement équivalente à la question n’a été identifiée.	https://lafranceinsoumise.fr/europeennes-2024/programme-de-lunion-populaire/chapitre-1-sortir-de-lausterite-et-partager-les-richesses/
medium	neutral_score_generic_justification	party	LFI	73	Institutions	Un gouvernement devrait pouvoir prendre une décision économiquement nécessaire mais très impopulaire sans chercher à obtenir l'approbation immédiate de la population.	0	1	Position équilibrée ou non tranchée : estimation prudente ; aucune formulation parfaitement équivalente à la question n’a été identifiée.	https://lafranceinsoumise.fr/europeennes-2024/programme-de-lunion-populaire/chapitre-1-sortir-de-lausterite-et-partager-les-richesses/
medium	low_confidence	party	LFI	75	Institutions	Il serait acceptable de donner davantage de poids politique aux citoyens qui démontrent un niveau élevé de connaissance du fonctionnement des institutions et de l'économie.	-2	1	Désaccord net : estimation prudente ; aucune formulation parfaitement équivalente à la question n’a été identifiée.	https://lafranceinsoumise.fr/europeennes-2024/programme-de-lunion-populaire/chapitre-1-sortir-de-lausterite-et-partager-les-richesses/
high	strong_score_low_confidence	party	LFI	75	Institutions	Il serait acceptable de donner davantage de poids politique aux citoyens qui démontrent un niveau élevé de connaissance du fonctionnement des institutions et de l'économie.	-2	1	Désaccord net : estimation prudente ; aucune formulation parfaitement équivalente à la question n’a été identifiée.	https://lafranceinsoumise.fr/europeennes-2024/programme-de-lunion-populaire/chapitre-1-sortir-de-lausterite-et-partager-les-richesses/
high	extreme_score_generic_justification	party	LFI	77	Institutions	La proportionnelle intégrale serait préférable au système actuel, même si elle rendait plus fréquentes les coalitions et les gouvernements instables.	3	2	Accord fort : orientation cohérente avec le document officiel retenu, sans passage isolé directement équivalent à la question.	https://lafranceinsoumise.fr/europeennes-2024/programme-de-lunion-populaire/chapitre-1-sortir-de-lausterite-et-partager-les-richesses/
medium	neutral_score_generic_justification	party	LFI	78	Immigration / assimilation	Le droit de séjour durable en France devrait dépendre, sauf impossibilité particulière, d’efforts concrets pour apprendre le français, comprendre les règles et usages du pays et participer à la vie collective.	0	2	Position équilibrée ou non tranchée : orientation cohérente avec le document officiel retenu, sans passage isolé directement équivalent à la question.	https://lafranceinsoumise.fr/wp-content/uploads/2024/06/Programme-nouveaufrontpopulaire.pdf
high	extreme_score_generic_justification	party	LFI	79	Immigration / délinquance	Les différences de délinquance observées s’expliquent davantage par les inégalités sociales et économiques que par la culture d’origine des personnes concernées.	3	2	Accord fort : orientation cohérente avec le document officiel retenu, sans passage isolé directement équivalent à la question.	https://lafranceinsoumise.fr/wp-content/uploads/2024/06/Programme-nouveaufrontpopulaire.pdf
high	extreme_score_generic_justification	party	LFI	81	Santé / accès aux soins	Dans les zones où l'accès aux soins est insuffisant, l'Assurance maladie devrait pouvoir limiter le conventionnement de nouveaux médecins dans les zones déjà bien dotées afin d'encourager leur installation dans les déserts médicaux.	3	3	Accord fort : le scrutin sur la régulation du conventionnement médical fournit la position parlementaire la plus proche ; pour les formations non représentées, le codage est déduit de leur ligne sur la liberté d'installation. Niveau de preuve : preuve directe ou politique explicitement documentée.	https://www.assemblee-nationale.fr/dyn/17/scrutins/1214
high	extreme_score_generic_justification	party	LFI	82	Santé / assurance maladie	L'Assurance maladie devrait rembourser intégralement les soins essentiels, quitte à réduire fortement le rôle des complémentaires santé.	3	3	Accord fort : le programme de santé retenu permet d'estimer la place accordée à l'assurance publique et aux complémentaires. Niveau de preuve : preuve directe ou politique explicitement documentée.	https://lafranceinsoumise.fr/wp-content/uploads/2018/10/LIVRET-ContreBudget-1.pdf
high	extreme_score_generic_justification	party	LFI	83	Santé / hôpital	Il faut accepter de fermer ou regrouper certaines petites maternités et certains services d'urgence afin de concentrer les équipes et les équipements dans des établissements plus importants.	-3	2	Désaccord fort : le document retenu permet d'arbitrer entre maintien de la proximité hospitalière et concentration des moyens. Niveau de preuve : faisceau d’indices cohérent, sans équivalent toujours parfaitement identique.	https://lafranceinsoumise.fr/wp-content/uploads/2024/06/Programme-nouveaufrontpopulaire.pdf
high	extreme_score_generic_justification	party	LFI	84	Éducation / autonomie	Les chefs d'établissement scolaire devraient pouvoir recruter eux-même une partie de leurs enseignants et peser davantage dans leur évaluation.	-3	2	Désaccord fort : la position est estimée à partir des propositions d'autonomie des établissements, de recrutement et de gestion des enseignants. Niveau de preuve : faisceau d’indices cohérent, sans équivalent toujours parfaitement identique.	https://lafranceinsoumise.fr/wp-content/uploads/2024/06/Programme-nouveaufrontpopulaire.pdf
high	extreme_score_generic_justification	party	LFI	85	Éducation / mixité sociale	Le financement public des établissements privés sous contrat devrait être conditionné à des objectifs mesurables de mixité sociale.	3	2	Accord fort : la position est estimée à partir des propositions sur l'enseignement privé, son financement et la mixité sociale. Niveau de preuve : faisceau d’indices cohérent, sans équivalent toujours parfaitement identique.	https://lafranceinsoumise.fr/wp-content/uploads/2024/06/Programme-nouveaufrontpopulaire.pdf
high	extreme_score_generic_justification	party	LFI	88	Défense / dissuasion nucléaire	La dissuasion nucléaire française devrait aussi protéger les partenaires européens, tout en laissant à la France seule la décision finale de l'employer.	-3	2	Désaccord fort : la source retenue porte sur l'extension européenne de la dissuasion ou, pour les pays non dotés, sur la protection nucléaire alliée. Niveau de preuve : faisceau d’indices cohérent, sans équivalent toujours parfaitement identique.	https://lafranceinsoumise.fr/2019/02/05/question-ecrite-sur-la-dissuasion-nucleaire-dans-le-traite-daix-la-chapelle/
high	extreme_score_generic_justification	party	LFI	89	Santé / fin de vie	Une personne majeure atteinte d'une maladie grave et incurable provoquant des souffrances insupportables devrait pouvoir recevoir une aide médicale à mourir dans un cadre strictement contrôlé.	3	3	Accord fort : le vote, la loi ou la position gouvernementale sur l'aide à mourir fournit un équivalent direct ou très proche. Niveau de preuve : preuve directe ou politique explicitement documentée.	https://www.assemblee-nationale.fr/dyn/17/scrutins/2107
medium	low_confidence	party	LFI	91	Famille / prestations	Les allocations familiales devraient être versées à toutes les familles selon le nombre d'enfants, sans diminuer lorsque les revenus augmentent.	2	1	Accord net : le modèle de prestations familiales et la ligne programmatique permettent d'estimer la préférence pour l'universalité ou le ciblage. Niveau de preuve : estimation prudente à partir de la ligne générale.	https://lafranceinsoumise.fr/wp-content/uploads/2024/06/Programme-nouveaufrontpopulaire.pdf
high	strong_score_low_confidence	party	LFI	91	Famille / prestations	Les allocations familiales devraient être versées à toutes les familles selon le nombre d'enfants, sans diminuer lorsque les revenus augmentent.	2	1	Accord net : le modèle de prestations familiales et la ligne programmatique permettent d'estimer la préférence pour l'universalité ou le ciblage. Niveau de preuve : estimation prudente à partir de la ligne générale.	https://lafranceinsoumise.fr/wp-content/uploads/2024/06/Programme-nouveaufrontpopulaire.pdf
high	extreme_score_generic_justification	party	LFI	92	Numérique / mineurs	L'accès aux réseaux sociaux devrait être interdit aux moins de 15 ans, même avec l'accord de leurs parents.	-3	3	Désaccord fort : le vote ou la politique publique sur l'âge d'accès aux réseaux sociaux permet de distinguer interdiction stricte, autorisation parentale et régulation plus souple. Niveau de preuve : preuve directe ou politique explicitement documentée.	https://www.assemblee-nationale.fr/dyn/17/scrutins/8431
high	extreme_score_generic_justification	party	PCF	1	Économie	Il faut réduire les impôts sur le travail et le capital, même si cela implique de réduire certaines dépenses publiques.	-3	2	Désaccord fort : orientation cohérente avec le document officiel retenu, sans passage isolé directement équivalent à la question.	https://www.pcf.fr/feuille_de_route_confnat_pcf
high	extreme_score_generic_justification	party	PCF	6	Économie	Les entreprises privées sont généralement plus efficaces que l'État pour fournir des biens et services, même dans certains secteurs essentiels.	-3	2	Désaccord fort : estimation prudente ; aucune formulation parfaitement équivalente à la question n’a été identifiée.	https://www.pcf.fr/feuille_de_route_confnat_pcf
high	extreme_score_generic_justification	party	PCF	8	Économie	La concurrence est généralement préférable à la réglementation pour améliorer les prix, la qualité et l'innovation.	-3	2	Désaccord fort : estimation prudente ; aucune formulation parfaitement équivalente à la question n’a été identifiée.	https://www.pcf.fr/feuille_de_route_confnat_pcf
high	extreme_score_generic_justification	party	PCF	13	État	Les citoyens devraient avoir davantage de liberté pour choisir eux-mêmes comment utiliser leur argent plutôt que de passer par des systèmes publics obligatoires.	-3	2	Désaccord fort : estimation prudente ; aucune formulation parfaitement équivalente à la question n’a été identifiée.	https://www.pcf.fr/feuille_de_route_confnat_pcf
medium	neutral_score_generic_justification	party	PCF	19	Social / société	Certaines traditions et valeurs culturelles méritent d'être préservées même si elles évoluent moins vite que la société.	0	2	Position équilibrée ou non tranchée : codage cohérent avec la ligne programmatique générale du parti sur social / société.	https://www.pcf.fr/immigration_est_un_enjeu_de_classe
high	extreme_score_generic_justification	party	PCF	36	Écologie	Il est justifié d'interdire certains produits ou comportements très polluants même lorsque les consommateurs les souhaitent.	3	2	Accord fort : codage cohérent avec la ligne programmatique générale du parti sur écologie.	https://www.pcf.fr/europe_le_programme_un_argumentaire_utile_aux_militants_et_un_outil_de_campagne_efficace
high	extreme_score_generic_justification	party	PCF	37	Écologie	Les pays riches devraient supporter une part prépondérante du coût de la transition écologique mondiale.	3	2	Accord fort : sources officielles et prises de position convergentes ; le niveau de confiance documentaire a été réévalué indépendamment de l’intensité de la réponse.	https://www.pcf.fr/europe_le_programme_un_argumentaire_utile_aux_militants_et_un_outil_de_campagne_efficace
medium	neutral_score_generic_justification	party	PCF	40	Europe	L'euro est globalement bénéfique pour la France malgré la perte de certains instruments de politique économique.	0	2	Position équilibrée ou non tranchée : orientation cohérente avec le document officiel retenu, sans passage isolé directement équivalent à la question.	https://www.pcf.fr/europe_le_programme_un_argumentaire_utile_aux_militants_et_un_outil_de_campagne_efficace
medium	neutral_score_generic_justification	party	PCF	41	Europe	L'Union européenne devrait pouvoir imposer davantage de règles communes aux États membres.	0	2	Position équilibrée ou non tranchée : orientation cohérente avec le document officiel retenu, sans passage isolé directement équivalent à la question.	https://www.pcf.fr/europe_le_programme_un_argumentaire_utile_aux_militants_et_un_outil_de_campagne_efficace
high	extreme_score_generic_justification	party	PCF	42	Europe	En cas de conflit entre les intérêts économiques français et les règles européennes, la France devrait pouvoir désobéir à certaines règles européennes.	3	2	Accord fort : orientation cohérente avec le document officiel retenu, sans passage isolé directement équivalent à la question.	https://www.pcf.fr/europe_le_programme_un_argumentaire_utile_aux_militants_et_un_outil_de_campagne_efficace
high	extreme_score_generic_justification	party	PCF	44	Fiscalité / patrimoine	L'héritage devrait être davantage taxé au-delà d'un certain seuil de patrimoine transmis, même si cela conduit certaines familles à transmettre moins de patrimoine à leurs enfants.	3	2	Accord fort : orientation cohérente avec le document officiel retenu, sans passage isolé directement équivalent à la question.	https://www.pcf.fr/feuille_de_route_confnat_pcf
high	extreme_score_generic_justification	party	PCF	46	Travail / chômage	Un chômeur devrait pouvoir perdre une partie significative de ses allocations s'il refuse plusieurs emplois raisonnablement adaptés à ses compétences.	-3	2	Désaccord fort : orientation cohérente avec le document officiel retenu, sans passage isolé directement équivalent à la question.	https://www.pcf.fr/feuille_de_route_confnat_pcf
medium	low_confidence	party	PCF	48	Travail / chômage	Le CDI protège trop fortement les salariés déjà en poste et peut rendre plus difficile l’accès à l’emploi stable, au détriment des jeunes, chômeurs ou travailleurs en contrats précaires.	-2	1	Réserve : estimation prudente ; aucune formulation parfaitement équivalente à la question n’a été identifiée.	https://www.pcf.fr/feuille_de_route_confnat_pcf
high	strong_score_low_confidence	party	PCF	48	Travail / chômage	Le CDI protège trop fortement les salariés déjà en poste et peut rendre plus difficile l’accès à l’emploi stable, au détriment des jeunes, chômeurs ou travailleurs en contrats précaires.	-2	1	Réserve : estimation prudente ; aucune formulation parfaitement équivalente à la question n’a été identifiée.	https://www.pcf.fr/feuille_de_route_confnat_pcf
high	extreme_score_generic_justification	party	PCF	49	Retraites	Les retraites devraient être progressivement réformées vers un système combinant répartition et capitalisation, même si cela implique une période de transition coûteuse.	-3	2	Désaccord fort : orientation cohérente avec le document officiel retenu, sans passage isolé directement équivalent à la question.	https://www.pcf.fr/feuille_de_route_confnat_pcf
high	extreme_score_generic_justification	party	PCF	50	Retraites	L'âge légal de départ à la retraite devrait être automatiquement indexé sur l'espérance de vie nationale.	-3	2	Désaccord fort : sources officielles et prises de position convergentes ; le niveau de confiance documentaire a été réévalué indépendamment de l’intensité de la réponse.	https://www.pcf.fr/feuille_de_route_confnat_pcf
high	extreme_score_generic_justification	party	PCF	53	État / entreprises	Une entreprise qui reçoit plusieurs milliards d'euros d'aides publiques devrait pouvoir être contrainte de limiter ses dividendes et les rémunérations de ses dirigeants tant que l'aide n'est pas remboursée.	3	2	Accord fort : codage cohérent avec la ligne programmatique générale du parti sur état / entreprises.	https://www.pcf.fr/feuille_de_route_confnat_pcf
high	extreme_score_generic_justification	party	PCF	55	État / entreprises	Il faudrait réduire fortement les normes administratives pesant sur les entreprises, même si certaines protections environnementales ou sociales deviennent moins strictes.	-3	2	Désaccord fort : orientation cohérente avec le document officiel retenu, sans passage isolé directement équivalent à la question.	https://www.pcf.fr/feuille_de_route_confnat_pcf
high	extreme_score_generic_justification	party	PCF	57	Immigration / assimilation	L'accès à certaines prestations sociales devrait être beaucoup plus limité pendant les premières années suivant l'arrivée d'un immigré.	-3	2	Désaccord fort : codage cohérent avec la ligne programmatique générale du parti sur immigration / assimilation.	https://www.pcf.fr/immigration_est_un_enjeu_de_classe
medium	low_confidence	party	PCF	58	Immigration / assimilation	La France devrait privilégier l'immigration économique qualifiée, même si cela signifie accueillir moins de personnes peu qualifiées.	-2	1	Désaccord net : estimation prudente ; aucune formulation parfaitement équivalente à la question n’a été identifiée.	https://www.pcf.fr/immigration_est_un_enjeu_de_classe
high	strong_score_low_confidence	party	PCF	58	Immigration / assimilation	La France devrait privilégier l'immigration économique qualifiée, même si cela signifie accueillir moins de personnes peu qualifiées.	-2	1	Désaccord net : estimation prudente ; aucune formulation parfaitement équivalente à la question n’a été identifiée.	https://www.pcf.fr/immigration_est_un_enjeu_de_classe
high	extreme_score_generic_justification	party	PCF	59	Immigration / assimilation	Une personne née en France de parents étrangers devrait automatiquement devenir française à sa majorité si elle y a grandi, même si elle ne manifeste pas particulièrement d'attachement à la France.	3	2	Accord fort : codage cohérent avec la ligne programmatique générale du parti sur immigration / assimilation.	https://www.pcf.fr/immigration_est_un_enjeu_de_classe
high	extreme_score_generic_justification	party	PCF	61	Immigration / assimilation	Le fait de conserver des pratiques culturelles ou religieuses très différentes de celles de la majorité française n'est pas en soi un problème tant que les lois françaises sont respectées.	3	2	Accord fort : sources officielles et prises de position convergentes ; le niveau de confiance documentaire a été réévalué indépendamment de l’intensité de la réponse.	https://www.pcf.fr/immigration_est_un_enjeu_de_classe
medium	neutral_score_generic_justification	party	PCF	63	Libertés / sécurité	Pour lutter contre le terrorisme, l'État devrait pouvoir surveiller préventivement une personne considérée comme présentant un risque sérieux, même sans preuve suffisante pour engager des poursuites pénales.	0	2	Position équilibrée ou non tranchée : codage cohérent avec la ligne programmatique générale du parti sur libertés / sécurité.	https://www.pcf.fr/immigration_est_un_enjeu_de_classe
medium	low_confidence	party	PCF	72	Institutions	Pour certaines décisions économiques complexes, il serait préférable de confier davantage de pouvoir à des institutions indépendantes composées d'experts plutôt qu'aux responsables politiques élus.	-2	1	Désaccord net : le PCF critique le dessaisissement des élus au profit d'une décision technocratique ; il ne rejette pas l'expertise, mais refuse qu'elle remplace le pouvoir politique démocratique.	https://www.pcf.fr/feuille_de_route_confnat_pcf
high	strong_score_low_confidence	party	PCF	72	Institutions	Pour certaines décisions économiques complexes, il serait préférable de confier davantage de pouvoir à des institutions indépendantes composées d'experts plutôt qu'aux responsables politiques élus.	-2	1	Désaccord net : le PCF critique le dessaisissement des élus au profit d'une décision technocratique ; il ne rejette pas l'expertise, mais refuse qu'elle remplace le pouvoir politique démocratique.	https://www.pcf.fr/feuille_de_route_confnat_pcf
medium	low_confidence	party	PCF	73	Institutions	Un gouvernement devrait pouvoir prendre une décision économiquement nécessaire mais très impopulaire sans chercher à obtenir l'approbation immédiate de la population.	0	1	Position équilibrée ou non tranchée : estimation prudente ; aucune formulation parfaitement équivalente à la question n’a été identifiée.	https://www.pcf.fr/feuille_de_route_confnat_pcf
medium	neutral_score_generic_justification	party	PCF	73	Institutions	Un gouvernement devrait pouvoir prendre une décision économiquement nécessaire mais très impopulaire sans chercher à obtenir l'approbation immédiate de la population.	0	1	Position équilibrée ou non tranchée : estimation prudente ; aucune formulation parfaitement équivalente à la question n’a été identifiée.	https://www.pcf.fr/feuille_de_route_confnat_pcf
high	extreme_score_generic_justification	party	PCF	74	Institutions	Le référendum devrait être beaucoup plus utilisé, même lorsque les citoyens votent sur des sujets dont ils maîtrisent mal les aspects techniques.	3	2	Accord fort : orientation cohérente avec le document officiel retenu, sans passage isolé directement équivalent à la question.	https://www.pcf.fr/feuille_de_route_confnat_pcf
high	extreme_score_generic_justification	party	PCF	75	Institutions	Il serait acceptable de donner davantage de poids politique aux citoyens qui démontrent un niveau élevé de connaissance du fonctionnement des institutions et de l'économie.	-3	2	Désaccord fort : estimation prudente ; aucune formulation parfaitement équivalente à la question n’a été identifiée.	https://www.pcf.fr/feuille_de_route_confnat_pcf
high	extreme_score_generic_justification	party	PCF	77	Institutions	La proportionnelle intégrale serait préférable au système actuel, même si elle rendait plus fréquentes les coalitions et les gouvernements instables.	3	2	Accord fort : orientation cohérente avec le document officiel retenu, sans passage isolé directement équivalent à la question.	https://www.pcf.fr/feuille_de_route_confnat_pcf
high	extreme_score_generic_justification	party	PCF	79	Immigration / délinquance	Les différences de délinquance observées s’expliquent davantage par les inégalités sociales et économiques que par la culture d’origine des personnes concernées.	3	2	Accord fort : orientation cohérente avec le document officiel retenu, sans passage isolé directement équivalent à la question.	https://www.pcf.fr/immigration_est_un_enjeu_de_classe
high	extreme_score_generic_justification	party	PCF	81	Santé / accès aux soins	Dans les zones où l'accès aux soins est insuffisant, l'Assurance maladie devrait pouvoir limiter le conventionnement de nouveaux médecins dans les zones déjà bien dotées afin d'encourager leur installation dans les déserts médicaux.	3	3	Accord fort : le scrutin sur la régulation du conventionnement médical fournit la position parlementaire la plus proche ; pour les formations non représentées, le codage est déduit de leur ligne sur la liberté d'installation. Niveau de preuve : preuve directe ou politique explicitement documentée.	https://www.assemblee-nationale.fr/dyn/17/scrutins/1214
high	extreme_score_generic_justification	party	PCF	82	Santé / assurance maladie	L'Assurance maladie devrait rembourser intégralement les soins essentiels, quitte à réduire fortement le rôle des complémentaires santé.	3	3	Accord fort : le programme de santé retenu permet d'estimer la place accordée à l'assurance publique et aux complémentaires. Niveau de preuve : preuve directe ou politique explicitement documentée.	https://www.pcf.fr/contrat_de_legislature_projet_propos_par_le_pcf
high	extreme_score_generic_justification	party	PCF	83	Santé / hôpital	Il faut accepter de fermer ou regrouper certaines petites maternités et certains services d'urgence afin de concentrer les équipes et les équipements dans des établissements plus importants.	-3	3	Désaccord fort : le document retenu permet d'arbitrer entre maintien de la proximité hospitalière et concentration des moyens. Niveau de preuve : preuve directe ou politique explicitement documentée.	https://www.pcf.fr/contrat_de_legislature_projet_propos_par_le_pcf
high	extreme_score_generic_justification	party	PCF	84	Éducation / autonomie	Les chefs d'établissement scolaire devraient pouvoir recruter eux-même une partie de leurs enseignants et peser davantage dans leur évaluation.	-3	2	Désaccord fort : la position est estimée à partir des propositions d'autonomie des établissements, de recrutement et de gestion des enseignants. Niveau de preuve : faisceau d’indices cohérent, sans équivalent toujours parfaitement identique.	https://www.pcf.fr/feuille_de_route_confnat_pcf
high	extreme_score_generic_justification	party	PCF	85	Éducation / mixité sociale	Le financement public des établissements privés sous contrat devrait être conditionné à des objectifs mesurables de mixité sociale.	3	2	Accord fort : la position est estimée à partir des propositions sur l'enseignement privé, son financement et la mixité sociale. Niveau de preuve : faisceau d’indices cohérent, sans équivalent toujours parfaitement identique.	https://www.pcf.fr/feuille_de_route_confnat_pcf
high	extreme_score_generic_justification	party	PCF	88	Défense / dissuasion nucléaire	La dissuasion nucléaire française devrait aussi protéger les partenaires européens, tout en laissant à la France seule la décision finale de l'employer.	-3	3	Désaccord fort : la source retenue porte sur l'extension européenne de la dissuasion ou, pour les pays non dotés, sur la protection nucléaire alliée. Niveau de preuve : preuve directe ou politique explicitement documentée.	https://www.pcf.fr/impasse_dangereuse_du_federalisme_nucleaire_de_macron
medium	neutral_score_generic_justification	party	PCF	92	Numérique / mineurs	L'accès aux réseaux sociaux devrait être interdit aux moins de 15 ans, même avec l'accord de leurs parents.	0	3	Position neutre, partagée ou non arrêtée : le vote ou la politique publique sur l'âge d'accès aux réseaux sociaux permet de distinguer interdiction stricte, autorisation parentale et régulation plus souple. Niveau de preuve : preuve directe ou politique explicitement documentée.	https://www.assemblee-nationale.fr/dyn/17/scrutins/8431
high	extreme_score_generic_justification	party	Les Écologistes	1	Économie	Il faut réduire les impôts sur le travail et le capital, même si cela implique de réduire certaines dépenses publiques.	-3	2	Désaccord fort : orientation cohérente avec le document officiel retenu, sans passage isolé directement équivalent à la question.	https://lesecologistes.fr/document/5ZhR2m5t2ZaGKqIdD1bJaD/vdef-programme-1.pdf
high	extreme_score_generic_justification	party	Les Écologistes	3	Économie	L'État devrait davantage taxer les hauts revenus et les gros patrimoines afin de réduire les inégalités.	3	2	Accord fort : orientation cohérente avec le document officiel retenu, sans passage isolé directement équivalent à la question.	https://lesecologistes.fr/document/5ZhR2m5t2ZaGKqIdD1bJaD/vdef-programme-1.pdf
high	extreme_score_generic_justification	party	Les Écologistes	5	Économie	Le salaire minimum devrait être augmenté significativement.	3	2	Accord fort : orientation cohérente avec le document officiel retenu, sans passage isolé directement équivalent à la question.	https://lesecologistes.fr/document/5ZhR2m5t2ZaGKqIdD1bJaD/vdef-programme-1.pdf
high	extreme_score_generic_justification	party	Les Écologistes	10	État	L'État devrait garantir un niveau élevé de protection sociale, même si cela implique une fiscalité importante.	3	2	Accord fort : orientation cohérente avec le document officiel retenu, sans passage isolé directement équivalent à la question.	https://lesecologistes.fr/document/5ZhR2m5t2ZaGKqIdD1bJaD/vdef-programme-1.pdf
high	extreme_score_generic_justification	party	Les Écologistes	12	État	L'État devrait intervenir beaucoup plus fortement dans l'économie lorsque le marché produit des résultats jugés socialement indésirables.	3	2	Accord fort : orientation cohérente avec le document officiel retenu, sans passage isolé directement équivalent à la question.	https://lesecologistes.fr/document/5ZhR2m5t2ZaGKqIdD1bJaD/vdef-programme-1.pdf
high	extreme_score_generic_justification	party	Les Écologistes	14	Social / société	La société devrait accepter beaucoup plus largement les différents modes de vie, même lorsqu'ils s'éloignent des normes traditionnelles.	3	2	Accord fort : codage cohérent avec la ligne programmatique générale du parti sur social / société.	https://lesecologistes.fr/pages/358vv7W974UgosGhCBbIPT/notre-projet
high	extreme_score_generic_justification	party	Les Écologistes	17	Social / société	Les politiques publiques devraient chercher à corriger activement les discriminations historiques ou structurelles entre groupes sociaux.	3	2	Accord fort : codage cohérent avec la ligne programmatique générale du parti sur social / société.	https://lesecologistes.fr/pages/358vv7W974UgosGhCBbIPT/notre-projet
high	extreme_score_generic_justification	party	Les Écologistes	25	Immigration	Même lorsque l'immigration est économiquement bénéfique, elle peut être légitimement limitée pour préserver la cohésion culturelle du pays.	-3	2	Désaccord fort : orientation cohérente avec le document officiel retenu, sans passage isolé directement équivalent à la question.	https://lesecologistes.fr/pages/358vv7W974UgosGhCBbIPT/notre-projet
high	extreme_score_generic_justification	party	Les Écologistes	29	Sécurité / justice	La police devrait disposer de pouvoirs plus importants pour lutter contre la criminalité, quitte à accepter davantage de contrôles sur certaines libertés individuelles.	-3	2	Désaccord fort : orientation cohérente avec le document officiel retenu, sans passage isolé directement équivalent à la question.	https://lesecologistes.fr/pages/358vv7W974UgosGhCBbIPT/notre-projet
medium	low_confidence	party	Les Écologistes	34	Economie	Une partie des cotisations sociales sur les salaires devrait être remplacée par une hausse de la TVA afin d’augmenter les salaires nets et de réduire le coût du travail, même si cela augmente le prix des biens et services consommés	-1	1	La fiscalité écologiste privilégie la progressivité et la justice sociale ; une hausse de TVA est peu cohérente avec cette ligne. Aucune position officielle récente trouvée sur ce mécanisme précis : -1, confiance 1.	https://lesecologistes.fr/pages/358vv7W974UgosGhCBbIPT/notre-projet
high	extreme_score_generic_justification	party	Les Écologistes	36	Écologie	Il est justifié d'interdire certains produits ou comportements très polluants même lorsque les consommateurs les souhaitent.	3	3	Accord fort : codage cohérent avec la ligne programmatique générale du parti sur écologie.	https://lesecologistes.fr/document/5ZhR2m5t2ZaGKqIdD1bJaD/vdef-programme-1.pdf
high	extreme_score_generic_justification	party	Les Écologistes	37	Écologie	Les pays riches devraient supporter une part prépondérante du coût de la transition écologique mondiale.	3	2	Accord fort : sources officielles et prises de position convergentes ; le niveau de confiance documentaire a été réévalué indépendamment de l’intensité de la réponse.	https://lesecologistes.fr/document/5ZhR2m5t2ZaGKqIdD1bJaD/vdef-programme-1.pdf
high	extreme_score_generic_justification	party	Les Écologistes	38	Europe	La France devrait transférer davantage de compétences à l'Union européenne afin de renforcer son poids économique et géopolitique.	3	2	Accord fort : orientation cohérente avec le document officiel retenu, sans passage isolé directement équivalent à la question.	https://lesecologistes.fr/pages/358vv7W974UgosGhCBbIPT/notre-projet
high	extreme_score_generic_justification	party	Les Écologistes	39	Europe	La France devrait conserver autant que possible sa souveraineté nationale, même si cela réduit son influence au niveau européen.	-3	2	Désaccord fort : orientation cohérente avec le document officiel retenu, sans passage isolé directement équivalent à la question.	https://lesecologistes.fr/pages/358vv7W974UgosGhCBbIPT/notre-projet
high	extreme_score_generic_justification	party	Les Écologistes	40	Europe	L'euro est globalement bénéfique pour la France malgré la perte de certains instruments de politique économique.	3	2	Accord fort : orientation cohérente avec le document officiel retenu, sans passage isolé directement équivalent à la question.	https://lesecologistes.fr/pages/358vv7W974UgosGhCBbIPT/notre-projet
high	extreme_score_generic_justification	party	Les Écologistes	41	Europe	L'Union européenne devrait pouvoir imposer davantage de règles communes aux États membres.	3	2	Accord fort : orientation cohérente avec le document officiel retenu, sans passage isolé directement équivalent à la question.	https://lesecologistes.fr/pages/358vv7W974UgosGhCBbIPT/notre-projet
high	extreme_score_generic_justification	party	Les Écologistes	43	Fiscalité / patrimoine	Il faudrait supprimer l'IFI et ne plus taxer spécifiquement le patrimoine immobilier au-delà de la fiscalité ordinaire.	-3	2	Désaccord fort : orientation cohérente avec le document officiel retenu, sans passage isolé directement équivalent à la question.	https://lesecologistes.fr/document/5ZhR2m5t2ZaGKqIdD1bJaD/vdef-programme-1.pdf
high	extreme_score_generic_justification	party	Les Écologistes	46	Travail / chômage	Un chômeur devrait pouvoir perdre une partie significative de ses allocations s'il refuse plusieurs emplois raisonnablement adaptés à ses compétences.	-3	2	Désaccord fort : orientation cohérente avec le document officiel retenu, sans passage isolé directement équivalent à la question.	https://lesecologistes.fr/document/5ZhR2m5t2ZaGKqIdD1bJaD/vdef-programme-1.pdf
medium	low_confidence	party	Les Écologistes	48	Travail / chômage	Le CDI protège trop fortement les salariés déjà en poste et peut rendre plus difficile l’accès à l’emploi stable, au détriment des jeunes, chômeurs ou travailleurs en contrats précaires.	-2	1	Désaccord net : estimation prudente ; aucune formulation parfaitement équivalente à la question n’a été identifiée.	https://lesecologistes.fr/document/5ZhR2m5t2ZaGKqIdD1bJaD/vdef-programme-1.pdf
high	strong_score_low_confidence	party	Les Écologistes	48	Travail / chômage	Le CDI protège trop fortement les salariés déjà en poste et peut rendre plus difficile l’accès à l’emploi stable, au détriment des jeunes, chômeurs ou travailleurs en contrats précaires.	-2	1	Désaccord net : estimation prudente ; aucune formulation parfaitement équivalente à la question n’a été identifiée.	https://lesecologistes.fr/document/5ZhR2m5t2ZaGKqIdD1bJaD/vdef-programme-1.pdf
high	extreme_score_generic_justification	party	Les Écologistes	49	Retraites	Les retraites devraient être progressivement réformées vers un système combinant répartition et capitalisation, même si cela implique une période de transition coûteuse.	-3	2	Désaccord fort : orientation cohérente avec le document officiel retenu, sans passage isolé directement équivalent à la question.	https://lesecologistes.fr/document/5ZhR2m5t2ZaGKqIdD1bJaD/vdef-programme-1.pdf
high	extreme_score_generic_justification	party	Les Écologistes	51	Protection sociale	Les prestations sociales devraient être fortement conditionnées à la durée de cotisation et de participation au marché du travail.	-3	2	Désaccord fort : orientation cohérente avec le document officiel retenu, sans passage isolé directement équivalent à la question.	https://lesecologistes.fr/document/5ZhR2m5t2ZaGKqIdD1bJaD/vdef-programme-1.pdf
high	extreme_score_generic_justification	party	Les Écologistes	53	État / entreprises	Une entreprise qui reçoit plusieurs milliards d'euros d'aides publiques devrait pouvoir être contrainte de limiter ses dividendes et les rémunérations de ses dirigeants tant que l'aide n'est pas remboursée.	3	2	Accord fort : codage cohérent avec la ligne programmatique générale du parti sur état / entreprises.	https://lesecologistes.fr/document/5ZhR2m5t2ZaGKqIdD1bJaD/vdef-programme-1.pdf
high	extreme_score_generic_justification	party	Les Écologistes	55	État / entreprises	Il faudrait réduire fortement les normes administratives pesant sur les entreprises, même si certaines protections environnementales ou sociales deviennent moins strictes.	-3	2	Désaccord fort : orientation cohérente avec le document officiel retenu, sans passage isolé directement équivalent à la question.	https://lesecologistes.fr/document/5ZhR2m5t2ZaGKqIdD1bJaD/vdef-programme-1.pdf
high	extreme_score_generic_justification	party	Les Écologistes	57	Immigration / assimilation	L'accès à certaines prestations sociales devrait être beaucoup plus limité pendant les premières années suivant l'arrivée d'un immigré.	-3	2	Désaccord fort : orientation cohérente avec le document officiel retenu, sans passage isolé directement équivalent à la question.	https://lesecologistes.fr/pages/358vv7W974UgosGhCBbIPT/notre-projet
medium	low_confidence	party	Les Écologistes	58	Immigration / assimilation	La France devrait privilégier l'immigration économique qualifiée, même si cela signifie accueillir moins de personnes peu qualifiées.	0	1	Position équilibrée ou non tranchée : estimation prudente ; aucune formulation parfaitement équivalente à la question n’a été identifiée.	https://lesecologistes.fr/pages/358vv7W974UgosGhCBbIPT/notre-projet
medium	neutral_score_generic_justification	party	Les Écologistes	58	Immigration / assimilation	La France devrait privilégier l'immigration économique qualifiée, même si cela signifie accueillir moins de personnes peu qualifiées.	0	1	Position équilibrée ou non tranchée : estimation prudente ; aucune formulation parfaitement équivalente à la question n’a été identifiée.	https://lesecologistes.fr/pages/358vv7W974UgosGhCBbIPT/notre-projet
high	extreme_score_generic_justification	party	Les Écologistes	60	Immigration / assimilation	La France devrait pouvoir refuser l'entrée à un immigré légalement admissible lorsqu'il existe de fortes raisons de penser qu'il ne souhaite pas s'intégrer culturellement à la société française.	-3	2	Désaccord fort : orientation cohérente avec le document officiel retenu, sans passage isolé directement équivalent à la question.	https://lesecologistes.fr/pages/358vv7W974UgosGhCBbIPT/notre-projet
high	extreme_score_generic_justification	party	Les Écologistes	61	Immigration / assimilation	Le fait de conserver des pratiques culturelles ou religieuses très différentes de celles de la majorité française n'est pas en soi un problème tant que les lois françaises sont respectées.	3	2	Accord fort : sources officielles et prises de position convergentes ; le niveau de confiance documentaire a été réévalué indépendamment de l’intensité de la réponse.	https://lesecologistes.fr/pages/358vv7W974UgosGhCBbIPT/notre-projet
high	extreme_score_generic_justification	party	Les Écologistes	67	Écologie	Une taxe carbone qui réduit les émissions de CO₂ devrait être maintenue même si elle diminue le pouvoir d’achat des ménages modestes, à condition de compenser ces derniers par des aides ciblées.	3	2	Accord fort : orientation cohérente avec le document officiel retenu, sans passage isolé directement équivalent à la question.	https://lesecologistes.fr/document/5ZhR2m5t2ZaGKqIdD1bJaD/vdef-programme-1.pdf
high	extreme_score_generic_justification	party	Les Écologistes	69	Écologie	Il faut privilégier le nucléaire même si cela conduit à réduire certains investissements dans les renouvelables.	-3	2	Désaccord fort : orientation cohérente avec le document officiel retenu, sans passage isolé directement équivalent à la question.	https://lesecologistes.fr/document/5ZhR2m5t2ZaGKqIdD1bJaD/vdef-programme-1.pdf
medium	low_confidence	party	Les Écologistes	72	Institutions	Pour certaines décisions économiques complexes, il serait préférable de confier davantage de pouvoir à des institutions indépendantes composées d'experts plutôt qu'aux responsables politiques élus.	-1	1	Réserve : estimation prudente ; aucune formulation parfaitement équivalente à la question n’a été identifiée.	https://lesecologistes.fr/document/5ZhR2m5t2ZaGKqIdD1bJaD/vdef-programme-1.pdf
medium	low_confidence	party	Les Écologistes	73	Institutions	Un gouvernement devrait pouvoir prendre une décision économiquement nécessaire mais très impopulaire sans chercher à obtenir l'approbation immédiate de la population.	0	1	Position équilibrée ou non tranchée : estimation prudente ; aucune formulation parfaitement équivalente à la question n’a été identifiée.	https://lesecologistes.fr/document/5ZhR2m5t2ZaGKqIdD1bJaD/vdef-programme-1.pdf
medium	neutral_score_generic_justification	party	Les Écologistes	73	Institutions	Un gouvernement devrait pouvoir prendre une décision économiquement nécessaire mais très impopulaire sans chercher à obtenir l'approbation immédiate de la population.	0	1	Position équilibrée ou non tranchée : estimation prudente ; aucune formulation parfaitement équivalente à la question n’a été identifiée.	https://lesecologistes.fr/document/5ZhR2m5t2ZaGKqIdD1bJaD/vdef-programme-1.pdf
medium	low_confidence	party	Les Écologistes	75	Institutions	Il serait acceptable de donner davantage de poids politique aux citoyens qui démontrent un niveau élevé de connaissance du fonctionnement des institutions et de l'économie.	-2	1	Désaccord net : estimation prudente ; aucune formulation parfaitement équivalente à la question n’a été identifiée.	https://lesecologistes.fr/document/5ZhR2m5t2ZaGKqIdD1bJaD/vdef-programme-1.pdf
high	strong_score_low_confidence	party	Les Écologistes	75	Institutions	Il serait acceptable de donner davantage de poids politique aux citoyens qui démontrent un niveau élevé de connaissance du fonctionnement des institutions et de l'économie.	-2	1	Désaccord net : estimation prudente ; aucune formulation parfaitement équivalente à la question n’a été identifiée.	https://lesecologistes.fr/document/5ZhR2m5t2ZaGKqIdD1bJaD/vdef-programme-1.pdf
high	extreme_score_generic_justification	party	Les Écologistes	79	Immigration / délinquance	Les différences de délinquance observées s’expliquent davantage par les inégalités sociales et économiques que par la culture d’origine des personnes concernées.	3	2	Accord fort : orientation cohérente avec le document officiel retenu, sans passage isolé directement équivalent à la question.	https://lesecologistes.fr/pages/358vv7W974UgosGhCBbIPT/notre-projet
high	extreme_score_generic_justification	party	Les Écologistes	81	Santé / accès aux soins	Dans les zones où l'accès aux soins est insuffisant, l'Assurance maladie devrait pouvoir limiter le conventionnement de nouveaux médecins dans les zones déjà bien dotées afin d'encourager leur installation dans les déserts médicaux.	3	3	Accord fort : le scrutin sur la régulation du conventionnement médical fournit la position parlementaire la plus proche ; pour les formations non représentées, le codage est déduit de leur ligne sur la liberté d'installation. Niveau de preuve : preuve directe ou politique explicitement documentée.	https://www.assemblee-nationale.fr/dyn/17/scrutins/1214
medium	low_confidence	party	Les Écologistes	84	Éducation / autonomie	Les chefs d'établissement scolaire devraient pouvoir recruter eux-même une partie de leurs enseignants et peser davantage dans leur évaluation.	-2	1	Désaccord net : la position est estimée à partir des propositions d'autonomie des établissements, de recrutement et de gestion des enseignants. Niveau de preuve : estimation prudente à partir de la ligne générale.	https://lesecologistes.fr/document/5ZhR2m5t2ZaGKqIdD1bJaD/vdef-programme-1.pdf
high	strong_score_low_confidence	party	Les Écologistes	84	Éducation / autonomie	Les chefs d'établissement scolaire devraient pouvoir recruter eux-même une partie de leurs enseignants et peser davantage dans leur évaluation.	-2	1	Désaccord net : la position est estimée à partir des propositions d'autonomie des établissements, de recrutement et de gestion des enseignants. Niveau de preuve : estimation prudente à partir de la ligne générale.	https://lesecologistes.fr/document/5ZhR2m5t2ZaGKqIdD1bJaD/vdef-programme-1.pdf
high	extreme_score_generic_justification	party	Les Écologistes	85	Éducation / mixité sociale	Le financement public des établissements privés sous contrat devrait être conditionné à des objectifs mesurables de mixité sociale.	3	2	Accord fort : la position est estimée à partir des propositions sur l'enseignement privé, son financement et la mixité sociale. Niveau de preuve : faisceau d’indices cohérent, sans équivalent toujours parfaitement identique.	https://lesecologistes.fr/document/5ZhR2m5t2ZaGKqIdD1bJaD/vdef-programme-1.pdf
high	extreme_score_generic_justification	party	Les Écologistes	86	Logement / locations touristiques	Dans les zones où le logement manque, une commune devrait pouvoir interdire la location touristique régulière d'un logement qui n'est pas la résidence principale de son propriétaire.	3	3	Accord fort : la source retenue précise le degré de régulation souhaité pour les meublés touristiques et les pouvoirs locaux. Niveau de preuve : preuve directe ou politique explicitement documentée.	https://lesecologistes.fr/document/5ZhR2m5t2ZaGKqIdD1bJaD/vdef-programme-1.pdf
high	extreme_score_generic_justification	party	Les Écologistes	87	Défense / Ukraine	La France devrait continuer à fournir une aide militaire et financière importante à l'Ukraine tant que son territoire reste occupé, même si la guerre se prolonge.	3	3	Accord fort : le vote ou la politique officielle sur le soutien durable à l'Ukraine constitue l'indicateur principal. Niveau de preuve : preuve directe ou politique explicitement documentée.	https://www.assemblee-nationale.fr/dyn/17/scrutins/988
high	extreme_score_generic_justification	party	Les Écologistes	89	Santé / fin de vie	Une personne majeure atteinte d'une maladie grave et incurable provoquant des souffrances insupportables devrait pouvoir recevoir une aide médicale à mourir dans un cadre strictement contrôlé.	3	3	Accord fort : le vote, la loi ou la position gouvernementale sur l'aide à mourir fournit un équivalent direct ou très proche. Niveau de preuve : preuve directe ou politique explicitement documentée.	https://www.assemblee-nationale.fr/dyn/17/scrutins/2107
medium	low_confidence	party	Les Écologistes	91	Famille / prestations	Les allocations familiales devraient être versées à toutes les familles selon le nombre d'enfants, sans diminuer lorsque les revenus augmentent.	0	1	Position neutre, partagée ou non arrêtée : le modèle de prestations familiales et la ligne programmatique permettent d'estimer la préférence pour l'universalité ou le ciblage. Niveau de preuve : estimation prudente à partir de la ligne générale.	https://lesecologistes.fr/document/5ZhR2m5t2ZaGKqIdD1bJaD/vdef-programme-1.pdf
medium	neutral_score_generic_justification	party	Les Écologistes	91	Famille / prestations	Les allocations familiales devraient être versées à toutes les familles selon le nombre d'enfants, sans diminuer lorsque les revenus augmentent.	0	1	Position neutre, partagée ou non arrêtée : le modèle de prestations familiales et la ligne programmatique permettent d'estimer la préférence pour l'universalité ou le ciblage. Niveau de preuve : estimation prudente à partir de la ligne générale.	https://lesecologistes.fr/document/5ZhR2m5t2ZaGKqIdD1bJaD/vdef-programme-1.pdf
medium	neutral_score_generic_justification	party	PS	2	Économie	Les inégalités économiques sont acceptables tant qu'elles résultent principalement du travail ou de la prise de risque.	0	2	Position équilibrée ou non tranchée : sources officielles et prises de position convergentes ; le niveau de confiance documentaire a été réévalué indépendamment de l’intensité de la réponse.	https://parti-socialiste.fr/vie-parlementaire/notre-declaration-politique-17eme-legislature/
high	extreme_score_generic_justification	party	PS	14	Social / société	La société devrait accepter beaucoup plus largement les différents modes de vie, même lorsqu'ils s'éloignent des normes traditionnelles.	3	2	Accord fort : codage cohérent avec la ligne programmatique générale du parti sur social / société.	https://www.parti-socialiste.fr/pour_une_politique_migratoire_internationale_et_europeenne
medium	neutral_score_generic_justification	party	PS	16	Social / société	Réduire les inégalités peut parfois justifier de restreindre certaines libertés individuelles.	0	2	Position équilibrée ou non tranchée : sources officielles et prises de position convergentes ; le niveau de confiance documentaire a été réévalué indépendamment de l’intensité de la réponse.	https://www.parti-socialiste.fr/pour_une_politique_migratoire_internationale_et_europeenne
high	extreme_score_generic_justification	party	PS	17	Social / société	Les politiques publiques devraient chercher à corriger activement les discriminations historiques ou structurelles entre groupes sociaux.	3	2	Accord fort : codage cohérent avec la ligne programmatique générale du parti sur social / société.	https://www.parti-socialiste.fr/pour_une_politique_migratoire_internationale_et_europeenne
high	extreme_score_generic_justification	party	PS	26	Immigration	La France devrait accueillir davantage de réfugiés lorsqu'ils fuient une guerre ou une persécution, même si cela représente un coût économique.	3	2	Accord fort : orientation cohérente avec le document officiel retenu, sans passage isolé directement équivalent à la question.	https://www.parti-socialiste.fr/pour_une_politique_migratoire_internationale_et_europeenne
high	extreme_score_generic_justification	party	PS	32	Écologie	La lutte contre le changement climatique doit rester prioritaire même lorsqu'elle réduit la croissance économique à court terme.	3	2	Accord fort : orientation cohérente avec le document officiel retenu, sans passage isolé directement équivalent à la question.	https://parti-socialiste.fr/vie-parlementaire/notre-declaration-politique-17eme-legislature/
medium	neutral_score_generic_justification	party	PS	35	Écologie	Les politiques écologiques devraient reposer principalement sur des mécanismes de marché comme la taxe carbone plutôt que sur des interdictions.	0	2	Position équilibrée ou non tranchée : sources officielles et prises de position convergentes ; le niveau de confiance documentaire a été réévalué indépendamment de l’intensité de la réponse.	https://parti-socialiste.fr/vie-parlementaire/notre-declaration-politique-17eme-legislature/
high	extreme_score_generic_justification	party	PS	38	Europe	La France devrait transférer davantage de compétences à l'Union européenne afin de renforcer son poids économique et géopolitique.	3	2	Accord fort : orientation cohérente avec le document officiel retenu, sans passage isolé directement équivalent à la question.	https://www.parti-socialiste.fr/militantes_et_militants_de_l_europe
high	extreme_score_generic_justification	party	PS	39	Europe	La France devrait conserver autant que possible sa souveraineté nationale, même si cela réduit son influence au niveau européen.	-3	2	Désaccord fort : orientation cohérente avec le document officiel retenu, sans passage isolé directement équivalent à la question.	https://www.parti-socialiste.fr/militantes_et_militants_de_l_europe
high	extreme_score_generic_justification	party	PS	40	Europe	L'euro est globalement bénéfique pour la France malgré la perte de certains instruments de politique économique.	3	2	Accord fort : orientation cohérente avec le document officiel retenu, sans passage isolé directement équivalent à la question.	https://www.parti-socialiste.fr/militantes_et_militants_de_l_europe
high	extreme_score_generic_justification	party	PS	41	Europe	L'Union européenne devrait pouvoir imposer davantage de règles communes aux États membres.	3	2	Accord fort : orientation cohérente avec le document officiel retenu, sans passage isolé directement équivalent à la question.	https://www.parti-socialiste.fr/militantes_et_militants_de_l_europe
medium	low_confidence	party	PS	48	Travail / chômage	Le CDI protège trop fortement les salariés déjà en poste et peut rendre plus difficile l’accès à l’emploi stable, au détriment des jeunes, chômeurs ou travailleurs en contrats précaires.	-1	1	Réserve : estimation prudente ; aucune formulation parfaitement équivalente à la question n’a été identifiée.	https://parti-socialiste.fr/vie-parlementaire/notre-declaration-politique-17eme-legislature/
medium	low_confidence	party	PS	50	Retraites	L'âge légal de départ à la retraite devrait être automatiquement indexé sur l'espérance de vie nationale.	-2	1	Désaccord net : estimation prudente ; aucune formulation parfaitement équivalente à la question n’a été identifiée.	https://parti-socialiste.fr/vie-parlementaire/notre-declaration-politique-17eme-legislature/
high	strong_score_low_confidence	party	PS	50	Retraites	L'âge légal de départ à la retraite devrait être automatiquement indexé sur l'espérance de vie nationale.	-2	1	Désaccord net : estimation prudente ; aucune formulation parfaitement équivalente à la question n’a été identifiée.	https://parti-socialiste.fr/vie-parlementaire/notre-declaration-politique-17eme-legislature/
high	extreme_score_generic_justification	party	PS	53	État / entreprises	Une entreprise qui reçoit plusieurs milliards d'euros d'aides publiques devrait pouvoir être contrainte de limiter ses dividendes et les rémunérations de ses dirigeants tant que l'aide n'est pas remboursée.	3	2	Accord fort : codage cohérent avec la ligne programmatique générale du parti sur état / entreprises.	https://parti-socialiste.fr/vie-parlementaire/notre-declaration-politique-17eme-legislature/
medium	low_confidence	party	PS	58	Immigration / assimilation	La France devrait privilégier l'immigration économique qualifiée, même si cela signifie accueillir moins de personnes peu qualifiées.	1	1	Accord modéré : estimation prudente ; aucune formulation parfaitement équivalente à la question n’a été identifiée.	https://www.parti-socialiste.fr/pour_une_politique_migratoire_internationale_et_europeenne
high	extreme_score_generic_justification	party	PS	59	Immigration / assimilation	Une personne née en France de parents étrangers devrait automatiquement devenir française à sa majorité si elle y a grandi, même si elle ne manifeste pas particulièrement d'attachement à la France.	3	2	Accord fort : orientation cohérente avec le document officiel retenu, sans passage isolé directement équivalent à la question.	https://www.parti-socialiste.fr/pour_une_politique_migratoire_internationale_et_europeenne
medium	neutral_score_generic_justification	party	PS	63	Libertés / sécurité	Pour lutter contre le terrorisme, l'État devrait pouvoir surveiller préventivement une personne considérée comme présentant un risque sérieux, même sans preuve suffisante pour engager des poursuites pénales.	0	2	Position équilibrée ou non tranchée : orientation cohérente avec le document officiel retenu, sans passage isolé directement équivalent à la question.	https://www.parti-socialiste.fr/pour_une_politique_migratoire_internationale_et_europeenne
high	extreme_score_generic_justification	party	PS	67	Écologie	Une taxe carbone qui réduit les émissions de CO₂ devrait être maintenue même si elle diminue le pouvoir d’achat des ménages modestes, à condition de compenser ces derniers par des aides ciblées.	3	2	Accord fort : orientation cohérente avec le document officiel retenu, sans passage isolé directement équivalent à la question.	https://parti-socialiste.fr/vie-parlementaire/notre-declaration-politique-17eme-legislature/
high	extreme_score_generic_justification	party	PS	68	Écologie	La France devrait interdire progressivement la vente de voitures thermiques même si cela augmente temporairement le prix moyen des véhicules.	3	2	Accord fort : orientation cohérente avec le document officiel retenu, sans passage isolé directement équivalent à la question.	https://parti-socialiste.fr/vie-parlementaire/notre-declaration-politique-17eme-legislature/
medium	neutral_score_generic_justification	party	PS	69	Écologie	Il faut privilégier le nucléaire même si cela conduit à réduire certains investissements dans les renouvelables.	0	2	Position équilibrée ou non tranchée : orientation cohérente avec le document officiel retenu, sans passage isolé directement équivalent à la question.	https://parti-socialiste.fr/vie-parlementaire/notre-declaration-politique-17eme-legislature/
medium	low_confidence	party	PS	72	Institutions	Pour certaines décisions économiques complexes, il serait préférable de confier davantage de pouvoir à des institutions indépendantes composées d'experts plutôt qu'aux responsables politiques élus.	-1	1	Réserve : estimation prudente ; aucune formulation parfaitement équivalente à la question n’a été identifiée.	https://parti-socialiste.fr/vie-parlementaire/notre-declaration-politique-17eme-legislature/
medium	low_confidence	party	PS	73	Institutions	Un gouvernement devrait pouvoir prendre une décision économiquement nécessaire mais très impopulaire sans chercher à obtenir l'approbation immédiate de la population.	0	1	Position équilibrée ou non tranchée : estimation prudente ; aucune formulation parfaitement équivalente à la question n’a été identifiée.	https://parti-socialiste.fr/vie-parlementaire/notre-declaration-politique-17eme-legislature/
medium	neutral_score_generic_justification	party	PS	73	Institutions	Un gouvernement devrait pouvoir prendre une décision économiquement nécessaire mais très impopulaire sans chercher à obtenir l'approbation immédiate de la population.	0	1	Position équilibrée ou non tranchée : estimation prudente ; aucune formulation parfaitement équivalente à la question n’a été identifiée.	https://parti-socialiste.fr/vie-parlementaire/notre-declaration-politique-17eme-legislature/
medium	low_confidence	party	PS	75	Institutions	Il serait acceptable de donner davantage de poids politique aux citoyens qui démontrent un niveau élevé de connaissance du fonctionnement des institutions et de l'économie.	-2	1	Désaccord net : estimation prudente ; aucune formulation parfaitement équivalente à la question n’a été identifiée.	https://parti-socialiste.fr/vie-parlementaire/notre-declaration-politique-17eme-legislature/
high	strong_score_low_confidence	party	PS	75	Institutions	Il serait acceptable de donner davantage de poids politique aux citoyens qui démontrent un niveau élevé de connaissance du fonctionnement des institutions et de l'économie.	-2	1	Désaccord net : estimation prudente ; aucune formulation parfaitement équivalente à la question n’a été identifiée.	https://parti-socialiste.fr/vie-parlementaire/notre-declaration-politique-17eme-legislature/
high	extreme_score_generic_justification	party	PS	79	Immigration / délinquance	Les différences de délinquance observées s’expliquent davantage par les inégalités sociales et économiques que par la culture d’origine des personnes concernées.	3	2	Accord fort : orientation cohérente avec le document officiel retenu, sans passage isolé directement équivalent à la question.	https://www.parti-socialiste.fr/pour_une_politique_migratoire_internationale_et_europeenne
high	extreme_score_generic_justification	party	PS	81	Santé / accès aux soins	Dans les zones où l'accès aux soins est insuffisant, l'Assurance maladie devrait pouvoir limiter le conventionnement de nouveaux médecins dans les zones déjà bien dotées afin d'encourager leur installation dans les déserts médicaux.	3	3	Accord fort : le scrutin sur la régulation du conventionnement médical fournit la position parlementaire la plus proche ; pour les formations non représentées, le codage est déduit de leur ligne sur la liberté d'installation. Niveau de preuve : preuve directe ou politique explicitement documentée.	https://www.assemblee-nationale.fr/dyn/17/scrutins/1214
medium	low_confidence	party	PS	84	Éducation / autonomie	Les chefs d'établissement scolaire devraient pouvoir recruter eux-même une partie de leurs enseignants et peser davantage dans leur évaluation.	-2	1	Désaccord net : la position est estimée à partir des propositions d'autonomie des établissements, de recrutement et de gestion des enseignants. Niveau de preuve : estimation prudente à partir de la ligne générale.	https://parti-socialiste.fr/vie-parlementaire/notre-declaration-politique-17eme-legislature/
high	strong_score_low_confidence	party	PS	84	Éducation / autonomie	Les chefs d'établissement scolaire devraient pouvoir recruter eux-même une partie de leurs enseignants et peser davantage dans leur évaluation.	-2	1	Désaccord net : la position est estimée à partir des propositions d'autonomie des établissements, de recrutement et de gestion des enseignants. Niveau de preuve : estimation prudente à partir de la ligne générale.	https://parti-socialiste.fr/vie-parlementaire/notre-declaration-politique-17eme-legislature/
high	extreme_score_generic_justification	party	PS	87	Défense / Ukraine	La France devrait continuer à fournir une aide militaire et financière importante à l'Ukraine tant que son territoire reste occupé, même si la guerre se prolonge.	3	3	Accord fort : le vote ou la politique officielle sur le soutien durable à l'Ukraine constitue l'indicateur principal. Niveau de preuve : preuve directe ou politique explicitement documentée.	https://www.assemblee-nationale.fr/dyn/17/scrutins/988
high	extreme_score_generic_justification	party	PS	88	Défense / dissuasion nucléaire	La dissuasion nucléaire française devrait aussi protéger les partenaires européens, tout en laissant à la France seule la décision finale de l'employer.	3	3	Accord fort : la source retenue porte sur l'extension européenne de la dissuasion ou, pour les pays non dotés, sur la protection nucléaire alliée. Niveau de preuve : preuve directe ou politique explicitement documentée.	https://parti-socialiste.fr/communiques-de-presse/dissuasion-nucleaire-francaise-le-ps-salue-une-ambition-europeenne-desormais-a-demontrer/
high	extreme_score_generic_justification	party	PS	89	Santé / fin de vie	Une personne majeure atteinte d'une maladie grave et incurable provoquant des souffrances insupportables devrait pouvoir recevoir une aide médicale à mourir dans un cadre strictement contrôlé.	3	3	Accord fort : le vote, la loi ou la position gouvernementale sur l'aide à mourir fournit un équivalent direct ou très proche. Niveau de preuve : preuve directe ou politique explicitement documentée.	https://www.assemblee-nationale.fr/dyn/17/scrutins/2107
medium	low_confidence	party	PS	90	Dépendance / EHPAD	Les groupes privés à but lucratif ne devraient plus pouvoir gérer d'EHPAD. Les établissements existants devraient progressivement devenir publics ou non lucratifs.	2	1	Accord net : le programme social et sanitaire permet d'estimer la place laissée aux opérateurs lucratifs dans la dépendance. Niveau de preuve : estimation prudente à partir de la ligne générale.	https://parti-socialiste.fr/vie-parlementaire/notre-declaration-politique-17eme-legislature/
high	strong_score_low_confidence	party	PS	90	Dépendance / EHPAD	Les groupes privés à but lucratif ne devraient plus pouvoir gérer d'EHPAD. Les établissements existants devraient progressivement devenir publics ou non lucratifs.	2	1	Accord net : le programme social et sanitaire permet d'estimer la place laissée aux opérateurs lucratifs dans la dépendance. Niveau de preuve : estimation prudente à partir de la ligne générale.	https://parti-socialiste.fr/vie-parlementaire/notre-declaration-politique-17eme-legislature/
medium	neutral_score_generic_justification	party	Renaissance	12	État	L'État devrait intervenir beaucoup plus fortement dans l'économie lorsque le marché produit des résultats jugés socialement indésirables.	0	2	Position équilibrée ou non tranchée : orientation cohérente avec le document officiel retenu, sans passage isolé directement équivalent à la question.	https://parti-renaissance.fr/
high	extreme_score_generic_justification	party	Renaissance	24	Immigration	La France devrait être beaucoup plus stricte concernant l'expulsion des étrangers condamnés pour des crimes graves.	3	2	Accord fort : orientation cohérente avec le document officiel retenu, sans passage isolé directement équivalent à la question.	https://parti-renaissance.fr/
medium	neutral_score_generic_justification	party	Renaissance	26	Immigration	La France devrait accueillir davantage de réfugiés lorsqu'ils fuient une guerre ou une persécution, même si cela représente un coût économique.	0	2	Position équilibrée ou non tranchée : orientation cohérente avec le document officiel retenu, sans passage isolé directement équivalent à la question.	https://parti-renaissance.fr/
high	extreme_score_generic_justification	party	Renaissance	40	Europe	L'euro est globalement bénéfique pour la France malgré la perte de certains instruments de politique économique.	3	2	Accord fort : orientation cohérente avec le document officiel retenu, sans passage isolé directement équivalent à la question.	https://parti-renaissance.fr/
high	extreme_score_generic_justification	party	Renaissance	42	Europe	En cas de conflit entre les intérêts économiques français et les règles européennes, la France devrait pouvoir désobéir à certaines règles européennes.	-3	2	Désaccord fort : orientation cohérente avec le document officiel retenu, sans passage isolé directement équivalent à la question.	https://parti-renaissance.fr/
medium	neutral_score_generic_justification	party	Renaissance	45	Fiscalité / patrimoine	Les très grandes fortunes devraient être imposées sur leur patrimoine mondial, même lorsqu'elles quittent la France.	0	2	Position équilibrée ou non tranchée : orientation cohérente avec le document officiel retenu, sans passage isolé directement équivalent à la question.	https://parti-renaissance.fr/
medium	low_confidence	party	Renaissance	54	État / entreprises	L'État devrait davantage utiliser son pouvoir d'actionnaire pour orienter les grandes entreprises françaises vers des objectifs industriels de long terme.	1	1	Accord modéré : estimation prudente ; aucune formulation parfaitement équivalente à la question n’a été identifiée.	https://parti-renaissance.fr/
medium	low_confidence	party	Renaissance	61	Immigration / assimilation	Le fait de conserver des pratiques culturelles ou religieuses très différentes de celles de la majorité française n'est pas en soi un problème tant que les lois françaises sont respectées.	2	1	Accord net : estimation prudente ; aucune formulation parfaitement équivalente à la question n’a été identifiée.	https://parti-renaissance.fr/
high	strong_score_low_confidence	party	Renaissance	61	Immigration / assimilation	Le fait de conserver des pratiques culturelles ou religieuses très différentes de celles de la majorité française n'est pas en soi un problème tant que les lois françaises sont respectées.	2	1	Accord net : estimation prudente ; aucune formulation parfaitement équivalente à la question n’a été identifiée.	https://parti-renaissance.fr/
medium	low_confidence	party	Renaissance	64	Libertés / expression	Une personne qui tient publiquement des propos profondément offensants mais qui n'appelle ni à la violence ni à commettre une infraction devrait être protégée par la liberté d'expression.	1	1	Accord modéré : estimation prudente ; aucune formulation parfaitement équivalente à la question n’a été identifiée.	https://parti-renaissance.fr/
medium	low_confidence	party	Renaissance	71	Écologie / croissance	Si la France pouvait réduire ses émissions de 20 % mais que cela réduisait son PIB de 3 %, alors que les autres pays ne faisaient aucun effort comparable, il faudrait quand même le faire.	0	1	Position équilibrée ou non tranchée : estimation prudente ; aucune formulation parfaitement équivalente à la question n’a été identifiée.	https://parti-renaissance.fr/
medium	neutral_score_generic_justification	party	Renaissance	71	Écologie / croissance	Si la France pouvait réduire ses émissions de 20 % mais que cela réduisait son PIB de 3 %, alors que les autres pays ne faisaient aucun effort comparable, il faudrait quand même le faire.	0	1	Position équilibrée ou non tranchée : estimation prudente ; aucune formulation parfaitement équivalente à la question n’a été identifiée.	https://parti-renaissance.fr/
medium	neutral_score_generic_justification	party	Renaissance	74	Institutions	Le référendum devrait être beaucoup plus utilisé, même lorsque les citoyens votent sur des sujets dont ils maîtrisent mal les aspects techniques.	0	2	Position équilibrée ou non tranchée : orientation cohérente avec le document officiel retenu, sans passage isolé directement équivalent à la question.	https://parti-renaissance.fr/
medium	low_confidence	party	Renaissance	75	Institutions	Il serait acceptable de donner davantage de poids politique aux citoyens qui démontrent un niveau élevé de connaissance du fonctionnement des institutions et de l'économie.	-2	1	Désaccord net : estimation prudente ; aucune formulation parfaitement équivalente à la question n’a été identifiée.	https://parti-renaissance.fr/
high	strong_score_low_confidence	party	Renaissance	75	Institutions	Il serait acceptable de donner davantage de poids politique aux citoyens qui démontrent un niveau élevé de connaissance du fonctionnement des institutions et de l'économie.	-2	1	Désaccord net : estimation prudente ; aucune formulation parfaitement équivalente à la question n’a été identifiée.	https://parti-renaissance.fr/
high	extreme_score_generic_justification	party	Renaissance	78	Immigration / assimilation	Le droit de séjour durable en France devrait dépendre, sauf impossibilité particulière, d’efforts concrets pour apprendre le français, comprendre les règles et usages du pays et participer à la vie collective.	3	2	Accord fort : orientation cohérente avec le document officiel retenu, sans passage isolé directement équivalent à la question.	https://parti-renaissance.fr/
medium	low_confidence	party	Renaissance	85	Éducation / mixité sociale	Le financement public des établissements privés sous contrat devrait être conditionné à des objectifs mesurables de mixité sociale.	1	1	Accord modéré : la position est estimée à partir des propositions sur l'enseignement privé, son financement et la mixité sociale. Niveau de preuve : estimation prudente à partir de la ligne générale.	https://ensemble-2024.fr/notre-projet
medium	low_confidence	party	Renaissance	86	Logement / locations touristiques	Dans les zones où le logement manque, une commune devrait pouvoir interdire la location touristique régulière d'un logement qui n'est pas la résidence principale de son propriétaire.	1	1	Accord modéré : la source retenue précise le degré de régulation souhaité pour les meublés touristiques et les pouvoirs locaux. Niveau de preuve : estimation prudente à partir de la ligne générale.	https://ensemble-2024.fr/notre-projet
high	extreme_score_generic_justification	party	Renaissance	87	Défense / Ukraine	La France devrait continuer à fournir une aide militaire et financière importante à l'Ukraine tant que son territoire reste occupé, même si la guerre se prolonge.	3	3	Accord fort : le vote ou la politique officielle sur le soutien durable à l'Ukraine constitue l'indicateur principal. Niveau de preuve : preuve directe ou politique explicitement documentée.	https://www.assemblee-nationale.fr/dyn/17/scrutins/988
high	extreme_score_generic_justification	party	Renaissance	88	Défense / dissuasion nucléaire	La dissuasion nucléaire française devrait aussi protéger les partenaires européens, tout en laissant à la France seule la décision finale de l'employer.	3	3	Accord fort : la source retenue porte sur l'extension européenne de la dissuasion ou, pour les pays non dotés, sur la protection nucléaire alliée. Niveau de preuve : preuve directe ou politique explicitement documentée.	https://ensemble-2024.fr/notre-projet
medium	low_confidence	party	Renaissance	90	Dépendance / EHPAD	Les groupes privés à but lucratif ne devraient plus pouvoir gérer d'EHPAD. Les établissements existants devraient progressivement devenir publics ou non lucratifs.	-1	1	Réserve : le programme social et sanitaire permet d'estimer la place laissée aux opérateurs lucratifs dans la dépendance. Niveau de preuve : estimation prudente à partir de la ligne générale.	https://ensemble-2024.fr/notre-projet
high	extreme_score_generic_justification	party	Renaissance	92	Numérique / mineurs	L'accès aux réseaux sociaux devrait être interdit aux moins de 15 ans, même avec l'accord de leurs parents.	3	3	Accord fort : le vote ou la politique publique sur l'âge d'accès aux réseaux sociaux permet de distinguer interdiction stricte, autorisation parentale et régulation plus souple. Niveau de preuve : preuve directe ou politique explicitement documentée.	https://www.assemblee-nationale.fr/dyn/17/scrutins/8431
medium	low_confidence	party	MoDem	2	Économie	Les inégalités économiques sont acceptables tant qu'elles résultent principalement du travail ou de la prise de risque.	0	1	Position équilibrée ou non tranchée : estimation prudente ; aucune formulation parfaitement équivalente à la question n’a été identifiée.	https://www.mouvementdemocrate.fr/actualites/marc-fesneau-un-chemin-vers-un-cap-collectif-et-vers-jose-le-mot-une-esperance-video
medium	neutral_score_generic_justification	party	MoDem	2	Économie	Les inégalités économiques sont acceptables tant qu'elles résultent principalement du travail ou de la prise de risque.	0	1	Position équilibrée ou non tranchée : estimation prudente ; aucune formulation parfaitement équivalente à la question n’a été identifiée.	https://www.mouvementdemocrate.fr/actualites/marc-fesneau-un-chemin-vers-un-cap-collectif-et-vers-jose-le-mot-une-esperance-video
medium	neutral_score_generic_justification	party	MoDem	3	Économie	L'État devrait davantage taxer les hauts revenus et les gros patrimoines afin de réduire les inégalités.	0	2	Position équilibrée ou non tranchée : codage cohérent avec la ligne programmatique générale du parti sur économie.	https://www.mouvementdemocrate.fr/actualites/marc-fesneau-un-chemin-vers-un-cap-collectif-et-vers-jose-le-mot-une-esperance-video
medium	neutral_score_generic_justification	party	MoDem	5	Économie	Le salaire minimum devrait être augmenté significativement.	0	2	Position équilibrée ou non tranchée : codage cohérent avec la ligne programmatique générale du parti sur économie.	https://www.mouvementdemocrate.fr/actualites/marc-fesneau-un-chemin-vers-un-cap-collectif-et-vers-jose-le-mot-une-esperance-video
medium	low_confidence	party	MoDem	6	Économie	Les entreprises privées sont généralement plus efficaces que l'État pour fournir des biens et services, même dans certains secteurs essentiels.	1	1	Accord modéré : estimation prudente ; aucune formulation parfaitement équivalente à la question n’a été identifiée.	https://www.mouvementdemocrate.fr/actualites/marc-fesneau-un-chemin-vers-un-cap-collectif-et-vers-jose-le-mot-une-esperance-video
medium	low_confidence	party	MoDem	13	État	Les citoyens devraient avoir davantage de liberté pour choisir eux-mêmes comment utiliser leur argent plutôt que de passer par des systèmes publics obligatoires.	1	1	Accord modéré : estimation prudente ; aucune formulation parfaitement équivalente à la question n’a été identifiée.	https://www.mouvementdemocrate.fr/actualites/marc-fesneau-un-chemin-vers-un-cap-collectif-et-vers-jose-le-mot-une-esperance-video
medium	low_confidence	party	MoDem	16	Social / société	Réduire les inégalités peut parfois justifier de restreindre certaines libertés individuelles.	-2	1	Désaccord net : estimation prudente ; aucune formulation parfaitement équivalente à la question n’a été identifiée.	https://www.mouvementdemocrate.fr/
high	strong_score_low_confidence	party	MoDem	16	Social / société	Réduire les inégalités peut parfois justifier de restreindre certaines libertés individuelles.	-2	1	Désaccord net : estimation prudente ; aucune formulation parfaitement équivalente à la question n’a été identifiée.	https://www.mouvementdemocrate.fr/
medium	neutral_score_generic_justification	party	MoDem	20	Immigration	La France devrait réduire le nombre d'immigrants qu'elle accueille chaque année.	0	2	Position équilibrée ou non tranchée : orientation cohérente avec le document officiel retenu, sans passage isolé directement équivalent à la question.	https://www.mouvementdemocrate.fr/
medium	neutral_score_generic_justification	party	MoDem	23	Immigration	L'accès à la nationalité française devrait être rendu plus exigeant.	0	2	Position équilibrée ou non tranchée : codage cohérent avec la ligne programmatique générale du parti sur immigration.	https://www.mouvementdemocrate.fr/
medium	neutral_score_generic_justification	party	MoDem	27	Sécurité / justice	Les peines de prison effectives devraient être plus sévères, même si cela augmente fortement la population carcérale.	0	2	Position équilibrée ou non tranchée : codage cohérent avec la ligne programmatique générale du parti sur sécurité / justice.	https://www.mouvementdemocrate.fr/
high	extreme_score_generic_justification	party	MoDem	40	Europe	L'euro est globalement bénéfique pour la France malgré la perte de certains instruments de politique économique.	3	2	Accord fort : orientation cohérente avec le document officiel retenu, sans passage isolé directement équivalent à la question.	https://www.mouvementdemocrate.fr/
medium	neutral_score_generic_justification	party	MoDem	43	Fiscalité / patrimoine	Il faudrait supprimer l'IFI et ne plus taxer spécifiquement le patrimoine immobilier au-delà de la fiscalité ordinaire.	0	2	Position équilibrée ou non tranchée : orientation cohérente avec le document officiel retenu, sans passage isolé directement équivalent à la question.	https://www.mouvementdemocrate.fr/actualites/marc-fesneau-un-chemin-vers-un-cap-collectif-et-vers-jose-le-mot-une-esperance-video
medium	neutral_score_generic_justification	party	MoDem	44	Fiscalité / patrimoine	L'héritage devrait être davantage taxé au-delà d'un certain seuil de patrimoine transmis, même si cela conduit certaines familles à transmettre moins de patrimoine à leurs enfants.	0	2	Position équilibrée ou non tranchée : codage cohérent avec la ligne programmatique générale du parti sur fiscalité / patrimoine.	https://www.mouvementdemocrate.fr/actualites/marc-fesneau-un-chemin-vers-un-cap-collectif-et-vers-jose-le-mot-une-esperance-video
medium	low_confidence	party	MoDem	48	Travail / chômage	Le CDI protège trop fortement les salariés déjà en poste et peut rendre plus difficile l’accès à l’emploi stable, au détriment des jeunes, chômeurs ou travailleurs en contrats précaires.	1	1	Accord modéré : estimation prudente ; aucune formulation parfaitement équivalente à la question n’a été identifiée.	https://www.mouvementdemocrate.fr/actualites/marc-fesneau-un-chemin-vers-un-cap-collectif-et-vers-jose-le-mot-une-esperance-video
medium	neutral_score_generic_justification	party	MoDem	49	Retraites	Les retraites devraient être progressivement réformées vers un système combinant répartition et capitalisation, même si cela implique une période de transition coûteuse.	0	2	Position équilibrée ou non tranchée : codage cohérent avec la ligne programmatique générale du parti sur retraites.	https://www.mouvementdemocrate.fr/actualites/marc-fesneau-un-chemin-vers-un-cap-collectif-et-vers-jose-le-mot-une-esperance-video
medium	low_confidence	party	MoDem	54	État / entreprises	L'État devrait davantage utiliser son pouvoir d'actionnaire pour orienter les grandes entreprises françaises vers des objectifs industriels de long terme.	1	1	Accord modéré : estimation prudente ; aucune formulation parfaitement équivalente à la question n’a été identifiée.	https://www.mouvementdemocrate.fr/actualites/marc-fesneau-un-chemin-vers-un-cap-collectif-et-vers-jose-le-mot-une-esperance-video
medium	neutral_score_generic_justification	party	MoDem	57	Immigration / assimilation	L'accès à certaines prestations sociales devrait être beaucoup plus limité pendant les premières années suivant l'arrivée d'un immigré.	0	2	Position équilibrée ou non tranchée : codage cohérent avec la ligne programmatique générale du parti sur immigration / assimilation.	https://www.mouvementdemocrate.fr/
medium	low_confidence	party	MoDem	71	Écologie / croissance	Si la France pouvait réduire ses émissions de 20 % mais que cela réduisait son PIB de 3 %, alors que les autres pays ne faisaient aucun effort comparable, il faudrait quand même le faire.	1	1	Accord modéré : estimation prudente ; aucune formulation parfaitement équivalente à la question n’a été identifiée.	https://www.mouvementdemocrate.fr/vers-une-transition-ecologique-solidaire-7925
medium	low_confidence	party	MoDem	72	Institutions	Pour certaines décisions économiques complexes, il serait préférable de confier davantage de pouvoir à des institutions indépendantes composées d'experts plutôt qu'aux responsables politiques élus.	1	1	Accord modéré : estimation prudente ; aucune formulation parfaitement équivalente à la question n’a été identifiée.	https://www.mouvementdemocrate.fr/actualites/marc-fesneau-un-chemin-vers-un-cap-collectif-et-vers-jose-le-mot-une-esperance-video
medium	low_confidence	party	MoDem	73	Institutions	Un gouvernement devrait pouvoir prendre une décision économiquement nécessaire mais très impopulaire sans chercher à obtenir l'approbation immédiate de la population.	1	1	Accord modéré : estimation prudente ; aucune formulation parfaitement équivalente à la question n’a été identifiée.	https://www.mouvementdemocrate.fr/actualites/marc-fesneau-un-chemin-vers-un-cap-collectif-et-vers-jose-le-mot-une-esperance-video
medium	low_confidence	party	MoDem	75	Institutions	Il serait acceptable de donner davantage de poids politique aux citoyens qui démontrent un niveau élevé de connaissance du fonctionnement des institutions et de l'économie.	-2	1	Désaccord net : estimation prudente ; aucune formulation parfaitement équivalente à la question n’a été identifiée.	https://www.mouvementdemocrate.fr/actualites/marc-fesneau-un-chemin-vers-un-cap-collectif-et-vers-jose-le-mot-une-esperance-video
high	strong_score_low_confidence	party	MoDem	75	Institutions	Il serait acceptable de donner davantage de poids politique aux citoyens qui démontrent un niveau élevé de connaissance du fonctionnement des institutions et de l'économie.	-2	1	Désaccord net : estimation prudente ; aucune formulation parfaitement équivalente à la question n’a été identifiée.	https://www.mouvementdemocrate.fr/actualites/marc-fesneau-un-chemin-vers-un-cap-collectif-et-vers-jose-le-mot-une-esperance-video
medium	low_confidence	party	MoDem	83	Santé / hôpital	Il faut accepter de fermer ou regrouper certaines petites maternités et certains services d'urgence afin de concentrer les équipes et les équipements dans des établissements plus importants.	1	1	Accord modéré : le document retenu permet d'arbitrer entre maintien de la proximité hospitalière et concentration des moyens. Niveau de preuve : estimation prudente à partir de la ligne générale.	https://www.mouvementdemocrate.fr/
medium	low_confidence	party	MoDem	84	Éducation / autonomie	Les chefs d'établissement scolaire devraient pouvoir recruter eux-même une partie de leurs enseignants et peser davantage dans leur évaluation.	1	1	Accord modéré : la position est estimée à partir des propositions d'autonomie des établissements, de recrutement et de gestion des enseignants. Niveau de preuve : estimation prudente à partir de la ligne générale.	https://www.mouvementdemocrate.fr/
medium	low_confidence	party	MoDem	85	Éducation / mixité sociale	Le financement public des établissements privés sous contrat devrait être conditionné à des objectifs mesurables de mixité sociale.	2	1	Accord net : la position est estimée à partir des propositions sur l'enseignement privé, son financement et la mixité sociale. Niveau de preuve : estimation prudente à partir de la ligne générale.	https://www.mouvementdemocrate.fr/
high	strong_score_low_confidence	party	MoDem	85	Éducation / mixité sociale	Le financement public des établissements privés sous contrat devrait être conditionné à des objectifs mesurables de mixité sociale.	2	1	Accord net : la position est estimée à partir des propositions sur l'enseignement privé, son financement et la mixité sociale. Niveau de preuve : estimation prudente à partir de la ligne générale.	https://www.mouvementdemocrate.fr/
medium	low_confidence	party	MoDem	86	Logement / locations touristiques	Dans les zones où le logement manque, une commune devrait pouvoir interdire la location touristique régulière d'un logement qui n'est pas la résidence principale de son propriétaire.	1	1	Accord modéré : la source retenue précise le degré de régulation souhaité pour les meublés touristiques et les pouvoirs locaux. Niveau de preuve : estimation prudente à partir de la ligne générale.	https://www.mouvementdemocrate.fr/
high	extreme_score_generic_justification	party	MoDem	87	Défense / Ukraine	La France devrait continuer à fournir une aide militaire et financière importante à l'Ukraine tant que son territoire reste occupé, même si la guerre se prolonge.	3	3	Accord fort : le vote ou la politique officielle sur le soutien durable à l'Ukraine constitue l'indicateur principal. Niveau de preuve : preuve directe ou politique explicitement documentée.	https://www.assemblee-nationale.fr/dyn/17/scrutins/988
high	extreme_score_generic_justification	party	MoDem	88	Défense / dissuasion nucléaire	La dissuasion nucléaire française devrait aussi protéger les partenaires européens, tout en laissant à la France seule la décision finale de l'employer.	3	2	Accord fort : la source retenue porte sur l'extension européenne de la dissuasion ou, pour les pays non dotés, sur la protection nucléaire alliée. Niveau de preuve : faisceau d’indices cohérent, sans équivalent toujours parfaitement identique.	https://www.mouvementdemocrate.fr/
medium	low_confidence	party	MoDem	90	Dépendance / EHPAD	Les groupes privés à but lucratif ne devraient plus pouvoir gérer d'EHPAD. Les établissements existants devraient progressivement devenir publics ou non lucratifs.	0	1	Position neutre, partagée ou non arrêtée : le programme social et sanitaire permet d'estimer la place laissée aux opérateurs lucratifs dans la dépendance. Niveau de preuve : estimation prudente à partir de la ligne générale.	https://www.mouvementdemocrate.fr/
medium	neutral_score_generic_justification	party	MoDem	90	Dépendance / EHPAD	Les groupes privés à but lucratif ne devraient plus pouvoir gérer d'EHPAD. Les établissements existants devraient progressivement devenir publics ou non lucratifs.	0	1	Position neutre, partagée ou non arrêtée : le programme social et sanitaire permet d'estimer la place laissée aux opérateurs lucratifs dans la dépendance. Niveau de preuve : estimation prudente à partir de la ligne générale.	https://www.mouvementdemocrate.fr/
medium	low_confidence	party	MoDem	91	Famille / prestations	Les allocations familiales devraient être versées à toutes les familles selon le nombre d'enfants, sans diminuer lorsque les revenus augmentent.	2	1	Accord net : le modèle de prestations familiales et la ligne programmatique permettent d'estimer la préférence pour l'universalité ou le ciblage. Niveau de preuve : estimation prudente à partir de la ligne générale.	https://www.mouvementdemocrate.fr/
high	strong_score_low_confidence	party	MoDem	91	Famille / prestations	Les allocations familiales devraient être versées à toutes les familles selon le nombre d'enfants, sans diminuer lorsque les revenus augmentent.	2	1	Accord net : le modèle de prestations familiales et la ligne programmatique permettent d'estimer la préférence pour l'universalité ou le ciblage. Niveau de preuve : estimation prudente à partir de la ligne générale.	https://www.mouvementdemocrate.fr/
high	extreme_score_generic_justification	party	MoDem	92	Numérique / mineurs	L'accès aux réseaux sociaux devrait être interdit aux moins de 15 ans, même avec l'accord de leurs parents.	3	3	Accord fort : le vote ou la politique publique sur l'âge d'accès aux réseaux sociaux permet de distinguer interdiction stricte, autorisation parentale et régulation plus souple. Niveau de preuve : preuve directe ou politique explicitement documentée.	https://www.assemblee-nationale.fr/dyn/17/scrutins/8431
high	extreme_score_generic_justification	party	Horizons	1	Économie	Il faut réduire les impôts sur le travail et le capital, même si cela implique de réduire certaines dépenses publiques.	3	2	Accord fort : orientation cohérente avec le document officiel retenu, sans passage isolé directement équivalent à la question.	https://horizonsleparti.fr/le-manifeste/
high	extreme_score_generic_justification	party	Horizons	9	État	La France dépense trop d'argent public et devrait accepter de réduire certaines politiques sociales pour revenir à l'équilibre budgétaire.	3	2	Accord fort : orientation cohérente avec le document officiel retenu, sans passage isolé directement équivalent à la question.	https://horizonsleparti.fr/le-manifeste/
medium	neutral_score_generic_justification	party	Horizons	10	État	L'État devrait garantir un niveau élevé de protection sociale, même si cela implique une fiscalité importante.	0	2	Position équilibrée ou non tranchée : codage cohérent avec la ligne programmatique générale du parti sur état.	https://horizonsleparti.fr/le-manifeste/
medium	neutral_score_generic_justification	party	Horizons	12	État	L'État devrait intervenir beaucoup plus fortement dans l'économie lorsque le marché produit des résultats jugés socialement indésirables.	0	2	Position équilibrée ou non tranchée : codage cohérent avec la ligne programmatique générale du parti sur état.	https://horizonsleparti.fr/le-manifeste/
high	extreme_score_generic_justification	party	Horizons	24	Immigration	La France devrait être beaucoup plus stricte concernant l'expulsion des étrangers condamnés pour des crimes graves.	3	2	Accord fort : orientation cohérente avec le document officiel retenu, sans passage isolé directement équivalent à la question.	https://horizonsleparti.fr/le-manifeste/
medium	low_confidence	party	Horizons	34	Economie	Une partie des cotisations sociales sur les salaires devrait être remplacée par une hausse de la TVA afin d’augmenter les salaires nets et de réduire le coût du travail, même si cela augmente le prix des biens et services consommés	1	1	Horizons souhaite alléger le coût du travail et renforcer la compétitivité, mais aucune proposition officielle précise de TVA sociale n’a été retrouvée. Tendance faiblement favorable : +1, confiance 1.	https://horizonsleparti.fr/le-manifeste/
medium	low_confidence	party	Horizons	37	Écologie	Les pays riches devraient supporter une part prépondérante du coût de la transition écologique mondiale.	1	1	Accord modéré : estimation prudente ; aucune formulation parfaitement équivalente à la question n’a été identifiée.	https://horizonsleparti.fr/le-manifeste/
high	extreme_score_generic_justification	party	Horizons	40	Europe	L'euro est globalement bénéfique pour la France malgré la perte de certains instruments de politique économique.	3	2	Accord fort : orientation cohérente avec le document officiel retenu, sans passage isolé directement équivalent à la question.	https://horizonsleparti.fr/le-manifeste/
medium	low_confidence	party	Horizons	54	État / entreprises	L'État devrait davantage utiliser son pouvoir d'actionnaire pour orienter les grandes entreprises françaises vers des objectifs industriels de long terme.	1	1	Accord modéré : estimation prudente ; aucune formulation parfaitement équivalente à la question n’a été identifiée.	https://horizonsleparti.fr/le-manifeste/
medium	low_confidence	party	Horizons	71	Écologie / croissance	Si la France pouvait réduire ses émissions de 20 % mais que cela réduisait son PIB de 3 %, alors que les autres pays ne faisaient aucun effort comparable, il faudrait quand même le faire.	0	1	Position équilibrée ou non tranchée : estimation prudente ; aucune formulation parfaitement équivalente à la question n’a été identifiée.	https://horizonsleparti.fr/le-manifeste/
medium	neutral_score_generic_justification	party	Horizons	71	Écologie / croissance	Si la France pouvait réduire ses émissions de 20 % mais que cela réduisait son PIB de 3 %, alors que les autres pays ne faisaient aucun effort comparable, il faudrait quand même le faire.	0	1	Position équilibrée ou non tranchée : estimation prudente ; aucune formulation parfaitement équivalente à la question n’a été identifiée.	https://horizonsleparti.fr/le-manifeste/
medium	low_confidence	party	Horizons	72	Institutions	Pour certaines décisions économiques complexes, il serait préférable de confier davantage de pouvoir à des institutions indépendantes composées d'experts plutôt qu'aux responsables politiques élus.	2	1	Accord net : estimation prudente ; aucune formulation parfaitement équivalente à la question n’a été identifiée.	https://horizonsleparti.fr/le-manifeste/
high	strong_score_low_confidence	party	Horizons	72	Institutions	Pour certaines décisions économiques complexes, il serait préférable de confier davantage de pouvoir à des institutions indépendantes composées d'experts plutôt qu'aux responsables politiques élus.	2	1	Accord net : estimation prudente ; aucune formulation parfaitement équivalente à la question n’a été identifiée.	https://horizonsleparti.fr/le-manifeste/
medium	low_confidence	party	Horizons	73	Institutions	Un gouvernement devrait pouvoir prendre une décision économiquement nécessaire mais très impopulaire sans chercher à obtenir l'approbation immédiate de la population.	2	1	Accord net : estimation prudente ; aucune formulation parfaitement équivalente à la question n’a été identifiée.	https://horizonsleparti.fr/le-manifeste/
high	strong_score_low_confidence	party	Horizons	73	Institutions	Un gouvernement devrait pouvoir prendre une décision économiquement nécessaire mais très impopulaire sans chercher à obtenir l'approbation immédiate de la population.	2	1	Accord net : estimation prudente ; aucune formulation parfaitement équivalente à la question n’a été identifiée.	https://horizonsleparti.fr/le-manifeste/
medium	neutral_score_generic_justification	party	Horizons	74	Institutions	Le référendum devrait être beaucoup plus utilisé, même lorsque les citoyens votent sur des sujets dont ils maîtrisent mal les aspects techniques.	0	2	Position équilibrée ou non tranchée : codage cohérent avec la ligne programmatique générale du parti sur institutions.	https://horizonsleparti.fr/le-manifeste/
medium	low_confidence	party	Horizons	75	Institutions	Il serait acceptable de donner davantage de poids politique aux citoyens qui démontrent un niveau élevé de connaissance du fonctionnement des institutions et de l'économie.	-2	1	Désaccord net : estimation prudente ; aucune formulation parfaitement équivalente à la question n’a été identifiée.	https://horizonsleparti.fr/le-manifeste/
high	strong_score_low_confidence	party	Horizons	75	Institutions	Il serait acceptable de donner davantage de poids politique aux citoyens qui démontrent un niveau élevé de connaissance du fonctionnement des institutions et de l'économie.	-2	1	Désaccord net : estimation prudente ; aucune formulation parfaitement équivalente à la question n’a été identifiée.	https://horizonsleparti.fr/le-manifeste/
high	extreme_score_generic_justification	party	Horizons	78	Immigration / assimilation	Le droit de séjour durable en France devrait dépendre, sauf impossibilité particulière, d’efforts concrets pour apprendre le français, comprendre les règles et usages du pays et participer à la vie collective.	3	2	Accord fort : orientation cohérente avec le document officiel retenu, sans passage isolé directement équivalent à la question.	https://horizonsleparti.fr/le-manifeste/
medium	neutral_score_generic_justification	party	Horizons	79	Immigration / délinquance	Les différences de délinquance observées s’expliquent davantage par les inégalités sociales et économiques que par la culture d’origine des personnes concernées.	0	2	Position équilibrée ou non tranchée : codage cohérent avec la ligne programmatique générale du parti sur immigration / délinquance.	https://horizonsleparti.fr/le-manifeste/
medium	low_confidence	party	Horizons	84	Éducation / autonomie	Les chefs d'établissement scolaire devraient pouvoir recruter eux-même une partie de leurs enseignants et peser davantage dans leur évaluation.	3	1	Accord fort : Horizons défend une autonomie accrue des établissements scolaires et un rôle beaucoup plus important des chefs d'établissement dans le recrutement et l'évaluation des enseignants. La proposition correspond directement à cette orientation.	https://horizonsleparti.fr/le-manifeste/
high	strong_score_low_confidence	party	Horizons	84	Éducation / autonomie	Les chefs d'établissement scolaire devraient pouvoir recruter eux-même une partie de leurs enseignants et peser davantage dans leur évaluation.	3	1	Accord fort : Horizons défend une autonomie accrue des établissements scolaires et un rôle beaucoup plus important des chefs d'établissement dans le recrutement et l'évaluation des enseignants. La proposition correspond directement à cette orientation.	https://horizonsleparti.fr/le-manifeste/
medium	low_confidence	party	Horizons	85	Éducation / mixité sociale	Le financement public des établissements privés sous contrat devrait être conditionné à des objectifs mesurables de mixité sociale.	0	1	Position neutre, partagée ou non arrêtée : la position est estimée à partir des propositions sur l'enseignement privé, son financement et la mixité sociale. Niveau de preuve : estimation prudente à partir de la ligne générale.	https://horizonsleparti.fr/le-manifeste/
medium	neutral_score_generic_justification	party	Horizons	85	Éducation / mixité sociale	Le financement public des établissements privés sous contrat devrait être conditionné à des objectifs mesurables de mixité sociale.	0	1	Position neutre, partagée ou non arrêtée : la position est estimée à partir des propositions sur l'enseignement privé, son financement et la mixité sociale. Niveau de preuve : estimation prudente à partir de la ligne générale.	https://horizonsleparti.fr/le-manifeste/
medium	low_confidence	party	Horizons	86	Logement / locations touristiques	Dans les zones où le logement manque, une commune devrait pouvoir interdire la location touristique régulière d'un logement qui n'est pas la résidence principale de son propriétaire.	0	1	Position neutre, partagée ou non arrêtée : la source retenue précise le degré de régulation souhaité pour les meublés touristiques et les pouvoirs locaux. Niveau de preuve : estimation prudente à partir de la ligne générale.	https://horizonsleparti.fr/le-manifeste/
medium	neutral_score_generic_justification	party	Horizons	86	Logement / locations touristiques	Dans les zones où le logement manque, une commune devrait pouvoir interdire la location touristique régulière d'un logement qui n'est pas la résidence principale de son propriétaire.	0	1	Position neutre, partagée ou non arrêtée : la source retenue précise le degré de régulation souhaité pour les meublés touristiques et les pouvoirs locaux. Niveau de preuve : estimation prudente à partir de la ligne générale.	https://horizonsleparti.fr/le-manifeste/
high	extreme_score_generic_justification	party	Horizons	87	Défense / Ukraine	La France devrait continuer à fournir une aide militaire et financière importante à l'Ukraine tant que son territoire reste occupé, même si la guerre se prolonge.	3	3	Accord fort : le vote ou la politique officielle sur le soutien durable à l'Ukraine constitue l'indicateur principal. Niveau de preuve : preuve directe ou politique explicitement documentée.	https://www.assemblee-nationale.fr/dyn/17/scrutins/988
high	extreme_score_generic_justification	party	Horizons	88	Défense / dissuasion nucléaire	La dissuasion nucléaire française devrait aussi protéger les partenaires européens, tout en laissant à la France seule la décision finale de l'employer.	3	2	Accord fort : la source retenue porte sur l'extension européenne de la dissuasion ou, pour les pays non dotés, sur la protection nucléaire alliée. Niveau de preuve : faisceau d’indices cohérent, sans équivalent toujours parfaitement identique.	https://horizonsleparti.fr/le-manifeste/
medium	neutral_score_generic_justification	party	Horizons	89	Santé / fin de vie	Une personne majeure atteinte d'une maladie grave et incurable provoquant des souffrances insupportables devrait pouvoir recevoir une aide médicale à mourir dans un cadre strictement contrôlé.	0	3	Position neutre, partagée ou non arrêtée : le vote, la loi ou la position gouvernementale sur l'aide à mourir fournit un équivalent direct ou très proche. Niveau de preuve : preuve directe ou politique explicitement documentée.	https://www.assemblee-nationale.fr/dyn/17/scrutins/2107
medium	low_confidence	party	Horizons	90	Dépendance / EHPAD	Les groupes privés à but lucratif ne devraient plus pouvoir gérer d'EHPAD. Les établissements existants devraient progressivement devenir publics ou non lucratifs.	-2	1	Désaccord net : le programme social et sanitaire permet d'estimer la place laissée aux opérateurs lucratifs dans la dépendance. Niveau de preuve : estimation prudente à partir de la ligne générale.	https://horizonsleparti.fr/le-manifeste/
high	strong_score_low_confidence	party	Horizons	90	Dépendance / EHPAD	Les groupes privés à but lucratif ne devraient plus pouvoir gérer d'EHPAD. Les établissements existants devraient progressivement devenir publics ou non lucratifs.	-2	1	Désaccord net : le programme social et sanitaire permet d'estimer la place laissée aux opérateurs lucratifs dans la dépendance. Niveau de preuve : estimation prudente à partir de la ligne générale.	https://horizonsleparti.fr/le-manifeste/
medium	low_confidence	party	Horizons	91	Famille / prestations	Les allocations familiales devraient être versées à toutes les familles selon le nombre d'enfants, sans diminuer lorsque les revenus augmentent.	1	1	Accord modéré : le modèle de prestations familiales et la ligne programmatique permettent d'estimer la préférence pour l'universalité ou le ciblage. Niveau de preuve : estimation prudente à partir de la ligne générale.	https://horizonsleparti.fr/le-manifeste/
high	extreme_score_generic_justification	party	Horizons	92	Numérique / mineurs	L'accès aux réseaux sociaux devrait être interdit aux moins de 15 ans, même avec l'accord de leurs parents.	3	3	Accord fort : le vote ou la politique publique sur l'âge d'accès aux réseaux sociaux permet de distinguer interdiction stricte, autorisation parentale et régulation plus souple. Niveau de preuve : preuve directe ou politique explicitement documentée.	https://www.assemblee-nationale.fr/dyn/17/scrutins/8431
medium	low_confidence	party	LFH	34	Economie	Une partie des cotisations sociales sur les salaires devrait être remplacée par une hausse de la TVA afin d’augmenter les salaires nets et de réduire le coût du travail, même si cela augmente le prix des biens et services consommés	2	1	Accord net : Dominique de Villepin propose de réduire les charges patronales et de transférer progressivement une partie du financement vers la consommation et les bénéfices ; c'est proche d'une TVA sociale sans être strictement identique, d'où +2.	https://lafrancehumaniste.fr/
high	strong_score_low_confidence	party	LFH	34	Economie	Une partie des cotisations sociales sur les salaires devrait être remplacée par une hausse de la TVA afin d’augmenter les salaires nets et de réduire le coût du travail, même si cela augmente le prix des biens et services consommés	2	1	Accord net : Dominique de Villepin propose de réduire les charges patronales et de transférer progressivement une partie du financement vers la consommation et les bénéfices ; c'est proche d'une TVA sociale sans être strictement identique, d'où +2.	https://lafrancehumaniste.fr/
medium	low_confidence	party	LFH	45	Fiscalité / patrimoine	Les très grandes fortunes devraient être imposées sur leur patrimoine mondial, même lorsqu'elles quittent la France.	1	1	Position non tranchée : LFH défend une fiscalité plus progressive et la lutte contre l'évasion, mais la source retenue ne permet pas d'établir une taxation du patrimoine mondial après expatriation. Neutralisation plutôt qu'inférence forte.	https://lafrancehumaniste.fr/articles/le-sursaut-budgetaire.html
high	justification_sign_mismatch	party	LFH	45	Fiscalité / patrimoine	Les très grandes fortunes devraient être imposées sur leur patrimoine mondial, même lorsqu'elles quittent la France.	1	1	Position non tranchée : LFH défend une fiscalité plus progressive et la lutte contre l'évasion, mais la source retenue ne permet pas d'établir une taxation du patrimoine mondial après expatriation. Neutralisation plutôt qu'inférence forte.	https://lafrancehumaniste.fr/articles/le-sursaut-budgetaire.html
medium	low_confidence	party	LFH	47	Outre-mer / vie chère	L’État devrait garantir que les produits essentiels ne coûtent pas beaucoup plus cher dans les DOM/TOM que dans l’Hexagone, quitte à subventionner durablement leur transport ou leur prix avec l’argent public national.	1	1	La France Humaniste insiste sur la solidarité nationale, la justice des distances et le rééquilibrage territorial. Aucune proposition ultramarine de subvention des prix aussi précise n’est publiée ; accord prudent retenu à +1.	https://lafrancehumaniste.fr/articles/la-grande-adaptation-du-territoire.html
high	extreme_score_generic_justification	party	LFH	54	État / entreprises	L'État devrait davantage utiliser son pouvoir d'actionnaire pour orienter les grandes entreprises françaises vers des objectifs industriels de long terme.	3	3	Accord fort : codage fondé sur les documents officiels retenus pour le thème « État / entreprises ». Niveau de preuve : position ou mesure explicitement documentée.	https://lafrancehumaniste.fr/articles/le-sursaut-budgetaire.html
medium	low_confidence	party	LFH	59	Immigration / assimilation	Une personne née en France de parents étrangers devrait automatiquement devenir française à sa majorité si elle y a grandi, même si elle ne manifeste pas particulièrement d'attachement à la France.	0	1	Position non tranchée : l'universalisme de LFH ne suffit pas à déduire une naturalisation automatique à la majorité sans manifestation d'attachement ; aucune position explicite équivalente n'a été identifiée.	https://lafrancehumaniste.fr/articles/le-moment-francais-sorbonne.html
medium	low_confidence	party	LFH	84	Éducation / autonomie	Les chefs d'établissement scolaire devraient pouvoir recruter eux-même une partie de leurs enseignants et peser davantage dans leur évaluation.	0	1	Position neutre ou non arrêtée : aucune proposition directement comparable sur le recrutement ou l’évaluation des enseignants par les chefs d’établissement n’a été trouvée.	https://lafrancehumaniste.fr/articles/le-moment-francais-sorbonne.html
medium	low_confidence	party	LFH	85	Éducation / mixité sociale	Le financement public des établissements privés sous contrat devrait être conditionné à des objectifs mesurables de mixité sociale.	0	1	Position neutre ou non arrêtée : le programme défend l’égalité des chances et la mixité, mais aucune prise de position sur le financement public des établissements privés sous contrat n’a été trouvée.	https://lafrancehumaniste.fr/articles/le-moment-francais-sorbonne.html
medium	low_confidence	party	LFH	86	Logement / locations touristiques	Dans les zones où le logement manque, une commune devrait pouvoir interdire la location touristique régulière d'un logement qui n'est pas la résidence principale de son propriétaire.	1	1	Accord modéré : le texte défend une régulation volontariste du logement dans les zones tendues et des pouvoirs municipaux renforcés, mais ne propose pas directement l’interdiction des locations touristiques.	https://lafrancehumaniste.fr/articles/protection-sociale.html
high	extreme_score_generic_justification	party	LFH	88	Défense / dissuasion nucléaire	La dissuasion nucléaire française devrait aussi protéger les partenaires européens, tout en laissant à la France seule la décision finale de l'employer.	3	3	Accord fort : codage fondé sur les documents officiels retenus pour le thème « Défense / dissuasion nucléaire ». Niveau de preuve : position ou mesure explicitement documentée.	https://lafrancehumaniste.fr/articles/moment-europeen-europe-souveraine.html
medium	low_confidence	party	LFH	89	Santé / fin de vie	Une personne majeure atteinte d'une maladie grave et incurable provoquant des souffrances insupportables devrait pouvoir recevoir une aide médicale à mourir dans un cadre strictement contrôlé.	1	1	Accord modéré : codage fondé sur les documents officiels retenus pour le thème « Santé / fin de vie ». Niveau de preuve : analogie prudente, sans proposition parfaitement équivalente.	https://lafrancehumaniste.fr/articles/protection-sociale.html
high	extreme_score_generic_justification	party	LR	1	Économie	Il faut réduire les impôts sur le travail et le capital, même si cela implique de réduire certaines dépenses publiques.	3	2	Accord fort : orientation cohérente avec le document officiel retenu, sans passage isolé directement équivalent à la question.	https://republicains.fr/nos-idees/
high	extreme_score_generic_justification	party	LR	3	Économie	L'État devrait davantage taxer les hauts revenus et les gros patrimoines afin de réduire les inégalités.	-3	2	Désaccord fort : orientation cohérente avec le document officiel retenu, sans passage isolé directement équivalent à la question.	https://republicains.fr/nos-idees/
high	extreme_score_generic_justification	party	LR	9	État	La France dépense trop d'argent public et devrait accepter de réduire certaines politiques sociales pour revenir à l'équilibre budgétaire.	3	2	Accord fort : orientation cohérente avec le document officiel retenu, sans passage isolé directement équivalent à la question.	https://republicains.fr/nos-idees/
medium	low_confidence	party	LR	13	État	Les citoyens devraient avoir davantage de liberté pour choisir eux-mêmes comment utiliser leur argent plutôt que de passer par des systèmes publics obligatoires.	2	1	Accord net : estimation prudente ; aucune formulation parfaitement équivalente à la question n’a été identifiée.	https://republicains.fr/nos-idees/
high	strong_score_low_confidence	party	LR	13	État	Les citoyens devraient avoir davantage de liberté pour choisir eux-mêmes comment utiliser leur argent plutôt que de passer par des systèmes publics obligatoires.	2	1	Accord net : estimation prudente ; aucune formulation parfaitement équivalente à la question n’a été identifiée.	https://republicains.fr/nos-idees/
high	extreme_score_generic_justification	party	LR	19	Social / société	Certaines traditions et valeurs culturelles méritent d'être préservées même si elles évoluent moins vite que la société.	3	2	Accord fort : codage cohérent avec la ligne programmatique générale du parti sur social / société.	https://republicains.fr/nos-idees/
high	extreme_score_generic_justification	party	LR	24	Immigration	La France devrait être beaucoup plus stricte concernant l'expulsion des étrangers condamnés pour des crimes graves.	3	2	Accord fort : orientation cohérente avec le document officiel retenu, sans passage isolé directement équivalent à la question.	https://republicains.fr/nos-idees/
high	extreme_score_generic_justification	party	LR	25	Immigration	Même lorsque l'immigration est économiquement bénéfique, elle peut être légitimement limitée pour préserver la cohésion culturelle du pays.	3	2	Accord fort : orientation cohérente avec le document officiel retenu, sans passage isolé directement équivalent à la question.	https://republicains.fr/nos-idees/
high	extreme_score_generic_justification	party	LR	27	Sécurité / justice	Les peines de prison effectives devraient être plus sévères, même si cela augmente fortement la population carcérale.	3	2	Accord fort : orientation cohérente avec le document officiel retenu, sans passage isolé directement équivalent à la question.	https://republicains.fr/nos-idees/
medium	neutral_score_generic_justification	party	LR	36	Écologie	Il est justifié d'interdire certains produits ou comportements très polluants même lorsque les consommateurs les souhaitent.	0	2	Position équilibrée ou non tranchée : codage cohérent avec la ligne programmatique générale du parti sur écologie.	https://republicains.fr/nos-idees/
medium	low_confidence	party	LR	37	Écologie	Les pays riches devraient supporter une part prépondérante du coût de la transition écologique mondiale.	0	1	Position équilibrée ou non tranchée : estimation prudente ; aucune formulation parfaitement équivalente à la question n’a été identifiée.	https://republicains.fr/nos-idees/
medium	neutral_score_generic_justification	party	LR	37	Écologie	Les pays riches devraient supporter une part prépondérante du coût de la transition écologique mondiale.	0	1	Position équilibrée ou non tranchée : estimation prudente ; aucune formulation parfaitement équivalente à la question n’a été identifiée.	https://republicains.fr/nos-idees/
medium	neutral_score_generic_justification	party	LR	38	Europe	La France devrait transférer davantage de compétences à l'Union européenne afin de renforcer son poids économique et géopolitique.	0	2	Position équilibrée ou non tranchée : orientation cohérente avec le document officiel retenu, sans passage isolé directement équivalent à la question.	https://republicains.fr/nos-idees/
medium	neutral_score_generic_justification	party	LR	41	Europe	L'Union européenne devrait pouvoir imposer davantage de règles communes aux États membres.	0	2	Position équilibrée ou non tranchée : orientation cohérente avec le document officiel retenu, sans passage isolé directement équivalent à la question.	https://republicains.fr/nos-idees/
high	extreme_score_generic_justification	party	LR	43	Fiscalité / patrimoine	Il faudrait supprimer l'IFI et ne plus taxer spécifiquement le patrimoine immobilier au-delà de la fiscalité ordinaire.	3	2	Accord fort : orientation cohérente avec le document officiel retenu, sans passage isolé directement équivalent à la question.	https://republicains.fr/nos-idees/
high	extreme_score_generic_justification	party	LR	44	Fiscalité / patrimoine	L'héritage devrait être davantage taxé au-delà d'un certain seuil de patrimoine transmis, même si cela conduit certaines familles à transmettre moins de patrimoine à leurs enfants.	-3	2	Désaccord fort : orientation cohérente avec le document officiel retenu, sans passage isolé directement équivalent à la question.	https://republicains.fr/nos-idees/
high	extreme_score_generic_justification	party	LR	46	Travail / chômage	Un chômeur devrait pouvoir perdre une partie significative de ses allocations s'il refuse plusieurs emplois raisonnablement adaptés à ses compétences.	3	2	Accord fort : orientation cohérente avec le document officiel retenu, sans passage isolé directement équivalent à la question.	https://republicains.fr/nos-idees/
medium	low_confidence	party	LR	50	Retraites	L'âge légal de départ à la retraite devrait être automatiquement indexé sur l'espérance de vie nationale.	1	1	Accord modéré : LR souhaite tenir compte du vieillissement démographique et travailler plus longtemps, mais ne propose pas clairement une indexation automatique de l'âge légal sur l'espérance de vie ; +1 plutôt que +2.	https://republicains.fr/nos-idees/
high	extreme_score_generic_justification	party	LR	51	Protection sociale	Les prestations sociales devraient être fortement conditionnées à la durée de cotisation et de participation au marché du travail.	3	2	Accord fort : orientation cohérente avec le document officiel retenu, sans passage isolé directement équivalent à la question.	https://republicains.fr/nos-idees/
medium	neutral_score_generic_justification	party	LR	53	État / entreprises	Une entreprise qui reçoit plusieurs milliards d'euros d'aides publiques devrait pouvoir être contrainte de limiter ses dividendes et les rémunérations de ses dirigeants tant que l'aide n'est pas remboursée.	0	2	Position équilibrée ou non tranchée : codage cohérent avec la ligne programmatique générale du parti sur état / entreprises.	https://republicains.fr/nos-idees/
medium	low_confidence	party	LR	54	État / entreprises	L'État devrait davantage utiliser son pouvoir d'actionnaire pour orienter les grandes entreprises françaises vers des objectifs industriels de long terme.	1	1	Accord modéré : estimation prudente ; aucune formulation parfaitement équivalente à la question n’a été identifiée.	https://republicains.fr/nos-idees/
high	extreme_score_generic_justification	party	LR	60	Immigration / assimilation	La France devrait pouvoir refuser l'entrée à un immigré légalement admissible lorsqu'il existe de fortes raisons de penser qu'il ne souhaite pas s'intégrer culturellement à la société française.	3	2	Accord fort : orientation cohérente avec le document officiel retenu, sans passage isolé directement équivalent à la question.	https://republicains.fr/nos-idees/
medium	low_confidence	party	LR	61	Immigration / assimilation	Le fait de conserver des pratiques culturelles ou religieuses très différentes de celles de la majorité française n'est pas en soi un problème tant que les lois françaises sont respectées.	-1	1	Réserve : estimation prudente ; aucune formulation parfaitement équivalente à la question n’a été identifiée.	https://republicains.fr/nos-idees/
high	extreme_score_generic_justification	party	LR	63	Libertés / sécurité	Pour lutter contre le terrorisme, l'État devrait pouvoir surveiller préventivement une personne considérée comme présentant un risque sérieux, même sans preuve suffisante pour engager des poursuites pénales.	3	2	Accord fort : orientation cohérente avec le document officiel retenu, sans passage isolé directement équivalent à la question.	https://republicains.fr/nos-idees/
medium	neutral_score_generic_justification	party	LR	67	Écologie	Une taxe carbone qui réduit les émissions de CO₂ devrait être maintenue même si elle diminue le pouvoir d’achat des ménages modestes, à condition de compenser ces derniers par des aides ciblées.	0	2	Position équilibrée ou non tranchée : orientation cohérente avec le document officiel retenu, sans passage isolé directement équivalent à la question.	https://republicains.fr/nos-idees/
high	extreme_score_generic_justification	party	LR	69	Écologie	Il faut privilégier le nucléaire même si cela conduit à réduire certains investissements dans les renouvelables.	3	2	Accord fort : orientation cohérente avec le document officiel retenu, sans passage isolé directement équivalent à la question.	https://republicains.fr/nos-idees/
medium	low_confidence	party	LR	71	Écologie / croissance	Si la France pouvait réduire ses émissions de 20 % mais que cela réduisait son PIB de 3 %, alors que les autres pays ne faisaient aucun effort comparable, il faudrait quand même le faire.	-2	1	Désaccord net : estimation prudente ; aucune formulation parfaitement équivalente à la question n’a été identifiée.	https://republicains.fr/nos-idees/
high	strong_score_low_confidence	party	LR	71	Écologie / croissance	Si la France pouvait réduire ses émissions de 20 % mais que cela réduisait son PIB de 3 %, alors que les autres pays ne faisaient aucun effort comparable, il faudrait quand même le faire.	-2	1	Désaccord net : estimation prudente ; aucune formulation parfaitement équivalente à la question n’a été identifiée.	https://republicains.fr/nos-idees/
medium	low_confidence	party	LR	72	Institutions	Pour certaines décisions économiques complexes, il serait préférable de confier davantage de pouvoir à des institutions indépendantes composées d'experts plutôt qu'aux responsables politiques élus.	1	1	Accord modéré : estimation prudente ; aucune formulation parfaitement équivalente à la question n’a été identifiée.	https://republicains.fr/nos-idees/
medium	low_confidence	party	LR	75	Institutions	Il serait acceptable de donner davantage de poids politique aux citoyens qui démontrent un niveau élevé de connaissance du fonctionnement des institutions et de l'économie.	-1	1	Désaccord modéré : Les Républicains restent attachés au principe d'égalité politique des citoyens et au suffrage universel. Ils ne défendent pas une pondération du vote en fonction des connaissances ; -1 traduit ce désaccord sans extrapoler une opposition doctrinale explicite à l'hypothèse précise.	https://republicains.fr/nos-idees/
high	extreme_score_generic_justification	party	LR	78	Immigration / assimilation	Le droit de séjour durable en France devrait dépendre, sauf impossibilité particulière, d’efforts concrets pour apprendre le français, comprendre les règles et usages du pays et participer à la vie collective.	3	2	Accord fort : orientation cohérente avec le document officiel retenu, sans passage isolé directement équivalent à la question.	https://republicains.fr/nos-idees/
medium	neutral_score_generic_justification	party	LR	81	Santé / accès aux soins	Dans les zones où l'accès aux soins est insuffisant, l'Assurance maladie devrait pouvoir limiter le conventionnement de nouveaux médecins dans les zones déjà bien dotées afin d'encourager leur installation dans les déserts médicaux.	0	3	Position neutre, partagée ou non arrêtée : le scrutin sur la régulation du conventionnement médical fournit la position parlementaire la plus proche ; pour les formations non représentées, le codage est déduit de leur ligne sur la liberté d'installation. Niveau de preuve : preuve directe ou politique explicitement documentée.	https://www.assemblee-nationale.fr/dyn/17/scrutins/1214
medium	low_confidence	party	LR	83	Santé / hôpital	Il faut accepter de fermer ou regrouper certaines petites maternités et certains services d'urgence afin de concentrer les équipes et les équipements dans des établissements plus importants.	-1	1	Réserve : le document retenu permet d'arbitrer entre maintien de la proximité hospitalière et concentration des moyens. Niveau de preuve : estimation prudente à partir de la ligne générale.	https://republicains.fr/nos-idees/
medium	low_confidence	party	LR	85	Éducation / mixité sociale	Le financement public des établissements privés sous contrat devrait être conditionné à des objectifs mesurables de mixité sociale.	-2	1	Désaccord net : la position est estimée à partir des propositions sur l'enseignement privé, son financement et la mixité sociale. Niveau de preuve : estimation prudente à partir de la ligne générale.	https://republicains.fr/nos-idees/
high	strong_score_low_confidence	party	LR	85	Éducation / mixité sociale	Le financement public des établissements privés sous contrat devrait être conditionné à des objectifs mesurables de mixité sociale.	-2	1	Désaccord net : la position est estimée à partir des propositions sur l'enseignement privé, son financement et la mixité sociale. Niveau de preuve : estimation prudente à partir de la ligne générale.	https://republicains.fr/nos-idees/
medium	low_confidence	party	LR	86	Logement / locations touristiques	Dans les zones où le logement manque, une commune devrait pouvoir interdire la location touristique régulière d'un logement qui n'est pas la résidence principale de son propriétaire.	-1	1	Réserve : la source retenue précise le degré de régulation souhaité pour les meublés touristiques et les pouvoirs locaux. Niveau de preuve : estimation prudente à partir de la ligne générale.	https://republicains.fr/nos-idees/
high	extreme_score_generic_justification	party	LR	87	Défense / Ukraine	La France devrait continuer à fournir une aide militaire et financière importante à l'Ukraine tant que son territoire reste occupé, même si la guerre se prolonge.	3	3	Accord fort : le vote ou la politique officielle sur le soutien durable à l'Ukraine constitue l'indicateur principal. Niveau de preuve : preuve directe ou politique explicitement documentée.	https://www.assemblee-nationale.fr/dyn/17/scrutins/988
medium	low_confidence	party	LR	90	Dépendance / EHPAD	Les groupes privés à but lucratif ne devraient plus pouvoir gérer d'EHPAD. Les établissements existants devraient progressivement devenir publics ou non lucratifs.	-2	1	Désaccord net : le programme social et sanitaire permet d'estimer la place laissée aux opérateurs lucratifs dans la dépendance. Niveau de preuve : estimation prudente à partir de la ligne générale.	https://republicains.fr/nos-idees/
high	strong_score_low_confidence	party	LR	90	Dépendance / EHPAD	Les groupes privés à but lucratif ne devraient plus pouvoir gérer d'EHPAD. Les établissements existants devraient progressivement devenir publics ou non lucratifs.	-2	1	Désaccord net : le programme social et sanitaire permet d'estimer la place laissée aux opérateurs lucratifs dans la dépendance. Niveau de preuve : estimation prudente à partir de la ligne générale.	https://republicains.fr/nos-idees/
high	extreme_score_generic_justification	party	LR	92	Numérique / mineurs	L'accès aux réseaux sociaux devrait être interdit aux moins de 15 ans, même avec l'accord de leurs parents.	3	3	Accord fort : le vote ou la politique publique sur l'âge d'accès aux réseaux sociaux permet de distinguer interdiction stricte, autorisation parentale et régulation plus souple. Niveau de preuve : preuve directe ou politique explicitement documentée.	https://www.assemblee-nationale.fr/dyn/17/scrutins/8431
high	extreme_score_generic_justification	party	Nouvelle Énergie	3	Économie	L'État devrait davantage taxer les hauts revenus et les gros patrimoines afin de réduire les inégalités.	-3	2	Désaccord fort : orientation cohérente avec le document officiel retenu, sans passage isolé directement équivalent à la question.	https://www.unenouvelleenergie.fr/notre-programme/
medium	neutral_score_generic_justification	party	Nouvelle Énergie	14	Social / société	La société devrait accepter beaucoup plus largement les différents modes de vie, même lorsqu'ils s'éloignent des normes traditionnelles.	0	2	Position équilibrée ou non tranchée : codage cohérent avec la ligne programmatique générale du parti sur social / société.	https://www.unenouvelleenergie.fr/notre-programme/
high	extreme_score_generic_justification	party	Nouvelle Énergie	16	Social / société	Réduire les inégalités peut parfois justifier de restreindre certaines libertés individuelles.	-3	2	Désaccord fort : estimation prudente ; aucune formulation parfaitement équivalente à la question n’a été identifiée.	https://www.unenouvelleenergie.fr/notre-programme/
high	extreme_score_generic_justification	party	Nouvelle Énergie	19	Social / société	Certaines traditions et valeurs culturelles méritent d'être préservées même si elles évoluent moins vite que la société.	3	2	Accord fort : codage cohérent avec la ligne programmatique générale du parti sur social / société.	https://www.unenouvelleenergie.fr/notre-programme/
high	extreme_score_generic_justification	party	Nouvelle Énergie	25	Immigration	Même lorsque l'immigration est économiquement bénéfique, elle peut être légitimement limitée pour préserver la cohésion culturelle du pays.	3	2	Accord fort : orientation cohérente avec le document officiel retenu, sans passage isolé directement équivalent à la question.	https://www.unenouvelleenergie.fr/notre-programme/
medium	neutral_score_generic_justification	party	Nouvelle Énergie	32	Écologie	La lutte contre le changement climatique doit rester prioritaire même lorsqu'elle réduit la croissance économique à court terme.	0	2	Position équilibrée ou non tranchée : orientation cohérente avec le document officiel retenu, sans passage isolé directement équivalent à la question.	https://www.unenouvelleenergie.fr/notre-programme/
high	extreme_score_generic_justification	party	Nouvelle Énergie	35	Écologie	Les politiques écologiques devraient reposer principalement sur des mécanismes de marché comme la taxe carbone plutôt que sur des interdictions.	3	2	Accord fort : estimation prudente ; aucune formulation parfaitement équivalente à la question n’a été identifiée.	https://www.unenouvelleenergie.fr/notre-programme/
medium	neutral_score_generic_justification	party	Nouvelle Énergie	36	Écologie	Il est justifié d'interdire certains produits ou comportements très polluants même lorsque les consommateurs les souhaitent.	0	2	Position équilibrée ou non tranchée : codage cohérent avec la ligne programmatique générale du parti sur écologie.	https://www.unenouvelleenergie.fr/notre-programme/
medium	low_confidence	party	Nouvelle Énergie	37	Écologie	Les pays riches devraient supporter une part prépondérante du coût de la transition écologique mondiale.	0	1	Position équilibrée ou non tranchée : estimation prudente ; aucune formulation parfaitement équivalente à la question n’a été identifiée.	https://www.unenouvelleenergie.fr/notre-programme/
medium	neutral_score_generic_justification	party	Nouvelle Énergie	37	Écologie	Les pays riches devraient supporter une part prépondérante du coût de la transition écologique mondiale.	0	1	Position équilibrée ou non tranchée : estimation prudente ; aucune formulation parfaitement équivalente à la question n’a été identifiée.	https://www.unenouvelleenergie.fr/notre-programme/
high	extreme_score_generic_justification	party	Nouvelle Énergie	43	Fiscalité / patrimoine	Il faudrait supprimer l'IFI et ne plus taxer spécifiquement le patrimoine immobilier au-delà de la fiscalité ordinaire.	3	2	Accord fort : orientation cohérente avec le document officiel retenu, sans passage isolé directement équivalent à la question.	https://www.unenouvelleenergie.fr/notre-programme/
high	extreme_score_generic_justification	party	Nouvelle Énergie	44	Fiscalité / patrimoine	L'héritage devrait être davantage taxé au-delà d'un certain seuil de patrimoine transmis, même si cela conduit certaines familles à transmettre moins de patrimoine à leurs enfants.	-3	2	Désaccord fort : orientation cohérente avec le document officiel retenu, sans passage isolé directement équivalent à la question.	https://www.unenouvelleenergie.fr/notre-programme/
medium	low_confidence	party	Nouvelle Énergie	66	Sécurité	Lorsqu’un conducteur refuse d’obtempérer et prend la fuite, les policiers devraient pouvoir utiliser leur arme à feu même si le danger pour leur vie n’est pas immédiat.	1	1	Accord modéré, codé prudemment : la ligne du parti est sécuritaire et favorable à une protection juridique renforcée des forces de l’ordre, mais aucune formulation exactement équivalente n’a été identifiée.	https://www.unenouvelleenergie.fr/notre-programme/
medium	low_confidence	party	Nouvelle Énergie	71	Écologie / croissance	Si la France pouvait réduire ses émissions de 20 % mais que cela réduisait son PIB de 3 %, alors que les autres pays ne faisaient aucun effort comparable, il faudrait quand même le faire.	-1	1	Réserve : estimation prudente ; aucune formulation parfaitement équivalente à la question n’a été identifiée.	https://www.unenouvelleenergie.fr/notre-programme/
medium	low_confidence	party	Nouvelle Énergie	72	Institutions	Pour certaines décisions économiques complexes, il serait préférable de confier davantage de pouvoir à des institutions indépendantes composées d'experts plutôt qu'aux responsables politiques élus.	-1	1	Désaccord modéré : Nouvelle Énergie critique le pouvoir technocratique et le dessaisissement des responsables élus, tout en valorisant l'expertise et l'évaluation ; -1 traduit cette réserve sans surestimer l'opposition.	https://www.unenouvelleenergie.fr/notre-programme/
medium	low_confidence	party	Nouvelle Énergie	73	Institutions	Un gouvernement devrait pouvoir prendre une décision économiquement nécessaire mais très impopulaire sans chercher à obtenir l'approbation immédiate de la population.	1	1	Accord modéré : estimation prudente ; aucune formulation parfaitement équivalente à la question n’a été identifiée.	https://www.unenouvelleenergie.fr/notre-programme/
medium	low_confidence	party	Nouvelle Énergie	75	Institutions	Il serait acceptable de donner davantage de poids politique aux citoyens qui démontrent un niveau élevé de connaissance du fonctionnement des institutions et de l'économie.	-1	1	Désaccord modéré : Nouvelle Énergie défend la légitimité du suffrage universel et le recours accru au référendum, sans proposer de donner davantage de poids politique aux citoyens selon leur niveau de connaissance. -1 traduit cette réserve sans surinterpréter sa doctrine.	https://www.unenouvelleenergie.fr/notre-programme/
medium	low_confidence	party	Nouvelle Énergie	83	Santé / hôpital	Il faut accepter de fermer ou regrouper certaines petites maternités et certains services d'urgence afin de concentrer les équipes et les équipements dans des établissements plus importants.	0	1	Position équilibrée ou non tranchée : le programme santé insiste sur la proximité des soins, la liberté d’organisation et une gouvernance locale, mais ne tranche pas explicitement la fermeture ou le regroupement de petites maternités et de petits services d’urgence. Un accord net n’est donc pas documenté.	https://www.unenouvelleenergie.fr/nouvelle-energie-publie-son-livret-sante-liberer-les-soignants-pour-liberer-lacces-aux-soins-pour-tous/
high	extreme_score_generic_justification	party	Nouvelle Énergie	84	Éducation / autonomie	Les chefs d'établissement scolaire devraient pouvoir recruter eux-même une partie de leurs enseignants et peser davantage dans leur évaluation.	3	3	Accord fort : la position est estimée à partir des propositions d'autonomie des établissements, de recrutement et de gestion des enseignants. Niveau de preuve : preuve directe ou politique explicitement documentée.	https://www.unenouvelleenergie.fr/notre-programme/education/
high	extreme_score_generic_justification	party	Nouvelle Énergie	85	Éducation / mixité sociale	Le financement public des établissements privés sous contrat devrait être conditionné à des objectifs mesurables de mixité sociale.	-3	3	Désaccord fort : la position est estimée à partir des propositions sur l'enseignement privé, son financement et la mixité sociale. Niveau de preuve : preuve directe ou politique explicitement documentée.	https://www.unenouvelleenergie.fr/notre-programme/education/
medium	low_confidence	party	Nouvelle Énergie	86	Logement / locations touristiques	Dans les zones où le logement manque, une commune devrait pouvoir interdire la location touristique régulière d'un logement qui n'est pas la résidence principale de son propriétaire.	-2	1	Désaccord net : la source retenue précise le degré de régulation souhaité pour les meublés touristiques et les pouvoirs locaux. Niveau de preuve : estimation prudente à partir de la ligne générale.	https://www.unenouvelleenergie.fr/notre-programme/
high	strong_score_low_confidence	party	Nouvelle Énergie	86	Logement / locations touristiques	Dans les zones où le logement manque, une commune devrait pouvoir interdire la location touristique régulière d'un logement qui n'est pas la résidence principale de son propriétaire.	-2	1	Désaccord net : la source retenue précise le degré de régulation souhaité pour les meublés touristiques et les pouvoirs locaux. Niveau de preuve : estimation prudente à partir de la ligne générale.	https://www.unenouvelleenergie.fr/notre-programme/
medium	low_confidence	party	Nouvelle Énergie	89	Santé / fin de vie	Une personne majeure atteinte d'une maladie grave et incurable provoquant des souffrances insupportables devrait pouvoir recevoir une aide médicale à mourir dans un cadre strictement contrôlé.	-1	1	Réserve : le vote, la loi ou la position gouvernementale sur l'aide à mourir fournit un équivalent direct ou très proche. Niveau de preuve : estimation prudente à partir de la ligne générale.	https://www.unenouvelleenergie.fr/notre-programme/
high	extreme_score_generic_justification	party	Nouvelle Énergie	90	Dépendance / EHPAD	Les groupes privés à but lucratif ne devraient plus pouvoir gérer d'EHPAD. Les établissements existants devraient progressivement devenir publics ou non lucratifs.	-3	2	Désaccord fort : le programme social et sanitaire permet d'estimer la place laissée aux opérateurs lucratifs dans la dépendance. Niveau de preuve : faisceau d’indices cohérent, sans équivalent toujours parfaitement identique.	https://www.unenouvelleenergie.fr/notre-programme/
high	extreme_score_generic_justification	party	UDR	1	Économie	Il faut réduire les impôts sur le travail et le capital, même si cela implique de réduire certaines dépenses publiques.	3	3	Accord fort : codage fondé sur les documents officiels retenus pour le thème « Économie ». Niveau de preuve : position ou mesure explicitement documentée.	https://www.udr.fr/priorites
high	extreme_score_generic_justification	party	UDR	2	Économie	Les inégalités économiques sont acceptables tant qu'elles résultent principalement du travail ou de la prise de risque.	3	2	Accord fort : codage fondé sur les documents officiels retenus pour le thème « Économie ». Niveau de preuve : orientation cohérente étayée par plusieurs éléments.	https://www.assemblee-nationale.fr/dyn/17/amendements/2247/CION_FIN/CF912
high	extreme_score_generic_justification	party	UDR	3	Économie	L'État devrait davantage taxer les hauts revenus et les gros patrimoines afin de réduire les inégalités.	-3	3	Désaccord fort : codage fondé sur les documents officiels retenus pour le thème « Économie ». Niveau de preuve : position ou mesure explicitement documentée.	https://www.assemblee-nationale.fr/dyn/17/amendements/2247/CION_FIN/CF912
high	extreme_score_generic_justification	party	UDR	8	Économie	La concurrence est généralement préférable à la réglementation pour améliorer les prix, la qualité et l'innovation.	3	2	Accord fort : codage fondé sur les documents officiels retenus pour le thème « Économie ». Niveau de preuve : orientation cohérente étayée par plusieurs éléments.	https://www.assemblee-nationale.fr/dyn/17/amendements/2247/CION_FIN/CF912
high	extreme_score_generic_justification	party	UDR	9	État	La France dépense trop d'argent public et devrait accepter de réduire certaines politiques sociales pour revenir à l'équilibre budgétaire.	3	3	Accord fort : codage fondé sur les documents officiels retenus pour le thème « État ». Niveau de preuve : position ou mesure explicitement documentée.	https://www.assemblee-nationale.fr/dyn/17/amendements/2247/CION_FIN/CF912
high	extreme_score_generic_justification	party	UDR	13	État	Les citoyens devraient avoir davantage de liberté pour choisir eux-mêmes comment utiliser leur argent plutôt que de passer par des systèmes publics obligatoires.	3	2	Accord fort : codage fondé sur les documents officiels retenus pour le thème « État ». Niveau de preuve : orientation cohérente étayée par plusieurs éléments.	https://www.assemblee-nationale.fr/dyn/17/amendements/2247/CION_FIN/CF912
medium	low_confidence	party	UDR	14	Social / société	La société devrait accepter beaucoup plus largement les différents modes de vie, même lorsqu'ils s'éloignent des normes traditionnelles.	-2	1	Désaccord net : codage fondé sur les documents officiels retenus pour le thème « Social / société ». Niveau de preuve : analogie prudente, sans proposition parfaitement équivalente.	https://www.udr.fr/
high	strong_score_low_confidence	party	UDR	14	Social / société	La société devrait accepter beaucoup plus largement les différents modes de vie, même lorsqu'ils s'éloignent des normes traditionnelles.	-2	1	Désaccord net : codage fondé sur les documents officiels retenus pour le thème « Social / société ». Niveau de preuve : analogie prudente, sans proposition parfaitement équivalente.	https://www.udr.fr/
medium	low_confidence	party	UDR	16	Social / société	Réduire les inégalités peut parfois justifier de restreindre certaines libertés individuelles.	-2	1	Désaccord net : codage fondé sur les documents officiels retenus pour le thème « Social / société ». Niveau de preuve : analogie prudente, sans proposition parfaitement équivalente.	https://www.udr.fr/
high	strong_score_low_confidence	party	UDR	16	Social / société	Réduire les inégalités peut parfois justifier de restreindre certaines libertés individuelles.	-2	1	Désaccord net : codage fondé sur les documents officiels retenus pour le thème « Social / société ». Niveau de preuve : analogie prudente, sans proposition parfaitement équivalente.	https://www.udr.fr/
medium	low_confidence	party	UDR	17	Social / société	Les politiques publiques devraient chercher à corriger activement les discriminations historiques ou structurelles entre groupes sociaux.	-2	1	Désaccord net : codage fondé sur les documents officiels retenus pour le thème « Social / société ». Niveau de preuve : analogie prudente, sans proposition parfaitement équivalente.	https://www.udr.fr/
high	strong_score_low_confidence	party	UDR	17	Social / société	Les politiques publiques devraient chercher à corriger activement les discriminations historiques ou structurelles entre groupes sociaux.	-2	1	Désaccord net : codage fondé sur les documents officiels retenus pour le thème « Social / société ». Niveau de preuve : analogie prudente, sans proposition parfaitement équivalente.	https://www.udr.fr/
high	extreme_score_generic_justification	party	UDR	19	Social / société	Certaines traditions et valeurs culturelles méritent d'être préservées même si elles évoluent moins vite que la société.	3	2	Accord fort : codage fondé sur les documents officiels retenus pour le thème « Social / société ». Niveau de preuve : orientation cohérente étayée par plusieurs éléments.	https://www.udr.fr/
high	extreme_score_generic_justification	party	UDR	25	Immigration	Même lorsque l'immigration est économiquement bénéfique, elle peut être légitimement limitée pour préserver la cohésion culturelle du pays.	3	2	Accord fort : codage fondé sur les documents officiels retenus pour le thème « Immigration ». Niveau de preuve : orientation cohérente étayée par plusieurs éléments.	https://www.assemblee-nationale.fr/dyn/opendata/PNREANR5L17B1609.html
medium	low_confidence	party	UDR	26	Immigration	La France devrait accueillir davantage de réfugiés lorsqu'ils fuient une guerre ou une persécution, même si cela représente un coût économique.	-2	1	Désaccord net : note conservée au titre de la ligne générale de l’UDR, sans proposition officielle directement équivalente identifiée.	https://www.assemblee-nationale.fr/dyn/opendata/PNREANR5L17B1609.html
high	strong_score_low_confidence	party	UDR	26	Immigration	La France devrait accueillir davantage de réfugiés lorsqu'ils fuient une guerre ou une persécution, même si cela représente un coût économique.	-2	1	Désaccord net : note conservée au titre de la ligne générale de l’UDR, sans proposition officielle directement équivalente identifiée.	https://www.assemblee-nationale.fr/dyn/opendata/PNREANR5L17B1609.html
medium	low_confidence	party	UDR	32	Écologie	La lutte contre le changement climatique doit rester prioritaire même lorsqu'elle réduit la croissance économique à court terme.	0	1	Position neutre, partagée ou non arrêtée : codage fondé sur les documents officiels retenus pour le thème « Écologie ». Niveau de preuve : analogie prudente, sans proposition parfaitement équivalente.	https://www.udr.fr/
medium	neutral_score_generic_justification	party	UDR	32	Écologie	La lutte contre le changement climatique doit rester prioritaire même lorsqu'elle réduit la croissance économique à court terme.	0	1	Position neutre, partagée ou non arrêtée : codage fondé sur les documents officiels retenus pour le thème « Écologie ». Niveau de preuve : analogie prudente, sans proposition parfaitement équivalente.	https://www.udr.fr/
medium	low_confidence	party	UDR	33	Écologie	Il faut accepter une hausse importante du prix des énergies fossiles pour accélérer la transition écologique.	-2	1	Désaccord net : codage fondé sur les documents officiels retenus pour le thème « Écologie ». Niveau de preuve : analogie prudente, sans proposition parfaitement équivalente.	https://www.udr.fr/
high	strong_score_low_confidence	party	UDR	33	Écologie	Il faut accepter une hausse importante du prix des énergies fossiles pour accélérer la transition écologique.	-2	1	Désaccord net : codage fondé sur les documents officiels retenus pour le thème « Écologie ». Niveau de preuve : analogie prudente, sans proposition parfaitement équivalente.	https://www.udr.fr/
medium	low_confidence	party	UDR	35	Écologie	Les politiques écologiques devraient reposer principalement sur des mécanismes de marché comme la taxe carbone plutôt que sur des interdictions.	2	1	Accord net : codage fondé sur les documents officiels retenus pour le thème « Écologie ». Niveau de preuve : analogie prudente, sans proposition parfaitement équivalente.	https://www.udr.fr/
high	strong_score_low_confidence	party	UDR	35	Écologie	Les politiques écologiques devraient reposer principalement sur des mécanismes de marché comme la taxe carbone plutôt que sur des interdictions.	2	1	Accord net : codage fondé sur les documents officiels retenus pour le thème « Écologie ». Niveau de preuve : analogie prudente, sans proposition parfaitement équivalente.	https://www.udr.fr/
medium	low_confidence	party	UDR	36	Écologie	Il est justifié d'interdire certains produits ou comportements très polluants même lorsque les consommateurs les souhaitent.	-2	1	Désaccord net : codage fondé sur les documents officiels retenus pour le thème « Écologie ». Niveau de preuve : analogie prudente, sans proposition parfaitement équivalente.	https://www.udr.fr/
high	strong_score_low_confidence	party	UDR	36	Écologie	Il est justifié d'interdire certains produits ou comportements très polluants même lorsque les consommateurs les souhaitent.	-2	1	Désaccord net : codage fondé sur les documents officiels retenus pour le thème « Écologie ». Niveau de preuve : analogie prudente, sans proposition parfaitement équivalente.	https://www.udr.fr/
medium	low_confidence	party	UDR	37	Écologie	Les pays riches devraient supporter une part prépondérante du coût de la transition écologique mondiale.	-2	1	Désaccord net : codage fondé sur les documents officiels retenus pour le thème « Écologie ». Niveau de preuve : analogie prudente, sans proposition parfaitement équivalente.	https://www.udr.fr/
high	strong_score_low_confidence	party	UDR	37	Écologie	Les pays riches devraient supporter une part prépondérante du coût de la transition écologique mondiale.	-2	1	Désaccord net : codage fondé sur les documents officiels retenus pour le thème « Écologie ». Niveau de preuve : analogie prudente, sans proposition parfaitement équivalente.	https://www.udr.fr/
medium	low_confidence	party	UDR	38	Europe	La France devrait transférer davantage de compétences à l'Union européenne afin de renforcer son poids économique et géopolitique.	-2	1	Désaccord net : codage fondé sur les documents officiels retenus pour le thème « Europe ». Niveau de preuve : analogie prudente, sans proposition parfaitement équivalente.	https://www.udr.fr/
high	strong_score_low_confidence	party	UDR	38	Europe	La France devrait transférer davantage de compétences à l'Union européenne afin de renforcer son poids économique et géopolitique.	-2	1	Désaccord net : codage fondé sur les documents officiels retenus pour le thème « Europe ». Niveau de preuve : analogie prudente, sans proposition parfaitement équivalente.	https://www.udr.fr/
medium	low_confidence	party	UDR	40	Europe	L'euro est globalement bénéfique pour la France malgré la perte de certains instruments de politique économique.	1	1	Accord modéré : codage fondé sur les documents officiels retenus pour le thème « Europe ». Niveau de preuve : analogie prudente, sans proposition parfaitement équivalente.	https://www.udr.fr/
medium	low_confidence	party	UDR	41	Europe	L'Union européenne devrait pouvoir imposer davantage de règles communes aux États membres.	-2	1	Désaccord net : codage fondé sur les documents officiels retenus pour le thème « Europe ». Niveau de preuve : analogie prudente, sans proposition parfaitement équivalente.	https://www.udr.fr/
high	strong_score_low_confidence	party	UDR	41	Europe	L'Union européenne devrait pouvoir imposer davantage de règles communes aux États membres.	-2	1	Désaccord net : codage fondé sur les documents officiels retenus pour le thème « Europe ». Niveau de preuve : analogie prudente, sans proposition parfaitement équivalente.	https://www.udr.fr/
high	justification_sign_mismatch	party	UDR	43	Fiscalité / patrimoine	Il faudrait supprimer l'IFI et ne plus taxer spécifiquement le patrimoine immobilier au-delà de la fiscalité ordinaire.	3	3	Désaccord fort : l’UDR défend explicitement la suppression de l’IFI dans ses propositions économiques, ce qui correspond directement à la première partie de la question.	https://www.udr.fr/grandforumlibertes
medium	low_confidence	party	UDR	45	Fiscalité / patrimoine	Les très grandes fortunes devraient être imposées sur leur patrimoine mondial, même lorsqu'elles quittent la France.	-2	1	Désaccord net : codage fondé sur les documents officiels retenus pour le thème « Fiscalité / patrimoine ». Niveau de preuve : analogie prudente, sans proposition parfaitement équivalente.	https://www.assemblee-nationale.fr/dyn/17/amendements/2247/CION_FIN/CF912
high	strong_score_low_confidence	party	UDR	45	Fiscalité / patrimoine	Les très grandes fortunes devraient être imposées sur leur patrimoine mondial, même lorsqu'elles quittent la France.	-2	1	Désaccord net : codage fondé sur les documents officiels retenus pour le thème « Fiscalité / patrimoine ». Niveau de preuve : analogie prudente, sans proposition parfaitement équivalente.	https://www.assemblee-nationale.fr/dyn/17/amendements/2247/CION_FIN/CF912
medium	low_confidence	party	UDR	48	Travail / chômage	Le CDI protège trop fortement les salariés déjà en poste et peut rendre plus difficile l’accès à l’emploi stable, au détriment des jeunes, chômeurs ou travailleurs en contrats précaires.	2	1	Accord net : codage fondé sur les documents officiels retenus pour le thème « Travail / chômage ». Niveau de preuve : analogie prudente, sans proposition parfaitement équivalente.	https://www.assemblee-nationale.fr/dyn/17/amendements/2247/CION_FIN/CF912
high	strong_score_low_confidence	party	UDR	48	Travail / chômage	Le CDI protège trop fortement les salariés déjà en poste et peut rendre plus difficile l’accès à l’emploi stable, au détriment des jeunes, chômeurs ou travailleurs en contrats précaires.	2	1	Accord net : codage fondé sur les documents officiels retenus pour le thème « Travail / chômage ». Niveau de preuve : analogie prudente, sans proposition parfaitement équivalente.	https://www.assemblee-nationale.fr/dyn/17/amendements/2247/CION_FIN/CF912
medium	low_confidence	party	UDR	50	Retraites	L'âge légal de départ à la retraite devrait être automatiquement indexé sur l'espérance de vie nationale.	0	1	Position de compromis : l'UDR cherche la soutenabilité des retraites notamment par la capitalisation, mais ne propose pas d'indexer automatiquement l'âge légal sur l'espérance de vie ; l'absence de position directe conduit à 0.	https://www.assemblee-nationale.fr/dyn/17/amendements/2247/CION_FIN/CF912
medium	low_confidence	party	UDR	53	État / entreprises	Une entreprise qui reçoit plusieurs milliards d'euros d'aides publiques devrait pouvoir être contrainte de limiter ses dividendes et les rémunérations de ses dirigeants tant que l'aide n'est pas remboursée.	1	1	Accord modéré : codage fondé sur les documents officiels retenus pour le thème « État / entreprises ». Niveau de preuve : analogie prudente, sans proposition parfaitement équivalente.	https://www.assemblee-nationale.fr/dyn/17/amendements/2247/CION_FIN/CF912
medium	low_confidence	party	UDR	54	État / entreprises	L'État devrait davantage utiliser son pouvoir d'actionnaire pour orienter les grandes entreprises françaises vers des objectifs industriels de long terme.	0	1	Position neutre, partagée ou non arrêtée : codage fondé sur les documents officiels retenus pour le thème « État / entreprises ». Niveau de preuve : analogie prudente, sans proposition parfaitement équivalente.	https://www.assemblee-nationale.fr/dyn/17/amendements/2247/CION_FIN/CF912
medium	neutral_score_generic_justification	party	UDR	54	État / entreprises	L'État devrait davantage utiliser son pouvoir d'actionnaire pour orienter les grandes entreprises françaises vers des objectifs industriels de long terme.	0	1	Position neutre, partagée ou non arrêtée : codage fondé sur les documents officiels retenus pour le thème « État / entreprises ». Niveau de preuve : analogie prudente, sans proposition parfaitement équivalente.	https://www.assemblee-nationale.fr/dyn/17/amendements/2247/CION_FIN/CF912
medium	low_confidence	party	UDR	58	Immigration / assimilation	La France devrait privilégier l'immigration économique qualifiée, même si cela signifie accueillir moins de personnes peu qualifiées.	1	1	Accord modéré : codage fondé sur les documents officiels retenus pour le thème « Immigration / assimilation ». Niveau de preuve : analogie prudente, sans proposition parfaitement équivalente.	https://www.assemblee-nationale.fr/dyn/opendata/PNREANR5L17B1609.html
medium	low_confidence	party	UDR	61	Immigration / assimilation	Le fait de conserver des pratiques culturelles ou religieuses très différentes de celles de la majorité française n'est pas en soi un problème tant que les lois françaises sont respectées.	-2	1	Désaccord net : codage fondé sur les documents officiels retenus pour le thème « Immigration / assimilation ». Niveau de preuve : analogie prudente, sans proposition parfaitement équivalente.	https://www.assemblee-nationale.fr/dyn/opendata/PNREANR5L17B1609.html
high	strong_score_low_confidence	party	UDR	61	Immigration / assimilation	Le fait de conserver des pratiques culturelles ou religieuses très différentes de celles de la majorité française n'est pas en soi un problème tant que les lois françaises sont respectées.	-2	1	Désaccord net : codage fondé sur les documents officiels retenus pour le thème « Immigration / assimilation ». Niveau de preuve : analogie prudente, sans proposition parfaitement équivalente.	https://www.assemblee-nationale.fr/dyn/opendata/PNREANR5L17B1609.html
medium	low_confidence	party	UDR	63	Libertés / sécurité	Pour lutter contre le terrorisme, l'État devrait pouvoir surveiller préventivement une personne considérée comme présentant un risque sérieux, même sans preuve suffisante pour engager des poursuites pénales.	2	1	Accord net : note conservée au titre de la ligne générale de l’UDR, sans proposition officielle directement équivalente identifiée.	https://www.udr.fr/
high	strong_score_low_confidence	party	UDR	63	Libertés / sécurité	Pour lutter contre le terrorisme, l'État devrait pouvoir surveiller préventivement une personne considérée comme présentant un risque sérieux, même sans preuve suffisante pour engager des poursuites pénales.	2	1	Accord net : note conservée au titre de la ligne générale de l’UDR, sans proposition officielle directement équivalente identifiée.	https://www.udr.fr/
medium	low_confidence	party	UDR	64	Libertés / expression	Une personne qui tient publiquement des propos profondément offensants mais qui n'appelle ni à la violence ni à commettre une infraction devrait être protégée par la liberté d'expression.	2	1	Accord net : codage fondé sur les documents officiels retenus pour le thème « Libertés / expression ». Niveau de preuve : analogie prudente, sans proposition parfaitement équivalente.	https://www.udr.fr/
high	strong_score_low_confidence	party	UDR	64	Libertés / expression	Une personne qui tient publiquement des propos profondément offensants mais qui n'appelle ni à la violence ni à commettre une infraction devrait être protégée par la liberté d'expression.	2	1	Accord net : codage fondé sur les documents officiels retenus pour le thème « Libertés / expression ». Niveau de preuve : analogie prudente, sans proposition parfaitement équivalente.	https://www.udr.fr/
medium	low_confidence	party	UDR	67	Écologie	Une taxe carbone qui réduit les émissions de CO₂ devrait être maintenue même si elle diminue le pouvoir d’achat des ménages modestes, à condition de compenser ces derniers par des aides ciblées.	-1	1	Réserve : codage fondé sur les documents officiels retenus pour le thème « Écologie ». Niveau de preuve : analogie prudente, sans proposition parfaitement équivalente.	https://www.udr.fr/
medium	low_confidence	party	UDR	68	Écologie	La France devrait interdire progressivement la vente de voitures thermiques même si cela augmente temporairement le prix moyen des véhicules.	-2	1	Désaccord net : codage fondé sur les documents officiels retenus pour le thème « Écologie ». Niveau de preuve : analogie prudente, sans proposition parfaitement équivalente.	https://www.udr.fr/
high	strong_score_low_confidence	party	UDR	68	Écologie	La France devrait interdire progressivement la vente de voitures thermiques même si cela augmente temporairement le prix moyen des véhicules.	-2	1	Désaccord net : codage fondé sur les documents officiels retenus pour le thème « Écologie ». Niveau de preuve : analogie prudente, sans proposition parfaitement équivalente.	https://www.udr.fr/
medium	low_confidence	party	UDR	69	Écologie	Il faut privilégier le nucléaire même si cela conduit à réduire certains investissements dans les renouvelables.	2	1	Accord net : codage fondé sur les documents officiels retenus pour le thème « Écologie ». Niveau de preuve : analogie prudente, sans proposition parfaitement équivalente.	https://www.udr.fr/
high	strong_score_low_confidence	party	UDR	69	Écologie	Il faut privilégier le nucléaire même si cela conduit à réduire certains investissements dans les renouvelables.	2	1	Accord net : codage fondé sur les documents officiels retenus pour le thème « Écologie ». Niveau de preuve : analogie prudente, sans proposition parfaitement équivalente.	https://www.udr.fr/
medium	low_confidence	party	UDR	71	Écologie / croissance	Si la France pouvait réduire ses émissions de 20 % mais que cela réduisait son PIB de 3 %, alors que les autres pays ne faisaient aucun effort comparable, il faudrait quand même le faire.	-2	1	Désaccord net : codage fondé sur les documents officiels retenus pour le thème « Écologie / croissance ». Niveau de preuve : analogie prudente, sans proposition parfaitement équivalente.	https://www.udr.fr/
high	strong_score_low_confidence	party	UDR	71	Écologie / croissance	Si la France pouvait réduire ses émissions de 20 % mais que cela réduisait son PIB de 3 %, alors que les autres pays ne faisaient aucun effort comparable, il faudrait quand même le faire.	-2	1	Désaccord net : codage fondé sur les documents officiels retenus pour le thème « Écologie / croissance ». Niveau de preuve : analogie prudente, sans proposition parfaitement équivalente.	https://www.udr.fr/
medium	low_confidence	party	UDR	72	Institutions	Pour certaines décisions économiques complexes, il serait préférable de confier davantage de pouvoir à des institutions indépendantes composées d'experts plutôt qu'aux responsables politiques élus.	-1	1	Réserve : codage fondé sur les documents officiels retenus pour le thème « Institutions ». Niveau de preuve : analogie prudente, sans proposition parfaitement équivalente.	https://www.udr.fr/
medium	low_confidence	party	UDR	73	Institutions	Un gouvernement devrait pouvoir prendre une décision économiquement nécessaire mais très impopulaire sans chercher à obtenir l'approbation immédiate de la population.	1	1	Accord modéré : codage fondé sur les documents officiels retenus pour le thème « Institutions ». Niveau de preuve : analogie prudente, sans proposition parfaitement équivalente.	https://www.udr.fr/
medium	low_confidence	party	UDR	75	Institutions	Il serait acceptable de donner davantage de poids politique aux citoyens qui démontrent un niveau élevé de connaissance du fonctionnement des institutions et de l'économie.	-2	1	Désaccord net : codage fondé sur les documents officiels retenus pour le thème « Institutions ». Niveau de preuve : analogie prudente, sans proposition parfaitement équivalente.	https://www.udr.fr/
high	strong_score_low_confidence	party	UDR	75	Institutions	Il serait acceptable de donner davantage de poids politique aux citoyens qui démontrent un niveau élevé de connaissance du fonctionnement des institutions et de l'économie.	-2	1	Désaccord net : codage fondé sur les documents officiels retenus pour le thème « Institutions ». Niveau de preuve : analogie prudente, sans proposition parfaitement équivalente.	https://www.udr.fr/
medium	low_confidence	party	UDR	76	Institutions	Le président de la République devrait disposer de davantage de pouvoirs pour pouvoir mettre en œuvre un programme pendant cinq ans sans être constamment bloqué par le Parlement.	2	1	Accord net : codage fondé sur les documents officiels retenus pour le thème « Institutions ». Niveau de preuve : analogie prudente, sans proposition parfaitement équivalente.	https://www.udr.fr/
high	strong_score_low_confidence	party	UDR	76	Institutions	Le président de la République devrait disposer de davantage de pouvoirs pour pouvoir mettre en œuvre un programme pendant cinq ans sans être constamment bloqué par le Parlement.	2	1	Accord net : codage fondé sur les documents officiels retenus pour le thème « Institutions ». Niveau de preuve : analogie prudente, sans proposition parfaitement équivalente.	https://www.udr.fr/
medium	low_confidence	party	UDR	77	Institutions	La proportionnelle intégrale serait préférable au système actuel, même si elle rendait plus fréquentes les coalitions et les gouvernements instables.	0	1	Position équilibrée ou non tranchée : l’UDR défend une démocratie directe inspirée de la Suisse, mais cela ne permet pas de déduire une position sur la proportionnelle intégrale aux législatives.	https://www.udr.fr/priorites
medium	low_confidence	party	UDR	79	Immigration / délinquance	Les différences de délinquance observées s’expliquent davantage par les inégalités sociales et économiques que par la culture d’origine des personnes concernées.	-2	1	Désaccord net : codage fondé sur les documents officiels retenus pour le thème « Immigration / délinquance ». Niveau de preuve : analogie prudente, sans proposition parfaitement équivalente.	https://www.assemblee-nationale.fr/dyn/opendata/PNREANR5L17B1609.html
high	strong_score_low_confidence	party	UDR	79	Immigration / délinquance	Les différences de délinquance observées s’expliquent davantage par les inégalités sociales et économiques que par la culture d’origine des personnes concernées.	-2	1	Désaccord net : codage fondé sur les documents officiels retenus pour le thème « Immigration / délinquance ». Niveau de preuve : analogie prudente, sans proposition parfaitement équivalente.	https://www.assemblee-nationale.fr/dyn/opendata/PNREANR5L17B1609.html
high	extreme_score_generic_justification	party	UDR	80	Écologie / agriculture	La France devrait interdire aux agriculteurs l’usage d’un produit jugé trop polluant, même si cette interdiction les désavantage face à des concurrents étrangers qui peuvent encore l’utiliser.	-3	2	Désaccord fort : codage fondé sur les documents officiels retenus pour le thème « Écologie / agriculture ». Niveau de preuve : orientation cohérente étayée par plusieurs éléments.	https://www.udr.fr/
medium	low_confidence	party	UDR	82	Santé / assurance maladie	L'Assurance maladie devrait rembourser intégralement les soins essentiels, quitte à réduire fortement le rôle des complémentaires santé.	-2	1	Désaccord net : codage fondé sur les documents officiels retenus pour le thème « Santé / assurance maladie ». Niveau de preuve : analogie prudente, sans proposition parfaitement équivalente.	https://www.udr.fr/
high	strong_score_low_confidence	party	UDR	82	Santé / assurance maladie	L'Assurance maladie devrait rembourser intégralement les soins essentiels, quitte à réduire fortement le rôle des complémentaires santé.	-2	1	Désaccord net : codage fondé sur les documents officiels retenus pour le thème « Santé / assurance maladie ». Niveau de preuve : analogie prudente, sans proposition parfaitement équivalente.	https://www.udr.fr/
medium	low_confidence	party	UDR	83	Santé / hôpital	Il faut accepter de fermer ou regrouper certaines petites maternités et certains services d'urgence afin de concentrer les équipes et les équipements dans des établissements plus importants.	0	1	Position neutre, partagée ou non arrêtée : codage fondé sur les documents officiels retenus pour le thème « Santé / hôpital ». Niveau de preuve : analogie prudente, sans proposition parfaitement équivalente.	https://www.udr.fr/
medium	neutral_score_generic_justification	party	UDR	83	Santé / hôpital	Il faut accepter de fermer ou regrouper certaines petites maternités et certains services d'urgence afin de concentrer les équipes et les équipements dans des établissements plus importants.	0	1	Position neutre, partagée ou non arrêtée : codage fondé sur les documents officiels retenus pour le thème « Santé / hôpital ». Niveau de preuve : analogie prudente, sans proposition parfaitement équivalente.	https://www.udr.fr/
medium	low_confidence	party	UDR	84	Éducation / autonomie	Les chefs d'établissement scolaire devraient pouvoir recruter eux-même une partie de leurs enseignants et peser davantage dans leur évaluation.	2	1	Accord net : codage fondé sur les documents officiels retenus pour le thème « Éducation / autonomie ». Niveau de preuve : analogie prudente, sans proposition parfaitement équivalente.	https://www.udr.fr/
high	strong_score_low_confidence	party	UDR	84	Éducation / autonomie	Les chefs d'établissement scolaire devraient pouvoir recruter eux-même une partie de leurs enseignants et peser davantage dans leur évaluation.	2	1	Accord net : codage fondé sur les documents officiels retenus pour le thème « Éducation / autonomie ». Niveau de preuve : analogie prudente, sans proposition parfaitement équivalente.	https://www.udr.fr/
medium	low_confidence	party	UDR	85	Éducation / mixité sociale	Le financement public des établissements privés sous contrat devrait être conditionné à des objectifs mesurables de mixité sociale.	-2	1	Désaccord net : codage fondé sur les documents officiels retenus pour le thème « Éducation / mixité sociale ». Niveau de preuve : analogie prudente, sans proposition parfaitement équivalente.	https://www.udr.fr/
high	strong_score_low_confidence	party	UDR	85	Éducation / mixité sociale	Le financement public des établissements privés sous contrat devrait être conditionné à des objectifs mesurables de mixité sociale.	-2	1	Désaccord net : codage fondé sur les documents officiels retenus pour le thème « Éducation / mixité sociale ». Niveau de preuve : analogie prudente, sans proposition parfaitement équivalente.	https://www.udr.fr/
medium	low_confidence	party	UDR	86	Logement / locations touristiques	Dans les zones où le logement manque, une commune devrait pouvoir interdire la location touristique régulière d'un logement qui n'est pas la résidence principale de son propriétaire.	-1	1	Réserve : codage fondé sur les documents officiels retenus pour le thème « Logement / locations touristiques ». Niveau de preuve : analogie prudente, sans proposition parfaitement équivalente.	https://www.udr.fr/
medium	neutral_score_generic_justification	party	UDR	87	Défense / Ukraine	La France devrait continuer à fournir une aide militaire et financière importante à l'Ukraine tant que son territoire reste occupé, même si la guerre se prolonge.	0	3	Position neutre, partagée ou non arrêtée : codage fondé sur les documents officiels retenus pour le thème « Défense / Ukraine ». Niveau de preuve : position ou mesure explicitement documentée.	https://www.assemblee-nationale.fr/dyn/17/scrutins/988
medium	low_confidence	party	UDR	88	Défense / dissuasion nucléaire	La dissuasion nucléaire française devrait aussi protéger les partenaires européens, tout en laissant à la France seule la décision finale de l'employer.	-2	1	Désaccord net : codage fondé sur les documents officiels retenus pour le thème « Défense / dissuasion nucléaire ». Niveau de preuve : analogie prudente, sans proposition parfaitement équivalente.	https://www.udr.fr/
high	strong_score_low_confidence	party	UDR	88	Défense / dissuasion nucléaire	La dissuasion nucléaire française devrait aussi protéger les partenaires européens, tout en laissant à la France seule la décision finale de l'employer.	-2	1	Désaccord net : codage fondé sur les documents officiels retenus pour le thème « Défense / dissuasion nucléaire ». Niveau de preuve : analogie prudente, sans proposition parfaitement équivalente.	https://www.udr.fr/
high	extreme_score_generic_justification	party	UDR	89	Santé / fin de vie	Une personne majeure atteinte d'une maladie grave et incurable provoquant des souffrances insupportables devrait pouvoir recevoir une aide médicale à mourir dans un cadre strictement contrôlé.	-3	3	Désaccord fort : codage fondé sur les documents officiels retenus pour le thème « Santé / fin de vie ». Niveau de preuve : position ou mesure explicitement documentée.	https://www.assemblee-nationale.fr/dyn/17/scrutins/2107
medium	low_confidence	party	UDR	90	Dépendance / EHPAD	Les groupes privés à but lucratif ne devraient plus pouvoir gérer d'EHPAD. Les établissements existants devraient progressivement devenir publics ou non lucratifs.	-2	1	Désaccord net : codage fondé sur les documents officiels retenus pour le thème « Dépendance / EHPAD ». Niveau de preuve : analogie prudente, sans proposition parfaitement équivalente.	https://www.udr.fr/
high	strong_score_low_confidence	party	UDR	90	Dépendance / EHPAD	Les groupes privés à but lucratif ne devraient plus pouvoir gérer d'EHPAD. Les établissements existants devraient progressivement devenir publics ou non lucratifs.	-2	1	Désaccord net : codage fondé sur les documents officiels retenus pour le thème « Dépendance / EHPAD ». Niveau de preuve : analogie prudente, sans proposition parfaitement équivalente.	https://www.udr.fr/
high	extreme_score_generic_justification	party	UDR	91	Famille / prestations	Les allocations familiales devraient être versées à toutes les familles selon le nombre d'enfants, sans diminuer lorsque les revenus augmentent.	3	3	Accord fort : codage fondé sur les documents officiels retenus pour le thème « Famille / prestations ». Niveau de preuve : position ou mesure explicitement documentée.	https://www.assemblee-nationale.fr/dyn/17/textes/l17b2750_proposition-resolution.pdf
medium	neutral_score_generic_justification	party	UDR	92	Numérique / mineurs	L'accès aux réseaux sociaux devrait être interdit aux moins de 15 ans, même avec l'accord de leurs parents.	0	3	Position neutre, partagée ou non arrêtée : codage fondé sur les documents officiels retenus pour le thème « Numérique / mineurs ». Niveau de preuve : position ou mesure explicitement documentée.	https://www.assemblee-nationale.fr/dyn/17/scrutins/8431
medium	low_confidence	party	UDR	93	Numérique / intelligence artificielle	Les administrations publiques devraient privilégier des modèles d'intelligence artificielle hébergés en Europe, même s'ils sont temporairement moins performants ou plus coûteux que leurs concurrents étrangers.	-1	1	Réserve : codage fondé sur les documents officiels retenus pour le thème « Numérique / intelligence artificielle ». Niveau de preuve : analogie prudente, sans proposition parfaitement équivalente.	https://www.udr.fr/
medium	low_confidence	party	RN	2	Économie	Les inégalités économiques sont acceptables tant qu'elles résultent principalement du travail ou de la prise de risque.	1	1	Accord modéré : estimation prudente ; aucune formulation parfaitement équivalente à la question n’a été identifiée.	https://rassemblementnational.fr/documents/202406-programme.pdf
medium	low_confidence	party	RN	6	Économie	Les entreprises privées sont généralement plus efficaces que l'État pour fournir des biens et services, même dans certains secteurs essentiels.	0	1	Position équilibrée ou non tranchée : estimation prudente ; aucune formulation parfaitement équivalente à la question n’a été identifiée.	https://rassemblementnational.fr/documents/202406-programme.pdf
medium	neutral_score_generic_justification	party	RN	6	Économie	Les entreprises privées sont généralement plus efficaces que l'État pour fournir des biens et services, même dans certains secteurs essentiels.	0	1	Position équilibrée ou non tranchée : estimation prudente ; aucune formulation parfaitement équivalente à la question n’a été identifiée.	https://rassemblementnational.fr/documents/202406-programme.pdf
medium	low_confidence	party	RN	8	Économie	La concurrence est généralement préférable à la réglementation pour améliorer les prix, la qualité et l'innovation.	0	1	Position équilibrée ou non tranchée : estimation prudente ; aucune formulation parfaitement équivalente à la question n’a été identifiée.	https://rassemblementnational.fr/documents/202406-programme.pdf
medium	neutral_score_generic_justification	party	RN	8	Économie	La concurrence est généralement préférable à la réglementation pour améliorer les prix, la qualité et l'innovation.	0	1	Position équilibrée ou non tranchée : estimation prudente ; aucune formulation parfaitement équivalente à la question n’a été identifiée.	https://rassemblementnational.fr/documents/202406-programme.pdf
medium	low_confidence	party	RN	13	État	Les citoyens devraient avoir davantage de liberté pour choisir eux-mêmes comment utiliser leur argent plutôt que de passer par des systèmes publics obligatoires.	0	1	Position équilibrée ou non tranchée : estimation prudente ; aucune formulation parfaitement équivalente à la question n’a été identifiée.	https://rassemblementnational.fr/documents/202406-programme.pdf
medium	neutral_score_generic_justification	party	RN	13	État	Les citoyens devraient avoir davantage de liberté pour choisir eux-mêmes comment utiliser leur argent plutôt que de passer par des systèmes publics obligatoires.	0	1	Position équilibrée ou non tranchée : estimation prudente ; aucune formulation parfaitement équivalente à la question n’a été identifiée.	https://rassemblementnational.fr/documents/202406-programme.pdf
medium	low_confidence	party	RN	16	Social / société	Réduire les inégalités peut parfois justifier de restreindre certaines libertés individuelles.	-2	1	Désaccord net : estimation prudente ; aucune formulation parfaitement équivalente à la question n’a été identifiée.	https://rassemblementnational.fr/livrets-thematiques
high	strong_score_low_confidence	party	RN	16	Social / société	Réduire les inégalités peut parfois justifier de restreindre certaines libertés individuelles.	-2	1	Désaccord net : estimation prudente ; aucune formulation parfaitement équivalente à la question n’a été identifiée.	https://rassemblementnational.fr/livrets-thematiques
high	extreme_score_generic_justification	party	RN	19	Social / société	Certaines traditions et valeurs culturelles méritent d'être préservées même si elles évoluent moins vite que la société.	3	2	Accord fort : codage cohérent avec la ligne programmatique générale du parti sur social / société.	https://rassemblementnational.fr/livrets-thematiques
high	extreme_score_generic_justification	party	RN	26	Immigration	La France devrait accueillir davantage de réfugiés lorsqu'ils fuient une guerre ou une persécution, même si cela représente un coût économique.	-3	2	Désaccord fort : orientation cohérente avec le document officiel retenu, sans passage isolé directement équivalent à la question.	https://rassemblementnational.fr/livrets-thematiques
high	extreme_score_generic_justification	party	RN	27	Sécurité / justice	Les peines de prison effectives devraient être plus sévères, même si cela augmente fortement la population carcérale.	3	2	Accord fort : orientation cohérente avec le document officiel retenu, sans passage isolé directement équivalent à la question.	https://rassemblementnational.fr/livrets-thematiques
medium	low_confidence	party	RN	28	Sécurité / justice	Il vaut mieux investir dans la prévention et la réinsertion que dans l'augmentation des sanctions.	-2	1	Désaccord net : Le Rassemblement national donne clairement la priorité à la sanction et à l'exécution des peines plutôt qu'à une politique centrée sur la prévention et la réinsertion, tout en ne rejetant pas totalement ces dernières. -2 reflète cette hiérarchie.	https://rassemblementnational.fr/livrets-thematiques
high	strong_score_low_confidence	party	RN	28	Sécurité / justice	Il vaut mieux investir dans la prévention et la réinsertion que dans l'augmentation des sanctions.	-2	1	Désaccord net : Le Rassemblement national donne clairement la priorité à la sanction et à l'exécution des peines plutôt qu'à une politique centrée sur la prévention et la réinsertion, tout en ne rejetant pas totalement ces dernières. -2 reflète cette hiérarchie.	https://rassemblementnational.fr/livrets-thematiques
high	extreme_score_generic_justification	party	RN	29	Sécurité / justice	La police devrait disposer de pouvoirs plus importants pour lutter contre la criminalité, quitte à accepter davantage de contrôles sur certaines libertés individuelles.	3	2	Accord fort : orientation cohérente avec le document officiel retenu, sans passage isolé directement équivalent à la question.	https://rassemblementnational.fr/livrets-thematiques
medium	neutral_score_generic_justification	party	RN	32	Écologie	La lutte contre le changement climatique doit rester prioritaire même lorsqu'elle réduit la croissance économique à court terme.	0	2	Position équilibrée ou non tranchée : orientation cohérente avec le document officiel retenu, sans passage isolé directement équivalent à la question.	https://rassemblementnational.fr/documents/202411-programme-europeennes.pdf
medium	low_confidence	party	RN	34	Economie	Une partie des cotisations sociales sur les salaires devrait être remplacée par une hausse de la TVA afin d’augmenter les salaires nets et de réduire le coût du travail, même si cela augmente le prix des biens et services consommés	-1	1	Le RN privilégie historiquement la baisse de TVA sur l’énergie et les produits essentiels et met fortement l’accent sur le pouvoir d’achat. Cela rend une hausse de TVA plutôt contraire à sa ligne, mais aucune position récente exacte sur la TVA sociale n’a été trouvée : -1.	https://rassemblementnational.fr/conferences-de-presse/pouvoir-achat-conference-de-presse-de-marine-le-pen
medium	low_confidence	party	RN	35	Écologie	Les politiques écologiques devraient reposer principalement sur des mécanismes de marché comme la taxe carbone plutôt que sur des interdictions.	1	1	Accord modéré : estimation prudente ; aucune formulation parfaitement équivalente à la question n’a été identifiée.	https://rassemblementnational.fr/documents/202411-programme-europeennes.pdf
high	extreme_score_generic_justification	party	RN	46	Travail / chômage	Un chômeur devrait pouvoir perdre une partie significative de ses allocations s'il refuse plusieurs emplois raisonnablement adaptés à ses compétences.	3	2	Accord fort : orientation cohérente avec le document officiel retenu, sans passage isolé directement équivalent à la question.	https://rassemblementnational.fr/documents/202406-programme.pdf
medium	low_confidence	party	RN	48	Travail / chômage	Le CDI protège trop fortement les salariés déjà en poste et peut rendre plus difficile l’accès à l’emploi stable, au détriment des jeunes, chômeurs ou travailleurs en contrats précaires.	-1	1	Réserve : estimation prudente ; aucune formulation parfaitement équivalente à la question n’a été identifiée.	https://rassemblementnational.fr/documents/202406-programme.pdf
medium	low_confidence	party	RN	50	Retraites	L'âge légal de départ à la retraite devrait être automatiquement indexé sur l'espérance de vie nationale.	-2	1	Désaccord net : estimation prudente ; aucune formulation parfaitement équivalente à la question n’a été identifiée.	https://rassemblementnational.fr/documents/202406-programme.pdf
high	strong_score_low_confidence	party	RN	50	Retraites	L'âge légal de départ à la retraite devrait être automatiquement indexé sur l'espérance de vie nationale.	-2	1	Désaccord net : estimation prudente ; aucune formulation parfaitement équivalente à la question n’a été identifiée.	https://rassemblementnational.fr/documents/202406-programme.pdf
medium	low_confidence	party	RN	54	État / entreprises	L'État devrait davantage utiliser son pouvoir d'actionnaire pour orienter les grandes entreprises françaises vers des objectifs industriels de long terme.	2	1	Accord net : estimation prudente ; aucune formulation parfaitement équivalente à la question n’a été identifiée.	https://rassemblementnational.fr/documents/202406-programme.pdf
high	strong_score_low_confidence	party	RN	54	État / entreprises	L'État devrait davantage utiliser son pouvoir d'actionnaire pour orienter les grandes entreprises françaises vers des objectifs industriels de long terme.	2	1	Accord net : estimation prudente ; aucune formulation parfaitement équivalente à la question n’a été identifiée.	https://rassemblementnational.fr/documents/202406-programme.pdf
high	extreme_score_generic_justification	party	RN	57	Immigration / assimilation	L'accès à certaines prestations sociales devrait être beaucoup plus limité pendant les premières années suivant l'arrivée d'un immigré.	3	2	Accord fort : orientation cohérente avec le document officiel retenu, sans passage isolé directement équivalent à la question.	https://rassemblementnational.fr/livrets-thematiques
high	extreme_score_generic_justification	party	RN	59	Immigration / assimilation	Une personne née en France de parents étrangers devrait automatiquement devenir française à sa majorité si elle y a grandi, même si elle ne manifeste pas particulièrement d'attachement à la France.	-3	2	Désaccord fort : orientation cohérente avec le document officiel retenu, sans passage isolé directement équivalent à la question.	https://rassemblementnational.fr/livrets-thematiques
high	extreme_score_generic_justification	party	RN	60	Immigration / assimilation	La France devrait pouvoir refuser l'entrée à un immigré légalement admissible lorsqu'il existe de fortes raisons de penser qu'il ne souhaite pas s'intégrer culturellement à la société française.	3	2	Accord fort : orientation cohérente avec le document officiel retenu, sans passage isolé directement équivalent à la question.	https://rassemblementnational.fr/livrets-thematiques
high	extreme_score_generic_justification	party	RN	63	Libertés / sécurité	Pour lutter contre le terrorisme, l'État devrait pouvoir surveiller préventivement une personne considérée comme présentant un risque sérieux, même sans preuve suffisante pour engager des poursuites pénales.	3	2	Accord fort : orientation cohérente avec le document officiel retenu, sans passage isolé directement équivalent à la question.	https://rassemblementnational.fr/livrets-thematiques
high	extreme_score_generic_justification	party	RN	68	Écologie	La France devrait interdire progressivement la vente de voitures thermiques même si cela augmente temporairement le prix moyen des véhicules.	-3	2	Désaccord fort : orientation cohérente avec le document officiel retenu, sans passage isolé directement équivalent à la question.	https://rassemblementnational.fr/documents/202411-programme-europeennes.pdf
high	extreme_score_generic_justification	party	RN	69	Écologie	Il faut privilégier le nucléaire même si cela conduit à réduire certains investissements dans les renouvelables.	3	2	Accord fort : orientation cohérente avec le document officiel retenu, sans passage isolé directement équivalent à la question.	https://rassemblementnational.fr/documents/202411-programme-europeennes.pdf
medium	low_confidence	party	RN	71	Écologie / croissance	Si la France pouvait réduire ses émissions de 20 % mais que cela réduisait son PIB de 3 %, alors que les autres pays ne faisaient aucun effort comparable, il faudrait quand même le faire.	-2	1	Désaccord net : estimation prudente ; aucune formulation parfaitement équivalente à la question n’a été identifiée.	https://rassemblementnational.fr/documents/202411-programme-europeennes.pdf
high	strong_score_low_confidence	party	RN	71	Écologie / croissance	Si la France pouvait réduire ses émissions de 20 % mais que cela réduisait son PIB de 3 %, alors que les autres pays ne faisaient aucun effort comparable, il faudrait quand même le faire.	-2	1	Désaccord net : estimation prudente ; aucune formulation parfaitement équivalente à la question n’a été identifiée.	https://rassemblementnational.fr/documents/202411-programme-europeennes.pdf
medium	low_confidence	party	RN	72	Institutions	Pour certaines décisions économiques complexes, il serait préférable de confier davantage de pouvoir à des institutions indépendantes composées d'experts plutôt qu'aux responsables politiques élus.	-1	1	Réserve : estimation prudente ; aucune formulation parfaitement équivalente à la question n’a été identifiée.	https://rassemblementnational.fr/documents/202406-programme.pdf
medium	low_confidence	party	RN	73	Institutions	Un gouvernement devrait pouvoir prendre une décision économiquement nécessaire mais très impopulaire sans chercher à obtenir l'approbation immédiate de la population.	0	1	Position équilibrée ou non tranchée : estimation prudente ; aucune formulation parfaitement équivalente à la question n’a été identifiée.	https://rassemblementnational.fr/documents/202406-programme.pdf
medium	neutral_score_generic_justification	party	RN	73	Institutions	Un gouvernement devrait pouvoir prendre une décision économiquement nécessaire mais très impopulaire sans chercher à obtenir l'approbation immédiate de la population.	0	1	Position équilibrée ou non tranchée : estimation prudente ; aucune formulation parfaitement équivalente à la question n’a été identifiée.	https://rassemblementnational.fr/documents/202406-programme.pdf
high	extreme_score_generic_justification	party	RN	74	Institutions	Le référendum devrait être beaucoup plus utilisé, même lorsque les citoyens votent sur des sujets dont ils maîtrisent mal les aspects techniques.	3	2	Accord fort : orientation cohérente avec le document officiel retenu, sans passage isolé directement équivalent à la question.	https://rassemblementnational.fr/documents/202406-programme.pdf
medium	low_confidence	party	RN	75	Institutions	Il serait acceptable de donner davantage de poids politique aux citoyens qui démontrent un niveau élevé de connaissance du fonctionnement des institutions et de l'économie.	-2	1	Désaccord net : estimation prudente ; aucune formulation parfaitement équivalente à la question n’a été identifiée.	https://rassemblementnational.fr/documents/202406-programme.pdf
high	strong_score_low_confidence	party	RN	75	Institutions	Il serait acceptable de donner davantage de poids politique aux citoyens qui démontrent un niveau élevé de connaissance du fonctionnement des institutions et de l'économie.	-2	1	Désaccord net : estimation prudente ; aucune formulation parfaitement équivalente à la question n’a été identifiée.	https://rassemblementnational.fr/documents/202406-programme.pdf
high	extreme_score_generic_justification	party	RN	78	Immigration / assimilation	Le droit de séjour durable en France devrait dépendre, sauf impossibilité particulière, d’efforts concrets pour apprendre le français, comprendre les règles et usages du pays et participer à la vie collective.	3	2	Accord fort : orientation cohérente avec le document officiel retenu, sans passage isolé directement équivalent à la question.	https://rassemblementnational.fr/livrets-thematiques
high	extreme_score_generic_justification	party	RN	81	Santé / accès aux soins	Dans les zones où l'accès aux soins est insuffisant, l'Assurance maladie devrait pouvoir limiter le conventionnement de nouveaux médecins dans les zones déjà bien dotées afin d'encourager leur installation dans les déserts médicaux.	-3	3	Désaccord fort : le scrutin sur la régulation du conventionnement médical fournit la position parlementaire la plus proche ; pour les formations non représentées, le codage est déduit de leur ligne sur la liberté d'installation. Niveau de preuve : preuve directe ou politique explicitement documentée.	https://www.assemblee-nationale.fr/dyn/17/scrutins/1214
medium	low_confidence	party	RN	82	Santé / assurance maladie	L'Assurance maladie devrait rembourser intégralement les soins essentiels, quitte à réduire fortement le rôle des complémentaires santé.	-1	1	Réserve : le programme de santé retenu permet d'estimer la place accordée à l'assurance publique et aux complémentaires. Niveau de preuve : estimation prudente à partir de la ligne générale.	https://rassemblementnational.fr/documents/202406-programme.pdf
medium	low_confidence	party	RN	84	Éducation / autonomie	Les chefs d'établissement scolaire devraient pouvoir recruter eux-même une partie de leurs enseignants et peser davantage dans leur évaluation.	1	1	Accord modéré : la position est estimée à partir des propositions d'autonomie des établissements, de recrutement et de gestion des enseignants. Niveau de preuve : estimation prudente à partir de la ligne générale.	https://rassemblementnational.fr/documents/202406-programme.pdf
medium	low_confidence	party	RN	85	Éducation / mixité sociale	Le financement public des établissements privés sous contrat devrait être conditionné à des objectifs mesurables de mixité sociale.	-2	1	Désaccord net : la position est estimée à partir des propositions sur l'enseignement privé, son financement et la mixité sociale. Niveau de preuve : estimation prudente à partir de la ligne générale.	https://rassemblementnational.fr/documents/202406-programme.pdf
high	strong_score_low_confidence	party	RN	85	Éducation / mixité sociale	Le financement public des établissements privés sous contrat devrait être conditionné à des objectifs mesurables de mixité sociale.	-2	1	Désaccord net : la position est estimée à partir des propositions sur l'enseignement privé, son financement et la mixité sociale. Niveau de preuve : estimation prudente à partir de la ligne générale.	https://rassemblementnational.fr/documents/202406-programme.pdf
medium	low_confidence	party	RN	86	Logement / locations touristiques	Dans les zones où le logement manque, une commune devrait pouvoir interdire la location touristique régulière d'un logement qui n'est pas la résidence principale de son propriétaire.	1	1	Accord modéré : la source retenue précise le degré de régulation souhaité pour les meublés touristiques et les pouvoirs locaux. Niveau de preuve : estimation prudente à partir de la ligne générale.	https://rassemblementnational.fr/documents/202406-programme.pdf
medium	neutral_score_generic_justification	party	RN	87	Défense / Ukraine	La France devrait continuer à fournir une aide militaire et financière importante à l'Ukraine tant que son territoire reste occupé, même si la guerre se prolonge.	0	3	Position neutre, partagée ou non arrêtée : le vote ou la politique officielle sur le soutien durable à l'Ukraine constitue l'indicateur principal. Niveau de preuve : preuve directe ou politique explicitement documentée.	https://www.assemblee-nationale.fr/dyn/17/scrutins/988
high	extreme_score_generic_justification	party	RN	88	Défense / dissuasion nucléaire	La dissuasion nucléaire française devrait aussi protéger les partenaires européens, tout en laissant à la France seule la décision finale de l'employer.	-3	3	Désaccord fort : la source retenue porte sur l'extension européenne de la dissuasion ou, pour les pays non dotés, sur la protection nucléaire alliée. Niveau de preuve : preuve directe ou politique explicitement documentée.	https://rassemblementnational.fr/communiques/la-dissuasion-engage-la-nation-elle-ne-se-delegue-pas
high	extreme_score_generic_justification	party	RN	89	Santé / fin de vie	Une personne majeure atteinte d'une maladie grave et incurable provoquant des souffrances insupportables devrait pouvoir recevoir une aide médicale à mourir dans un cadre strictement contrôlé.	-3	3	Désaccord fort : le vote, la loi ou la position gouvernementale sur l'aide à mourir fournit un équivalent direct ou très proche. Niveau de preuve : preuve directe ou politique explicitement documentée.	https://www.assemblee-nationale.fr/dyn/17/scrutins/2107
medium	low_confidence	party	RN	90	Dépendance / EHPAD	Les groupes privés à but lucratif ne devraient plus pouvoir gérer d'EHPAD. Les établissements existants devraient progressivement devenir publics ou non lucratifs.	1	1	Accord modéré : le programme social et sanitaire permet d'estimer la place laissée aux opérateurs lucratifs dans la dépendance. Niveau de preuve : estimation prudente à partir de la ligne générale.	https://rassemblementnational.fr/documents/202406-programme.pdf
high	extreme_score_generic_justification	party	RN	91	Famille / prestations	Les allocations familiales devraient être versées à toutes les familles selon le nombre d'enfants, sans diminuer lorsque les revenus augmentent.	3	3	Accord fort : le modèle de prestations familiales et la ligne programmatique permettent d'estimer la préférence pour l'universalité ou le ciblage. Niveau de preuve : preuve directe ou politique explicitement documentée.	https://rassemblementnational.fr/documents/202406-programme.pdf
medium	neutral_score_generic_justification	party	RN	92	Numérique / mineurs	L'accès aux réseaux sociaux devrait être interdit aux moins de 15 ans, même avec l'accord de leurs parents.	0	2	Position neutre, partagée ou non arrêtée : le vote ou la politique publique sur l'âge d'accès aux réseaux sociaux permet de distinguer interdiction stricte, autorisation parentale et régulation plus souple. Niveau de preuve : faisceau d’indices cohérent, sans équivalent toujours parfaitement identique.	https://www.assemblee-nationale.fr/dyn/17/scrutins/8431
high	extreme_score_generic_justification	party	Reconquête	1	Économie	Il faut réduire les impôts sur le travail et le capital, même si cela implique de réduire certaines dépenses publiques.	3	2	Accord fort : orientation cohérente avec le document officiel retenu, sans passage isolé directement équivalent à la question.	https://www.parti-reconquete.fr/
medium	low_confidence	party	Reconquête	2	Économie	Les inégalités économiques sont acceptables tant qu'elles résultent principalement du travail ou de la prise de risque.	2	1	Accord net : estimation prudente ; aucune formulation parfaitement équivalente à la question n’a été identifiée.	https://www.parti-reconquete.fr/
high	strong_score_low_confidence	party	Reconquête	2	Économie	Les inégalités économiques sont acceptables tant qu'elles résultent principalement du travail ou de la prise de risque.	2	1	Accord net : estimation prudente ; aucune formulation parfaitement équivalente à la question n’a été identifiée.	https://www.parti-reconquete.fr/
high	extreme_score_generic_justification	party	Reconquête	3	Économie	L'État devrait davantage taxer les hauts revenus et les gros patrimoines afin de réduire les inégalités.	-3	2	Désaccord fort : codage cohérent avec la ligne programmatique générale du parti sur économie.	https://www.parti-reconquete.fr/
medium	low_confidence	party	Reconquête	6	Économie	Les entreprises privées sont généralement plus efficaces que l'État pour fournir des biens et services, même dans certains secteurs essentiels.	2	1	Accord net : estimation prudente ; aucune formulation parfaitement équivalente à la question n’a été identifiée.	https://www.parti-reconquete.fr/
high	strong_score_low_confidence	party	Reconquête	6	Économie	Les entreprises privées sont généralement plus efficaces que l'État pour fournir des biens et services, même dans certains secteurs essentiels.	2	1	Accord net : estimation prudente ; aucune formulation parfaitement équivalente à la question n’a été identifiée.	https://www.parti-reconquete.fr/
medium	low_confidence	party	Reconquête	8	Économie	La concurrence est généralement préférable à la réglementation pour améliorer les prix, la qualité et l'innovation.	2	1	Accord net : estimation prudente ; aucune formulation parfaitement équivalente à la question n’a été identifiée.	https://www.parti-reconquete.fr/
high	strong_score_low_confidence	party	Reconquête	8	Économie	La concurrence est généralement préférable à la réglementation pour améliorer les prix, la qualité et l'innovation.	2	1	Accord net : estimation prudente ; aucune formulation parfaitement équivalente à la question n’a été identifiée.	https://www.parti-reconquete.fr/
high	extreme_score_generic_justification	party	Reconquête	9	État	La France dépense trop d'argent public et devrait accepter de réduire certaines politiques sociales pour revenir à l'équilibre budgétaire.	3	2	Accord fort : orientation cohérente avec le document officiel retenu, sans passage isolé directement équivalent à la question.	https://www.parti-reconquete.fr/
medium	low_confidence	party	Reconquête	13	État	Les citoyens devraient avoir davantage de liberté pour choisir eux-mêmes comment utiliser leur argent plutôt que de passer par des systèmes publics obligatoires.	2	1	Accord net : estimation prudente ; aucune formulation parfaitement équivalente à la question n’a été identifiée.	https://www.parti-reconquete.fr/
high	strong_score_low_confidence	party	Reconquête	13	État	Les citoyens devraient avoir davantage de liberté pour choisir eux-mêmes comment utiliser leur argent plutôt que de passer par des systèmes publics obligatoires.	2	1	Accord net : estimation prudente ; aucune formulation parfaitement équivalente à la question n’a été identifiée.	https://www.parti-reconquete.fr/
medium	low_confidence	party	Reconquête	15	Démocratie	Un gouvernement devrait pouvoir faire adopter le budget sans vote de l’Assemblée nationale lorsqu’aucune majorité stable ne se dégage, afin d’éviter un blocage institutionnel.	0	1	Des prises de position locales critiquent la banalisation du 49.3, tandis que d’autres valorisent les mécanismes de stabilité de la Ve République. Pas de doctrine nationale suffisamment précise : 0, confiance 1.	https://fede26.parti-reconquete.fr/article/l-analyse-economique-de-r-drome-episode-2
medium	low_confidence	party	Reconquête	16	Social / société	Réduire les inégalités peut parfois justifier de restreindre certaines libertés individuelles.	-2	1	Désaccord net : estimation prudente ; aucune formulation parfaitement équivalente à la question n’a été identifiée.	https://www.parti-reconquete.fr/
high	strong_score_low_confidence	party	Reconquête	16	Social / société	Réduire les inégalités peut parfois justifier de restreindre certaines libertés individuelles.	-2	1	Désaccord net : estimation prudente ; aucune formulation parfaitement équivalente à la question n’a été identifiée.	https://www.parti-reconquete.fr/
high	extreme_score_generic_justification	party	Reconquête	19	Social / société	Certaines traditions et valeurs culturelles méritent d'être préservées même si elles évoluent moins vite que la société.	3	3	Accord fort : codage cohérent avec la ligne programmatique générale du parti sur social / société.	https://www.parti-reconquete.fr/
high	extreme_score_generic_justification	party	Reconquête	20	Immigration	La France devrait réduire le nombre d'immigrants qu'elle accueille chaque année.	3	2	Accord fort : orientation cohérente avec le document officiel retenu, sans passage isolé directement équivalent à la question.	https://www.parti-reconquete.fr/
high	extreme_score_generic_justification	party	Reconquête	23	Immigration	L'accès à la nationalité française devrait être rendu plus exigeant.	3	3	Accord fort : codage cohérent avec la ligne programmatique générale du parti sur immigration.	https://www.parti-reconquete.fr/
high	extreme_score_generic_justification	party	Reconquête	24	Immigration	La France devrait être beaucoup plus stricte concernant l'expulsion des étrangers condamnés pour des crimes graves.	3	2	Accord fort : orientation cohérente avec le document officiel retenu, sans passage isolé directement équivalent à la question.	https://www.parti-reconquete.fr/
high	extreme_score_generic_justification	party	Reconquête	25	Immigration	Même lorsque l'immigration est économiquement bénéfique, elle peut être légitimement limitée pour préserver la cohésion culturelle du pays.	3	3	Accord fort : codage cohérent avec la ligne programmatique générale du parti sur immigration.	https://www.parti-reconquete.fr/
high	extreme_score_generic_justification	party	Reconquête	26	Immigration	La France devrait accueillir davantage de réfugiés lorsqu'ils fuient une guerre ou une persécution, même si cela représente un coût économique.	-3	2	Désaccord fort : codage cohérent avec la ligne programmatique générale du parti sur immigration.	https://www.parti-reconquete.fr/
high	extreme_score_generic_justification	party	Reconquête	27	Sécurité / justice	Les peines de prison effectives devraient être plus sévères, même si cela augmente fortement la population carcérale.	3	2	Accord fort : codage cohérent avec la ligne programmatique générale du parti sur sécurité / justice.	https://www.parti-reconquete.fr/
high	extreme_score_generic_justification	party	Reconquête	29	Sécurité / justice	La police devrait disposer de pouvoirs plus importants pour lutter contre la criminalité, quitte à accepter davantage de contrôles sur certaines libertés individuelles.	3	2	Accord fort : orientation cohérente avec le document officiel retenu, sans passage isolé directement équivalent à la question.	https://www.parti-reconquete.fr/
medium	neutral_score_generic_justification	party	Reconquête	32	Écologie	La lutte contre le changement climatique doit rester prioritaire même lorsqu'elle réduit la croissance économique à court terme.	0	2	Position équilibrée ou non tranchée : orientation cohérente avec le document officiel retenu, sans passage isolé directement équivalent à la question.	https://www.parti-reconquete.fr/
medium	low_confidence	party	Reconquête	34	Economie	Une partie des cotisations sociales sur les salaires devrait être remplacée par une hausse de la TVA afin d’augmenter les salaires nets et de réduire le coût du travail, même si cela augmente le prix des biens et services consommés	0	1	Reconquête défend une baisse du coût du travail et des prélèvements, mais aucune proposition suffisamment précise de transfert vers la TVA n’a été retrouvée. Score neutre par prudence.	https://www.parti-reconquete.fr/
medium	low_confidence	party	Reconquête	35	Écologie	Les politiques écologiques devraient reposer principalement sur des mécanismes de marché comme la taxe carbone plutôt que sur des interdictions.	2	1	Accord net : estimation prudente ; aucune formulation parfaitement équivalente à la question n’a été identifiée.	https://www.parti-reconquete.fr/
high	strong_score_low_confidence	party	Reconquête	35	Écologie	Les politiques écologiques devraient reposer principalement sur des mécanismes de marché comme la taxe carbone plutôt que sur des interdictions.	2	1	Accord net : estimation prudente ; aucune formulation parfaitement équivalente à la question n’a été identifiée.	https://www.parti-reconquete.fr/
medium	low_confidence	party	Reconquête	37	Écologie	Les pays riches devraient supporter une part prépondérante du coût de la transition écologique mondiale.	-2	1	Désaccord net : estimation prudente ; aucune formulation parfaitement équivalente à la question n’a été identifiée.	https://www.parti-reconquete.fr/
high	strong_score_low_confidence	party	Reconquête	37	Écologie	Les pays riches devraient supporter une part prépondérante du coût de la transition écologique mondiale.	-2	1	Désaccord net : estimation prudente ; aucune formulation parfaitement équivalente à la question n’a été identifiée.	https://www.parti-reconquete.fr/
high	extreme_score_generic_justification	party	Reconquête	39	Europe	La France devrait conserver autant que possible sa souveraineté nationale, même si cela réduit son influence au niveau européen.	3	2	Accord fort : codage cohérent avec la ligne programmatique générale du parti sur europe.	https://www.parti-reconquete.fr/
high	extreme_score_generic_justification	party	Reconquête	42	Europe	En cas de conflit entre les intérêts économiques français et les règles européennes, la France devrait pouvoir désobéir à certaines règles européennes.	3	2	Accord fort : codage cohérent avec la ligne programmatique générale du parti sur europe.	https://www.parti-reconquete.fr/
high	extreme_score_generic_justification	party	Reconquête	44	Fiscalité / patrimoine	L'héritage devrait être davantage taxé au-delà d'un certain seuil de patrimoine transmis, même si cela conduit certaines familles à transmettre moins de patrimoine à leurs enfants.	-3	2	Désaccord fort : codage cohérent avec la ligne programmatique générale du parti sur fiscalité / patrimoine.	https://www.parti-reconquete.fr/
medium	low_confidence	party	Reconquête	47	Outre-mer / vie chère	L’État devrait garantir que les produits essentiels ne coûtent pas beaucoup plus cher dans les DOM/TOM que dans l’Hexagone, quitte à subventionner durablement leur transport ou leur prix avec l’argent public national.	0	1	Aucune position suffisamment précise de Reconquête n’a été identifiée sur une compensation nationale durable des surcoûts de fret ou de prix ultramarins ; position laissée neutre.	https://www.parti-reconquete.fr/
medium	low_confidence	party	Reconquête	48	Travail / chômage	Le CDI protège trop fortement les salariés déjà en poste et peut rendre plus difficile l’accès à l’emploi stable, au détriment des jeunes, chômeurs ou travailleurs en contrats précaires.	2	1	Accord net : estimation prudente ; aucune formulation parfaitement équivalente à la question n’a été identifiée.	https://www.parti-reconquete.fr/
high	strong_score_low_confidence	party	Reconquête	48	Travail / chômage	Le CDI protège trop fortement les salariés déjà en poste et peut rendre plus difficile l’accès à l’emploi stable, au détriment des jeunes, chômeurs ou travailleurs en contrats précaires.	2	1	Accord net : estimation prudente ; aucune formulation parfaitement équivalente à la question n’a été identifiée.	https://www.parti-reconquete.fr/
medium	neutral_score_generic_justification	party	Reconquête	53	État / entreprises	Une entreprise qui reçoit plusieurs milliards d'euros d'aides publiques devrait pouvoir être contrainte de limiter ses dividendes et les rémunérations de ses dirigeants tant que l'aide n'est pas remboursée.	0	2	Position équilibrée ou non tranchée : codage cohérent avec la ligne programmatique générale du parti sur état / entreprises.	https://www.parti-reconquete.fr/
medium	low_confidence	party	Reconquête	54	État / entreprises	L'État devrait davantage utiliser son pouvoir d'actionnaire pour orienter les grandes entreprises françaises vers des objectifs industriels de long terme.	0	1	Position équilibrée ou non tranchée : estimation prudente ; aucune formulation parfaitement équivalente à la question n’a été identifiée.	https://www.parti-reconquete.fr/
medium	neutral_score_generic_justification	party	Reconquête	54	État / entreprises	L'État devrait davantage utiliser son pouvoir d'actionnaire pour orienter les grandes entreprises françaises vers des objectifs industriels de long terme.	0	1	Position équilibrée ou non tranchée : estimation prudente ; aucune formulation parfaitement équivalente à la question n’a été identifiée.	https://www.parti-reconquete.fr/
high	extreme_score_generic_justification	party	Reconquête	55	État / entreprises	Il faudrait réduire fortement les normes administratives pesant sur les entreprises, même si certaines protections environnementales ou sociales deviennent moins strictes.	3	2	Accord fort : orientation cohérente avec le document officiel retenu, sans passage isolé directement équivalent à la question.	https://www.parti-reconquete.fr/
high	extreme_score_generic_justification	party	Reconquête	57	Immigration / assimilation	L'accès à certaines prestations sociales devrait être beaucoup plus limité pendant les premières années suivant l'arrivée d'un immigré.	3	2	Accord fort : codage cohérent avec la ligne programmatique générale du parti sur immigration / assimilation.	https://www.parti-reconquete.fr/
medium	low_confidence	party	Reconquête	58	Immigration / assimilation	La France devrait privilégier l'immigration économique qualifiée, même si cela signifie accueillir moins de personnes peu qualifiées.	2	1	Accord net : estimation prudente ; aucune formulation parfaitement équivalente à la question n’a été identifiée.	https://www.parti-reconquete.fr/
high	strong_score_low_confidence	party	Reconquête	58	Immigration / assimilation	La France devrait privilégier l'immigration économique qualifiée, même si cela signifie accueillir moins de personnes peu qualifiées.	2	1	Accord net : estimation prudente ; aucune formulation parfaitement équivalente à la question n’a été identifiée.	https://www.parti-reconquete.fr/
high	extreme_score_generic_justification	party	Reconquête	59	Immigration / assimilation	Une personne née en France de parents étrangers devrait automatiquement devenir française à sa majorité si elle y a grandi, même si elle ne manifeste pas particulièrement d'attachement à la France.	-3	2	Désaccord fort : codage cohérent avec la ligne programmatique générale du parti sur immigration / assimilation.	https://www.parti-reconquete.fr/
high	extreme_score_generic_justification	party	Reconquête	60	Immigration / assimilation	La France devrait pouvoir refuser l'entrée à un immigré légalement admissible lorsqu'il existe de fortes raisons de penser qu'il ne souhaite pas s'intégrer culturellement à la société française.	3	2	Accord fort : codage cohérent avec la ligne programmatique générale du parti sur immigration / assimilation.	https://www.parti-reconquete.fr/
high	extreme_score_generic_justification	party	Reconquête	63	Libertés / sécurité	Pour lutter contre le terrorisme, l'État devrait pouvoir surveiller préventivement une personne considérée comme présentant un risque sérieux, même sans preuve suffisante pour engager des poursuites pénales.	3	2	Accord fort : orientation cohérente avec le document officiel retenu, sans passage isolé directement équivalent à la question.	https://www.parti-reconquete.fr/
medium	low_confidence	party	Reconquête	64	Libertés / expression	Une personne qui tient publiquement des propos profondément offensants mais qui n'appelle ni à la violence ni à commettre une infraction devrait être protégée par la liberté d'expression.	3	1	Accord fort : estimation prudente ; aucune formulation parfaitement équivalente à la question n’a été identifiée.	https://www.parti-reconquete.fr/
high	extreme_score_generic_justification	party	Reconquête	64	Libertés / expression	Une personne qui tient publiquement des propos profondément offensants mais qui n'appelle ni à la violence ni à commettre une infraction devrait être protégée par la liberté d'expression.	3	1	Accord fort : estimation prudente ; aucune formulation parfaitement équivalente à la question n’a été identifiée.	https://www.parti-reconquete.fr/
high	strong_score_low_confidence	party	Reconquête	64	Libertés / expression	Une personne qui tient publiquement des propos profondément offensants mais qui n'appelle ni à la violence ni à commettre une infraction devrait être protégée par la liberté d'expression.	3	1	Accord fort : estimation prudente ; aucune formulation parfaitement équivalente à la question n’a été identifiée.	https://www.parti-reconquete.fr/
high	extreme_score_generic_justification	party	Reconquête	68	Écologie	La France devrait interdire progressivement la vente de voitures thermiques même si cela augmente temporairement le prix moyen des véhicules.	-3	2	Désaccord fort : codage cohérent avec la ligne programmatique générale du parti sur écologie.	https://www.parti-reconquete.fr/
high	extreme_score_generic_justification	party	Reconquête	69	Écologie	Il faut privilégier le nucléaire même si cela conduit à réduire certains investissements dans les renouvelables.	3	2	Accord fort : codage cohérent avec la ligne programmatique générale du parti sur écologie.	https://www.parti-reconquete.fr/
medium	low_confidence	party	Reconquête	71	Écologie / croissance	Si la France pouvait réduire ses émissions de 20 % mais que cela réduisait son PIB de 3 %, alors que les autres pays ne faisaient aucun effort comparable, il faudrait quand même le faire.	-2	1	Désaccord net : estimation prudente ; aucune formulation parfaitement équivalente à la question n’a été identifiée.	https://www.parti-reconquete.fr/
high	strong_score_low_confidence	party	Reconquête	71	Écologie / croissance	Si la France pouvait réduire ses émissions de 20 % mais que cela réduisait son PIB de 3 %, alors que les autres pays ne faisaient aucun effort comparable, il faudrait quand même le faire.	-2	1	Désaccord net : estimation prudente ; aucune formulation parfaitement équivalente à la question n’a été identifiée.	https://www.parti-reconquete.fr/
medium	low_confidence	party	Reconquête	72	Institutions	Pour certaines décisions économiques complexes, il serait préférable de confier davantage de pouvoir à des institutions indépendantes composées d'experts plutôt qu'aux responsables politiques élus.	-1	1	Réserve : estimation prudente ; aucune formulation parfaitement équivalente à la question n’a été identifiée.	https://www.parti-reconquete.fr/
medium	low_confidence	party	Reconquête	73	Institutions	Un gouvernement devrait pouvoir prendre une décision économiquement nécessaire mais très impopulaire sans chercher à obtenir l'approbation immédiate de la population.	1	1	Accord modéré : estimation prudente ; aucune formulation parfaitement équivalente à la question n’a été identifiée.	https://www.parti-reconquete.fr/
high	extreme_score_generic_justification	party	Reconquête	74	Institutions	Le référendum devrait être beaucoup plus utilisé, même lorsque les citoyens votent sur des sujets dont ils maîtrisent mal les aspects techniques.	3	2	Accord fort : codage cohérent avec la ligne programmatique générale du parti sur institutions.	https://www.parti-reconquete.fr/
medium	low_confidence	party	Reconquête	75	Institutions	Il serait acceptable de donner davantage de poids politique aux citoyens qui démontrent un niveau élevé de connaissance du fonctionnement des institutions et de l'économie.	-2	1	Désaccord net : estimation prudente ; aucune formulation parfaitement équivalente à la question n’a été identifiée.	https://www.parti-reconquete.fr/
high	strong_score_low_confidence	party	Reconquête	75	Institutions	Il serait acceptable de donner davantage de poids politique aux citoyens qui démontrent un niveau élevé de connaissance du fonctionnement des institutions et de l'économie.	-2	1	Désaccord net : estimation prudente ; aucune formulation parfaitement équivalente à la question n’a été identifiée.	https://www.parti-reconquete.fr/
medium	low_confidence	party	Reconquête	76	Institutions	Le président de la République devrait disposer de davantage de pouvoirs pour pouvoir mettre en œuvre un programme pendant cinq ans sans être constamment bloqué par le Parlement.	2	1	Accord net : estimation prudente ; aucune formulation parfaitement équivalente à la question n’a été identifiée.	https://www.parti-reconquete.fr/
high	strong_score_low_confidence	party	Reconquête	76	Institutions	Le président de la République devrait disposer de davantage de pouvoirs pour pouvoir mettre en œuvre un programme pendant cinq ans sans être constamment bloqué par le Parlement.	2	1	Accord net : estimation prudente ; aucune formulation parfaitement équivalente à la question n’a été identifiée.	https://www.parti-reconquete.fr/
high	extreme_score_generic_justification	party	Reconquête	78	Immigration / assimilation	Le droit de séjour durable en France devrait dépendre, sauf impossibilité particulière, d’efforts concrets pour apprendre le français, comprendre les règles et usages du pays et participer à la vie collective.	3	2	Accord fort : orientation cohérente avec le document officiel retenu, sans passage isolé directement équivalent à la question.	https://www.parti-reconquete.fr/
high	extreme_score_generic_justification	party	Reconquête	79	Immigration / délinquance	Les différences de délinquance observées s’expliquent davantage par les inégalités sociales et économiques que par la culture d’origine des personnes concernées.	-3	2	Désaccord fort : codage cohérent avec la ligne programmatique générale du parti sur immigration / délinquance.	https://www.parti-reconquete.fr/
medium	low_confidence	party	Reconquête	81	Santé / accès aux soins	Dans les zones où l'accès aux soins est insuffisant, l'Assurance maladie devrait pouvoir limiter le conventionnement de nouveaux médecins dans les zones déjà bien dotées afin d'encourager leur installation dans les déserts médicaux.	-2	1	Désaccord net : le scrutin sur la régulation du conventionnement médical fournit la position parlementaire la plus proche ; pour les formations non représentées, le codage est déduit de leur ligne sur la liberté d'installation. Niveau de preuve : estimation prudente à partir de la ligne générale.	https://www.parti-reconquete.fr/
high	strong_score_low_confidence	party	Reconquête	81	Santé / accès aux soins	Dans les zones où l'accès aux soins est insuffisant, l'Assurance maladie devrait pouvoir limiter le conventionnement de nouveaux médecins dans les zones déjà bien dotées afin d'encourager leur installation dans les déserts médicaux.	-2	1	Désaccord net : le scrutin sur la régulation du conventionnement médical fournit la position parlementaire la plus proche ; pour les formations non représentées, le codage est déduit de leur ligne sur la liberté d'installation. Niveau de preuve : estimation prudente à partir de la ligne générale.	https://www.parti-reconquete.fr/
medium	low_confidence	party	Reconquête	82	Santé / assurance maladie	L'Assurance maladie devrait rembourser intégralement les soins essentiels, quitte à réduire fortement le rôle des complémentaires santé.	-2	1	Désaccord net : le programme de santé retenu permet d'estimer la place accordée à l'assurance publique et aux complémentaires. Niveau de preuve : estimation prudente à partir de la ligne générale.	https://www.parti-reconquete.fr/
high	strong_score_low_confidence	party	Reconquête	82	Santé / assurance maladie	L'Assurance maladie devrait rembourser intégralement les soins essentiels, quitte à réduire fortement le rôle des complémentaires santé.	-2	1	Désaccord net : le programme de santé retenu permet d'estimer la place accordée à l'assurance publique et aux complémentaires. Niveau de preuve : estimation prudente à partir de la ligne générale.	https://www.parti-reconquete.fr/
medium	low_confidence	party	Reconquête	83	Santé / hôpital	Il faut accepter de fermer ou regrouper certaines petites maternités et certains services d'urgence afin de concentrer les équipes et les équipements dans des établissements plus importants.	-1	1	Réserve : le document retenu permet d'arbitrer entre maintien de la proximité hospitalière et concentration des moyens. Niveau de preuve : estimation prudente à partir de la ligne générale.	https://www.parti-reconquete.fr/
medium	low_confidence	party	Reconquête	84	Éducation / autonomie	Les chefs d'établissement scolaire devraient pouvoir recruter eux-même une partie de leurs enseignants et peser davantage dans leur évaluation.	2	1	Accord net : la position est estimée à partir des propositions d'autonomie des établissements, de recrutement et de gestion des enseignants. Niveau de preuve : estimation prudente à partir de la ligne générale.	https://www.parti-reconquete.fr/
high	strong_score_low_confidence	party	Reconquête	84	Éducation / autonomie	Les chefs d'établissement scolaire devraient pouvoir recruter eux-même une partie de leurs enseignants et peser davantage dans leur évaluation.	2	1	Accord net : la position est estimée à partir des propositions d'autonomie des établissements, de recrutement et de gestion des enseignants. Niveau de preuve : estimation prudente à partir de la ligne générale.	https://www.parti-reconquete.fr/
medium	low_confidence	party	Reconquête	85	Éducation / mixité sociale	Le financement public des établissements privés sous contrat devrait être conditionné à des objectifs mesurables de mixité sociale.	-2	1	Désaccord net : la position est estimée à partir des propositions sur l'enseignement privé, son financement et la mixité sociale. Niveau de preuve : estimation prudente à partir de la ligne générale.	https://www.parti-reconquete.fr/
high	strong_score_low_confidence	party	Reconquête	85	Éducation / mixité sociale	Le financement public des établissements privés sous contrat devrait être conditionné à des objectifs mesurables de mixité sociale.	-2	1	Désaccord net : la position est estimée à partir des propositions sur l'enseignement privé, son financement et la mixité sociale. Niveau de preuve : estimation prudente à partir de la ligne générale.	https://www.parti-reconquete.fr/
medium	low_confidence	party	Reconquête	86	Logement / locations touristiques	Dans les zones où le logement manque, une commune devrait pouvoir interdire la location touristique régulière d'un logement qui n'est pas la résidence principale de son propriétaire.	-2	1	Désaccord net : la source retenue précise le degré de régulation souhaité pour les meublés touristiques et les pouvoirs locaux. Niveau de preuve : estimation prudente à partir de la ligne générale.	https://www.parti-reconquete.fr/
high	strong_score_low_confidence	party	Reconquête	86	Logement / locations touristiques	Dans les zones où le logement manque, une commune devrait pouvoir interdire la location touristique régulière d'un logement qui n'est pas la résidence principale de son propriétaire.	-2	1	Désaccord net : la source retenue précise le degré de régulation souhaité pour les meublés touristiques et les pouvoirs locaux. Niveau de preuve : estimation prudente à partir de la ligne générale.	https://www.parti-reconquete.fr/
medium	low_confidence	party	Reconquête	87	Défense / Ukraine	La France devrait continuer à fournir une aide militaire et financière importante à l'Ukraine tant que son territoire reste occupé, même si la guerre se prolonge.	-1	1	Réserve : le vote ou la politique officielle sur le soutien durable à l'Ukraine constitue l'indicateur principal. Niveau de preuve : estimation prudente à partir de la ligne générale.	https://www.parti-reconquete.fr/
high	extreme_score_generic_justification	party	Reconquête	88	Défense / dissuasion nucléaire	La dissuasion nucléaire française devrait aussi protéger les partenaires européens, tout en laissant à la France seule la décision finale de l'employer.	-3	2	Désaccord fort : la source retenue porte sur l'extension européenne de la dissuasion ou, pour les pays non dotés, sur la protection nucléaire alliée. Niveau de preuve : faisceau d’indices cohérent, sans équivalent toujours parfaitement identique.	https://www.parti-reconquete.fr/
high	extreme_score_generic_justification	party	Reconquête	89	Santé / fin de vie	Une personne majeure atteinte d'une maladie grave et incurable provoquant des souffrances insupportables devrait pouvoir recevoir une aide médicale à mourir dans un cadre strictement contrôlé.	-3	2	Désaccord fort : le vote, la loi ou la position gouvernementale sur l'aide à mourir fournit un équivalent direct ou très proche. Niveau de preuve : faisceau d’indices cohérent, sans équivalent toujours parfaitement identique.	https://www.parti-reconquete.fr/
medium	low_confidence	party	Reconquête	90	Dépendance / EHPAD	Les groupes privés à but lucratif ne devraient plus pouvoir gérer d'EHPAD. Les établissements existants devraient progressivement devenir publics ou non lucratifs.	-2	1	Désaccord net : le programme social et sanitaire permet d'estimer la place laissée aux opérateurs lucratifs dans la dépendance. Niveau de preuve : estimation prudente à partir de la ligne générale.	https://www.parti-reconquete.fr/
high	strong_score_low_confidence	party	Reconquête	90	Dépendance / EHPAD	Les groupes privés à but lucratif ne devraient plus pouvoir gérer d'EHPAD. Les établissements existants devraient progressivement devenir publics ou non lucratifs.	-2	1	Désaccord net : le programme social et sanitaire permet d'estimer la place laissée aux opérateurs lucratifs dans la dépendance. Niveau de preuve : estimation prudente à partir de la ligne générale.	https://www.parti-reconquete.fr/
medium	low_confidence	party	Reconquête	92	Numérique / mineurs	L'accès aux réseaux sociaux devrait être interdit aux moins de 15 ans, même avec l'accord de leurs parents.	0	1	Position neutre, partagée ou non arrêtée : le vote ou la politique publique sur l'âge d'accès aux réseaux sociaux permet de distinguer interdiction stricte, autorisation parentale et régulation plus souple. Niveau de preuve : estimation prudente à partir de la ligne générale.	https://www.parti-reconquete.fr/
medium	neutral_score_generic_justification	party	Reconquête	92	Numérique / mineurs	L'accès aux réseaux sociaux devrait être interdit aux moins de 15 ans, même avec l'accord de leurs parents.	0	1	Position neutre, partagée ou non arrêtée : le vote ou la politique publique sur l'âge d'accès aux réseaux sociaux permet de distinguer interdiction stricte, autorisation parentale et régulation plus souple. Niveau de preuve : estimation prudente à partir de la ligne générale.	https://www.parti-reconquete.fr/
medium	low_confidence	government	Allemagne	16	Social / société	Réduire les inégalités peut parfois justifier de restreindre certaines libertés individuelles.	-1	1	Réserve : La coalition est socialement modérée : protection des libertés et lutte contre les discriminations, avec une place maintenue pour les traditions. Comparabilité limitée ou position peu explicite.	https://www.bundesregierung.de/breg-de/aktuelles/koalitionsvertrag-2025-2340970
medium	low_confidence	government	Allemagne	34	Economie	Une partie des cotisations sociales sur les salaires devrait être remplacée par une hausse de la TVA afin d’augmenter les salaires nets et de réduire le coût du travail, même si cela augmente le prix des biens et services consommés	1	1	Le gouvernement Merz veut réduire à terme le poids des cotisations sociales et alléger le travail, mais aucune bascule explicite vers une hausse de TVA n’est établie. Tendance +1, confiance 1.	https://www.bundesregierung.de/breg-de/aktuelles/koalitionsvertrag-2025-2340970
medium	neutral_score_generic_justification	government	Allemagne	36	Écologie	Il est justifié d'interdire certains produits ou comportements très polluants même lorsque les consommateurs les souhaitent.	0	2	Position de compromis : La transition climatique est poursuivie avec une priorité donnée au coût, à la compétitivité et aux mécanismes de marché. Transposition ou inférence prudente.	https://www.bundesregierung.de/breg-de/aktuelles/koalitionsvertrag-2025-2340970
medium	low_confidence	government	Allemagne	44	Fiscalité / patrimoine	L'héritage devrait être davantage taxé au-delà d'un certain seuil de patrimoine transmis, même si cela conduit certaines familles à transmettre moins de patrimoine à leurs enfants.	-1	1	Réserve : L’accord CDU/CSU–SPD combine compétitivité, allègement administratif, investissement public et maintien de l’État social. Comparabilité limitée ou position peu explicite.	https://www.bundesregierung.de/breg-de/aktuelles/koalitionsvertrag-2025-2340970
medium	low_confidence	government	Allemagne	45	Fiscalité / patrimoine	Les très grandes fortunes devraient être imposées sur leur patrimoine mondial, même lorsqu'elles quittent la France.	-1	1	Réserve : L’accord CDU/CSU–SPD combine compétitivité, allègement administratif, investissement public et maintien de l’État social. Comparabilité limitée ou position peu explicite.	https://www.bundesregierung.de/breg-de/aktuelles/koalitionsvertrag-2025-2340970
medium	low_confidence	government	Allemagne	75	Institutions	Il serait acceptable de donner davantage de poids politique aux citoyens qui démontrent un niveau élevé de connaissance du fonctionnement des institutions et de l'économie.	-1	1	Réserve : Le système parlementaire et fédéral allemand privilégie les coalitions, les contre-pouvoirs et l’expertise. Comparabilité limitée ou position peu explicite.	https://www.bundesregierung.de/breg-en/federal-cabinet
medium	low_confidence	government	Allemagne	76	Institutions	Le président de la République devrait disposer de davantage de pouvoirs pour pouvoir mettre en œuvre un programme pendant cinq ans sans être constamment bloqué par le Parlement.	-1	1	Réserve : Le système parlementaire et fédéral allemand privilégie les coalitions, les contre-pouvoirs et l’expertise. Comparabilité limitée ou position peu explicite.	https://www.bundesregierung.de/breg-en/federal-cabinet
medium	low_confidence	government	Allemagne	79	Immigration / délinquance	Les différences de délinquance observées s’expliquent davantage par les inégalités sociales et économiques que par la culture d’origine des personnes concernées.	1	1	Accord modéré : Le gouvernement veut réduire l’immigration irrégulière tout en facilitant l’immigration qualifiée et l’intégration. Comparabilité limitée ou position peu explicite.	https://www.bundesregierung.de/breg-de/aktuelles/koalitionsvertrag-2025-2340970
high	extreme_score_generic_justification	government	Allemagne	81	Santé / accès aux soins	Dans les zones où l'accès aux soins est insuffisant, l'Assurance maladie devrait pouvoir limiter le conventionnement de nouveaux médecins dans les zones déjà bien dotées afin d'encourager leur installation dans les déserts médicaux.	3	3	Accord fort : le scrutin sur la régulation du conventionnement médical fournit la position parlementaire la plus proche ; pour les formations non représentées, le codage est déduit de leur ligne sur la liberté d'installation. Niveau de preuve : preuve directe ou politique explicitement documentée.	https://www.bundesgesundheitsministerium.de/fileadmin/Dateien/5_Publikationen/Ministerium/Berichte/Stand_und_Weiterentwicklung_der_gesetzlichen_Regelungen_zu_MVZ.pdf
medium	low_confidence	government	Allemagne	85	Éducation / mixité sociale	Le financement public des établissements privés sous contrat devrait être conditionné à des objectifs mesurables de mixité sociale.	1	1	Accord modéré : les écoles privées reconnues ne doivent pas favoriser une séparation des élèves selon la fortune des parents ; le principe va dans le sens de la mixité, sans constituer un objectif chiffré directement conditionnant le financement public.	https://www.bundesregierung.de/breg-de/aktuelles/koalitionsvertrag-2025-2340970
high	extreme_score_generic_justification	government	Allemagne	87	Défense / Ukraine	La France devrait continuer à fournir une aide militaire et financière importante à l'Ukraine tant que son territoire reste occupé, même si la guerre se prolonge.	3	3	Accord fort : le vote ou la politique officielle sur le soutien durable à l'Ukraine constitue l'indicateur principal. Niveau de preuve : preuve directe ou politique explicitement documentée.	https://www.bundesregierung.de/breg-de/aktuelles/rede-kanzler-deutsch-ukrainisches-wirtschaftsforum-2399660
high	extreme_score_generic_justification	government	Allemagne	91	Famille / prestations	Les allocations familiales devraient être versées à toutes les familles selon le nombre d'enfants, sans diminuer lorsque les revenus augmentent.	3	3	Accord fort : le modèle de prestations familiales et la ligne programmatique permettent d'estimer la préférence pour l'universalité ou le ciblage. Niveau de preuve : preuve directe ou politique explicitement documentée.	https://www.bundesregierung.de/breg-de/aktuelles/koalitionsvertrag-2025-2340970
medium	low_confidence	government	Espagne	16	Social / société	Réduire les inégalités peut parfois justifier de restreindre certaines libertés individuelles.	0	1	Position de compromis : Le gouvernement est progressiste sur l’égalité, les modes de vie et la lutte contre les discriminations. Comparabilité limitée ou position peu explicite.	https://www.lamoncloa.gob.es/Documents/2025/appendix-II-map-of-commitments-december.pdf
medium	neutral_score_generic_justification	government	Espagne	16	Social / société	Réduire les inégalités peut parfois justifier de restreindre certaines libertés individuelles.	0	1	Position de compromis : Le gouvernement est progressiste sur l’égalité, les modes de vie et la lutte contre les discriminations. Comparabilité limitée ou position peu explicite.	https://www.lamoncloa.gob.es/Documents/2025/appendix-II-map-of-commitments-december.pdf
medium	low_confidence	government	Espagne	27	Sécurité / justice	Les peines de prison effectives devraient être plus sévères, même si cela augmente fortement la population carcérale.	0	1	Position de compromis : La priorité est davantage donnée à la prévention, aux garanties juridiques et à la réinsertion qu’au durcissement pénal. Comparabilité limitée ou position peu explicite.	https://www.lamoncloa.gob.es/lang/en/presidente/intervenciones/paginas/2025/20250728-political-year-assessment-speech.aspx
medium	neutral_score_generic_justification	government	Espagne	27	Sécurité / justice	Les peines de prison effectives devraient être plus sévères, même si cela augmente fortement la population carcérale.	0	1	Position de compromis : La priorité est davantage donnée à la prévention, aux garanties juridiques et à la réinsertion qu’au durcissement pénal. Comparabilité limitée ou position peu explicite.	https://www.lamoncloa.gob.es/lang/en/presidente/intervenciones/paginas/2025/20250728-political-year-assessment-speech.aspx
medium	neutral_score_generic_justification	government	Espagne	29	Sécurité / justice	La police devrait disposer de pouvoirs plus importants pour lutter contre la criminalité, quitte à accepter davantage de contrôles sur certaines libertés individuelles.	0	2	Position de compromis : La priorité est davantage donnée à la prévention, aux garanties juridiques et à la réinsertion qu’au durcissement pénal. Transposition ou inférence prudente.	https://www.lamoncloa.gob.es/lang/en/presidente/intervenciones/paginas/2025/20250728-political-year-assessment-speech.aspx
medium	neutral_score_generic_justification	government	Espagne	35	Écologie	Les politiques écologiques devraient reposer principalement sur des mécanismes de marché comme la taxe carbone plutôt que sur des interdictions.	0	2	Position de compromis : La transition écologique, les renouvelables et la réglementation climatique sont des priorités gouvernementales. Transposition ou inférence prudente.	https://www.lamoncloa.gob.es/Documents/2025/appendix-II-map-of-commitments-december.pdf
medium	low_confidence	government	Espagne	45	Fiscalité / patrimoine	Les très grandes fortunes devraient être imposées sur leur patrimoine mondial, même lorsqu'elles quittent la France.	1	1	Accord modéré : La coalition PSOE–Sumar défend un État social renforcé, la redistribution, les droits du travail et une intervention publique active. Comparabilité limitée ou position peu explicite.	https://www.lamoncloa.gob.es/Documents/2025/appendix-II-map-of-commitments-december.pdf
medium	low_confidence	government	Espagne	50	Retraites	L'âge légal de départ à la retraite devrait être automatiquement indexé sur l'espérance de vie nationale.	0	1	Position de compromis : La coalition PSOE–Sumar défend un État social renforcé, la redistribution, les droits du travail et une intervention publique active. Comparabilité limitée ou position peu explicite.	https://www.lamoncloa.gob.es/Documents/2025/appendix-II-map-of-commitments-december.pdf
medium	neutral_score_generic_justification	government	Espagne	50	Retraites	L'âge légal de départ à la retraite devrait être automatiquement indexé sur l'espérance de vie nationale.	0	1	Position de compromis : La coalition PSOE–Sumar défend un État social renforcé, la redistribution, les droits du travail et une intervention publique active. Comparabilité limitée ou position peu explicite.	https://www.lamoncloa.gob.es/Documents/2025/appendix-II-map-of-commitments-december.pdf
medium	neutral_score_generic_justification	government	Espagne	51	Protection sociale	Les prestations sociales devraient être fortement conditionnées à la durée de cotisation et de participation au marché du travail.	0	2	Position de compromis : La coalition PSOE–Sumar défend un État social renforcé, la redistribution, les droits du travail et une intervention publique active. Transposition ou inférence prudente.	https://www.lamoncloa.gob.es/Documents/2025/appendix-II-map-of-commitments-december.pdf
medium	low_confidence	government	Espagne	72	Institutions	Pour certaines décisions économiques complexes, il serait préférable de confier davantage de pouvoir à des institutions indépendantes composées d'experts plutôt qu'aux responsables politiques élus.	1	1	Accord modéré : La coalition minoritaire valorise le parlementarisme, la proportionnelle et la négociation entre groupes. Comparabilité limitée ou position peu explicite.	https://www.lamoncloa.gob.es/lang/en/presidente/intervenciones/paginas/2025/20250728-political-year-assessment-speech.aspx
medium	low_confidence	government	Espagne	73	Institutions	Un gouvernement devrait pouvoir prendre une décision économiquement nécessaire mais très impopulaire sans chercher à obtenir l'approbation immédiate de la population.	1	1	Accord modéré : La coalition minoritaire valorise le parlementarisme, la proportionnelle et la négociation entre groupes. Comparabilité limitée ou position peu explicite.	https://www.lamoncloa.gob.es/lang/en/presidente/intervenciones/paginas/2025/20250728-political-year-assessment-speech.aspx
medium	low_confidence	government	Espagne	74	Institutions	Le référendum devrait être beaucoup plus utilisé, même lorsque les citoyens votent sur des sujets dont ils maîtrisent mal les aspects techniques.	0	1	Position de compromis : La coalition minoritaire valorise le parlementarisme, la proportionnelle et la négociation entre groupes. Comparabilité limitée ou position peu explicite.	https://www.lamoncloa.gob.es/lang/en/presidente/intervenciones/paginas/2025/20250728-political-year-assessment-speech.aspx
medium	neutral_score_generic_justification	government	Espagne	74	Institutions	Le référendum devrait être beaucoup plus utilisé, même lorsque les citoyens votent sur des sujets dont ils maîtrisent mal les aspects techniques.	0	1	Position de compromis : La coalition minoritaire valorise le parlementarisme, la proportionnelle et la négociation entre groupes. Comparabilité limitée ou position peu explicite.	https://www.lamoncloa.gob.es/lang/en/presidente/intervenciones/paginas/2025/20250728-political-year-assessment-speech.aspx
medium	low_confidence	government	Espagne	75	Institutions	Il serait acceptable de donner davantage de poids politique aux citoyens qui démontrent un niveau élevé de connaissance du fonctionnement des institutions et de l'économie.	-1	1	Réserve : La coalition minoritaire valorise le parlementarisme, la proportionnelle et la négociation entre groupes. Comparabilité limitée ou position peu explicite.	https://www.lamoncloa.gob.es/lang/en/presidente/intervenciones/paginas/2025/20250728-political-year-assessment-speech.aspx
medium	low_confidence	government	Espagne	76	Institutions	Le président de la République devrait disposer de davantage de pouvoirs pour pouvoir mettre en œuvre un programme pendant cinq ans sans être constamment bloqué par le Parlement.	-1	1	Réserve : La coalition minoritaire valorise le parlementarisme, la proportionnelle et la négociation entre groupes. Comparabilité limitée ou position peu explicite.	https://www.lamoncloa.gob.es/lang/en/presidente/intervenciones/paginas/2025/20250728-political-year-assessment-speech.aspx
medium	low_confidence	government	Espagne	79	Immigration / délinquance	Les différences de délinquance observées s’expliquent davantage par les inégalités sociales et économiques que par la culture d’origine des personnes concernées.	1	1	Accord modéré : La ligne est relativement ouverte et fondée sur les droits, avec maintien des expulsions en cas de criminalité grave. Comparabilité limitée ou position peu explicite.	https://www.lamoncloa.gob.es/Documents/2025/appendix-II-map-of-commitments-december.pdf
medium	low_confidence	government	Espagne	84	Éducation / autonomie	Les chefs d'établissement scolaire devraient pouvoir recruter eux-même une partie de leurs enseignants et peser davantage dans leur évaluation.	-1	1	Réserve : la position est estimée à partir des propositions d'autonomie des établissements, de recrutement et de gestion des enseignants. Niveau de preuve : estimation prudente à partir de la ligne générale.	https://www.lamoncloa.gob.es/Documents/2025/appendix-II-map-of-commitments-december.pdf
high	extreme_score_generic_justification	government	Espagne	86	Logement / locations touristiques	Dans les zones où le logement manque, une commune devrait pouvoir interdire la location touristique régulière d'un logement qui n'est pas la résidence principale de son propriétaire.	3	3	Accord fort : la source retenue précise le degré de régulation souhaité pour les meublés touristiques et les pouvoirs locaux. Niveau de preuve : preuve directe ou politique explicitement documentée.	https://www.lamoncloa.gob.es/serviciosdeprensa/notasprensa/vivienda-agenda-urbana/paginas/2025/070425-rodriguez-alquiler-turistico.aspx
high	extreme_score_generic_justification	government	Espagne	87	Défense / Ukraine	La France devrait continuer à fournir une aide militaire et financière importante à l'Ukraine tant que son territoire reste occupé, même si la guerre se prolonge.	3	3	Accord fort : le vote ou la politique officielle sur le soutien durable à l'Ukraine constitue l'indicateur principal. Niveau de preuve : preuve directe ou politique explicitement documentée.	https://www.lamoncloa.gob.es/presidente/actividades/paginas/2026/200226-sanchez-seminario-desigualdad.aspx
high	extreme_score_generic_justification	government	Espagne	89	Santé / fin de vie	Une personne majeure atteinte d'une maladie grave et incurable provoquant des souffrances insupportables devrait pouvoir recevoir une aide médicale à mourir dans un cadre strictement contrôlé.	3	3	Accord fort : le vote, la loi ou la position gouvernementale sur l'aide à mourir fournit un équivalent direct ou très proche. Niveau de preuve : preuve directe ou politique explicitement documentée.	https://www.boe.es/buscar/act.php?id=BOE-A-2021-4628
medium	low_confidence	government	Espagne	90	Dépendance / EHPAD	Les groupes privés à but lucratif ne devraient plus pouvoir gérer d'EHPAD. Les établissements existants devraient progressivement devenir publics ou non lucratifs.	1	1	Accord modéré : le programme social et sanitaire permet d'estimer la place laissée aux opérateurs lucratifs dans la dépendance. Niveau de preuve : estimation prudente à partir de la ligne générale.	https://www.lamoncloa.gob.es/Documents/2025/appendix-II-map-of-commitments-december.pdf
high	extreme_score_generic_justification	government	Espagne	92	Numérique / mineurs	L'accès aux réseaux sociaux devrait être interdit aux moins de 15 ans, même avec l'accord de leurs parents.	3	3	Accord fort : le vote ou la politique publique sur l'âge d'accès aux réseaux sociaux permet de distinguer interdiction stricte, autorisation parentale et régulation plus souple. Niveau de preuve : preuve directe ou politique explicitement documentée.	https://www.lamoncloa.gob.es/presidente/actividades/paginas/2026/030226-sanchez-cumbre-gobiernos-dubai.aspx
medium	neutral_score_generic_justification	government	Suisse	12	État	L'État devrait intervenir beaucoup plus fortement dans l'économie lorsque le marché produit des résultats jugés socialement indésirables.	0	2	Position de compromis : Le Conseil fédéral suit une économie sociale de marché relativement libérale, avec discipline budgétaire et protection sociale multipiliers. Transposition ou inférence prudente.	https://www.bfs.admin.ch/bfs/en/home/statistics/cross-sectional-topics/monitoring-legislature-plan.html
medium	low_confidence	government	Suisse	16	Social / société	Réduire les inégalités peut parfois justifier de restreindre certaines libertés individuelles.	-1	1	Réserve : Le consensus gouvernemental est modérément libéral sur les droits individuels, tout en restant prudent sur les transformations sociales. Comparabilité limitée ou position peu explicite.	https://www.bfs.admin.ch/bfs/en/home/statistics/cross-sectional-topics/monitoring-legislature-plan.html
high	extreme_score_generic_justification	government	Suisse	24	Immigration	La France devrait être beaucoup plus stricte concernant l'expulsion des étrangers condamnés pour des crimes graves.	3	2	Accord fort : La Suisse privilégie l’immigration économique contrôlée, l’intégration et des conditions strictes de séjour durable. Transposition ou inférence prudente.	https://www.bfs.admin.ch/bfs/en/home/statistics/cross-sectional-topics/monitoring-legislature-plan.html
medium	low_confidence	government	Suisse	26	Immigration	La France devrait accueillir davantage de réfugiés lorsqu'ils fuient une guerre ou une persécution, même si cela représente un coût économique.	0	1	Position de compromis : La Suisse privilégie l’immigration économique contrôlée, l’intégration et des conditions strictes de séjour durable. Comparabilité limitée ou position peu explicite.	https://www.bfs.admin.ch/bfs/en/home/statistics/cross-sectional-topics/monitoring-legislature-plan.html
medium	neutral_score_generic_justification	government	Suisse	26	Immigration	La France devrait accueillir davantage de réfugiés lorsqu'ils fuient une guerre ou une persécution, même si cela représente un coût économique.	0	1	Position de compromis : La Suisse privilégie l’immigration économique contrôlée, l’intégration et des conditions strictes de séjour durable. Comparabilité limitée ou position peu explicite.	https://www.bfs.admin.ch/bfs/en/home/statistics/cross-sectional-topics/monitoring-legislature-plan.html
medium	low_confidence	government	Suisse	27	Sécurité / justice	Les peines de prison effectives devraient être plus sévères, même si cela augmente fortement la population carcérale.	0	1	Position de compromis : La politique combine prévention, police efficace et fortes garanties de l’État de droit. Comparabilité limitée ou position peu explicite.	https://www.bfs.admin.ch/bfs/en/home/statistics/cross-sectional-topics/monitoring-legislature-plan.html
medium	neutral_score_generic_justification	government	Suisse	27	Sécurité / justice	Les peines de prison effectives devraient être plus sévères, même si cela augmente fortement la population carcérale.	0	1	Position de compromis : La politique combine prévention, police efficace et fortes garanties de l’État de droit. Comparabilité limitée ou position peu explicite.	https://www.bfs.admin.ch/bfs/en/home/statistics/cross-sectional-topics/monitoring-legislature-plan.html
medium	neutral_score_generic_justification	government	Suisse	36	Écologie	Il est justifié d'interdire certains produits ou comportements très polluants même lorsque les consommateurs les souhaitent.	0	2	Position de compromis : La stratégie climatique repose largement sur la technologie, les incitations économiques et une mise en œuvre compatible avec la compétitivité. Transposition ou inférence prudente.	https://www.bfs.admin.ch/bfs/en/home/statistics/cross-sectional-topics/monitoring-legislature-plan.html
medium	neutral_score_generic_justification	government	Suisse	37	Écologie	Les pays riches devraient supporter une part prépondérante du coût de la transition écologique mondiale.	0	2	Position de compromis : La stratégie climatique repose largement sur la technologie, les incitations économiques et une mise en œuvre compatible avec la compétitivité. Transposition ou inférence prudente.	https://www.bfs.admin.ch/bfs/en/home/statistics/cross-sectional-topics/monitoring-legislature-plan.html
medium	low_confidence	government	Suisse	40	Europe	L'euro est globalement bénéfique pour la France malgré la perte de certains instruments de politique économique.	0	1	Position de compromis : La Suisse recherche des accords étroits avec l’Europe tout en maintenant sa souveraineté et son statut hors UE. Comparabilité limitée ou position peu explicite.	https://www.eda.admin.ch/en/foreign-policy-strategy-2024-27
medium	neutral_score_generic_justification	government	Suisse	40	Europe	L'euro est globalement bénéfique pour la France malgré la perte de certains instruments de politique économique.	0	1	Position de compromis : La Suisse recherche des accords étroits avec l’Europe tout en maintenant sa souveraineté et son statut hors UE. Comparabilité limitée ou position peu explicite.	https://www.eda.admin.ch/en/foreign-policy-strategy-2024-27
medium	low_confidence	government	Suisse	41	Europe	L'Union européenne devrait pouvoir imposer davantage de règles communes aux États membres.	-1	1	Réserve : La Suisse recherche des accords étroits avec l’Europe tout en maintenant sa souveraineté et son statut hors UE. Comparabilité limitée ou position peu explicite.	https://www.eda.admin.ch/en/foreign-policy-strategy-2024-27
medium	low_confidence	government	Suisse	42	Europe	En cas de conflit entre les intérêts économiques français et les règles européennes, la France devrait pouvoir désobéir à certaines règles européennes.	0	1	Position de compromis : La Suisse recherche des accords étroits avec l’Europe tout en maintenant sa souveraineté et son statut hors UE. Comparabilité limitée ou position peu explicite.	https://www.eda.admin.ch/en/foreign-policy-strategy-2024-27
medium	neutral_score_generic_justification	government	Suisse	42	Europe	En cas de conflit entre les intérêts économiques français et les règles européennes, la France devrait pouvoir désobéir à certaines règles européennes.	0	1	Position de compromis : La Suisse recherche des accords étroits avec l’Europe tout en maintenant sa souveraineté et son statut hors UE. Comparabilité limitée ou position peu explicite.	https://www.eda.admin.ch/en/foreign-policy-strategy-2024-27
medium	low_confidence	government	Suisse	45	Fiscalité / patrimoine	Les très grandes fortunes devraient être imposées sur leur patrimoine mondial, même lorsqu'elles quittent la France.	-1	1	Réserve : Le Conseil fédéral suit une économie sociale de marché relativement libérale, avec discipline budgétaire et protection sociale multipiliers. Comparabilité limitée ou position peu explicite.	https://www.bfs.admin.ch/bfs/en/home/statistics/cross-sectional-topics/monitoring-legislature-plan.html
medium	low_confidence	government	Suisse	53	État / entreprises	Une entreprise qui reçoit plusieurs milliards d'euros d'aides publiques devrait pouvoir être contrainte de limiter ses dividendes et les rémunérations de ses dirigeants tant que l'aide n'est pas remboursée.	1	1	Accord modéré : Le Conseil fédéral suit une économie sociale de marché relativement libérale, avec discipline budgétaire et protection sociale multipiliers. Comparabilité limitée ou position peu explicite.	https://www.bfs.admin.ch/bfs/en/home/statistics/cross-sectional-topics/monitoring-legislature-plan.html
medium	low_confidence	government	Suisse	54	État / entreprises	L'État devrait davantage utiliser son pouvoir d'actionnaire pour orienter les grandes entreprises françaises vers des objectifs industriels de long terme.	1	1	Accord modéré : Le Conseil fédéral suit une économie sociale de marché relativement libérale, avec discipline budgétaire et protection sociale multipiliers. Comparabilité limitée ou position peu explicite.	https://www.bfs.admin.ch/bfs/en/home/statistics/cross-sectional-topics/monitoring-legislature-plan.html
medium	low_confidence	government	Suisse	60	Immigration / assimilation	La France devrait pouvoir refuser l'entrée à un immigré légalement admissible lorsqu'il existe de fortes raisons de penser qu'il ne souhaite pas s'intégrer culturellement à la société française.	1	1	Accord modéré : La Suisse privilégie l’immigration économique contrôlée, l’intégration et des conditions strictes de séjour durable. Comparabilité limitée ou position peu explicite.	https://www.bfs.admin.ch/bfs/en/home/statistics/cross-sectional-topics/monitoring-legislature-plan.html
medium	low_confidence	government	Suisse	63	Libertés / sécurité	Pour lutter contre le terrorisme, l'État devrait pouvoir surveiller préventivement une personne considérée comme présentant un risque sérieux, même sans preuve suffisante pour engager des poursuites pénales.	1	1	Accord modéré : La politique combine prévention, police efficace et fortes garanties de l’État de droit. Comparabilité limitée ou position peu explicite.	https://www.bfs.admin.ch/bfs/en/home/statistics/cross-sectional-topics/monitoring-legislature-plan.html
medium	low_confidence	government	Suisse	66	Sécurité	Lorsqu’un conducteur refuse d’obtempérer et prend la fuite, les policiers devraient pouvoir utiliser leur arme à feu même si le danger pour leur vie n’est pas immédiat.	0	1	Non codable au niveau fédéral : la Suisse n’a pas de police nationale et chaque police cantonale dispose de sa propre loi ; aucune position uniforme du Conseil fédéral ne peut être déduite.	https://www.fedpol.admin.ch/fr/polizeikooperation-fr
medium	low_confidence	government	Suisse	68	Écologie	La France devrait interdire progressivement la vente de voitures thermiques même si cela augmente temporairement le prix moyen des véhicules.	1	1	Accord modéré : La stratégie climatique repose largement sur la technologie, les incitations économiques et une mise en œuvre compatible avec la compétitivité. Comparabilité limitée ou position peu explicite.	https://www.bfs.admin.ch/bfs/en/home/statistics/cross-sectional-topics/monitoring-legislature-plan.html
medium	low_confidence	government	Suisse	71	Écologie / croissance	Si la France pouvait réduire ses émissions de 20 % mais que cela réduisait son PIB de 3 %, alors que les autres pays ne faisaient aucun effort comparable, il faudrait quand même le faire.	-1	1	Réserve : La stratégie climatique repose largement sur la technologie, les incitations économiques et une mise en œuvre compatible avec la compétitivité. Comparabilité limitée ou position peu explicite.	https://www.bfs.admin.ch/bfs/en/home/statistics/cross-sectional-topics/monitoring-legislature-plan.html
high	extreme_score_generic_justification	government	Suisse	78	Immigration / assimilation	Le droit de séjour durable en France devrait dépendre, sauf impossibilité particulière, d’efforts concrets pour apprendre le français, comprendre les règles et usages du pays et participer à la vie collective.	3	2	Accord fort : La Suisse privilégie l’immigration économique contrôlée, l’intégration et des conditions strictes de séjour durable. Transposition ou inférence prudente.	https://www.bfs.admin.ch/bfs/en/home/statistics/cross-sectional-topics/monitoring-legislature-plan.html
medium	low_confidence	government	Suisse	79	Immigration / délinquance	Les différences de délinquance observées s’expliquent davantage par les inégalités sociales et économiques que par la culture d’origine des personnes concernées.	1	1	Accord modéré : La Suisse privilégie l’immigration économique contrôlée, l’intégration et des conditions strictes de séjour durable. Comparabilité limitée ou position peu explicite.	https://www.bfs.admin.ch/bfs/en/home/statistics/cross-sectional-topics/monitoring-legislature-plan.html
high	extreme_score_generic_justification	government	Suisse	82	Santé / assurance maladie	L'Assurance maladie devrait rembourser intégralement les soins essentiels, quitte à réduire fortement le rôle des complémentaires santé.	-3	3	Désaccord fort : le programme de santé retenu permet d'estimer la place accordée à l'assurance publique et aux complémentaires. Niveau de preuve : preuve directe ou politique explicitement documentée.	https://www.bag.admin.ch/fr/assurance-maladie
medium	low_confidence	government	Suisse	83	Santé / hôpital	Il faut accepter de fermer ou regrouper certaines petites maternités et certains services d'urgence afin de concentrer les équipes et les équipements dans des établissements plus importants.	1	1	Accord modéré : le document retenu permet d'arbitrer entre maintien de la proximité hospitalière et concentration des moyens. Niveau de preuve : estimation prudente à partir de la ligne générale.	https://www.bag.admin.ch/fr/hopitaux
medium	low_confidence	government	Suisse	85	Éducation / mixité sociale	Le financement public des établissements privés sous contrat devrait être conditionné à des objectifs mesurables de mixité sociale.	-1	1	Réserve : la position est estimée à partir des propositions sur l'enseignement privé, son financement et la mixité sociale. Niveau de preuve : estimation prudente à partir de la ligne générale.	https://www.aboutswitzerland.eda.admin.ch/en/education
medium	low_confidence	government	Suisse	86	Logement / locations touristiques	Dans les zones où le logement manque, une commune devrait pouvoir interdire la location touristique régulière d'un logement qui n'est pas la résidence principale de son propriétaire.	1	1	Accord modéré : la source retenue précise le degré de régulation souhaité pour les meublés touristiques et les pouvoirs locaux. Niveau de preuve : estimation prudente à partir de la ligne générale.	https://www.aboutswitzerland.eda.admin.ch/en/political-system
high	extreme_score_generic_justification	government	Suisse	88	Défense / dissuasion nucléaire	La dissuasion nucléaire française devrait aussi protéger les partenaires européens, tout en laissant à la France seule la décision finale de l'employer.	-3	3	Désaccord fort : la source retenue porte sur l'extension européenne de la dissuasion ou, pour les pays non dotés, sur la protection nucléaire alliée. Niveau de preuve : preuve directe ou politique explicitement documentée.	https://www.eda.admin.ch/en/foreign-policy-strategy-2024-27
medium	low_confidence	government	Suisse	92	Numérique / mineurs	L'accès aux réseaux sociaux devrait être interdit aux moins de 15 ans, même avec l'accord de leurs parents.	-1	1	Réserve : le vote ou la politique publique sur l'âge d'accès aux réseaux sociaux permet de distinguer interdiction stricte, autorisation parentale et régulation plus souple. Niveau de preuve : estimation prudente à partir de la ligne générale.	https://www.admin.ch/gov/fr/accueil/documentation/communiques.msg-id-104729.html
medium	low_confidence	government	Finlande	14	Social / société	La société devrait accepter beaucoup plus largement les différents modes de vie, même lorsqu'ils s'éloignent des normes traditionnelles.	0	1	Position de compromis : La coalition est modérément conservatrice, mais reste encadrée par les partis libéraux et suédophones de la coalition. Comparabilité limitée ou position peu explicite.	https://valtioneuvosto.fi/en/-/outcome-of-the-negotiations-on-the-new-government-programme-a-strong-and-committed-finland
medium	neutral_score_generic_justification	government	Finlande	14	Social / société	La société devrait accepter beaucoup plus largement les différents modes de vie, même lorsqu'ils s'éloignent des normes traditionnelles.	0	1	Position de compromis : La coalition est modérément conservatrice, mais reste encadrée par les partis libéraux et suédophones de la coalition. Comparabilité limitée ou position peu explicite.	https://valtioneuvosto.fi/en/-/outcome-of-the-negotiations-on-the-new-government-programme-a-strong-and-committed-finland
medium	low_confidence	government	Finlande	16	Social / société	Réduire les inégalités peut parfois justifier de restreindre certaines libertés individuelles.	-1	1	Réserve : La coalition est modérément conservatrice, mais reste encadrée par les partis libéraux et suédophones de la coalition. Comparabilité limitée ou position peu explicite.	https://valtioneuvosto.fi/en/-/outcome-of-the-negotiations-on-the-new-government-programme-a-strong-and-committed-finland
medium	low_confidence	government	Finlande	17	Social / société	Les politiques publiques devraient chercher à corriger activement les discriminations historiques ou structurelles entre groupes sociaux.	1	1	Accord modéré : La coalition est modérément conservatrice, mais reste encadrée par les partis libéraux et suédophones de la coalition. Comparabilité limitée ou position peu explicite.	https://valtioneuvosto.fi/en/-/outcome-of-the-negotiations-on-the-new-government-programme-a-strong-and-committed-finland
medium	low_confidence	government	Finlande	28	Sécurité / justice	Il vaut mieux investir dans la prévention et la réinsertion que dans l'augmentation des sanctions.	1	1	Accord modéré : La coalition augmente les moyens policiers et les pouvoirs de sécurité dans un contexte géopolitique dégradé. Comparabilité limitée ou position peu explicite.	https://valtioneuvosto.fi/en/governments/government-programme
medium	neutral_score_generic_justification	government	Finlande	33	Écologie	Il faut accepter une hausse importante du prix des énergies fossiles pour accélérer la transition écologique.	0	2	Position de compromis : La Finlande poursuit la neutralité carbone en privilégiant la technologie, le nucléaire, les renouvelables et la compétitivité. Transposition ou inférence prudente.	https://valtioneuvosto.fi/en/governments/government-programme
medium	neutral_score_generic_justification	government	Finlande	36	Écologie	Il est justifié d'interdire certains produits ou comportements très polluants même lorsque les consommateurs les souhaitent.	0	2	Position de compromis : La Finlande poursuit la neutralité carbone en privilégiant la technologie, le nucléaire, les renouvelables et la compétitivité. Transposition ou inférence prudente.	https://valtioneuvosto.fi/en/governments/government-programme
medium	neutral_score_generic_justification	government	Finlande	37	Écologie	Les pays riches devraient supporter une part prépondérante du coût de la transition écologique mondiale.	0	2	Position de compromis : La Finlande poursuit la neutralité carbone en privilégiant la technologie, le nucléaire, les renouvelables et la compétitivité. Transposition ou inférence prudente.	https://valtioneuvosto.fi/en/governments/government-programme
medium	low_confidence	government	Finlande	44	Fiscalité / patrimoine	L'héritage devrait être davantage taxé au-delà d'un certain seuil de patrimoine transmis, même si cela conduit certaines familles à transmettre moins de patrimoine à leurs enfants.	-1	1	Réserve : Le programme Orpo privilégie le travail, l’entrepreneuriat, la réduction du déficit, les réformes du marché du travail et la baisse des obstacles réglementaires. Comparabilité limitée ou position peu explicite.	https://valtioneuvosto.fi/en/governments/government-programme
medium	low_confidence	government	Finlande	45	Fiscalité / patrimoine	Les très grandes fortunes devraient être imposées sur leur patrimoine mondial, même lorsqu'elles quittent la France.	-1	1	Réserve : Le programme Orpo privilégie le travail, l’entrepreneuriat, la réduction du déficit, les réformes du marché du travail et la baisse des obstacles réglementaires. Comparabilité limitée ou position peu explicite.	https://valtioneuvosto.fi/en/governments/government-programme
medium	low_confidence	government	Finlande	53	État / entreprises	Une entreprise qui reçoit plusieurs milliards d'euros d'aides publiques devrait pouvoir être contrainte de limiter ses dividendes et les rémunérations de ses dirigeants tant que l'aide n'est pas remboursée.	0	1	Position de compromis : Le programme Orpo privilégie le travail, l’entrepreneuriat, la réduction du déficit, les réformes du marché du travail et la baisse des obstacles réglementaires. Comparabilité limitée ou position peu explicite.	https://valtioneuvosto.fi/en/governments/government-programme
medium	neutral_score_generic_justification	government	Finlande	53	État / entreprises	Une entreprise qui reçoit plusieurs milliards d'euros d'aides publiques devrait pouvoir être contrainte de limiter ses dividendes et les rémunérations de ses dirigeants tant que l'aide n'est pas remboursée.	0	1	Position de compromis : Le programme Orpo privilégie le travail, l’entrepreneuriat, la réduction du déficit, les réformes du marché du travail et la baisse des obstacles réglementaires. Comparabilité limitée ou position peu explicite.	https://valtioneuvosto.fi/en/governments/government-programme
medium	low_confidence	government	Finlande	64	Libertés / expression	Une personne qui tient publiquement des propos profondément offensants mais qui n'appelle ni à la violence ni à commettre une infraction devrait être protégée par la liberté d'expression.	1	1	Accord modéré : La coalition augmente les moyens policiers et les pouvoirs de sécurité dans un contexte géopolitique dégradé. Comparabilité limitée ou position peu explicite.	https://valtioneuvosto.fi/en/governments/government-programme
medium	low_confidence	government	Finlande	72	Institutions	Pour certaines décisions économiques complexes, il serait préférable de confier davantage de pouvoir à des institutions indépendantes composées d'experts plutôt qu'aux responsables politiques élus.	1	1	Accord modéré : Le système parlementaire finlandais maintient des contre-pouvoirs forts et une culture de coalition. Comparabilité limitée ou position peu explicite.	https://valtioneuvosto.fi/en/-/outcome-of-the-negotiations-on-the-new-government-programme-a-strong-and-committed-finland
medium	low_confidence	government	Finlande	73	Institutions	Un gouvernement devrait pouvoir prendre une décision économiquement nécessaire mais très impopulaire sans chercher à obtenir l'approbation immédiate de la population.	1	1	Accord modéré : Le système parlementaire finlandais maintient des contre-pouvoirs forts et une culture de coalition. Comparabilité limitée ou position peu explicite.	https://valtioneuvosto.fi/en/-/outcome-of-the-negotiations-on-the-new-government-programme-a-strong-and-committed-finland
medium	low_confidence	government	Finlande	74	Institutions	Le référendum devrait être beaucoup plus utilisé, même lorsque les citoyens votent sur des sujets dont ils maîtrisent mal les aspects techniques.	-1	1	Réserve : Le système parlementaire finlandais maintient des contre-pouvoirs forts et une culture de coalition. Comparabilité limitée ou position peu explicite.	https://valtioneuvosto.fi/en/-/outcome-of-the-negotiations-on-the-new-government-programme-a-strong-and-committed-finland
medium	low_confidence	government	Finlande	75	Institutions	Il serait acceptable de donner davantage de poids politique aux citoyens qui démontrent un niveau élevé de connaissance du fonctionnement des institutions et de l'économie.	-1	1	Réserve : Le système parlementaire finlandais maintient des contre-pouvoirs forts et une culture de coalition. Comparabilité limitée ou position peu explicite.	https://valtioneuvosto.fi/en/-/outcome-of-the-negotiations-on-the-new-government-programme-a-strong-and-committed-finland
medium	low_confidence	government	Finlande	76	Institutions	Le président de la République devrait disposer de davantage de pouvoirs pour pouvoir mettre en œuvre un programme pendant cinq ans sans être constamment bloqué par le Parlement.	-1	1	Réserve : Le système parlementaire finlandais maintient des contre-pouvoirs forts et une culture de coalition. Comparabilité limitée ou position peu explicite.	https://valtioneuvosto.fi/en/-/outcome-of-the-negotiations-on-the-new-government-programme-a-strong-and-committed-finland
medium	low_confidence	government	Finlande	79	Immigration / délinquance	Les différences de délinquance observées s’expliquent davantage par les inégalités sociales et économiques que par la culture d’origine des personnes concernées.	0	1	Position de compromis : Le gouvernement conduit une politique migratoire restrictive, sélective et fortement centrée sur l’intégration et l’emploi. Comparabilité limitée ou position peu explicite.	https://valtioneuvosto.fi/en/governments/government-programme
medium	neutral_score_generic_justification	government	Finlande	79	Immigration / délinquance	Les différences de délinquance observées s’expliquent davantage par les inégalités sociales et économiques que par la culture d’origine des personnes concernées.	0	1	Position de compromis : Le gouvernement conduit une politique migratoire restrictive, sélective et fortement centrée sur l’intégration et l’emploi. Comparabilité limitée ou position peu explicite.	https://valtioneuvosto.fi/en/governments/government-programme
medium	low_confidence	government	Finlande	81	Santé / accès aux soins	Dans les zones où l'accès aux soins est insuffisant, l'Assurance maladie devrait pouvoir limiter le conventionnement de nouveaux médecins dans les zones déjà bien dotées afin d'encourager leur installation dans les déserts médicaux.	1	1	Accord modéré : le scrutin sur la régulation du conventionnement médical fournit la position parlementaire la plus proche ; pour les formations non représentées, le codage est déduit de leur ligne sur la liberté d'installation. Niveau de preuve : estimation prudente à partir de la ligne générale.	https://valtioneuvosto.fi/en/governments/government-programme
medium	low_confidence	government	Finlande	85	Éducation / mixité sociale	Le financement public des établissements privés sous contrat devrait être conditionné à des objectifs mesurables de mixité sociale.	1	1	Accord modéré : la position est estimée à partir des propositions sur l'enseignement privé, son financement et la mixité sociale. Niveau de preuve : estimation prudente à partir de la ligne générale.	https://valtioneuvosto.fi/en/governments/government-programme
medium	low_confidence	government	Finlande	86	Logement / locations touristiques	Dans les zones où le logement manque, une commune devrait pouvoir interdire la location touristique régulière d'un logement qui n'est pas la résidence principale de son propriétaire.	1	1	Accord modéré : la source retenue précise le degré de régulation souhaité pour les meublés touristiques et les pouvoirs locaux. Niveau de preuve : estimation prudente à partir de la ligne générale.	https://valtioneuvosto.fi/en/governments/government-programme
high	extreme_score_generic_justification	government	Finlande	87	Défense / Ukraine	La France devrait continuer à fournir une aide militaire et financière importante à l'Ukraine tant que son territoire reste occupé, même si la guerre se prolonge.	3	3	Accord fort : le vote ou la politique officielle sur le soutien durable à l'Ukraine constitue l'indicateur principal. Niveau de preuve : preuve directe ou politique explicitement documentée.	https://valtioneuvosto.fi/en/-/236553176/finland-to-fund-additional-eur-40-million-purl-package-for-ukraine
high	extreme_score_generic_justification	government	Finlande	91	Famille / prestations	Les allocations familiales devraient être versées à toutes les familles selon le nombre d'enfants, sans diminuer lorsque les revenus augmentent.	3	3	Accord fort : le modèle de prestations familiales et la ligne programmatique permettent d'estimer la préférence pour l'universalité ou le ciblage. Niveau de preuve : preuve directe ou politique explicitement documentée.	https://valtioneuvosto.fi/en/governments/government-programme
medium	neutral_score_generic_justification	government	Royaume-Uni	1	Économie	Il faut réduire les impôts sur le travail et le capital, même si cela implique de réduire certaines dépenses publiques.	0	2	Position de compromis : Le gouvernement Labour combine croissance, investissement public, renforcement des droits du travail et discipline budgétaire modérée. Transposition ou inférence prudente.	https://www.gov.uk/government/publications/plan-for-change
medium	neutral_score_generic_justification	government	Royaume-Uni	6	Économie	Les entreprises privées sont généralement plus efficaces que l'État pour fournir des biens et services, même dans certains secteurs essentiels.	0	2	Position de compromis : Le gouvernement Labour combine croissance, investissement public, renforcement des droits du travail et discipline budgétaire modérée. Transposition ou inférence prudente.	https://www.gov.uk/government/publications/plan-for-change
medium	neutral_score_generic_justification	government	Royaume-Uni	8	Économie	La concurrence est généralement préférable à la réglementation pour améliorer les prix, la qualité et l'innovation.	0	2	Position de compromis : Le gouvernement Labour combine croissance, investissement public, renforcement des droits du travail et discipline budgétaire modérée. Transposition ou inférence prudente.	https://www.gov.uk/government/publications/plan-for-change
medium	neutral_score_generic_justification	government	Royaume-Uni	9	État	La France dépense trop d'argent public et devrait accepter de réduire certaines politiques sociales pour revenir à l'équilibre budgétaire.	0	2	Position de compromis : Le gouvernement Labour combine croissance, investissement public, renforcement des droits du travail et discipline budgétaire modérée. Transposition ou inférence prudente.	https://www.gov.uk/government/publications/plan-for-change
medium	low_confidence	government	Royaume-Uni	16	Social / société	Réduire les inégalités peut parfois justifier de restreindre certaines libertés individuelles.	-1	1	Réserve : La ligne Labour est progressiste sur les droits et les discriminations, avec un discours plus communautaire et territorial sous Andy Burnham. Comparabilité limitée ou position peu explicite.	https://www.gov.uk/government/publications/plan-for-change
medium	neutral_score_generic_justification	government	Royaume-Uni	19	Social / société	Certaines traditions et valeurs culturelles méritent d'être préservées même si elles évoluent moins vite que la société.	0	2	Position de compromis : La ligne Labour est progressiste sur les droits et les discriminations, avec un discours plus communautaire et territorial sous Andy Burnham. Transposition ou inférence prudente.	https://www.gov.uk/government/publications/plan-for-change
medium	low_confidence	government	Royaume-Uni	38	Europe	La France devrait transférer davantage de compétences à l'Union européenne afin de renforcer son poids économique et géopolitique.	0	1	Position de compromis : Le Royaume-Uni reste hors UE ; le gouvernement Labour recherche cependant des relations plus étroites avec l’Europe. Comparabilité limitée ou position peu explicite.	https://www.gov.uk/government/publications/plan-for-change
medium	neutral_score_generic_justification	government	Royaume-Uni	38	Europe	La France devrait transférer davantage de compétences à l'Union européenne afin de renforcer son poids économique et géopolitique.	0	1	Position de compromis : Le Royaume-Uni reste hors UE ; le gouvernement Labour recherche cependant des relations plus étroites avec l’Europe. Comparabilité limitée ou position peu explicite.	https://www.gov.uk/government/publications/plan-for-change
medium	low_confidence	government	Royaume-Uni	40	Europe	L'euro est globalement bénéfique pour la France malgré la perte de certains instruments de politique économique.	-3	1	Désaccord fort : le Royaume-Uni conserve la livre sterling et n'a jamais adopté l'euro ; sa ligne gouvernementale ne vise pas à rejoindre la monnaie unique européenne. Pour cette question normative sur le bénéfice de l'euro malgré la perte d'instruments nationaux, le choix britannique correspond à un désaccord maximal.	https://www.gov.uk/government/publications/plan-for-change
high	strong_score_low_confidence	government	Royaume-Uni	40	Europe	L'euro est globalement bénéfique pour la France malgré la perte de certains instruments de politique économique.	-3	1	Désaccord fort : le Royaume-Uni conserve la livre sterling et n'a jamais adopté l'euro ; sa ligne gouvernementale ne vise pas à rejoindre la monnaie unique européenne. Pour cette question normative sur le bénéfice de l'euro malgré la perte d'instruments nationaux, le choix britannique correspond à un désaccord maximal.	https://www.gov.uk/government/publications/plan-for-change
medium	low_confidence	government	Royaume-Uni	41	Europe	L'Union européenne devrait pouvoir imposer davantage de règles communes aux États membres.	0	1	Position de compromis : Le Royaume-Uni reste hors UE ; le gouvernement Labour recherche cependant des relations plus étroites avec l’Europe. Comparabilité limitée ou position peu explicite.	https://www.gov.uk/government/publications/plan-for-change
medium	neutral_score_generic_justification	government	Royaume-Uni	41	Europe	L'Union européenne devrait pouvoir imposer davantage de règles communes aux États membres.	0	1	Position de compromis : Le Royaume-Uni reste hors UE ; le gouvernement Labour recherche cependant des relations plus étroites avec l’Europe. Comparabilité limitée ou position peu explicite.	https://www.gov.uk/government/publications/plan-for-change
medium	low_confidence	government	Royaume-Uni	42	Europe	En cas de conflit entre les intérêts économiques français et les règles européennes, la France devrait pouvoir désobéir à certaines règles européennes.	1	1	Accord modéré : Le Royaume-Uni reste hors UE ; le gouvernement Labour recherche cependant des relations plus étroites avec l’Europe. Comparabilité limitée ou position peu explicite.	https://www.gov.uk/government/publications/plan-for-change
medium	low_confidence	government	Royaume-Uni	44	Fiscalité / patrimoine	L'héritage devrait être davantage taxé au-delà d'un certain seuil de patrimoine transmis, même si cela conduit certaines familles à transmettre moins de patrimoine à leurs enfants.	1	1	Accord modéré : Le gouvernement Labour combine croissance, investissement public, renforcement des droits du travail et discipline budgétaire modérée. Comparabilité limitée ou position peu explicite.	https://www.gov.uk/government/publications/plan-for-change
medium	low_confidence	government	Royaume-Uni	45	Fiscalité / patrimoine	Les très grandes fortunes devraient être imposées sur leur patrimoine mondial, même lorsqu'elles quittent la France.	1	1	Accord modéré : Le gouvernement Labour combine croissance, investissement public, renforcement des droits du travail et discipline budgétaire modérée. Comparabilité limitée ou position peu explicite.	https://www.gov.uk/government/publications/plan-for-change
medium	low_confidence	government	Royaume-Uni	50	Retraites	L'âge légal de départ à la retraite devrait être automatiquement indexé sur l'espérance de vie nationale.	1	1	Accord modéré : Le gouvernement Labour combine croissance, investissement public, renforcement des droits du travail et discipline budgétaire modérée. Comparabilité limitée ou position peu explicite.	https://www.gov.uk/government/publications/plan-for-change
medium	low_confidence	government	Royaume-Uni	64	Libertés / expression	Une personne qui tient publiquement des propos profondément offensants mais qui n'appelle ni à la violence ni à commettre une infraction devrait être protégée par la liberté d'expression.	1	1	Accord modéré : Les missions gouvernementales mettent l’accent sur la sécurité des rues, la prévention et l’efficacité de la police. Comparabilité limitée ou position peu explicite.	https://www.gov.uk/government/news/kings-speech-to-build-a-stronger-and-fairer-britain
medium	low_confidence	government	Royaume-Uni	72	Institutions	Pour certaines décisions économiques complexes, il serait préférable de confier davantage de pouvoir à des institutions indépendantes composées d'experts plutôt qu'aux responsables politiques élus.	1	1	Accord modéré : Le système britannique conserve un exécutif fort, tout en développant la décentralisation et les pouvoirs locaux. Comparabilité limitée ou position peu explicite.	https://www.gov.uk/government/news/prime-minister-pledges-growth-in-every-postcode-across-whole-of-uk-as-he-visits-scotland
medium	low_confidence	government	Royaume-Uni	73	Institutions	Un gouvernement devrait pouvoir prendre une décision économiquement nécessaire mais très impopulaire sans chercher à obtenir l'approbation immédiate de la population.	1	1	Accord modéré : Le système britannique conserve un exécutif fort, tout en développant la décentralisation et les pouvoirs locaux. Comparabilité limitée ou position peu explicite.	https://www.gov.uk/government/news/prime-minister-pledges-growth-in-every-postcode-across-whole-of-uk-as-he-visits-scotland
medium	low_confidence	government	Royaume-Uni	74	Institutions	Le référendum devrait être beaucoup plus utilisé, même lorsque les citoyens votent sur des sujets dont ils maîtrisent mal les aspects techniques.	-1	1	Réserve : Le système britannique conserve un exécutif fort, tout en développant la décentralisation et les pouvoirs locaux. Comparabilité limitée ou position peu explicite.	https://www.gov.uk/government/news/prime-minister-pledges-growth-in-every-postcode-across-whole-of-uk-as-he-visits-scotland
medium	low_confidence	government	Royaume-Uni	75	Institutions	Il serait acceptable de donner davantage de poids politique aux citoyens qui démontrent un niveau élevé de connaissance du fonctionnement des institutions et de l'économie.	-1	1	Réserve : Le système britannique conserve un exécutif fort, tout en développant la décentralisation et les pouvoirs locaux. Comparabilité limitée ou position peu explicite.	https://www.gov.uk/government/news/prime-minister-pledges-growth-in-every-postcode-across-whole-of-uk-as-he-visits-scotland
medium	low_confidence	government	Royaume-Uni	76	Institutions	Le président de la République devrait disposer de davantage de pouvoirs pour pouvoir mettre en œuvre un programme pendant cinq ans sans être constamment bloqué par le Parlement.	1	1	Accord modéré : Le système britannique conserve un exécutif fort, tout en développant la décentralisation et les pouvoirs locaux. Comparabilité limitée ou position peu explicite.	https://www.gov.uk/government/news/prime-minister-pledges-growth-in-every-postcode-across-whole-of-uk-as-he-visits-scotland
medium	low_confidence	government	Royaume-Uni	77	Institutions	La proportionnelle intégrale serait préférable au système actuel, même si elle rendait plus fréquentes les coalitions et les gouvernements instables.	1	1	Accord modéré : Le système britannique conserve un exécutif fort, tout en développant la décentralisation et les pouvoirs locaux. Comparabilité limitée ou position peu explicite.	https://www.gov.uk/government/news/prime-minister-pledges-growth-in-every-postcode-across-whole-of-uk-as-he-visits-scotland
medium	low_confidence	government	Royaume-Uni	79	Immigration / délinquance	Les différences de délinquance observées s’expliquent davantage par les inégalités sociales et économiques que par la culture d’origine des personnes concernées.	1	1	Accord modéré : Le gouvernement veut réduire l’immigration légale et irrégulière, tout en maintenant une approche relativement inclusive de l’intégration. Comparabilité limitée ou position peu explicite.	https://www.gov.uk/government/news/kings-speech-to-build-a-stronger-and-fairer-britain
high	extreme_score_generic_justification	government	Royaume-Uni	82	Santé / assurance maladie	L'Assurance maladie devrait rembourser intégralement les soins essentiels, quitte à réduire fortement le rôle des complémentaires santé.	3	3	Accord fort : le programme de santé retenu permet d'estimer la place accordée à l'assurance publique et aux complémentaires. Niveau de preuve : preuve directe ou politique explicitement documentée.	https://www.gov.uk/government/publications/plan-for-change
medium	low_confidence	government	Royaume-Uni	83	Santé / hôpital	Il faut accepter de fermer ou regrouper certaines petites maternités et certains services d'urgence afin de concentrer les équipes et les équipements dans des établissements plus importants.	1	1	Accord modéré : le document retenu permet d'arbitrer entre maintien de la proximité hospitalière et concentration des moyens. Niveau de preuve : estimation prudente à partir de la ligne générale.	https://www.gov.uk/government/publications/plan-for-change
high	extreme_score_generic_justification	government	Royaume-Uni	84	Éducation / autonomie	Les chefs d'établissement scolaire devraient pouvoir recruter eux-même une partie de leurs enseignants et peser davantage dans leur évaluation.	3	3	Accord fort : la position est estimée à partir des propositions d'autonomie des établissements, de recrutement et de gestion des enseignants. Niveau de preuve : preuve directe ou politique explicitement documentée.	https://www.gov.uk/government/news/kings-speech-to-build-a-stronger-and-fairer-britain
medium	low_confidence	government	Royaume-Uni	85	Éducation / mixité sociale	Le financement public des établissements privés sous contrat devrait être conditionné à des objectifs mesurables de mixité sociale.	0	1	Position neutre, partagée ou non arrêtée : la position est estimée à partir des propositions sur l'enseignement privé, son financement et la mixité sociale. Niveau de preuve : estimation prudente à partir de la ligne générale.	https://www.gov.uk/government/news/kings-speech-to-build-a-stronger-and-fairer-britain
medium	neutral_score_generic_justification	government	Royaume-Uni	85	Éducation / mixité sociale	Le financement public des établissements privés sous contrat devrait être conditionné à des objectifs mesurables de mixité sociale.	0	1	Position neutre, partagée ou non arrêtée : la position est estimée à partir des propositions sur l'enseignement privé, son financement et la mixité sociale. Niveau de preuve : estimation prudente à partir de la ligne générale.	https://www.gov.uk/government/news/kings-speech-to-build-a-stronger-and-fairer-britain
high	extreme_score_generic_justification	government	Royaume-Uni	87	Défense / Ukraine	La France devrait continuer à fournir une aide militaire et financière importante à l'Ukraine tant que son territoire reste occupé, même si la guerre se prolonge.	3	3	Accord fort : le vote ou la politique officielle sur le soutien durable à l'Ukraine constitue l'indicateur principal. Niveau de preuve : preuve directe ou politique explicitement documentée.	https://www.gov.uk/government/news/unbreakable-bond-between-uk-and-ukraine-will-continue-under-my-government-26-july-2026
medium	neutral_score_generic_justification	government	Royaume-Uni	89	Santé / fin de vie	Une personne majeure atteinte d'une maladie grave et incurable provoquant des souffrances insupportables devrait pouvoir recevoir une aide médicale à mourir dans un cadre strictement contrôlé.	0	3	Position neutre, partagée ou non arrêtée : le vote, la loi ou la position gouvernementale sur l'aide à mourir fournit un équivalent direct ou très proche. Niveau de preuve : preuve directe ou politique explicitement documentée.	https://www.gov.uk/government/collections/terminally-ill-adults-end-of-life-bill
high	extreme_score_generic_justification	government	Royaume-Uni	92	Numérique / mineurs	L'accès aux réseaux sociaux devrait être interdit aux moins de 15 ans, même avec l'accord de leurs parents.	3	3	Accord fort : le vote ou la politique publique sur l'âge d'accès aux réseaux sociaux permet de distinguer interdiction stricte, autorisation parentale et régulation plus souple. Niveau de preuve : preuve directe ou politique explicitement documentée.	https://www.gov.uk/government/news/social-media-to-be-banned-for-under-16s-in-landmark-government-move-to-givekids-their-childhood-back
medium	neutral_score_generic_justification	government	Danemark	2	Économie	Les inégalités économiques sont acceptables tant qu'elles résultent principalement du travail ou de la prise de risque.	0	2	Position de compromis : Le programme combine baisse de l’impôt sur les sociétés et de certains impôts supérieurs, soutien aux entreprises, plein emploi et renforcement de prestations universelles. Transposition ou inférence prudente.	https://stm.dk/media/rc1ktdmg/det-politiske-grundlag-for-firkloeverregeringen.pdf
medium	neutral_score_generic_justification	government	Danemark	3	Économie	L'État devrait davantage taxer les hauts revenus et les gros patrimoines afin de réduire les inégalités.	0	2	Position de compromis : Le programme combine baisse de l’impôt sur les sociétés et de certains impôts supérieurs, soutien aux entreprises, plein emploi et renforcement de prestations universelles. Transposition ou inférence prudente.	https://stm.dk/media/rc1ktdmg/det-politiske-grundlag-for-firkloeverregeringen.pdf
medium	low_confidence	government	Danemark	5	Économie	Le salaire minimum devrait être augmenté significativement.	-2	1	Désaccord net : le Danemark ne fixe pas de salaire minimum légal national et défend la détermination des salaires par les partenaires sociaux plutôt que par une hausse décidée par la loi.	https://stm.dk/media/rc1ktdmg/det-politiske-grundlag-for-firkloeverregeringen.pdf
high	strong_score_low_confidence	government	Danemark	5	Économie	Le salaire minimum devrait être augmenté significativement.	-2	1	Désaccord net : le Danemark ne fixe pas de salaire minimum légal national et défend la détermination des salaires par les partenaires sociaux plutôt que par une hausse décidée par la loi.	https://stm.dk/media/rc1ktdmg/det-politiske-grundlag-for-firkloeverregeringen.pdf
medium	low_confidence	government	Danemark	7	Économie	L'État devrait pouvoir nationaliser temporairement ou durablement une entreprise privée lorsqu'elle contrôle une activité stratégique pour le pays.	-1	1	Réserve : Le programme combine baisse de l’impôt sur les sociétés et de certains impôts supérieurs, soutien aux entreprises, plein emploi et renforcement de prestations universelles. Position peu explicite ou comparaison institutionnelle limitée.	https://stm.dk/media/rc1ktdmg/det-politiske-grundlag-for-firkloeverregeringen.pdf
medium	low_confidence	government	Danemark	16	Social / société	Réduire les inégalités peut parfois justifier de restreindre certaines libertés individuelles.	-1	1	Réserve : La coalition est socialement progressiste, mais insiste aussi sur la culture commune, la cohésion et les institutions collectives. Position peu explicite ou comparaison institutionnelle limitée.	https://stm.dk/media/rc1ktdmg/det-politiske-grundlag-for-firkloeverregeringen.pdf
medium	low_confidence	government	Danemark	34	Economie	Une partie des cotisations sociales sur les salaires devrait être remplacée par une hausse de la TVA afin d’augmenter les salaires nets et de réduire le coût du travail, même si cela augmente le prix des biens et services consommés	1	1	Le modèle danois finance une part importante de la protection sociale par l’impôt sur la consommation plutôt que par de lourdes cotisations, ce qui va dans le sens de la proposition. Aucune réforme actuelle exactement équivalente identifiée : +1, confiance 1.	https://stm.dk/media/rc1ktdmg/det-politiske-grundlag-for-firkloeverregeringen.pdf
medium	low_confidence	government	Danemark	40	Europe	L'euro est globalement bénéfique pour la France malgré la perte de certains instruments de politique économique.	-2	1	Désaccord net : le Danemark conserve volontairement la couronne danoise et bénéficie d'une dérogation permanente à l'euro. Le choix de rester hors de la monnaie unique indique un désaccord clair avec l'idée que l'euro serait globalement bénéfique malgré la perte d'instruments nationaux, sans pour autant traduire une hostilité générale à l'intégration européenne.	https://stm.dk/media/rc1ktdmg/det-politiske-grundlag-for-firkloeverregeringen.pdf
high	strong_score_low_confidence	government	Danemark	40	Europe	L'euro est globalement bénéfique pour la France malgré la perte de certains instruments de politique économique.	-2	1	Désaccord net : le Danemark conserve volontairement la couronne danoise et bénéficie d'une dérogation permanente à l'euro. Le choix de rester hors de la monnaie unique indique un désaccord clair avec l'idée que l'euro serait globalement bénéfique malgré la perte d'instruments nationaux, sans pour autant traduire une hostilité générale à l'intégration européenne.	https://stm.dk/media/rc1ktdmg/det-politiske-grundlag-for-firkloeverregeringen.pdf
medium	low_confidence	government	Danemark	44	Fiscalité / patrimoine	L'héritage devrait être davantage taxé au-delà d'un certain seuil de patrimoine transmis, même si cela conduit certaines familles à transmettre moins de patrimoine à leurs enfants.	1	1	Accord modéré : le gouvernement relève l’abattement successoral mais augmente aussi la taxation des héritages les plus élevés ; cela va dans le sens d’une taxation accrue au-delà d’un seuil, avec une intensité limitée par le ciblage de la mesure.	https://stm.dk/media/rc1ktdmg/det-politiske-grundlag-for-firkloeverregeringen.pdf
medium	low_confidence	government	Danemark	45	Fiscalité / patrimoine	Les très grandes fortunes devraient être imposées sur leur patrimoine mondial, même lorsqu'elles quittent la France.	-1	1	Réserve : Le programme combine baisse de l’impôt sur les sociétés et de certains impôts supérieurs, soutien aux entreprises, plein emploi et renforcement de prestations universelles. Position peu explicite ou comparaison institutionnelle limitée.	https://stm.dk/media/rc1ktdmg/det-politiske-grundlag-for-firkloeverregeringen.pdf
medium	low_confidence	government	Danemark	48	Travail / chômage	Le CDI protège trop fortement les salariés déjà en poste et peut rendre plus difficile l’accès à l’emploi stable, au détriment des jeunes, chômeurs ou travailleurs en contrats précaires.	1	1	Accord modéré : le modèle danois de flexicurité repose sur une protection de l’emploi permanent plus flexible qu’en France, tout en conservant des préavis et des garanties contre les licenciements injustifiés.	https://stm.dk/media/rc1ktdmg/det-politiske-grundlag-for-firkloeverregeringen.pdf
medium	low_confidence	government	Danemark	54	État / entreprises	L'État devrait davantage utiliser son pouvoir d'actionnaire pour orienter les grandes entreprises françaises vers des objectifs industriels de long terme.	1	1	Accord modéré : Le programme combine baisse de l’impôt sur les sociétés et de certains impôts supérieurs, soutien aux entreprises, plein emploi et renforcement de prestations universelles. Position peu explicite ou comparaison institutionnelle limitée.	https://stm.dk/media/rc1ktdmg/det-politiske-grundlag-for-firkloeverregeringen.pdf
medium	low_confidence	government	Danemark	64	Libertés / expression	Une personne qui tient publiquement des propos profondément offensants mais qui n'appelle ni à la violence ni à commettre une infraction devrait être protégée par la liberté d'expression.	1	1	Accord modéré : La ligne associe sécurité renforcée, État de droit, prévention et protection de la cohésion sociale. Position peu explicite ou comparaison institutionnelle limitée.	https://stm.dk/media/rc1ktdmg/det-politiske-grundlag-for-firkloeverregeringen.pdf
medium	low_confidence	government	Danemark	72	Institutions	Pour certaines décisions économiques complexes, il serait préférable de confier davantage de pouvoir à des institutions indépendantes composées d'experts plutôt qu'aux responsables politiques élus.	1	1	Accord modéré : Le système parlementaire danois privilégie les coalitions, les compromis, les partenaires sociaux et la représentation proportionnelle. Position peu explicite ou comparaison institutionnelle limitée.	https://stm.dk/media/rc1ktdmg/det-politiske-grundlag-for-firkloeverregeringen.pdf
medium	low_confidence	government	Danemark	73	Institutions	Un gouvernement devrait pouvoir prendre une décision économiquement nécessaire mais très impopulaire sans chercher à obtenir l'approbation immédiate de la population.	1	1	Accord modéré : Le système parlementaire danois privilégie les coalitions, les compromis, les partenaires sociaux et la représentation proportionnelle. Position peu explicite ou comparaison institutionnelle limitée.	https://stm.dk/media/rc1ktdmg/det-politiske-grundlag-for-firkloeverregeringen.pdf
medium	low_confidence	government	Danemark	74	Institutions	Le référendum devrait être beaucoup plus utilisé, même lorsque les citoyens votent sur des sujets dont ils maîtrisent mal les aspects techniques.	0	1	Position de compromis : Le système parlementaire danois privilégie les coalitions, les compromis, les partenaires sociaux et la représentation proportionnelle. Position peu explicite ou comparaison institutionnelle limitée.	https://stm.dk/media/rc1ktdmg/det-politiske-grundlag-for-firkloeverregeringen.pdf
medium	low_confidence	government	Danemark	75	Institutions	Il serait acceptable de donner davantage de poids politique aux citoyens qui démontrent un niveau élevé de connaissance du fonctionnement des institutions et de l'économie.	-2	1	Désaccord net : le système politique danois repose sur l’égalité du suffrage et ne prévoit pas de donner davantage de poids politique aux citoyens selon leur niveau de connaissance.	https://stm.dk/media/rc1ktdmg/det-politiske-grundlag-for-firkloeverregeringen.pdf
high	strong_score_low_confidence	government	Danemark	75	Institutions	Il serait acceptable de donner davantage de poids politique aux citoyens qui démontrent un niveau élevé de connaissance du fonctionnement des institutions et de l'économie.	-2	1	Désaccord net : le système politique danois repose sur l’égalité du suffrage et ne prévoit pas de donner davantage de poids politique aux citoyens selon leur niveau de connaissance.	https://stm.dk/media/rc1ktdmg/det-politiske-grundlag-for-firkloeverregeringen.pdf
medium	low_confidence	government	Danemark	76	Institutions	Le président de la République devrait disposer de davantage de pouvoirs pour pouvoir mettre en œuvre un programme pendant cinq ans sans être constamment bloqué par le Parlement.	-2	1	Désaccord net : le gouvernement dépend en permanence du Folketing et ne peut pas gouverner durablement contre une majorité parlementaire ; le modèle danois ne va pas dans le sens d’un exécutif renforcé afin de contourner le Parlement.	https://stm.dk/media/rc1ktdmg/det-politiske-grundlag-for-firkloeverregeringen.pdf
high	strong_score_low_confidence	government	Danemark	76	Institutions	Le président de la République devrait disposer de davantage de pouvoirs pour pouvoir mettre en œuvre un programme pendant cinq ans sans être constamment bloqué par le Parlement.	-2	1	Désaccord net : le gouvernement dépend en permanence du Folketing et ne peut pas gouverner durablement contre une majorité parlementaire ; le modèle danois ne va pas dans le sens d’un exécutif renforcé afin de contourner le Parlement.	https://stm.dk/media/rc1ktdmg/det-politiske-grundlag-for-firkloeverregeringen.pdf
medium	low_confidence	government	Danemark	79	Immigration / délinquance	Les différences de délinquance observées s’expliquent davantage par les inégalités sociales et économiques que par la culture d’origine des personnes concernées.	-1	1	Réserve : Le gouvernement maintient une politique migratoire ferme, l’intégration et les retours, tout en respectant les conventions internationales et l’aide au développement. Position peu explicite ou comparaison institutionnelle limitée.	https://stm.dk/media/rc1ktdmg/det-politiske-grundlag-for-firkloeverregeringen.pdf
high	extreme_score_generic_justification	government	Danemark	82	Santé / assurance maladie	L'Assurance maladie devrait rembourser intégralement les soins essentiels, quitte à réduire fortement le rôle des complémentaires santé.	3	3	Accord fort : le programme de santé retenu permet d'estimer la place accordée à l'assurance publique et aux complémentaires. Niveau de preuve : preuve directe ou politique explicitement documentée.	https://stm.dk/media/rc1ktdmg/det-politiske-grundlag-for-firkloeverregeringen.pdf
medium	low_confidence	government	Danemark	85	Éducation / mixité sociale	Le financement public des établissements privés sous contrat devrait être conditionné à des objectifs mesurables de mixité sociale.	1	1	Accord modéré : la position est estimée à partir des propositions sur l'enseignement privé, son financement et la mixité sociale. Niveau de preuve : estimation prudente à partir de la ligne générale.	https://stm.dk/media/rc1ktdmg/det-politiske-grundlag-for-firkloeverregeringen.pdf
high	extreme_score_generic_justification	government	Danemark	87	Défense / Ukraine	La France devrait continuer à fournir une aide militaire et financière importante à l'Ukraine tant que son territoire reste occupé, même si la guerre se prolonge.	3	3	Accord fort : le vote ou la politique officielle sur le soutien durable à l'Ukraine constitue l'indicateur principal. Niveau de preuve : preuve directe ou politique explicitement documentée.	https://regeringen.dk/aktuelt/nyheder/2025/pressemoede-med-costa-von-der-leyen-og-zelenskyy-den-3-juli-2025/
medium	low_confidence	government	Danemark	89	Santé / fin de vie	Une personne majeure atteinte d'une maladie grave et incurable provoquant des souffrances insupportables devrait pouvoir recevoir une aide médicale à mourir dans un cadre strictement contrôlé.	0	1	Position neutre, partagée ou non arrêtée : le vote, la loi ou la position gouvernementale sur l'aide à mourir fournit un équivalent direct ou très proche. Niveau de preuve : estimation prudente à partir de la ligne générale.	https://regeringen.dk/aktuelt/statsministerens-aabningstale/statsministerens-aabningstale-2023/
medium	neutral_score_generic_justification	government	Danemark	89	Santé / fin de vie	Une personne majeure atteinte d'une maladie grave et incurable provoquant des souffrances insupportables devrait pouvoir recevoir une aide médicale à mourir dans un cadre strictement contrôlé.	0	1	Position neutre, partagée ou non arrêtée : le vote, la loi ou la position gouvernementale sur l'aide à mourir fournit un équivalent direct ou très proche. Niveau de preuve : estimation prudente à partir de la ligne générale.	https://regeringen.dk/aktuelt/statsministerens-aabningstale/statsministerens-aabningstale-2023/
medium	low_confidence	government	Pays-Bas	2	Économie	Les inégalités économiques sont acceptables tant qu'elles résultent principalement du travail ou de la prise de risque.	1	1	Accord modéré : codage fondé sur les documents officiels retenus pour le thème « Économie ». Niveau de preuve : analogie prudente, sans proposition parfaitement équivalente.	https://www.government.nl/site/binaries/site-content/collections/documents/2026/02/23/2026-2030-coalition-agreement-lets-get-to-work---building-a-better-netherlands/2026-2030-coalition-agreement-let%E2%80%99s-get-to-work-building-a-better-netherlands.pdf
medium	low_confidence	government	Pays-Bas	3	Économie	L'État devrait davantage taxer les hauts revenus et les gros patrimoines afin de réduire les inégalités.	-1	1	Réserve : codage fondé sur les documents officiels retenus pour le thème « Économie ». Niveau de preuve : analogie prudente, sans proposition parfaitement équivalente.	https://www.government.nl/site/binaries/site-content/collections/documents/2026/02/23/2026-2030-coalition-agreement-lets-get-to-work---building-a-better-netherlands/2026-2030-coalition-agreement-let%E2%80%99s-get-to-work-building-a-better-netherlands.pdf
medium	low_confidence	government	Pays-Bas	5	Économie	Le salaire minimum devrait être augmenté significativement.	1	1	Accord modéré : codage fondé sur les documents officiels retenus pour le thème « Économie ». Niveau de preuve : analogie prudente, sans proposition parfaitement équivalente.	https://www.government.nl/site/binaries/site-content/collections/documents/2026/02/23/2026-2030-coalition-agreement-lets-get-to-work---building-a-better-netherlands/2026-2030-coalition-agreement-let%E2%80%99s-get-to-work-building-a-better-netherlands.pdf
medium	low_confidence	government	Pays-Bas	6	Économie	Les entreprises privées sont généralement plus efficaces que l'État pour fournir des biens et services, même dans certains secteurs essentiels.	2	1	Accord net : codage fondé sur les documents officiels retenus pour le thème « Économie ». Niveau de preuve : analogie prudente, sans proposition parfaitement équivalente.	https://www.government.nl/site/binaries/site-content/collections/documents/2026/02/23/2026-2030-coalition-agreement-lets-get-to-work---building-a-better-netherlands/2026-2030-coalition-agreement-let%E2%80%99s-get-to-work-building-a-better-netherlands.pdf
high	strong_score_low_confidence	government	Pays-Bas	6	Économie	Les entreprises privées sont généralement plus efficaces que l'État pour fournir des biens et services, même dans certains secteurs essentiels.	2	1	Accord net : codage fondé sur les documents officiels retenus pour le thème « Économie ». Niveau de preuve : analogie prudente, sans proposition parfaitement équivalente.	https://www.government.nl/site/binaries/site-content/collections/documents/2026/02/23/2026-2030-coalition-agreement-lets-get-to-work---building-a-better-netherlands/2026-2030-coalition-agreement-let%E2%80%99s-get-to-work-building-a-better-netherlands.pdf
medium	low_confidence	government	Pays-Bas	7	Économie	L'État devrait pouvoir nationaliser temporairement ou durablement une entreprise privée lorsqu'elle contrôle une activité stratégique pour le pays.	1	1	Accord modéré : codage fondé sur les documents officiels retenus pour le thème « Économie ». Niveau de preuve : analogie prudente, sans proposition parfaitement équivalente.	https://www.government.nl/site/binaries/site-content/collections/documents/2026/02/23/2026-2030-coalition-agreement-lets-get-to-work---building-a-better-netherlands/2026-2030-coalition-agreement-let%E2%80%99s-get-to-work-building-a-better-netherlands.pdf
medium	low_confidence	government	Pays-Bas	8	Économie	La concurrence est généralement préférable à la réglementation pour améliorer les prix, la qualité et l'innovation.	2	1	Accord net : codage fondé sur les documents officiels retenus pour le thème « Économie ». Niveau de preuve : analogie prudente, sans proposition parfaitement équivalente.	https://www.government.nl/site/binaries/site-content/collections/documents/2026/02/23/2026-2030-coalition-agreement-lets-get-to-work---building-a-better-netherlands/2026-2030-coalition-agreement-let%E2%80%99s-get-to-work-building-a-better-netherlands.pdf
high	strong_score_low_confidence	government	Pays-Bas	8	Économie	La concurrence est généralement préférable à la réglementation pour améliorer les prix, la qualité et l'innovation.	2	1	Accord net : codage fondé sur les documents officiels retenus pour le thème « Économie ». Niveau de preuve : analogie prudente, sans proposition parfaitement équivalente.	https://www.government.nl/site/binaries/site-content/collections/documents/2026/02/23/2026-2030-coalition-agreement-lets-get-to-work---building-a-better-netherlands/2026-2030-coalition-agreement-let%E2%80%99s-get-to-work-building-a-better-netherlands.pdf
medium	low_confidence	government	Pays-Bas	10	État	L'État devrait garantir un niveau élevé de protection sociale, même si cela implique une fiscalité importante.	1	1	Accord modéré : codage fondé sur les documents officiels retenus pour le thème « État ». Niveau de preuve : analogie prudente, sans proposition parfaitement équivalente.	https://www.government.nl/site/binaries/site-content/collections/documents/2026/02/23/2026-2030-coalition-agreement-lets-get-to-work---building-a-better-netherlands/2026-2030-coalition-agreement-let%E2%80%99s-get-to-work-building-a-better-netherlands.pdf
medium	low_confidence	government	Pays-Bas	12	État	L'État devrait intervenir beaucoup plus fortement dans l'économie lorsque le marché produit des résultats jugés socialement indésirables.	1	1	Accord modéré : codage fondé sur les documents officiels retenus pour le thème « État ». Niveau de preuve : analogie prudente, sans proposition parfaitement équivalente.	https://www.government.nl/site/binaries/site-content/collections/documents/2026/02/23/2026-2030-coalition-agreement-lets-get-to-work---building-a-better-netherlands/2026-2030-coalition-agreement-let%E2%80%99s-get-to-work-building-a-better-netherlands.pdf
medium	low_confidence	government	Pays-Bas	13	État	Les citoyens devraient avoir davantage de liberté pour choisir eux-mêmes comment utiliser leur argent plutôt que de passer par des systèmes publics obligatoires.	1	1	Accord modéré : codage fondé sur les documents officiels retenus pour le thème « État ». Niveau de preuve : analogie prudente, sans proposition parfaitement équivalente.	https://www.government.nl/site/binaries/site-content/collections/documents/2026/02/23/2026-2030-coalition-agreement-lets-get-to-work---building-a-better-netherlands/2026-2030-coalition-agreement-let%E2%80%99s-get-to-work-building-a-better-netherlands.pdf
medium	low_confidence	government	Pays-Bas	16	Social / société	Réduire les inégalités peut parfois justifier de restreindre certaines libertés individuelles.	-2	1	Désaccord net : codage fondé sur les documents officiels retenus pour le thème « Social / société ». Niveau de preuve : analogie prudente, sans proposition parfaitement équivalente.	https://www.government.nl/site/binaries/site-content/collections/documents/2026/02/23/2026-2030-coalition-agreement-lets-get-to-work---building-a-better-netherlands/2026-2030-coalition-agreement-let%E2%80%99s-get-to-work-building-a-better-netherlands.pdf
high	strong_score_low_confidence	government	Pays-Bas	16	Social / société	Réduire les inégalités peut parfois justifier de restreindre certaines libertés individuelles.	-2	1	Désaccord net : codage fondé sur les documents officiels retenus pour le thème « Social / société ». Niveau de preuve : analogie prudente, sans proposition parfaitement équivalente.	https://www.government.nl/site/binaries/site-content/collections/documents/2026/02/23/2026-2030-coalition-agreement-lets-get-to-work---building-a-better-netherlands/2026-2030-coalition-agreement-let%E2%80%99s-get-to-work-building-a-better-netherlands.pdf
medium	low_confidence	government	Pays-Bas	19	Social / société	Certaines traditions et valeurs culturelles méritent d'être préservées même si elles évoluent moins vite que la société.	1	1	Accord modéré : codage fondé sur les documents officiels retenus pour le thème « Social / société ». Niveau de preuve : analogie prudente, sans proposition parfaitement équivalente.	https://www.government.nl/site/binaries/site-content/collections/documents/2026/02/23/2026-2030-coalition-agreement-lets-get-to-work---building-a-better-netherlands/2026-2030-coalition-agreement-let%E2%80%99s-get-to-work-building-a-better-netherlands.pdf
high	extreme_score_generic_justification	government	Pays-Bas	24	Immigration	La France devrait être beaucoup plus stricte concernant l'expulsion des étrangers condamnés pour des crimes graves.	3	3	Accord fort : codage fondé sur les documents officiels retenus pour le thème « Immigration ». Niveau de preuve : position ou mesure explicitement documentée.	https://www.government.nl/site/binaries/site-content/collections/documents/2026/02/23/2026-2030-coalition-agreement-lets-get-to-work---building-a-better-netherlands/2026-2030-coalition-agreement-let%E2%80%99s-get-to-work-building-a-better-netherlands.pdf
medium	low_confidence	government	Pays-Bas	25	Immigration	Même lorsque l'immigration est économiquement bénéfique, elle peut être légitimement limitée pour préserver la cohésion culturelle du pays.	1	1	Accord modéré : codage fondé sur les documents officiels retenus pour le thème « Immigration ». Niveau de preuve : analogie prudente, sans proposition parfaitement équivalente.	https://www.government.nl/site/binaries/site-content/collections/documents/2026/02/23/2026-2030-coalition-agreement-lets-get-to-work---building-a-better-netherlands/2026-2030-coalition-agreement-let%E2%80%99s-get-to-work-building-a-better-netherlands.pdf
medium	neutral_score_generic_justification	government	Pays-Bas	26	Immigration	La France devrait accueillir davantage de réfugiés lorsqu'ils fuient une guerre ou une persécution, même si cela représente un coût économique.	0	3	Position neutre, partagée ou non arrêtée : codage fondé sur les documents officiels retenus pour le thème « Immigration ». Niveau de preuve : position ou mesure explicitement documentée.	https://www.government.nl/site/binaries/site-content/collections/documents/2026/02/23/2026-2030-coalition-agreement-lets-get-to-work---building-a-better-netherlands/2026-2030-coalition-agreement-let%E2%80%99s-get-to-work-building-a-better-netherlands.pdf
medium	low_confidence	government	Pays-Bas	27	Sécurité / justice	Les peines de prison effectives devraient être plus sévères, même si cela augmente fortement la population carcérale.	1	1	Accord modéré : codage fondé sur les documents officiels retenus pour le thème « Sécurité / justice ». Niveau de preuve : analogie prudente, sans proposition parfaitement équivalente.	https://www.government.nl/site/binaries/site-content/collections/documents/2026/02/23/2026-2030-coalition-agreement-lets-get-to-work---building-a-better-netherlands/2026-2030-coalition-agreement-let%E2%80%99s-get-to-work-building-a-better-netherlands.pdf
medium	low_confidence	government	Pays-Bas	28	Sécurité / justice	Il vaut mieux investir dans la prévention et la réinsertion que dans l'augmentation des sanctions.	2	1	Accord net : codage fondé sur les documents officiels retenus pour le thème « Sécurité / justice ». Niveau de preuve : analogie prudente, sans proposition parfaitement équivalente.	https://www.government.nl/site/binaries/site-content/collections/documents/2026/02/23/2026-2030-coalition-agreement-lets-get-to-work---building-a-better-netherlands/2026-2030-coalition-agreement-let%E2%80%99s-get-to-work-building-a-better-netherlands.pdf
high	strong_score_low_confidence	government	Pays-Bas	28	Sécurité / justice	Il vaut mieux investir dans la prévention et la réinsertion que dans l'augmentation des sanctions.	2	1	Accord net : codage fondé sur les documents officiels retenus pour le thème « Sécurité / justice ». Niveau de preuve : analogie prudente, sans proposition parfaitement équivalente.	https://www.government.nl/site/binaries/site-content/collections/documents/2026/02/23/2026-2030-coalition-agreement-lets-get-to-work---building-a-better-netherlands/2026-2030-coalition-agreement-let%E2%80%99s-get-to-work-building-a-better-netherlands.pdf
medium	low_confidence	government	Pays-Bas	34	Economie	Une partie des cotisations sociales sur les salaires devrait être remplacée par une hausse de la TVA afin d’augmenter les salaires nets et de réduire le coût du travail, même si cela augmente le prix des biens et services consommés	0	1	Le programme de coalition actuel ne fournit pas de position suffisamment précise sur une substitution de cotisations sociales par la TVA. Score neutre, confiance 1.	https://www.government.nl/documents/publications/2026/02/23/2026-2030-coalition-agreement-lets-get-to-work-building-a-better-netherlands
medium	low_confidence	government	Pays-Bas	37	Écologie	Les pays riches devraient supporter une part prépondérante du coût de la transition écologique mondiale.	2	1	Accord net : codage fondé sur les documents officiels retenus pour le thème « Écologie ». Niveau de preuve : analogie prudente, sans proposition parfaitement équivalente.	https://www.government.nl/site/binaries/site-content/collections/documents/2026/02/23/2026-2030-coalition-agreement-lets-get-to-work---building-a-better-netherlands/2026-2030-coalition-agreement-let%E2%80%99s-get-to-work-building-a-better-netherlands.pdf
high	strong_score_low_confidence	government	Pays-Bas	37	Écologie	Les pays riches devraient supporter une part prépondérante du coût de la transition écologique mondiale.	2	1	Accord net : codage fondé sur les documents officiels retenus pour le thème « Écologie ». Niveau de preuve : analogie prudente, sans proposition parfaitement équivalente.	https://www.government.nl/site/binaries/site-content/collections/documents/2026/02/23/2026-2030-coalition-agreement-lets-get-to-work---building-a-better-netherlands/2026-2030-coalition-agreement-let%E2%80%99s-get-to-work-building-a-better-netherlands.pdf
high	extreme_score_generic_justification	government	Pays-Bas	40	Europe	L'euro est globalement bénéfique pour la France malgré la perte de certains instruments de politique économique.	3	3	Accord fort : codage fondé sur les documents officiels retenus pour le thème « Europe ». Niveau de preuve : position ou mesure explicitement documentée.	https://www.government.nl/site/binaries/site-content/collections/documents/2026/02/23/2026-2030-coalition-agreement-lets-get-to-work---building-a-better-netherlands/2026-2030-coalition-agreement-let%E2%80%99s-get-to-work-building-a-better-netherlands.pdf
high	extreme_score_generic_justification	government	Pays-Bas	42	Europe	En cas de conflit entre les intérêts économiques français et les règles européennes, la France devrait pouvoir désobéir à certaines règles européennes.	-3	3	Désaccord fort : codage fondé sur les documents officiels retenus pour le thème « Europe ». Niveau de preuve : position ou mesure explicitement documentée.	https://www.government.nl/site/binaries/site-content/collections/documents/2026/02/23/2026-2030-coalition-agreement-lets-get-to-work---building-a-better-netherlands/2026-2030-coalition-agreement-let%E2%80%99s-get-to-work-building-a-better-netherlands.pdf
medium	low_confidence	government	Pays-Bas	44	Fiscalité / patrimoine	L'héritage devrait être davantage taxé au-delà d'un certain seuil de patrimoine transmis, même si cela conduit certaines familles à transmettre moins de patrimoine à leurs enfants.	0	1	Position neutre, partagée ou non arrêtée : codage fondé sur les documents officiels retenus pour le thème « Fiscalité / patrimoine ». Niveau de preuve : analogie prudente, sans proposition parfaitement équivalente.	https://www.government.nl/site/binaries/site-content/collections/documents/2026/02/23/2026-2030-coalition-agreement-lets-get-to-work---building-a-better-netherlands/2026-2030-coalition-agreement-let%E2%80%99s-get-to-work-building-a-better-netherlands.pdf
medium	neutral_score_generic_justification	government	Pays-Bas	44	Fiscalité / patrimoine	L'héritage devrait être davantage taxé au-delà d'un certain seuil de patrimoine transmis, même si cela conduit certaines familles à transmettre moins de patrimoine à leurs enfants.	0	1	Position neutre, partagée ou non arrêtée : codage fondé sur les documents officiels retenus pour le thème « Fiscalité / patrimoine ». Niveau de preuve : analogie prudente, sans proposition parfaitement équivalente.	https://www.government.nl/site/binaries/site-content/collections/documents/2026/02/23/2026-2030-coalition-agreement-lets-get-to-work---building-a-better-netherlands/2026-2030-coalition-agreement-let%E2%80%99s-get-to-work-building-a-better-netherlands.pdf
medium	low_confidence	government	Pays-Bas	45	Fiscalité / patrimoine	Les très grandes fortunes devraient être imposées sur leur patrimoine mondial, même lorsqu'elles quittent la France.	0	1	Position neutre, partagée ou non arrêtée : codage fondé sur les documents officiels retenus pour le thème « Fiscalité / patrimoine ». Niveau de preuve : analogie prudente, sans proposition parfaitement équivalente.	https://www.government.nl/site/binaries/site-content/collections/documents/2026/02/23/2026-2030-coalition-agreement-lets-get-to-work---building-a-better-netherlands/2026-2030-coalition-agreement-let%E2%80%99s-get-to-work-building-a-better-netherlands.pdf
medium	neutral_score_generic_justification	government	Pays-Bas	45	Fiscalité / patrimoine	Les très grandes fortunes devraient être imposées sur leur patrimoine mondial, même lorsqu'elles quittent la France.	0	1	Position neutre, partagée ou non arrêtée : codage fondé sur les documents officiels retenus pour le thème « Fiscalité / patrimoine ». Niveau de preuve : analogie prudente, sans proposition parfaitement équivalente.	https://www.government.nl/site/binaries/site-content/collections/documents/2026/02/23/2026-2030-coalition-agreement-lets-get-to-work---building-a-better-netherlands/2026-2030-coalition-agreement-let%E2%80%99s-get-to-work-building-a-better-netherlands.pdf
high	extreme_score_generic_justification	government	Pays-Bas	49	Retraites	Les retraites devraient être progressivement réformées vers un système combinant répartition et capitalisation, même si cela implique une période de transition coûteuse.	3	3	Accord fort : codage fondé sur les documents officiels retenus pour le thème « Retraites ». Niveau de preuve : position ou mesure explicitement documentée.	https://www.government.nl/site/binaries/site-content/collections/documents/2026/02/23/2026-2030-coalition-agreement-lets-get-to-work---building-a-better-netherlands/2026-2030-coalition-agreement-let%E2%80%99s-get-to-work-building-a-better-netherlands.pdf
high	extreme_score_generic_justification	government	Pays-Bas	50	Retraites	L'âge légal de départ à la retraite devrait être automatiquement indexé sur l'espérance de vie nationale.	3	3	Accord fort : codage fondé sur les documents officiels retenus pour le thème « Retraites ». Niveau de preuve : position ou mesure explicitement documentée.	https://www.government.nl/site/binaries/site-content/collections/documents/2026/02/23/2026-2030-coalition-agreement-lets-get-to-work---building-a-better-netherlands/2026-2030-coalition-agreement-let%E2%80%99s-get-to-work-building-a-better-netherlands.pdf
medium	low_confidence	government	Pays-Bas	53	État / entreprises	Une entreprise qui reçoit plusieurs milliards d'euros d'aides publiques devrait pouvoir être contrainte de limiter ses dividendes et les rémunérations de ses dirigeants tant que l'aide n'est pas remboursée.	1	1	Accord modéré : codage fondé sur les documents officiels retenus pour le thème « État / entreprises ». Niveau de preuve : analogie prudente, sans proposition parfaitement équivalente.	https://www.government.nl/site/binaries/site-content/collections/documents/2026/02/23/2026-2030-coalition-agreement-lets-get-to-work---building-a-better-netherlands/2026-2030-coalition-agreement-let%E2%80%99s-get-to-work-building-a-better-netherlands.pdf
medium	low_confidence	government	Pays-Bas	54	État / entreprises	L'État devrait davantage utiliser son pouvoir d'actionnaire pour orienter les grandes entreprises françaises vers des objectifs industriels de long terme.	1	1	Accord modéré : codage fondé sur les documents officiels retenus pour le thème « État / entreprises ». Niveau de preuve : analogie prudente, sans proposition parfaitement équivalente.	https://www.government.nl/site/binaries/site-content/collections/documents/2026/02/23/2026-2030-coalition-agreement-lets-get-to-work---building-a-better-netherlands/2026-2030-coalition-agreement-let%E2%80%99s-get-to-work-building-a-better-netherlands.pdf
high	extreme_score_generic_justification	government	Pays-Bas	58	Immigration / assimilation	La France devrait privilégier l'immigration économique qualifiée, même si cela signifie accueillir moins de personnes peu qualifiées.	3	3	Accord fort : codage fondé sur les documents officiels retenus pour le thème « Immigration / assimilation ». Niveau de preuve : position ou mesure explicitement documentée.	https://www.government.nl/site/binaries/site-content/collections/documents/2026/02/23/2026-2030-coalition-agreement-lets-get-to-work---building-a-better-netherlands/2026-2030-coalition-agreement-let%E2%80%99s-get-to-work-building-a-better-netherlands.pdf
medium	low_confidence	government	Pays-Bas	61	Immigration / assimilation	Le fait de conserver des pratiques culturelles ou religieuses très différentes de celles de la majorité française n'est pas en soi un problème tant que les lois françaises sont respectées.	2	1	Accord net : codage fondé sur les documents officiels retenus pour le thème « Immigration / assimilation ». Niveau de preuve : analogie prudente, sans proposition parfaitement équivalente.	https://www.government.nl/site/binaries/site-content/collections/documents/2026/02/23/2026-2030-coalition-agreement-lets-get-to-work---building-a-better-netherlands/2026-2030-coalition-agreement-let%E2%80%99s-get-to-work-building-a-better-netherlands.pdf
high	strong_score_low_confidence	government	Pays-Bas	61	Immigration / assimilation	Le fait de conserver des pratiques culturelles ou religieuses très différentes de celles de la majorité française n'est pas en soi un problème tant que les lois françaises sont respectées.	2	1	Accord net : codage fondé sur les documents officiels retenus pour le thème « Immigration / assimilation ». Niveau de preuve : analogie prudente, sans proposition parfaitement équivalente.	https://www.government.nl/site/binaries/site-content/collections/documents/2026/02/23/2026-2030-coalition-agreement-lets-get-to-work---building-a-better-netherlands/2026-2030-coalition-agreement-let%E2%80%99s-get-to-work-building-a-better-netherlands.pdf
medium	low_confidence	government	Pays-Bas	64	Libertés / expression	Une personne qui tient publiquement des propos profondément offensants mais qui n'appelle ni à la violence ni à commettre une infraction devrait être protégée par la liberté d'expression.	2	1	Accord net : codage fondé sur les documents officiels retenus pour le thème « Libertés / expression ». Niveau de preuve : analogie prudente, sans proposition parfaitement équivalente.	https://www.government.nl/site/binaries/site-content/collections/documents/2026/02/23/2026-2030-coalition-agreement-lets-get-to-work---building-a-better-netherlands/2026-2030-coalition-agreement-let%E2%80%99s-get-to-work-building-a-better-netherlands.pdf
high	strong_score_low_confidence	government	Pays-Bas	64	Libertés / expression	Une personne qui tient publiquement des propos profondément offensants mais qui n'appelle ni à la violence ni à commettre une infraction devrait être protégée par la liberté d'expression.	2	1	Accord net : codage fondé sur les documents officiels retenus pour le thème « Libertés / expression ». Niveau de preuve : analogie prudente, sans proposition parfaitement équivalente.	https://www.government.nl/site/binaries/site-content/collections/documents/2026/02/23/2026-2030-coalition-agreement-lets-get-to-work---building-a-better-netherlands/2026-2030-coalition-agreement-let%E2%80%99s-get-to-work-building-a-better-netherlands.pdf
medium	low_confidence	government	Pays-Bas	66	Sécurité	Lorsqu’un conducteur refuse d’obtempérer et prend la fuite, les policiers devraient pouvoir utiliser leur arme à feu même si le danger pour leur vie n’est pas immédiat.	-2	1	Désaccord net : codage fondé sur les documents officiels retenus pour le thème « Sécurité ». Niveau de preuve : analogie prudente, sans proposition parfaitement équivalente.	https://www.government.nl/site/binaries/site-content/collections/documents/2026/02/23/2026-2030-coalition-agreement-lets-get-to-work---building-a-better-netherlands/2026-2030-coalition-agreement-let%E2%80%99s-get-to-work-building-a-better-netherlands.pdf
high	strong_score_low_confidence	government	Pays-Bas	66	Sécurité	Lorsqu’un conducteur refuse d’obtempérer et prend la fuite, les policiers devraient pouvoir utiliser leur arme à feu même si le danger pour leur vie n’est pas immédiat.	-2	1	Désaccord net : codage fondé sur les documents officiels retenus pour le thème « Sécurité ». Niveau de preuve : analogie prudente, sans proposition parfaitement équivalente.	https://www.government.nl/site/binaries/site-content/collections/documents/2026/02/23/2026-2030-coalition-agreement-lets-get-to-work---building-a-better-netherlands/2026-2030-coalition-agreement-let%E2%80%99s-get-to-work-building-a-better-netherlands.pdf
medium	low_confidence	government	Pays-Bas	69	Écologie	Il faut privilégier le nucléaire même si cela conduit à réduire certains investissements dans les renouvelables.	0	1	Position neutre, partagée ou non arrêtée : codage fondé sur les documents officiels retenus pour le thème « Écologie ». Niveau de preuve : analogie prudente, sans proposition parfaitement équivalente.	https://www.government.nl/site/binaries/site-content/collections/documents/2026/02/23/2026-2030-coalition-agreement-lets-get-to-work---building-a-better-netherlands/2026-2030-coalition-agreement-let%E2%80%99s-get-to-work-building-a-better-netherlands.pdf
medium	neutral_score_generic_justification	government	Pays-Bas	69	Écologie	Il faut privilégier le nucléaire même si cela conduit à réduire certains investissements dans les renouvelables.	0	1	Position neutre, partagée ou non arrêtée : codage fondé sur les documents officiels retenus pour le thème « Écologie ». Niveau de preuve : analogie prudente, sans proposition parfaitement équivalente.	https://www.government.nl/site/binaries/site-content/collections/documents/2026/02/23/2026-2030-coalition-agreement-lets-get-to-work---building-a-better-netherlands/2026-2030-coalition-agreement-let%E2%80%99s-get-to-work-building-a-better-netherlands.pdf
medium	low_confidence	government	Pays-Bas	72	Institutions	Pour certaines décisions économiques complexes, il serait préférable de confier davantage de pouvoir à des institutions indépendantes composées d'experts plutôt qu'aux responsables politiques élus.	1	1	Accord modéré : codage fondé sur les documents officiels retenus pour le thème « Institutions ». Niveau de preuve : analogie prudente, sans proposition parfaitement équivalente.	https://www.government.nl/site/binaries/site-content/collections/documents/2026/02/23/2026-2030-coalition-agreement-lets-get-to-work---building-a-better-netherlands/2026-2030-coalition-agreement-let%E2%80%99s-get-to-work-building-a-better-netherlands.pdf
medium	low_confidence	government	Pays-Bas	73	Institutions	Un gouvernement devrait pouvoir prendre une décision économiquement nécessaire mais très impopulaire sans chercher à obtenir l'approbation immédiate de la population.	1	1	Accord modéré : codage fondé sur les documents officiels retenus pour le thème « Institutions ». Niveau de preuve : analogie prudente, sans proposition parfaitement équivalente.	https://www.government.nl/site/binaries/site-content/collections/documents/2026/02/23/2026-2030-coalition-agreement-lets-get-to-work---building-a-better-netherlands/2026-2030-coalition-agreement-let%E2%80%99s-get-to-work-building-a-better-netherlands.pdf
medium	low_confidence	government	Pays-Bas	74	Institutions	Le référendum devrait être beaucoup plus utilisé, même lorsque les citoyens votent sur des sujets dont ils maîtrisent mal les aspects techniques.	-1	1	Réserve : codage fondé sur les documents officiels retenus pour le thème « Institutions ». Niveau de preuve : analogie prudente, sans proposition parfaitement équivalente.	https://www.government.nl/site/binaries/site-content/collections/documents/2026/02/23/2026-2030-coalition-agreement-lets-get-to-work---building-a-better-netherlands/2026-2030-coalition-agreement-let%E2%80%99s-get-to-work-building-a-better-netherlands.pdf
medium	low_confidence	government	Pays-Bas	75	Institutions	Il serait acceptable de donner davantage de poids politique aux citoyens qui démontrent un niveau élevé de connaissance du fonctionnement des institutions et de l'économie.	-2	1	Désaccord net : codage fondé sur les documents officiels retenus pour le thème « Institutions ». Niveau de preuve : analogie prudente, sans proposition parfaitement équivalente.	https://www.government.nl/site/binaries/site-content/collections/documents/2026/02/23/2026-2030-coalition-agreement-lets-get-to-work---building-a-better-netherlands/2026-2030-coalition-agreement-let%E2%80%99s-get-to-work-building-a-better-netherlands.pdf
high	strong_score_low_confidence	government	Pays-Bas	75	Institutions	Il serait acceptable de donner davantage de poids politique aux citoyens qui démontrent un niveau élevé de connaissance du fonctionnement des institutions et de l'économie.	-2	1	Désaccord net : codage fondé sur les documents officiels retenus pour le thème « Institutions ». Niveau de preuve : analogie prudente, sans proposition parfaitement équivalente.	https://www.government.nl/site/binaries/site-content/collections/documents/2026/02/23/2026-2030-coalition-agreement-lets-get-to-work---building-a-better-netherlands/2026-2030-coalition-agreement-let%E2%80%99s-get-to-work-building-a-better-netherlands.pdf
high	extreme_score_generic_justification	government	Pays-Bas	77	Institutions	La proportionnelle intégrale serait préférable au système actuel, même si elle rendait plus fréquentes les coalitions et les gouvernements instables.	3	3	Accord fort : codage fondé sur les documents officiels retenus pour le thème « Institutions ». Niveau de preuve : position ou mesure explicitement documentée.	https://www.government.nl/site/binaries/site-content/collections/documents/2026/02/23/2026-2030-coalition-agreement-lets-get-to-work---building-a-better-netherlands/2026-2030-coalition-agreement-let%E2%80%99s-get-to-work-building-a-better-netherlands.pdf
high	extreme_score_generic_justification	government	Pays-Bas	78	Immigration / assimilation	Le droit de séjour durable en France devrait dépendre, sauf impossibilité particulière, d’efforts concrets pour apprendre le français, comprendre les règles et usages du pays et participer à la vie collective.	3	3	Accord fort : codage fondé sur les documents officiels retenus pour le thème « Immigration / assimilation ». Niveau de preuve : position ou mesure explicitement documentée.	https://www.government.nl/site/binaries/site-content/collections/documents/2026/02/23/2026-2030-coalition-agreement-lets-get-to-work---building-a-better-netherlands/2026-2030-coalition-agreement-let%E2%80%99s-get-to-work-building-a-better-netherlands.pdf
medium	low_confidence	government	Pays-Bas	79	Immigration / délinquance	Les différences de délinquance observées s’expliquent davantage par les inégalités sociales et économiques que par la culture d’origine des personnes concernées.	1	1	Accord modéré : codage fondé sur les documents officiels retenus pour le thème « Immigration / délinquance ». Niveau de preuve : analogie prudente, sans proposition parfaitement équivalente.	https://www.government.nl/site/binaries/site-content/collections/documents/2026/02/23/2026-2030-coalition-agreement-lets-get-to-work---building-a-better-netherlands/2026-2030-coalition-agreement-let%E2%80%99s-get-to-work-building-a-better-netherlands.pdf
medium	low_confidence	government	Pays-Bas	80	Écologie / agriculture	La France devrait interdire aux agriculteurs l’usage d’un produit jugé trop polluant, même si cette interdiction les désavantage face à des concurrents étrangers qui peuvent encore l’utiliser.	1	1	Accord modéré : le gouvernement veut réduire l'usage des produits polluants mais défend aussi l'harmonisation européenne et la compétitivité agricole ; il accepte donc la contrainte sans soutenir clairement un désavantage national marqué.	https://www.government.nl/site/binaries/site-content/collections/documents/2026/02/23/2026-2030-coalition-agreement-lets-get-to-work---building-a-better-netherlands/2026-2030-coalition-agreement-let%E2%80%99s-get-to-work-building-a-better-netherlands.pdf
medium	low_confidence	government	Pays-Bas	81	Santé / accès aux soins	Dans les zones où l'accès aux soins est insuffisant, l'Assurance maladie devrait pouvoir limiter le conventionnement de nouveaux médecins dans les zones déjà bien dotées afin d'encourager leur installation dans les déserts médicaux.	1	1	Accord modéré : codage fondé sur les documents officiels retenus pour le thème « Santé / accès aux soins ». Niveau de preuve : analogie prudente, sans proposition parfaitement équivalente.	https://www.government.nl/site/binaries/site-content/collections/documents/2026/02/23/2026-2030-coalition-agreement-lets-get-to-work---building-a-better-netherlands/2026-2030-coalition-agreement-let%E2%80%99s-get-to-work-building-a-better-netherlands.pdf
medium	low_confidence	government	Pays-Bas	83	Santé / hôpital	Il faut accepter de fermer ou regrouper certaines petites maternités et certains services d'urgence afin de concentrer les équipes et les équipements dans des établissements plus importants.	2	1	Accord net : codage fondé sur les documents officiels retenus pour le thème « Santé / hôpital ». Niveau de preuve : analogie prudente, sans proposition parfaitement équivalente.	https://www.government.nl/site/binaries/site-content/collections/documents/2026/02/23/2026-2030-coalition-agreement-lets-get-to-work---building-a-better-netherlands/2026-2030-coalition-agreement-let%E2%80%99s-get-to-work-building-a-better-netherlands.pdf
high	strong_score_low_confidence	government	Pays-Bas	83	Santé / hôpital	Il faut accepter de fermer ou regrouper certaines petites maternités et certains services d'urgence afin de concentrer les équipes et les équipements dans des établissements plus importants.	2	1	Accord net : codage fondé sur les documents officiels retenus pour le thème « Santé / hôpital ». Niveau de preuve : analogie prudente, sans proposition parfaitement équivalente.	https://www.government.nl/site/binaries/site-content/collections/documents/2026/02/23/2026-2030-coalition-agreement-lets-get-to-work---building-a-better-netherlands/2026-2030-coalition-agreement-let%E2%80%99s-get-to-work-building-a-better-netherlands.pdf
medium	low_confidence	government	Pays-Bas	85	Éducation / mixité sociale	Le financement public des établissements privés sous contrat devrait être conditionné à des objectifs mesurables de mixité sociale.	0	1	Position neutre : les écoles privées peuvent recevoir un financement public sous des conditions générales de qualité et de fonctionnement, mais aucun objectif national directement comparable de mixité sociale conditionnant ce financement n’est établi.	https://www.government.nl/site/binaries/site-content/collections/documents/2026/02/23/2026-2030-coalition-agreement-lets-get-to-work---building-a-better-netherlands/2026-2030-coalition-agreement-let%E2%80%99s-get-to-work-building-a-better-netherlands.pdf
medium	low_confidence	government	Pays-Bas	86	Logement / locations touristiques	Dans les zones où le logement manque, une commune devrait pouvoir interdire la location touristique régulière d'un logement qui n'est pas la résidence principale de son propriétaire.	2	1	Accord net : note conservée comme estimation, mais aucune interdiction municipale directement équivalente des locations touristiques n’est formulée dans l’accord de coalition.	https://www.government.nl/site/binaries/site-content/collections/documents/2026/02/23/2026-2030-coalition-agreement-lets-get-to-work---building-a-better-netherlands/2026-2030-coalition-agreement-let%E2%80%99s-get-to-work-building-a-better-netherlands.pdf
high	strong_score_low_confidence	government	Pays-Bas	86	Logement / locations touristiques	Dans les zones où le logement manque, une commune devrait pouvoir interdire la location touristique régulière d'un logement qui n'est pas la résidence principale de son propriétaire.	2	1	Accord net : note conservée comme estimation, mais aucune interdiction municipale directement équivalente des locations touristiques n’est formulée dans l’accord de coalition.	https://www.government.nl/site/binaries/site-content/collections/documents/2026/02/23/2026-2030-coalition-agreement-lets-get-to-work---building-a-better-netherlands/2026-2030-coalition-agreement-let%E2%80%99s-get-to-work-building-a-better-netherlands.pdf
high	extreme_score_generic_justification	government	Pays-Bas	87	Défense / Ukraine	La France devrait continuer à fournir une aide militaire et financière importante à l'Ukraine tant que son territoire reste occupé, même si la guerre se prolonge.	3	3	Accord fort : codage fondé sur les documents officiels retenus pour le thème « Défense / Ukraine ». Niveau de preuve : position ou mesure explicitement documentée.	https://www.government.nl/site/binaries/site-content/collections/documents/2026/02/23/2026-2030-coalition-agreement-lets-get-to-work---building-a-better-netherlands/2026-2030-coalition-agreement-let%E2%80%99s-get-to-work-building-a-better-netherlands.pdf
high	extreme_score_generic_justification	government	Pays-Bas	92	Numérique / mineurs	L'accès aux réseaux sociaux devrait être interdit aux moins de 15 ans, même avec l'accord de leurs parents.	3	3	Accord fort : codage fondé sur les documents officiels retenus pour le thème « Numérique / mineurs ». Niveau de preuve : position ou mesure explicitement documentée.	https://www.government.nl/site/binaries/site-content/collections/documents/2026/02/23/2026-2030-coalition-agreement-lets-get-to-work---building-a-better-netherlands/2026-2030-coalition-agreement-let%E2%80%99s-get-to-work-building-a-better-netherlands.pdf
medium	low_confidence	government	Pologne	2	Économie	Les inégalités économiques sont acceptables tant qu'elles résultent principalement du travail ou de la prise de risque.	1	1	Accord modéré : codage fondé sur les documents officiels retenus pour le thème « Économie ». Niveau de preuve : analogie prudente, sans proposition parfaitement équivalente.	https://www.gov.pl/web/primeminister/poland-a-year-of-breakthrough---the-prime-minister-unveils-polands-2025-economic-plan
medium	low_confidence	government	Pologne	3	Économie	L'État devrait davantage taxer les hauts revenus et les gros patrimoines afin de réduire les inégalités.	0	1	Position neutre, partagée ou non arrêtée : codage fondé sur les documents officiels retenus pour le thème « Économie ». Niveau de preuve : analogie prudente, sans proposition parfaitement équivalente.	https://www.gov.pl/web/primeminister/poland-a-year-of-breakthrough---the-prime-minister-unveils-polands-2025-economic-plan
medium	neutral_score_generic_justification	government	Pologne	3	Économie	L'État devrait davantage taxer les hauts revenus et les gros patrimoines afin de réduire les inégalités.	0	1	Position neutre, partagée ou non arrêtée : codage fondé sur les documents officiels retenus pour le thème « Économie ». Niveau de preuve : analogie prudente, sans proposition parfaitement équivalente.	https://www.gov.pl/web/primeminister/poland-a-year-of-breakthrough---the-prime-minister-unveils-polands-2025-economic-plan
medium	low_confidence	government	Pologne	6	Économie	Les entreprises privées sont généralement plus efficaces que l'État pour fournir des biens et services, même dans certains secteurs essentiels.	1	1	Accord modéré : codage fondé sur les documents officiels retenus pour le thème « Économie ». Niveau de preuve : analogie prudente, sans proposition parfaitement équivalente.	https://www.gov.pl/web/primeminister/poland-a-year-of-breakthrough---the-prime-minister-unveils-polands-2025-economic-plan
medium	low_confidence	government	Pologne	7	Économie	L'État devrait pouvoir nationaliser temporairement ou durablement une entreprise privée lorsqu'elle contrôle une activité stratégique pour le pays.	1	1	Accord modéré : codage fondé sur les documents officiels retenus pour le thème « Économie ». Niveau de preuve : analogie prudente, sans proposition parfaitement équivalente.	https://www.gov.pl/web/primeminister/poland-a-year-of-breakthrough---the-prime-minister-unveils-polands-2025-economic-plan
medium	low_confidence	government	Pologne	8	Économie	La concurrence est généralement préférable à la réglementation pour améliorer les prix, la qualité et l'innovation.	2	1	Accord net : codage fondé sur les documents officiels retenus pour le thème « Économie ». Niveau de preuve : analogie prudente, sans proposition parfaitement équivalente.	https://www.gov.pl/web/primeminister/poland-a-year-of-breakthrough---the-prime-minister-unveils-polands-2025-economic-plan
high	strong_score_low_confidence	government	Pologne	8	Économie	La concurrence est généralement préférable à la réglementation pour améliorer les prix, la qualité et l'innovation.	2	1	Accord net : codage fondé sur les documents officiels retenus pour le thème « Économie ». Niveau de preuve : analogie prudente, sans proposition parfaitement équivalente.	https://www.gov.pl/web/primeminister/poland-a-year-of-breakthrough---the-prime-minister-unveils-polands-2025-economic-plan
medium	neutral_score_generic_justification	government	Pologne	9	État	La France dépense trop d'argent public et devrait accepter de réduire certaines politiques sociales pour revenir à l'équilibre budgétaire.	0	2	Position neutre, partagée ou non arrêtée : codage fondé sur les documents officiels retenus pour le thème « État ». Niveau de preuve : orientation cohérente étayée par plusieurs éléments.	https://www.gov.pl/web/primeminister/poland-a-year-of-breakthrough---the-prime-minister-unveils-polands-2025-economic-plan
medium	low_confidence	government	Pologne	12	État	L'État devrait intervenir beaucoup plus fortement dans l'économie lorsque le marché produit des résultats jugés socialement indésirables.	1	1	Accord modéré : codage fondé sur les documents officiels retenus pour le thème « État ». Niveau de preuve : analogie prudente, sans proposition parfaitement équivalente.	https://www.gov.pl/web/primeminister/poland-a-year-of-breakthrough---the-prime-minister-unveils-polands-2025-economic-plan
medium	low_confidence	government	Pologne	13	État	Les citoyens devraient avoir davantage de liberté pour choisir eux-mêmes comment utiliser leur argent plutôt que de passer par des systèmes publics obligatoires.	0	1	Position neutre, partagée ou non arrêtée : codage fondé sur les documents officiels retenus pour le thème « État ». Niveau de preuve : analogie prudente, sans proposition parfaitement équivalente.	https://www.gov.pl/web/primeminister/poland-a-year-of-breakthrough---the-prime-minister-unveils-polands-2025-economic-plan
medium	neutral_score_generic_justification	government	Pologne	13	État	Les citoyens devraient avoir davantage de liberté pour choisir eux-mêmes comment utiliser leur argent plutôt que de passer par des systèmes publics obligatoires.	0	1	Position neutre, partagée ou non arrêtée : codage fondé sur les documents officiels retenus pour le thème « État ». Niveau de preuve : analogie prudente, sans proposition parfaitement équivalente.	https://www.gov.pl/web/primeminister/poland-a-year-of-breakthrough---the-prime-minister-unveils-polands-2025-economic-plan
medium	low_confidence	government	Pologne	14	Social / société	La société devrait accepter beaucoup plus largement les différents modes de vie, même lorsqu'ils s'éloignent des normes traditionnelles.	1	1	Accord modéré : codage fondé sur les documents officiels retenus pour le thème « Social / société ». Niveau de preuve : analogie prudente, sans proposition parfaitement équivalente.	https://www.gov.pl/web/primeminister/expose
medium	low_confidence	government	Pologne	16	Social / société	Réduire les inégalités peut parfois justifier de restreindre certaines libertés individuelles.	-1	1	Réserve : codage fondé sur les documents officiels retenus pour le thème « Social / société ». Niveau de preuve : analogie prudente, sans proposition parfaitement équivalente.	https://www.gov.pl/web/primeminister/expose
medium	low_confidence	government	Pologne	17	Social / société	Les politiques publiques devraient chercher à corriger activement les discriminations historiques ou structurelles entre groupes sociaux.	1	1	Accord modéré : codage fondé sur les documents officiels retenus pour le thème « Social / société ». Niveau de preuve : analogie prudente, sans proposition parfaitement équivalente.	https://www.gov.pl/web/primeminister/expose
medium	low_confidence	government	Pologne	19	Social / société	Certaines traditions et valeurs culturelles méritent d'être préservées même si elles évoluent moins vite que la société.	2	1	Accord net : codage fondé sur les documents officiels retenus pour le thème « Social / société ». Niveau de preuve : analogie prudente, sans proposition parfaitement équivalente.	https://www.gov.pl/web/primeminister/expose
high	strong_score_low_confidence	government	Pologne	19	Social / société	Certaines traditions et valeurs culturelles méritent d'être préservées même si elles évoluent moins vite que la société.	2	1	Accord net : codage fondé sur les documents officiels retenus pour le thème « Social / société ». Niveau de preuve : analogie prudente, sans proposition parfaitement équivalente.	https://www.gov.pl/web/primeminister/expose
high	extreme_score_generic_justification	government	Pologne	20	Immigration	La France devrait réduire le nombre d'immigrants qu'elle accueille chaque année.	3	3	Accord fort : codage fondé sur les documents officiels retenus pour le thème « Immigration ». Niveau de preuve : position ou mesure explicitement documentée.	https://www.gov.pl/web/primeminister/taking-back-control-ensuring-security
medium	low_confidence	government	Pologne	21	Immigration	L'immigration économique est globalement bénéfique pour l'économie française.	2	1	Accord net : codage fondé sur les documents officiels retenus pour le thème « Immigration ». Niveau de preuve : analogie prudente, sans proposition parfaitement équivalente.	https://www.gov.pl/web/primeminister/taking-back-control-ensuring-security
high	strong_score_low_confidence	government	Pologne	21	Immigration	L'immigration économique est globalement bénéfique pour l'économie française.	2	1	Accord net : codage fondé sur les documents officiels retenus pour le thème « Immigration ». Niveau de preuve : analogie prudente, sans proposition parfaitement équivalente.	https://www.gov.pl/web/primeminister/taking-back-control-ensuring-security
high	extreme_score_generic_justification	government	Pologne	24	Immigration	La France devrait être beaucoup plus stricte concernant l'expulsion des étrangers condamnés pour des crimes graves.	3	3	Accord fort : codage fondé sur les documents officiels retenus pour le thème « Immigration ». Niveau de preuve : position ou mesure explicitement documentée.	https://www.gov.pl/web/primeminister/taking-back-control-ensuring-security
medium	low_confidence	government	Pologne	26	Immigration	La France devrait accueillir davantage de réfugiés lorsqu'ils fuient une guerre ou une persécution, même si cela représente un coût économique.	0	1	Position neutre, partagée ou non arrêtée : codage fondé sur les documents officiels retenus pour le thème « Immigration ». Niveau de preuve : analogie prudente, sans proposition parfaitement équivalente.	https://www.gov.pl/web/primeminister/taking-back-control-ensuring-security
medium	neutral_score_generic_justification	government	Pologne	26	Immigration	La France devrait accueillir davantage de réfugiés lorsqu'ils fuient une guerre ou une persécution, même si cela représente un coût économique.	0	1	Position neutre, partagée ou non arrêtée : codage fondé sur les documents officiels retenus pour le thème « Immigration ». Niveau de preuve : analogie prudente, sans proposition parfaitement équivalente.	https://www.gov.pl/web/primeminister/taking-back-control-ensuring-security
medium	low_confidence	government	Pologne	27	Sécurité / justice	Les peines de prison effectives devraient être plus sévères, même si cela augmente fortement la population carcérale.	2	1	Accord net : codage fondé sur les documents officiels retenus pour le thème « Sécurité / justice ». Niveau de preuve : analogie prudente, sans proposition parfaitement équivalente.	https://www.gov.pl/web/primeminister/expose
high	strong_score_low_confidence	government	Pologne	27	Sécurité / justice	Les peines de prison effectives devraient être plus sévères, même si cela augmente fortement la population carcérale.	2	1	Accord net : codage fondé sur les documents officiels retenus pour le thème « Sécurité / justice ». Niveau de preuve : analogie prudente, sans proposition parfaitement équivalente.	https://www.gov.pl/web/primeminister/expose
medium	low_confidence	government	Pologne	28	Sécurité / justice	Il vaut mieux investir dans la prévention et la réinsertion que dans l'augmentation des sanctions.	1	1	Accord modéré : codage fondé sur les documents officiels retenus pour le thème « Sécurité / justice ». Niveau de preuve : analogie prudente, sans proposition parfaitement équivalente.	https://www.gov.pl/web/primeminister/expose
medium	low_confidence	government	Pologne	32	Écologie	La lutte contre le changement climatique doit rester prioritaire même lorsqu'elle réduit la croissance économique à court terme.	-1	1	Désaccord modéré : le gouvernement Tusk présente la transition climatique comme devant améliorer compétitivité, modernisation et prix de l'énergie ; il ne place pas le climat au-dessus de la croissance lorsque les deux entrent en conflit.	https://www.gov.pl/web/primeminister/poland-a-year-of-breakthrough---the-prime-minister-unveils-polands-2025-economic-plan
medium	low_confidence	government	Pologne	34	Economie	Une partie des cotisations sociales sur les salaires devrait être remplacée par une hausse de la TVA afin d’augmenter les salaires nets et de réduire le coût du travail, même si cela augmente le prix des biens et services consommés	0	1	Le gouvernement Tusk cherche à soutenir salaires et compétitivité, mais aucune bascule explicite des cotisations vers la TVA n’a été identifiée. Score neutre, confiance 1.	https://www.gov.pl/web/primeminister/poland-a-year-of-breakthrough---the-prime-minister-unveils-polands-2025-economic-plan
medium	low_confidence	government	Pologne	35	Écologie	Les politiques écologiques devraient reposer principalement sur des mécanismes de marché comme la taxe carbone plutôt que sur des interdictions.	0	1	Position neutre : la Pologne demande une réforme de l'ETS et davantage de protections contre ses coûts ; elle ne peut pas être décrite comme privilégiant clairement une taxe carbone de marché aux interdictions ou autres instruments.	https://www.gov.pl/web/primeminister/poland-a-year-of-breakthrough---the-prime-minister-unveils-polands-2025-economic-plan
medium	low_confidence	government	Pologne	36	Écologie	Il est justifié d'interdire certains produits ou comportements très polluants même lorsque les consommateurs les souhaitent.	0	1	Position neutre, partagée ou non arrêtée : codage fondé sur les documents officiels retenus pour le thème « Écologie ». Niveau de preuve : analogie prudente, sans proposition parfaitement équivalente.	https://www.gov.pl/web/primeminister/poland-a-year-of-breakthrough---the-prime-minister-unveils-polands-2025-economic-plan
medium	neutral_score_generic_justification	government	Pologne	36	Écologie	Il est justifié d'interdire certains produits ou comportements très polluants même lorsque les consommateurs les souhaitent.	0	1	Position neutre, partagée ou non arrêtée : codage fondé sur les documents officiels retenus pour le thème « Écologie ». Niveau de preuve : analogie prudente, sans proposition parfaitement équivalente.	https://www.gov.pl/web/primeminister/poland-a-year-of-breakthrough---the-prime-minister-unveils-polands-2025-economic-plan
medium	low_confidence	government	Pologne	37	Écologie	Les pays riches devraient supporter une part prépondérante du coût de la transition écologique mondiale.	0	1	Position neutre, partagée ou non arrêtée : codage fondé sur les documents officiels retenus pour le thème « Écologie ». Niveau de preuve : analogie prudente, sans proposition parfaitement équivalente.	https://www.gov.pl/web/primeminister/poland-a-year-of-breakthrough---the-prime-minister-unveils-polands-2025-economic-plan
medium	neutral_score_generic_justification	government	Pologne	37	Écologie	Les pays riches devraient supporter une part prépondérante du coût de la transition écologique mondiale.	0	1	Position neutre, partagée ou non arrêtée : codage fondé sur les documents officiels retenus pour le thème « Écologie ». Niveau de preuve : analogie prudente, sans proposition parfaitement équivalente.	https://www.gov.pl/web/primeminister/poland-a-year-of-breakthrough---the-prime-minister-unveils-polands-2025-economic-plan
medium	low_confidence	government	Pologne	40	Europe	L'euro est globalement bénéfique pour la France malgré la perte de certains instruments de politique économique.	-1	1	Réserve : codage fondé sur les documents officiels retenus pour le thème « Europe ». Niveau de preuve : analogie prudente, sans proposition parfaitement équivalente.	https://www.gov.pl/web/primeminister/poland-doubles-down-on-alliances-as-pm-tusk-returns-from-epc-summit
medium	low_confidence	government	Pologne	41	Europe	L'Union européenne devrait pouvoir imposer davantage de règles communes aux États membres.	1	1	Accord modéré : codage fondé sur les documents officiels retenus pour le thème « Europe ». Niveau de preuve : analogie prudente, sans proposition parfaitement équivalente.	https://www.gov.pl/web/primeminister/poland-doubles-down-on-alliances-as-pm-tusk-returns-from-epc-summit
medium	low_confidence	government	Pologne	43	Fiscalité / patrimoine	Il faudrait supprimer l'IFI et ne plus taxer spécifiquement le patrimoine immobilier au-delà de la fiscalité ordinaire.	2	1	Accord net : codage fondé sur les documents officiels retenus pour le thème « Fiscalité / patrimoine ». Niveau de preuve : analogie prudente, sans proposition parfaitement équivalente.	https://www.gov.pl/web/primeminister/poland-a-year-of-breakthrough---the-prime-minister-unveils-polands-2025-economic-plan
high	strong_score_low_confidence	government	Pologne	43	Fiscalité / patrimoine	Il faudrait supprimer l'IFI et ne plus taxer spécifiquement le patrimoine immobilier au-delà de la fiscalité ordinaire.	2	1	Accord net : codage fondé sur les documents officiels retenus pour le thème « Fiscalité / patrimoine ». Niveau de preuve : analogie prudente, sans proposition parfaitement équivalente.	https://www.gov.pl/web/primeminister/poland-a-year-of-breakthrough---the-prime-minister-unveils-polands-2025-economic-plan
medium	low_confidence	government	Pologne	44	Fiscalité / patrimoine	L'héritage devrait être davantage taxé au-delà d'un certain seuil de patrimoine transmis, même si cela conduit certaines familles à transmettre moins de patrimoine à leurs enfants.	-2	1	Désaccord net : codage fondé sur les documents officiels retenus pour le thème « Fiscalité / patrimoine ». Niveau de preuve : analogie prudente, sans proposition parfaitement équivalente.	https://www.gov.pl/web/primeminister/poland-a-year-of-breakthrough---the-prime-minister-unveils-polands-2025-economic-plan
high	strong_score_low_confidence	government	Pologne	44	Fiscalité / patrimoine	L'héritage devrait être davantage taxé au-delà d'un certain seuil de patrimoine transmis, même si cela conduit certaines familles à transmettre moins de patrimoine à leurs enfants.	-2	1	Désaccord net : codage fondé sur les documents officiels retenus pour le thème « Fiscalité / patrimoine ». Niveau de preuve : analogie prudente, sans proposition parfaitement équivalente.	https://www.gov.pl/web/primeminister/poland-a-year-of-breakthrough---the-prime-minister-unveils-polands-2025-economic-plan
medium	low_confidence	government	Pologne	45	Fiscalité / patrimoine	Les très grandes fortunes devraient être imposées sur leur patrimoine mondial, même lorsqu'elles quittent la France.	-1	1	Réserve : codage fondé sur les documents officiels retenus pour le thème « Fiscalité / patrimoine ». Niveau de preuve : analogie prudente, sans proposition parfaitement équivalente.	https://www.gov.pl/web/primeminister/poland-a-year-of-breakthrough---the-prime-minister-unveils-polands-2025-economic-plan
medium	low_confidence	government	Pologne	48	Travail / chômage	Le CDI protège trop fortement les salariés déjà en poste et peut rendre plus difficile l’accès à l’emploi stable, au détriment des jeunes, chômeurs ou travailleurs en contrats précaires.	1	1	Accord modéré : codage fondé sur les documents officiels retenus pour le thème « Travail / chômage ». Niveau de preuve : analogie prudente, sans proposition parfaitement équivalente.	https://www.gov.pl/web/primeminister/poland-a-year-of-breakthrough---the-prime-minister-unveils-polands-2025-economic-plan
medium	low_confidence	government	Pologne	49	Retraites	Les retraites devraient être progressivement réformées vers un système combinant répartition et capitalisation, même si cela implique une période de transition coûteuse.	2	1	Accord net : codage fondé sur les documents officiels retenus pour le thème « Retraites ». Niveau de preuve : analogie prudente, sans proposition parfaitement équivalente.	https://www.gov.pl/web/primeminister/poland-a-year-of-breakthrough---the-prime-minister-unveils-polands-2025-economic-plan
high	strong_score_low_confidence	government	Pologne	49	Retraites	Les retraites devraient être progressivement réformées vers un système combinant répartition et capitalisation, même si cela implique une période de transition coûteuse.	2	1	Accord net : codage fondé sur les documents officiels retenus pour le thème « Retraites ». Niveau de preuve : analogie prudente, sans proposition parfaitement équivalente.	https://www.gov.pl/web/primeminister/poland-a-year-of-breakthrough---the-prime-minister-unveils-polands-2025-economic-plan
medium	low_confidence	government	Pologne	50	Retraites	L'âge légal de départ à la retraite devrait être automatiquement indexé sur l'espérance de vie nationale.	-2	1	Désaccord net : codage fondé sur les documents officiels retenus pour le thème « Retraites ». Niveau de preuve : analogie prudente, sans proposition parfaitement équivalente.	https://www.gov.pl/web/primeminister/poland-a-year-of-breakthrough---the-prime-minister-unveils-polands-2025-economic-plan
high	strong_score_low_confidence	government	Pologne	50	Retraites	L'âge légal de départ à la retraite devrait être automatiquement indexé sur l'espérance de vie nationale.	-2	1	Désaccord net : codage fondé sur les documents officiels retenus pour le thème « Retraites ». Niveau de preuve : analogie prudente, sans proposition parfaitement équivalente.	https://www.gov.pl/web/primeminister/poland-a-year-of-breakthrough---the-prime-minister-unveils-polands-2025-economic-plan
medium	low_confidence	government	Pologne	51	Protection sociale	Les prestations sociales devraient être fortement conditionnées à la durée de cotisation et de participation au marché du travail.	1	1	Accord modéré : codage fondé sur les documents officiels retenus pour le thème « Protection sociale ». Niveau de preuve : analogie prudente, sans proposition parfaitement équivalente.	https://www.gov.pl/web/primeminister/expose
medium	low_confidence	government	Pologne	53	État / entreprises	Une entreprise qui reçoit plusieurs milliards d'euros d'aides publiques devrait pouvoir être contrainte de limiter ses dividendes et les rémunérations de ses dirigeants tant que l'aide n'est pas remboursée.	1	1	Accord modéré : codage fondé sur les documents officiels retenus pour le thème « État / entreprises ». Niveau de preuve : analogie prudente, sans proposition parfaitement équivalente.	https://www.gov.pl/web/primeminister/poland-a-year-of-breakthrough---the-prime-minister-unveils-polands-2025-economic-plan
medium	low_confidence	government	Pologne	54	État / entreprises	L'État devrait davantage utiliser son pouvoir d'actionnaire pour orienter les grandes entreprises françaises vers des objectifs industriels de long terme.	2	1	Accord net : codage fondé sur les documents officiels retenus pour le thème « État / entreprises ». Niveau de preuve : analogie prudente, sans proposition parfaitement équivalente.	https://www.gov.pl/web/primeminister/poland-a-year-of-breakthrough---the-prime-minister-unveils-polands-2025-economic-plan
high	strong_score_low_confidence	government	Pologne	54	État / entreprises	L'État devrait davantage utiliser son pouvoir d'actionnaire pour orienter les grandes entreprises françaises vers des objectifs industriels de long terme.	2	1	Accord net : codage fondé sur les documents officiels retenus pour le thème « État / entreprises ». Niveau de preuve : analogie prudente, sans proposition parfaitement équivalente.	https://www.gov.pl/web/primeminister/poland-a-year-of-breakthrough---the-prime-minister-unveils-polands-2025-economic-plan
medium	low_confidence	government	Pologne	64	Libertés / expression	Une personne qui tient publiquement des propos profondément offensants mais qui n'appelle ni à la violence ni à commettre une infraction devrait être protégée par la liberté d'expression.	2	1	Accord net : codage fondé sur les documents officiels retenus pour le thème « Libertés / expression ». Niveau de preuve : analogie prudente, sans proposition parfaitement équivalente.	https://www.gov.pl/web/primeminister/expose
high	strong_score_low_confidence	government	Pologne	64	Libertés / expression	Une personne qui tient publiquement des propos profondément offensants mais qui n'appelle ni à la violence ni à commettre une infraction devrait être protégée par la liberté d'expression.	2	1	Accord net : codage fondé sur les documents officiels retenus pour le thème « Libertés / expression ». Niveau de preuve : analogie prudente, sans proposition parfaitement équivalente.	https://www.gov.pl/web/primeminister/expose
medium	low_confidence	government	Pologne	66	Sécurité	Lorsqu’un conducteur refuse d’obtempérer et prend la fuite, les policiers devraient pouvoir utiliser leur arme à feu même si le danger pour leur vie n’est pas immédiat.	-2	1	Désaccord net : codage fondé sur les documents officiels retenus pour le thème « Sécurité ». Niveau de preuve : analogie prudente, sans proposition parfaitement équivalente.	https://www.gov.pl/web/primeminister/expose
high	strong_score_low_confidence	government	Pologne	66	Sécurité	Lorsqu’un conducteur refuse d’obtempérer et prend la fuite, les policiers devraient pouvoir utiliser leur arme à feu même si le danger pour leur vie n’est pas immédiat.	-2	1	Désaccord net : codage fondé sur les documents officiels retenus pour le thème « Sécurité ». Niveau de preuve : analogie prudente, sans proposition parfaitement équivalente.	https://www.gov.pl/web/primeminister/expose
medium	low_confidence	government	Pologne	67	Écologie	Une taxe carbone qui réduit les émissions de CO₂ devrait être maintenue même si elle diminue le pouvoir d’achat des ménages modestes, à condition de compenser ces derniers par des aides ciblées.	-2	1	Désaccord net : le gouvernement polonais cherche explicitement à retarder ou atténuer les dispositifs carbone lorsqu'ils pèsent sur les ménages et les prix de l'énergie ; même compensée, une taxe réduisant le pouvoir d'achat ne correspond pas à sa ligne actuelle.	https://www.gov.pl/web/primeminister/poland-a-year-of-breakthrough---the-prime-minister-unveils-polands-2025-economic-plan
high	strong_score_low_confidence	government	Pologne	67	Écologie	Une taxe carbone qui réduit les émissions de CO₂ devrait être maintenue même si elle diminue le pouvoir d’achat des ménages modestes, à condition de compenser ces derniers par des aides ciblées.	-2	1	Désaccord net : le gouvernement polonais cherche explicitement à retarder ou atténuer les dispositifs carbone lorsqu'ils pèsent sur les ménages et les prix de l'énergie ; même compensée, une taxe réduisant le pouvoir d'achat ne correspond pas à sa ligne actuelle.	https://www.gov.pl/web/primeminister/poland-a-year-of-breakthrough---the-prime-minister-unveils-polands-2025-economic-plan
medium	low_confidence	government	Pologne	72	Institutions	Pour certaines décisions économiques complexes, il serait préférable de confier davantage de pouvoir à des institutions indépendantes composées d'experts plutôt qu'aux responsables politiques élus.	1	1	Accord modéré : codage fondé sur les documents officiels retenus pour le thème « Institutions ». Niveau de preuve : analogie prudente, sans proposition parfaitement équivalente.	https://www.gov.pl/web/primeminister/expose
medium	low_confidence	government	Pologne	73	Institutions	Un gouvernement devrait pouvoir prendre une décision économiquement nécessaire mais très impopulaire sans chercher à obtenir l'approbation immédiate de la population.	1	1	Accord modéré : codage fondé sur les documents officiels retenus pour le thème « Institutions ». Niveau de preuve : analogie prudente, sans proposition parfaitement équivalente.	https://www.gov.pl/web/primeminister/expose
medium	low_confidence	government	Pologne	74	Institutions	Le référendum devrait être beaucoup plus utilisé, même lorsque les citoyens votent sur des sujets dont ils maîtrisent mal les aspects techniques.	-1	1	Réserve : codage fondé sur les documents officiels retenus pour le thème « Institutions ». Niveau de preuve : analogie prudente, sans proposition parfaitement équivalente.	https://www.gov.pl/web/primeminister/expose
medium	low_confidence	government	Pologne	75	Institutions	Il serait acceptable de donner davantage de poids politique aux citoyens qui démontrent un niveau élevé de connaissance du fonctionnement des institutions et de l'économie.	-2	1	Désaccord net : codage fondé sur les documents officiels retenus pour le thème « Institutions ». Niveau de preuve : analogie prudente, sans proposition parfaitement équivalente.	https://www.gov.pl/web/primeminister/expose
high	strong_score_low_confidence	government	Pologne	75	Institutions	Il serait acceptable de donner davantage de poids politique aux citoyens qui démontrent un niveau élevé de connaissance du fonctionnement des institutions et de l'économie.	-2	1	Désaccord net : codage fondé sur les documents officiels retenus pour le thème « Institutions ». Niveau de preuve : analogie prudente, sans proposition parfaitement équivalente.	https://www.gov.pl/web/primeminister/expose
high	extreme_score_generic_justification	government	Pologne	78	Immigration / assimilation	Le droit de séjour durable en France devrait dépendre, sauf impossibilité particulière, d’efforts concrets pour apprendre le français, comprendre les règles et usages du pays et participer à la vie collective.	3	3	Accord fort : codage fondé sur les documents officiels retenus pour le thème « Immigration / assimilation ». Niveau de preuve : position ou mesure explicitement documentée.	https://www.gov.pl/web/primeminister/taking-back-control-ensuring-security
medium	low_confidence	government	Pologne	79	Immigration / délinquance	Les différences de délinquance observées s’expliquent davantage par les inégalités sociales et économiques que par la culture d’origine des personnes concernées.	0	1	Position neutre, partagée ou non arrêtée : codage fondé sur les documents officiels retenus pour le thème « Immigration / délinquance ». Niveau de preuve : analogie prudente, sans proposition parfaitement équivalente.	https://www.gov.pl/web/primeminister/taking-back-control-ensuring-security
medium	neutral_score_generic_justification	government	Pologne	79	Immigration / délinquance	Les différences de délinquance observées s’expliquent davantage par les inégalités sociales et économiques que par la culture d’origine des personnes concernées.	0	1	Position neutre, partagée ou non arrêtée : codage fondé sur les documents officiels retenus pour le thème « Immigration / délinquance ». Niveau de preuve : analogie prudente, sans proposition parfaitement équivalente.	https://www.gov.pl/web/primeminister/taking-back-control-ensuring-security
medium	low_confidence	government	Pologne	80	Écologie / agriculture	La France devrait interdire aux agriculteurs l’usage d’un produit jugé trop polluant, même si cette interdiction les désavantage face à des concurrents étrangers qui peuvent encore l’utiliser.	-1	1	Réserve : codage fondé sur les documents officiels retenus pour le thème « Écologie / agriculture ». Niveau de preuve : analogie prudente, sans proposition parfaitement équivalente.	https://www.gov.pl/web/primeminister/poland-a-year-of-breakthrough---the-prime-minister-unveils-polands-2025-economic-plan
medium	low_confidence	government	Pologne	81	Santé / accès aux soins	Dans les zones où l'accès aux soins est insuffisant, l'Assurance maladie devrait pouvoir limiter le conventionnement de nouveaux médecins dans les zones déjà bien dotées afin d'encourager leur installation dans les déserts médicaux.	1	1	Accord modéré : codage fondé sur les documents officiels retenus pour le thème « Santé / accès aux soins ». Niveau de preuve : analogie prudente, sans proposition parfaitement équivalente.	https://www.gov.pl/web/primeminister/expose
medium	low_confidence	government	Pologne	83	Santé / hôpital	Il faut accepter de fermer ou regrouper certaines petites maternités et certains services d'urgence afin de concentrer les équipes et les équipements dans des établissements plus importants.	1	1	Accord modéré : codage fondé sur les documents officiels retenus pour le thème « Santé / hôpital ». Niveau de preuve : analogie prudente, sans proposition parfaitement équivalente.	https://www.gov.pl/web/primeminister/expose
medium	low_confidence	government	Pologne	84	Éducation / autonomie	Les chefs d'établissement scolaire devraient pouvoir recruter eux-même une partie de leurs enseignants et peser davantage dans leur évaluation.	-1	1	Réserve : codage fondé sur les documents officiels retenus pour le thème « Éducation / autonomie ». Niveau de preuve : analogie prudente, sans proposition parfaitement équivalente.	https://www.gov.pl/web/primeminister/expose
medium	low_confidence	government	Pologne	85	Éducation / mixité sociale	Le financement public des établissements privés sous contrat devrait être conditionné à des objectifs mesurables de mixité sociale.	1	1	Accord modéré : codage fondé sur les documents officiels retenus pour le thème « Éducation / mixité sociale ». Niveau de preuve : analogie prudente, sans proposition parfaitement équivalente.	https://www.gov.pl/web/primeminister/expose
medium	low_confidence	government	Pologne	86	Logement / locations touristiques	Dans les zones où le logement manque, une commune devrait pouvoir interdire la location touristique régulière d'un logement qui n'est pas la résidence principale de son propriétaire.	1	1	Accord modéré : codage fondé sur les documents officiels retenus pour le thème « Logement / locations touristiques ». Niveau de preuve : analogie prudente, sans proposition parfaitement équivalente.	https://www.gov.pl/web/primeminister/expose
high	extreme_score_generic_justification	government	Pologne	87	Défense / Ukraine	La France devrait continuer à fournir une aide militaire et financière importante à l'Ukraine tant que son territoire reste occupé, même si la guerre se prolonge.	3	3	Accord fort : codage fondé sur les documents officiels retenus pour le thème « Défense / Ukraine ». Niveau de preuve : position ou mesure explicitement documentée.	https://www.gov.pl/web/primeminister/safe-polands-blueprint-for-european-security-and-domestic-defence-growth
medium	low_confidence	government	Pologne	89	Santé / fin de vie	Une personne majeure atteinte d'une maladie grave et incurable provoquant des souffrances insupportables devrait pouvoir recevoir une aide médicale à mourir dans un cadre strictement contrôlé.	-2	1	Désaccord net : codage fondé sur les documents officiels retenus pour le thème « Santé / fin de vie ». Niveau de preuve : analogie prudente, sans proposition parfaitement équivalente.	https://www.gov.pl/web/primeminister/expose
high	strong_score_low_confidence	government	Pologne	89	Santé / fin de vie	Une personne majeure atteinte d'une maladie grave et incurable provoquant des souffrances insupportables devrait pouvoir recevoir une aide médicale à mourir dans un cadre strictement contrôlé.	-2	1	Désaccord net : codage fondé sur les documents officiels retenus pour le thème « Santé / fin de vie ». Niveau de preuve : analogie prudente, sans proposition parfaitement équivalente.	https://www.gov.pl/web/primeminister/expose
medium	low_confidence	government	Pologne	90	Dépendance / EHPAD	Les groupes privés à but lucratif ne devraient plus pouvoir gérer d'EHPAD. Les établissements existants devraient progressivement devenir publics ou non lucratifs.	-1	1	Réserve : codage fondé sur les documents officiels retenus pour le thème « Dépendance / EHPAD ». Niveau de preuve : analogie prudente, sans proposition parfaitement équivalente.	https://www.gov.pl/web/primeminister/expose
high	extreme_score_generic_justification	government	Pologne	91	Famille / prestations	Les allocations familiales devraient être versées à toutes les familles selon le nombre d'enfants, sans diminuer lorsque les revenus augmentent.	3	3	Accord fort : codage fondé sur les documents officiels retenus pour le thème « Famille / prestations ». Niveau de preuve : position ou mesure explicitement documentée.	https://www.gov.pl/web/primeminister/expose
medium	low_confidence	government	Pologne	92	Numérique / mineurs	L'accès aux réseaux sociaux devrait être interdit aux moins de 15 ans, même avec l'accord de leurs parents.	1	1	Accord modéré : codage fondé sur les documents officiels retenus pour le thème « Numérique / mineurs ». Niveau de preuve : analogie prudente, sans proposition parfaitement équivalente.	https://www.gov.pl/web/primeminister/poland-a-year-of-breakthrough---the-prime-minister-unveils-polands-2025-economic-plan
