entityType	entity	qid	theme	question	response	confidence	justification	source
party	LFI	1	Économie	Il faut réduire les impôts sur le travail et le capital, même si cela implique de réduire certaines dépenses publiques.	-3	2	Désaccord fort : orientation cohérente avec le document officiel retenu, sans passage isolé directement équivalent à la question.	https://lafranceinsoumise.fr/europeennes-2024/programme-de-lunion-populaire/chapitre-1-sortir-de-lausterite-et-partager-les-richesses/
party	LFI	2	Économie	Les inégalités économiques sont acceptables tant qu'elles résultent principalement du travail ou de la prise de risque.	-1	2	Réserve : sources officielles et prises de position convergentes ; le niveau de confiance documentaire a été réévalué indépendamment de l’intensité de la réponse.	https://lafranceinsoumise.fr/
party	LFI	3	Économie	L'État devrait davantage taxer les hauts revenus et les gros patrimoines afin de réduire les inégalités.	3	3	Accord fort : preuve primaire directe ou proposition officielle très proche ; le niveau de confiance documentaire a été réévalué indépendamment de l’intensité de la réponse.	https://lafranceinsoumise.fr/
party	LFI	4	Économie	Les entreprises devraient être obligées de limiter l’écart entre la rémunération de leurs dirigeants et celle de leurs salariés les moins bien payés.	3	3	Accord fort : LFI a elle-même déposé en 2024 une proposition visant à plafonner la rémunération maximale dans une entreprise à vingt fois la rémunération la plus faible.	https://www.assemblee-nationale.fr/dyn/opendata/PIONANR5L17B0412.html
party	LFI	5	Économie	Le salaire minimum devrait être augmenté significativement.	3	3	Accord fort : preuve primaire directe ou proposition officielle très proche ; le niveau de confiance documentaire a été réévalué indépendamment de l’intensité de la réponse.	https://lafranceinsoumise.fr/
party	LFI	6	Économie	Les entreprises privées sont généralement plus efficaces que l'État pour fournir des biens et services, même dans certains secteurs essentiels.	-3	2	Désaccord fort : sources officielles et prises de position convergentes ; le niveau de confiance documentaire a été réévalué indépendamment de l’intensité de la réponse.	https://lafranceinsoumise.fr/
party	LFI	7	Économie	L'État devrait pouvoir nationaliser temporairement ou durablement une entreprise privée lorsqu'elle contrôle une activité stratégique pour le pays.	3	3	Accord fort : preuve primaire directe ou proposition officielle très proche ; le niveau de confiance documentaire a été réévalué indépendamment de l’intensité de la réponse.	https://lafranceinsoumise.fr/europeennes-2024/programme-de-lunion-populaire/chapitre-1-sortir-de-lausterite-et-partager-les-richesses/
party	LFI	8	Économie	La concurrence est généralement préférable à la réglementation pour améliorer les prix, la qualité et l'innovation.	-3	2	Désaccord fort : sources officielles et prises de position convergentes ; le niveau de confiance documentaire a été réévalué indépendamment de l’intensité de la réponse.	https://lafranceinsoumise.fr/
party	LFI	9	État	La France dépense trop d'argent public et devrait accepter de réduire certaines politiques sociales pour revenir à l'équilibre budgétaire.	-3	3	Désaccord fort : preuve primaire directe ou proposition officielle très proche ; le niveau de confiance documentaire a été réévalué indépendamment de l’intensité de la réponse.	https://lafranceinsoumise.fr/
party	LFI	10	État	L'État devrait garantir un niveau élevé de protection sociale, même si cela implique une fiscalité importante.	3	3	Accord fort : preuve primaire directe ou proposition officielle très proche ; le niveau de confiance documentaire a été réévalué indépendamment de l’intensité de la réponse.	https://lafranceinsoumise.fr/
party	LFI	12	État	L'État devrait intervenir beaucoup plus fortement dans l'économie lorsque le marché produit des résultats jugés socialement indésirables.	3	3	Accord fort : preuve primaire directe ou proposition officielle très proche ; le niveau de confiance documentaire a été réévalué indépendamment de l’intensité de la réponse.	https://lafranceinsoumise.fr/
party	LFI	13	État	Les citoyens devraient avoir davantage de liberté pour choisir eux-mêmes comment utiliser leur argent plutôt que de passer par des systèmes publics obligatoires.	-3	2	Désaccord fort : sources officielles et prises de position convergentes ; le niveau de confiance documentaire a été réévalué indépendamment de l’intensité de la réponse.	https://lafranceinsoumise.fr/
party	LFI	14	Social / société	La société devrait accepter beaucoup plus largement les différents modes de vie, même lorsqu'ils s'éloignent des normes traditionnelles.	3	2	Accord fort : codage cohérent avec la ligne programmatique générale du parti sur social / société.	https://lafranceinsoumise.fr/wp-content/uploads/2024/06/Programme-nouveaufrontpopulaire.pdf
party	LFI	15	Démocratie	Un gouvernement devrait pouvoir faire adopter le budget sans vote de l’Assemblée nationale lorsqu’aucune majorité stable ne se dégage, afin d’éviter un blocage institutionnel.	-3	3	LFI défend la suppression du 49.3 : opposition maximale au principe de faire adopter un budget sans vote. La source officielle porte directement sur l’outil institutionnel.	https://programme.lafranceinsoumise.fr/comparateur-place-publique-2025-regenerer-la-democratie/
party	LFI	16	Social / société	Réduire les inégalités peut parfois justifier de restreindre certaines libertés individuelles.	2	2	Accord modéré : sources officielles et prises de position convergentes ; le niveau de confiance documentaire a été réévalué indépendamment de l’intensité de la réponse.	https://lafranceinsoumise.fr/wp-content/uploads/2024/06/Programme-nouveaufrontpopulaire.pdf
party	LFI	17	Social / société	Les politiques publiques devraient chercher à corriger activement les discriminations historiques ou structurelles entre groupes sociaux.	3	2	Accord fort : codage cohérent avec la ligne programmatique générale du parti sur social / société.	https://lafranceinsoumise.fr/wp-content/uploads/2024/06/Programme-nouveaufrontpopulaire.pdf
party	LFI	18	Institutions / territoires	Les régions devraient pouvoir adopter des règles différentes en matière économique, sociale ou environnementale plutôt que d’appliquer partout les mêmes règles nationales.	-3	3	Désaccord fort : LFI s’oppose explicitement au droit à la différenciation lorsqu’il permet à des collectivités de déroger aux normes nationales, en particulier par crainte de moins-disant social ou environnemental et d’une rupture de l’égalité républicaine.	https://www.assemblee-nationale.fr/dyn/docs/RINFANR5L16B2463.raw
party	LFI	19	Social / société	Certaines traditions et valeurs culturelles méritent d'être préservées même si elles évoluent moins vite que la société.	-2	2	Désaccord net : codage cohérent avec la ligne programmatique générale du parti sur social / société.	https://lafranceinsoumise.fr/wp-content/uploads/2024/06/Programme-nouveaufrontpopulaire.pdf
party	LFI	20	Immigration	La France devrait réduire le nombre d'immigrants qu'elle accueille chaque année.	-3	3	Désaccord fort : preuve primaire directe ou proposition officielle très proche ; le niveau de confiance documentaire a été réévalué indépendamment de l’intensité de la réponse.	https://lafranceinsoumise.fr/wp-content/uploads/2024/06/Programme-nouveaufrontpopulaire.pdf
party	LFI	21	Immigration	L'immigration économique est globalement bénéfique pour l'économie française.	3	2	Accord net : sources officielles et prises de position convergentes ; le niveau de confiance documentaire a été réévalué indépendamment de l’intensité de la réponse.	https://lafranceinsoumise.fr/wp-content/uploads/2024/06/Programme-nouveaufrontpopulaire.pdf
party	LFI	22	Immigration / droits sociaux	Un étranger installé légalement en France depuis de nombreuses années devrait, à situation économique comparable, bénéficier des mêmes prestations sociales et du même accès au logement social qu’un citoyen français, sans priorité fondée sur la nationalité.	3	3	LFI rejette explicitement la préférence nationale dans l’accès aux prestations sociales et défend l’égalité des droits des étrangers en situation régulière durablement installés.	https://lafranceinsoumise.fr/2024/01/25/immigration-le-conseil-censure-les-mesures-lepenistes-mais-conserve-la-reforme-darmanin-qui-porte-une-grave-atteinte-aux-droits-des-etrangers/
party	LFI	23	Immigration	L'accès à la nationalité française devrait être rendu plus exigeant.	-3	3	Désaccord fort : preuve primaire directe ou proposition officielle très proche ; le niveau de confiance documentaire a été réévalué indépendamment de l’intensité de la réponse.	https://lafranceinsoumise.fr/wp-content/uploads/2024/06/Programme-nouveaufrontpopulaire.pdf
party	LFI	24	Immigration	La France devrait être beaucoup plus stricte concernant l'expulsion des étrangers condamnés pour des crimes graves.	-2	2	Désaccord net : LFI s’oppose à une politique d’expulsion beaucoup plus stricte des étrangers condamnés et critique la logique de double peine, tout en laissant une marge pour les situations criminelles les plus graves : -2.	https://lafranceinsoumise.fr/wp-content/uploads/2024/06/Programme-nouveaufrontpopulaire.pdf
party	LFI	25	Immigration	Même lorsque l'immigration est économiquement bénéfique, elle peut être légitimement limitée pour préserver la cohésion culturelle du pays.	-3	2	Désaccord fort : orientation cohérente avec le document officiel retenu, sans passage isolé directement équivalent à la question.	https://lafranceinsoumise.fr/wp-content/uploads/2024/06/Programme-nouveaufrontpopulaire.pdf
party	LFI	26	Immigration	La France devrait accueillir davantage de réfugiés lorsqu'ils fuient une guerre ou une persécution, même si cela représente un coût économique.	3	3	Accord fort : preuve primaire directe ou proposition officielle très proche ; le niveau de confiance documentaire a été réévalué indépendamment de l’intensité de la réponse.	https://lafranceinsoumise.fr/wp-content/uploads/2024/06/Programme-nouveaufrontpopulaire.pdf
party	LFI	27	Sécurité / justice	Les peines de prison effectives devraient être plus sévères, même si cela augmente fortement la population carcérale.	-2	2	Désaccord net : orientation cohérente avec le document officiel retenu, sans passage isolé directement équivalent à la question.	https://lafranceinsoumise.fr/wp-content/uploads/2024/06/Programme-nouveaufrontpopulaire.pdf
party	LFI	28	Sécurité / justice	Il vaut mieux investir dans la prévention et la réinsertion que dans l'augmentation des sanctions.	3	2	Accord fort : sources officielles et prises de position convergentes ; le niveau de confiance documentaire a été réévalué indépendamment de l’intensité de la réponse.	https://lafranceinsoumise.fr/wp-content/uploads/2024/06/Programme-nouveaufrontpopulaire.pdf
party	LFI	29	Sécurité / justice	La police devrait disposer de pouvoirs plus importants pour lutter contre la criminalité, quitte à accepter davantage de contrôles sur certaines libertés individuelles.	-3	2	Désaccord fort : orientation cohérente avec le document officiel retenu, sans passage isolé directement équivalent à la question.	https://lafranceinsoumise.fr/wp-content/uploads/2024/06/Programme-nouveaufrontpopulaire.pdf
party	LFI	30	Agriculture / commerce	La France devrait pouvoir interdire l’importation de produits agricoles fabriqués selon des normes qu’elle interdit à ses propres agriculteurs, même si cela faisait disparaître des rayons les produits alimentaires les moins chers.	2	3	Accord net : LFI défend des interdictions et clauses de sauvegarde contre les importations produites selon des normes interdites en France, mais cherche parallèlement à contenir les prix alimentaires ; l'acceptation explicite du surcoût pour le consommateur n'est pas suffisamment établie pour retenir +3.	https://lafranceinsoumise.fr/europeennes-2024/programme-de-lunion-populaire/chapitre-4-faire-la-planification-ecologique-europeenne/
party	LFI	32	Écologie	La lutte contre le changement climatique doit rester prioritaire même lorsqu'elle réduit la croissance économique à court terme.	3	2	Accord fort : orientation cohérente avec le document officiel retenu, sans passage isolé directement équivalent à la question.	https://lafranceinsoumise.fr/wp-content/uploads/2024/06/Programme-nouveaufrontpopulaire.pdf
party	LFI	33	Écologie	Il faut accepter une hausse importante du prix des énergies fossiles pour accélérer la transition écologique.	2	2	Accord net : codage cohérent avec la ligne programmatique générale du parti sur écologie.	https://lafranceinsoumise.fr/wp-content/uploads/2024/06/Programme-nouveaufrontpopulaire.pdf
party	LFI	34	Economie	Une partie des cotisations sociales sur les salaires devrait être remplacée par une hausse de la TVA afin d’augmenter les salaires nets et de réduire le coût du travail, même si cela augmente le prix des biens et services consommés	-2	2	LFI rejette le transfert du financement social vers des taxes sur la consommation et les baisses de cotisations qui fragilisent la Sécurité sociale. Opposition nette, sans source proposant mot pour mot la TVA sociale : -2.	https://lafranceinsoumise.fr/budget-lecornu-2026-une-saignee-sociale/
party	LFI	35	Écologie	Les politiques écologiques devraient reposer principalement sur des mécanismes de marché comme la taxe carbone plutôt que sur des interdictions.	-3	2	Désaccord fort : LFI privilégie la planification écologique, la réglementation et des interdictions ciblées plutôt qu'une politique reposant principalement sur les mécanismes de marché comme la taxe carbone.	https://lafranceinsoumise.fr/wp-content/uploads/2024/06/Programme-nouveaufrontpopulaire.pdf
party	LFI	36	Écologie	Il est justifié d'interdire certains produits ou comportements très polluants même lorsque les consommateurs les souhaitent.	3	2	Accord fort : codage cohérent avec la ligne programmatique générale du parti sur écologie.	https://lafranceinsoumise.fr/wp-content/uploads/2024/06/Programme-nouveaufrontpopulaire.pdf
party	LFI	37	Écologie	Les pays riches devraient supporter une part prépondérante du coût de la transition écologique mondiale.	3	2	Accord fort : sources officielles et prises de position convergentes ; le niveau de confiance documentaire a été réévalué indépendamment de l’intensité de la réponse.	https://lafranceinsoumise.fr/wp-content/uploads/2024/06/Programme-nouveaufrontpopulaire.pdf
party	LFI	38	Europe	La France devrait transférer davantage de compétences à l'Union européenne afin de renforcer son poids économique et géopolitique.	-1	2	Réserve : orientation cohérente avec le document officiel retenu, sans passage isolé directement équivalent à la question.	https://lafranceinsoumise.fr/wp-content/uploads/2024/05/PROGRAMME-UNION-POPULAIRE_EURO-2024.pdf
party	LFI	39	Europe	La France devrait conserver autant que possible sa souveraineté nationale, même si cela réduit son influence au niveau européen.	2	2	Accord net : orientation cohérente avec le document officiel retenu, sans passage isolé directement équivalent à la question.	https://lafranceinsoumise.fr/wp-content/uploads/2024/05/PROGRAMME-UNION-POPULAIRE_EURO-2024.pdf
party	LFI	40	Europe	L'euro est globalement bénéfique pour la France malgré la perte de certains instruments de politique économique.	0	2	Position équilibrée ou non tranchée : orientation cohérente avec le document officiel retenu, sans passage isolé directement équivalent à la question.	https://lafranceinsoumise.fr/wp-content/uploads/2024/05/PROGRAMME-UNION-POPULAIRE_EURO-2024.pdf
party	LFI	41	Europe	L'Union européenne devrait pouvoir imposer davantage de règles communes aux États membres.	0	2	Position équilibrée ou non tranchée : orientation cohérente avec le document officiel retenu, sans passage isolé directement équivalent à la question.	https://lafranceinsoumise.fr/wp-content/uploads/2024/05/PROGRAMME-UNION-POPULAIRE_EURO-2024.pdf
party	LFI	42	Europe	En cas de conflit entre les intérêts économiques français et les règles européennes, la France devrait pouvoir désobéir à certaines règles européennes.	3	2	Accord fort : orientation cohérente avec le document officiel retenu, sans passage isolé directement équivalent à la question.	https://lafranceinsoumise.fr/wp-content/uploads/2024/05/PROGRAMME-UNION-POPULAIRE_EURO-2024.pdf
party	LFI	43	Fiscalité / patrimoine	Il faudrait supprimer l'IFI et ne plus taxer spécifiquement le patrimoine immobilier au-delà de la fiscalité ordinaire.	-3	3	Désaccord fort : preuve primaire directe ou proposition officielle très proche ; le niveau de confiance documentaire a été réévalué indépendamment de l’intensité de la réponse.	https://lafranceinsoumise.fr/
party	LFI	44	Fiscalité / patrimoine	L'héritage devrait être davantage taxé au-delà d'un certain seuil de patrimoine transmis, même si cela conduit certaines familles à transmettre moins de patrimoine à leurs enfants.	2	2	Accord fort : orientation cohérente avec le document officiel retenu, sans passage isolé directement équivalent à la question.	https://lafranceinsoumise.fr/europeennes-2024/programme-de-lunion-populaire/chapitre-1-sortir-de-lausterite-et-partager-les-richesses/
party	LFI	45	Fiscalité / patrimoine	Les très grandes fortunes devraient être imposées sur leur patrimoine mondial, même lorsqu'elles quittent la France.	2	2	Accord fort : orientation cohérente avec le document officiel retenu, sans passage isolé directement équivalent à la question.	https://lafranceinsoumise.fr/europeennes-2024/programme-de-lunion-populaire/chapitre-1-sortir-de-lausterite-et-partager-les-richesses/
party	LFI	46	Travail / chômage	Un chômeur devrait pouvoir perdre une partie significative de ses allocations s'il refuse plusieurs emplois raisonnablement adaptés à ses compétences.	-2	2	Désaccord fort : orientation cohérente avec le document officiel retenu, sans passage isolé directement équivalent à la question.	https://lafranceinsoumise.fr/europeennes-2024/programme-de-lunion-populaire/chapitre-1-sortir-de-lausterite-et-partager-les-richesses/
party	LFI	47	Outre-mer / vie chère	L’État devrait garantir que les produits essentiels ne coûtent pas beaucoup plus cher dans les DOM/TOM que dans l’Hexagone, quitte à subventionner durablement leur transport ou leur prix avec l’argent public national.	3	3	LFI défend une continuité économique et une péréquation nationale visant à neutraliser les surcoûts ultramarins, y compris par des financements publics : accord maximal avec le principe.	https://lafranceinsoumise.fr/2025/11/05/niche-2025-egalite-dacces-au-service-public-postal-en-outre-mer/
party	LFI	48	Travail / chômage	Le CDI protège trop fortement les salariés déjà en poste et peut rendre plus difficile l’accès à l’emploi stable, au détriment des jeunes, chômeurs ou travailleurs en contrats précaires.	-2	1	Désaccord net : estimation prudente ; aucune formulation parfaitement équivalente à la question n’a été identifiée.	https://lafranceinsoumise.fr/europeennes-2024/programme-de-lunion-populaire/chapitre-1-sortir-de-lausterite-et-partager-les-richesses/
party	LFI	49	Retraites	Les retraites devraient être progressivement réformées vers un système combinant répartition et capitalisation, même si cela implique une période de transition coûteuse.	-3	2	Désaccord fort : orientation cohérente avec le document officiel retenu, sans passage isolé directement équivalent à la question.	https://lafranceinsoumise.fr/europeennes-2024/programme-de-lunion-populaire/chapitre-1-sortir-de-lausterite-et-partager-les-richesses/
party	LFI	50	Retraites	L'âge légal de départ à la retraite devrait être automatiquement indexé sur l'espérance de vie nationale.	-3	2	Désaccord fort : sources officielles et prises de position convergentes ; le niveau de confiance documentaire a été réévalué indépendamment de l’intensité de la réponse.	https://lafranceinsoumise.fr/
party	LFI	51	Protection sociale	Les prestations sociales devraient être fortement conditionnées à la durée de cotisation et de participation au marché du travail.	-3	2	Désaccord fort : orientation cohérente avec le document officiel retenu, sans passage isolé directement équivalent à la question.	https://lafranceinsoumise.fr/europeennes-2024/programme-de-lunion-populaire/chapitre-1-sortir-de-lausterite-et-partager-les-richesses/
party	LFI	53	État / entreprises	Une entreprise qui reçoit plusieurs milliards d'euros d'aides publiques devrait pouvoir être contrainte de limiter ses dividendes et les rémunérations de ses dirigeants tant que l'aide n'est pas remboursée.	3	3	Accord fort : preuve primaire directe ou proposition officielle très proche ; le niveau de confiance documentaire a été réévalué indépendamment de l’intensité de la réponse.	https://lafranceinsoumise.fr/europeennes-2024/programme-de-lunion-populaire/chapitre-1-sortir-de-lausterite-et-partager-les-richesses/
party	LFI	54	État / entreprises	L'État devrait davantage utiliser son pouvoir d'actionnaire pour orienter les grandes entreprises françaises vers des objectifs industriels de long terme.	3	2	Accord fort : sources officielles et prises de position convergentes ; le niveau de confiance documentaire a été réévalué indépendamment de l’intensité de la réponse.	https://lafranceinsoumise.fr/
party	LFI	55	État / entreprises	Il faudrait réduire fortement les normes administratives pesant sur les entreprises, même si certaines protections environnementales ou sociales deviennent moins strictes.	-3	2	Désaccord fort : orientation cohérente avec le document officiel retenu, sans passage isolé directement équivalent à la question.	https://lafranceinsoumise.fr/europeennes-2024/programme-de-lunion-populaire/chapitre-1-sortir-de-lausterite-et-partager-les-richesses/
party	LFI	56	Immigration / régularisation	Un étranger en situation irrégulière qui travaille de façon stable en France depuis plusieurs années et n’a commis aucun délit devrait pouvoir être régularisé, même s’il est entré ou est resté sur le territoire sans autorisation.	3	3	Accord fort : LFI demande explicitement la régularisation de l’ensemble des travailleurs et travailleuses sans papiers ; la situation décrite par la question entre directement dans cette proposition.	https://lafranceinsoumise.fr/2025/11/07/journee-internationale-des-migrants-la-france-insoumise-appelle-a-la-marche-des-solidarites/
party	LFI	57	Immigration / assimilation	L'accès à certaines prestations sociales devrait être beaucoup plus limité pendant les premières années suivant l'arrivée d'un immigré.	-3	2	Désaccord fort : orientation cohérente avec le document officiel retenu, sans passage isolé directement équivalent à la question.	https://lafranceinsoumise.fr/wp-content/uploads/2024/06/Programme-nouveaufrontpopulaire.pdf
party	LFI	58	Immigration / assimilation	La France devrait privilégier l'immigration économique qualifiée, même si cela signifie accueillir moins de personnes peu qualifiées.	-1	1	Réserve : estimation prudente ; aucune formulation parfaitement équivalente à la question n’a été identifiée.	https://lafranceinsoumise.fr/wp-content/uploads/2024/06/Programme-nouveaufrontpopulaire.pdf
party	LFI	59	Immigration / assimilation	Une personne née en France de parents étrangers devrait automatiquement devenir française à sa majorité si elle y a grandi, même si elle ne manifeste pas particulièrement d'attachement à la France.	3	2	Accord fort : orientation cohérente avec le document officiel retenu, sans passage isolé directement équivalent à la question.	https://lafranceinsoumise.fr/wp-content/uploads/2024/06/Programme-nouveaufrontpopulaire.pdf
party	LFI	60	Immigration / assimilation	La France devrait pouvoir refuser l'entrée à un immigré légalement admissible lorsqu'il existe de fortes raisons de penser qu'il ne souhaite pas s'intégrer culturellement à la société française.	-3	2	Désaccord fort : orientation cohérente avec le document officiel retenu, sans passage isolé directement équivalent à la question.	https://lafranceinsoumise.fr/wp-content/uploads/2024/06/Programme-nouveaufrontpopulaire.pdf
party	LFI	61	Immigration / assimilation	Le fait de conserver des pratiques culturelles ou religieuses très différentes de celles de la majorité française n'est pas en soi un problème tant que les lois françaises sont respectées.	3	2	Accord fort : sources officielles et prises de position convergentes ; le niveau de confiance documentaire a été réévalué indépendamment de l’intensité de la réponse.	https://lafranceinsoumise.fr/wp-content/uploads/2024/06/Programme-nouveaufrontpopulaire.pdf
party	LFI	63	Libertés / sécurité	Pour lutter contre le terrorisme, l'État devrait pouvoir surveiller préventivement une personne considérée comme présentant un risque sérieux, même sans preuve suffisante pour engager des poursuites pénales.	-1	2	Réserve : orientation cohérente avec le document officiel retenu, sans passage isolé directement équivalent à la question.	https://lafranceinsoumise.fr/wp-content/uploads/2024/06/Programme-nouveaufrontpopulaire.pdf
party	LFI	64	Libertés / expression	Une personne qui tient publiquement des propos profondément offensants mais qui n'appelle ni à la violence ni à commettre une infraction devrait être protégée par la liberté d'expression.	2	2	Accord net : sources officielles et prises de position convergentes ; le niveau de confiance documentaire a été réévalué indépendamment de l’intensité de la réponse.	https://lafranceinsoumise.fr/wp-content/uploads/2024/06/Programme-nouveaufrontpopulaire.pdf
party	LFI	66	Sécurité	Lorsqu’un conducteur refuse d’obtempérer et prend la fuite, les policiers devraient pouvoir utiliser leur arme à feu même si le danger pour leur vie n’est pas immédiat.	-3	3	Désaccord fort : LFI demande l’abrogation de l’article L. 435-1 du code de la sécurité intérieure et le retour à une doctrine d’usage des armes strictement nécessaire et proportionnée.	https://lafranceinsoumise.fr/2023/11/06/abrogation-de-la-loi-cazeneuve-de-2017/
party	LFI	67	Écologie	Une taxe carbone qui réduit les émissions de CO₂ devrait être maintenue même si elle diminue le pouvoir d’achat des ménages modestes, à condition de compenser ces derniers par des aides ciblées.	-1	2	Désaccord modéré : LFI refuse que la transition écologique se traduise par une hausse du coût de l'énergie supportée par les ménages ; la compensation ciblée prévue par la question atténue toutefois ce désaccord.	https://lafranceinsoumise.fr/wp-content/uploads/2024/06/Programme-nouveaufrontpopulaire.pdf
party	LFI	68	Écologie	La France devrait interdire progressivement la vente de voitures thermiques même si cela augmente temporairement le prix moyen des véhicules.	3	2	Accord fort : orientation cohérente avec le document officiel retenu, sans passage isolé directement équivalent à la question.	https://lafranceinsoumise.fr/wp-content/uploads/2024/06/Programme-nouveaufrontpopulaire.pdf
party	LFI	69	Écologie	Il faut privilégier le nucléaire même si cela conduit à réduire certains investissements dans les renouvelables.	-3	2	Désaccord fort : orientation cohérente avec le document officiel retenu, sans passage isolé directement équivalent à la question.	https://lafranceinsoumise.fr/wp-content/uploads/2024/06/Programme-nouveaufrontpopulaire.pdf
party	LFI	71	Écologie / croissance	Si la France pouvait réduire ses émissions de 20 % mais que cela réduisait son PIB de 3 %, alors que les autres pays ne faisaient aucun effort comparable, il faudrait quand même le faire.	2	1	Accord net : estimation prudente ; aucune formulation parfaitement équivalente à la question n’a été identifiée.	https://lafranceinsoumise.fr/wp-content/uploads/2024/06/Programme-nouveaufrontpopulaire.pdf
party	LFI	72	Institutions	Pour certaines décisions économiques complexes, il serait préférable de confier davantage de pouvoir à des institutions indépendantes composées d'experts plutôt qu'aux responsables politiques élus.	-2	2	Désaccord net : estimation prudente ; aucune formulation parfaitement équivalente à la question n’a été identifiée.	https://lafranceinsoumise.fr/europeennes-2024/programme-de-lunion-populaire/chapitre-1-sortir-de-lausterite-et-partager-les-richesses/
party	LFI	73	Institutions	Un gouvernement devrait pouvoir prendre une décision économiquement nécessaire mais très impopulaire sans chercher à obtenir l'approbation immédiate de la population.	0	1	Position équilibrée ou non tranchée : estimation prudente ; aucune formulation parfaitement équivalente à la question n’a été identifiée.	https://lafranceinsoumise.fr/europeennes-2024/programme-de-lunion-populaire/chapitre-1-sortir-de-lausterite-et-partager-les-richesses/
party	LFI	74	Institutions	Le référendum devrait être beaucoup plus utilisé, même lorsque les citoyens votent sur des sujets dont ils maîtrisent mal les aspects techniques.	2	2	Accord net : orientation cohérente avec le document officiel retenu, sans passage isolé directement équivalent à la question.	https://lafranceinsoumise.fr/europeennes-2024/programme-de-lunion-populaire/chapitre-1-sortir-de-lausterite-et-partager-les-richesses/
party	LFI	75	Institutions	Il serait acceptable de donner davantage de poids politique aux citoyens qui démontrent un niveau élevé de connaissance du fonctionnement des institutions et de l'économie.	-2	1	Désaccord net : estimation prudente ; aucune formulation parfaitement équivalente à la question n’a été identifiée.	https://lafranceinsoumise.fr/europeennes-2024/programme-de-lunion-populaire/chapitre-1-sortir-de-lausterite-et-partager-les-richesses/
party	LFI	76	Institutions	Le président de la République devrait disposer de davantage de pouvoirs pour pouvoir mettre en œuvre un programme pendant cinq ans sans être constamment bloqué par le Parlement.	-3	2	Désaccord fort : LFI veut rompre avec l'hyperprésidentialisme de la Ve République, réduire les pouvoirs du président et renforcer le Parlement ; c'est l'opposé direct de la proposition.	https://lafranceinsoumise.fr/
party	LFI	77	Institutions	La proportionnelle intégrale serait préférable au système actuel, même si elle rendait plus fréquentes les coalitions et les gouvernements instables.	3	2	Accord fort : orientation cohérente avec le document officiel retenu, sans passage isolé directement équivalent à la question.	https://lafranceinsoumise.fr/europeennes-2024/programme-de-lunion-populaire/chapitre-1-sortir-de-lausterite-et-partager-les-richesses/
party	LFI	78	Immigration / assimilation	Le droit de séjour durable en France devrait dépendre, sauf impossibilité particulière, d’efforts concrets pour apprendre le français, comprendre les règles et usages du pays et participer à la vie collective.	0	2	Position équilibrée ou non tranchée : orientation cohérente avec le document officiel retenu, sans passage isolé directement équivalent à la question.	https://lafranceinsoumise.fr/wp-content/uploads/2024/06/Programme-nouveaufrontpopulaire.pdf
party	LFI	79	Immigration / délinquance	Les différences de délinquance observées s’expliquent davantage par les inégalités sociales et économiques que par la culture d’origine des personnes concernées.	3	2	Accord fort : orientation cohérente avec le document officiel retenu, sans passage isolé directement équivalent à la question.	https://lafranceinsoumise.fr/wp-content/uploads/2024/06/Programme-nouveaufrontpopulaire.pdf
party	LFI	80	Écologie / agriculture	La France devrait interdire aux agriculteurs l’usage d’un produit jugé trop polluant, même si cette interdiction les désavantage face à des concurrents étrangers qui peuvent encore l’utiliser.	3	3	Accord fort : LFI s’oppose explicitement à la réautorisation de l’acétamipride malgré les arguments de compétitivité agricole et qualifie ce néonicotinoïde de poison au regard de ses risques sanitaires et environnementaux.	https://lafranceinsoumise.fr/2026/05/05/halte-aux-magouilles-entre-la-droite-et-le-rn-pour-reautoriser-en-douce-un-poison/
party	LFI	81	Santé / accès aux soins	Dans les zones où l'accès aux soins est insuffisant, l'Assurance maladie devrait pouvoir limiter le conventionnement de nouveaux médecins dans les zones déjà bien dotées afin d'encourager leur installation dans les déserts médicaux.	3	3	Accord fort : le scrutin sur la régulation du conventionnement médical fournit la position parlementaire la plus proche ; pour les formations non représentées, le codage est déduit de leur ligne sur la liberté d'installation. Niveau de preuve : preuve directe ou politique explicitement documentée.	https://www.assemblee-nationale.fr/dyn/17/scrutins/1214
party	LFI	82	Santé / assurance maladie	L'Assurance maladie devrait rembourser intégralement les soins essentiels, quitte à réduire fortement le rôle des complémentaires santé.	3	3	Accord fort : le programme de santé retenu permet d'estimer la place accordée à l'assurance publique et aux complémentaires. Niveau de preuve : preuve directe ou politique explicitement documentée.	https://lafranceinsoumise.fr/wp-content/uploads/2018/10/LIVRET-ContreBudget-1.pdf
party	LFI	83	Santé / hôpital	Il faut accepter de fermer ou regrouper certaines petites maternités et certains services d'urgence afin de concentrer les équipes et les équipements dans des établissements plus importants.	-3	2	Désaccord fort : le document retenu permet d'arbitrer entre maintien de la proximité hospitalière et concentration des moyens. Niveau de preuve : faisceau d’indices cohérent, sans équivalent toujours parfaitement identique.	https://lafranceinsoumise.fr/wp-content/uploads/2024/06/Programme-nouveaufrontpopulaire.pdf
party	LFI	84	Éducation / autonomie	Les chefs d'établissement scolaire devraient pouvoir recruter eux-même une partie de leurs enseignants et peser davantage dans leur évaluation.	-3	2	Désaccord fort : la position est estimée à partir des propositions d'autonomie des établissements, de recrutement et de gestion des enseignants. Niveau de preuve : faisceau d’indices cohérent, sans équivalent toujours parfaitement identique.	https://lafranceinsoumise.fr/wp-content/uploads/2024/06/Programme-nouveaufrontpopulaire.pdf
party	LFI	85	Éducation / mixité sociale	Le financement public des établissements privés sous contrat devrait être conditionné à des objectifs mesurables de mixité sociale.	3	2	Accord fort : la position est estimée à partir des propositions sur l'enseignement privé, son financement et la mixité sociale. Niveau de preuve : faisceau d’indices cohérent, sans équivalent toujours parfaitement identique.	https://lafranceinsoumise.fr/wp-content/uploads/2024/06/Programme-nouveaufrontpopulaire.pdf
party	LFI	86	Logement / locations touristiques	Dans les zones où le logement manque, une commune devrait pouvoir interdire la location touristique régulière d'un logement qui n'est pas la résidence principale de son propriétaire.	2	2	Accord net : la source retenue précise le degré de régulation souhaité pour les meublés touristiques et les pouvoirs locaux. Niveau de preuve : faisceau d’indices cohérent, sans équivalent toujours parfaitement identique.	https://lafranceinsoumise.fr/wp-content/uploads/2025/07/KIT-ARGU_VF.pdf
party	LFI	87	Défense / Ukraine	La France devrait continuer à fournir une aide militaire et financière importante à l'Ukraine tant que son territoire reste occupé, même si la guerre se prolonge.	-2	3	Désaccord fort : le vote ou la politique officielle sur le soutien durable à l'Ukraine constitue l'indicateur principal. Niveau de preuve : preuve directe ou politique explicitement documentée.	https://www.assemblee-nationale.fr/dyn/17/scrutins/988
party	LFI	88	Défense / dissuasion nucléaire	La dissuasion nucléaire française devrait aussi protéger les partenaires européens, tout en laissant à la France seule la décision finale de l'employer.	-3	2	Désaccord fort : la source retenue porte sur l'extension européenne de la dissuasion ou, pour les pays non dotés, sur la protection nucléaire alliée. Niveau de preuve : faisceau d’indices cohérent, sans équivalent toujours parfaitement identique.	https://lafranceinsoumise.fr/2019/02/05/question-ecrite-sur-la-dissuasion-nucleaire-dans-le-traite-daix-la-chapelle/
party	LFI	89	Santé / fin de vie	Une personne majeure atteinte d'une maladie grave et incurable provoquant des souffrances insupportables devrait pouvoir recevoir une aide médicale à mourir dans un cadre strictement contrôlé.	3	3	Accord fort : le vote, la loi ou la position gouvernementale sur l'aide à mourir fournit un équivalent direct ou très proche. Niveau de preuve : preuve directe ou politique explicitement documentée.	https://www.assemblee-nationale.fr/dyn/17/scrutins/2107
party	LFI	90	Dépendance / EHPAD	Les groupes privés à but lucratif ne devraient plus pouvoir gérer d'EHPAD. Les établissements existants devraient progressivement devenir publics ou non lucratifs.	2	2	Accord net : le programme social et sanitaire permet d'estimer la place laissée aux opérateurs lucratifs dans la dépendance. Niveau de preuve : faisceau d’indices cohérent, sans équivalent toujours parfaitement identique.	https://lafranceinsoumise.fr/wp-content/uploads/2018/10/LIVRET-ContreBudget-1.pdf
party	LFI	91	Famille / prestations	Les allocations familiales devraient être versées à toutes les familles selon le nombre d'enfants, sans diminuer lorsque les revenus augmentent.	2	1	Accord net : le modèle de prestations familiales et la ligne programmatique permettent d'estimer la préférence pour l'universalité ou le ciblage. Niveau de preuve : estimation prudente à partir de la ligne générale.	https://lafranceinsoumise.fr/wp-content/uploads/2024/06/Programme-nouveaufrontpopulaire.pdf
party	LFI	92	Numérique / mineurs	L'accès aux réseaux sociaux devrait être interdit aux moins de 15 ans, même avec l'accord de leurs parents.	-3	3	Désaccord fort : le vote ou la politique publique sur l'âge d'accès aux réseaux sociaux permet de distinguer interdiction stricte, autorisation parentale et régulation plus souple. Niveau de preuve : preuve directe ou politique explicitement documentée.	https://www.assemblee-nationale.fr/dyn/17/scrutins/8431
party	LFI	93	Numérique / intelligence artificielle	Les administrations publiques devraient privilégier des modèles d'intelligence artificielle hébergés en Europe, même s'ils sont temporairement moins performants ou plus coûteux que leurs concurrents étrangers.	1	2	Accord modéré : sources officielles et prises de position convergentes ; le niveau de confiance documentaire a été réévalué indépendamment de l’intensité de la réponse.	https://lafranceinsoumise.fr/wp-content/uploads/2024/06/Programme-nouveaufrontpopulaire.pdf
party	PCF	1	Économie	Il faut réduire les impôts sur le travail et le capital, même si cela implique de réduire certaines dépenses publiques.	-3	2	Désaccord fort : orientation cohérente avec le document officiel retenu, sans passage isolé directement équivalent à la question.	https://www.pcf.fr/feuille_de_route_confnat_pcf
party	PCF	2	Économie	Les inégalités économiques sont acceptables tant qu'elles résultent principalement du travail ou de la prise de risque.	-2	2	Désaccord net : sources officielles et prises de position convergentes ; le niveau de confiance documentaire a été réévalué indépendamment de l’intensité de la réponse.	https://www.pcf.fr/feuille_de_route_confnat_pcf
party	PCF	3	Économie	L'État devrait davantage taxer les hauts revenus et les gros patrimoines afin de réduire les inégalités.	3	3	Accord fort : preuve primaire directe ou proposition officielle très proche ; le niveau de confiance documentaire a été réévalué indépendamment de l’intensité de la réponse.	https://www.pcf.fr/contrat_de_legislature_projet_propos_par_le_pcf
party	PCF	4	Économie	Les entreprises devraient être obligées de limiter l’écart entre la rémunération de leurs dirigeants et celle de leurs salariés les moins bien payés.	3	3	Accord fort : les communistes défendent depuis plusieurs législatures un écart maximal de 1 à 20 entre la rémunération la plus basse et la rémunération la plus haute dans l’entreprise.	https://groupe-communiste.assemblee-nationale.fr/propositions/propositions-de-loi/article/lutte-contre-les-inegalites-salariales-4593
party	PCF	5	Économie	Le salaire minimum devrait être augmenté significativement.	3	3	Accord fort : preuve primaire directe ou proposition officielle très proche ; le niveau de confiance documentaire a été réévalué indépendamment de l’intensité de la réponse.	https://www.pcf.fr/contrat_de_legislature_projet_propos_par_le_pcf
party	PCF	6	Économie	Les entreprises privées sont généralement plus efficaces que l'État pour fournir des biens et services, même dans certains secteurs essentiels.	-3	2	Désaccord fort : estimation prudente ; aucune formulation parfaitement équivalente à la question n’a été identifiée.	https://www.pcf.fr/feuille_de_route_confnat_pcf
party	PCF	7	Économie	L'État devrait pouvoir nationaliser temporairement ou durablement une entreprise privée lorsqu'elle contrôle une activité stratégique pour le pays.	3	3	Accord fort : preuve primaire directe ou proposition officielle très proche ; le niveau de confiance documentaire a été réévalué indépendamment de l’intensité de la réponse.	https://www.pcf.fr/contrat_de_legislature_projet_propos_par_le_pcf
party	PCF	8	Économie	La concurrence est généralement préférable à la réglementation pour améliorer les prix, la qualité et l'innovation.	-3	2	Désaccord fort : estimation prudente ; aucune formulation parfaitement équivalente à la question n’a été identifiée.	https://www.pcf.fr/feuille_de_route_confnat_pcf
party	PCF	9	État	La France dépense trop d'argent public et devrait accepter de réduire certaines politiques sociales pour revenir à l'équilibre budgétaire.	-3	3	Désaccord fort : preuve primaire directe ou proposition officielle très proche ; le niveau de confiance documentaire a été réévalué indépendamment de l’intensité de la réponse.	https://www.pcf.fr/contrat_de_legislature_projet_propos_par_le_pcf
party	PCF	10	État	L'État devrait garantir un niveau élevé de protection sociale, même si cela implique une fiscalité importante.	3	3	Accord fort : preuve primaire directe ou proposition officielle très proche ; le niveau de confiance documentaire a été réévalué indépendamment de l’intensité de la réponse.	https://www.pcf.fr/contrat_de_legislature_projet_propos_par_le_pcf
party	PCF	12	État	L'État devrait intervenir beaucoup plus fortement dans l'économie lorsque le marché produit des résultats jugés socialement indésirables.	3	3	Accord fort : preuve primaire directe ou proposition officielle très proche ; le niveau de confiance documentaire a été réévalué indépendamment de l’intensité de la réponse.	https://www.pcf.fr/contrat_de_legislature_projet_propos_par_le_pcf
party	PCF	13	État	Les citoyens devraient avoir davantage de liberté pour choisir eux-mêmes comment utiliser leur argent plutôt que de passer par des systèmes publics obligatoires.	-3	2	Désaccord fort : estimation prudente ; aucune formulation parfaitement équivalente à la question n’a été identifiée.	https://www.pcf.fr/feuille_de_route_confnat_pcf
party	PCF	14	Social / société	La société devrait accepter beaucoup plus largement les différents modes de vie, même lorsqu'ils s'éloignent des normes traditionnelles.	2	2	Accord net : codage cohérent avec la ligne programmatique générale du parti sur social / société.	https://www.pcf.fr/immigration_est_un_enjeu_de_classe
party	PCF	15	Démocratie	Un gouvernement devrait pouvoir faire adopter le budget sans vote de l’Assemblée nationale lorsqu’aucune majorité stable ne se dégage, afin d’éviter un blocage institutionnel.	-3	3	Le PCF demande de ne pas recourir au 49.3 et défend sa suppression : désaccord maximal avec la proposition. Position officielle explicite.	https://www.pcf.fr/mobilisation_pour_gagner_avancees_doit_amplifier
party	PCF	16	Social / société	Réduire les inégalités peut parfois justifier de restreindre certaines libertés individuelles.	1	2	Accord modéré : sources officielles et prises de position convergentes ; le niveau de confiance documentaire a été réévalué indépendamment de l’intensité de la réponse.	https://www.pcf.fr/immigration_est_un_enjeu_de_classe
party	PCF	17	Social / société	Les politiques publiques devraient chercher à corriger activement les discriminations historiques ou structurelles entre groupes sociaux.	2	2	Accord net : codage cohérent avec la ligne programmatique générale du parti sur social / société.	https://www.pcf.fr/immigration_est_un_enjeu_de_classe
party	PCF	18	Institutions / territoires	Les régions devraient pouvoir adopter des règles différentes en matière économique, sociale ou environnementale plutôt que d’appliquer partout les mêmes règles nationales.	-2	3	Désaccord net : le PCF défend une décentralisation dotée de moyens et de compétences locales, mais reste attaché à l’égalité républicaine et à l’unicité des règles nationales dans les domaines sociaux essentiels ; il est donc réservé face à une différenciation normative large entre régions.	https://www.pcf.fr/pacte_2025_republique
party	PCF	19	Social / société	Certaines traditions et valeurs culturelles méritent d'être préservées même si elles évoluent moins vite que la société.	0	2	Position équilibrée ou non tranchée : codage cohérent avec la ligne programmatique générale du parti sur social / société.	https://www.pcf.fr/immigration_est_un_enjeu_de_classe
party	PCF	20	Immigration	La France devrait réduire le nombre d'immigrants qu'elle accueille chaque année.	-3	3	Désaccord fort : preuve primaire directe ou proposition officielle très proche ; le niveau de confiance documentaire a été réévalué indépendamment de l’intensité de la réponse.	https://www.pcf.fr/immigration_est_un_enjeu_de_classe
party	PCF	21	Immigration	L'immigration économique est globalement bénéfique pour l'économie française.	2	2	Accord net : le PCF souligne la contribution économique, fiscale et sociale positive de l’immigration, tout en refusant d’en faire le seul critère de la politique migratoire ; +2 plutôt que +3.	https://www.pcf.fr/immigration_est_un_enjeu_de_classe
party	PCF	22	Immigration / droits sociaux	Un étranger installé légalement en France depuis de nombreuses années devrait, à situation économique comparable, bénéficier des mêmes prestations sociales et du même accès au logement social qu’un citoyen français, sans priorité fondée sur la nationalité.	3	3	Le PCF défend l’égalité des droits sociaux des immigrés et combat la préférence nationale ; la nouvelle formulation correspond directement à cette ligne.	https://www.pcf.fr/immigration_est_un_enjeu_de_classe
party	PCF	23	Immigration	L'accès à la nationalité française devrait être rendu plus exigeant.	-2	2	Désaccord net : orientation cohérente avec le document officiel retenu, sans passage isolé directement équivalent à la question.	https://www.pcf.fr/immigration_est_un_enjeu_de_classe
party	PCF	24	Immigration	La France devrait être beaucoup plus stricte concernant l'expulsion des étrangers condamnés pour des crimes graves.	-2	2	Désaccord net : le PCF critique la double peine et les expulsions automatiques après condamnation ; la mention spécifique des crimes graves empêche toutefois de retenir une opposition maximale.	https://www.pcf.fr/immigration_est_un_enjeu_de_classe
party	PCF	25	Immigration	Même lorsque l'immigration est économiquement bénéfique, elle peut être légitimement limitée pour préserver la cohésion culturelle du pays.	-2	2	Désaccord net : orientation cohérente avec le document officiel retenu, sans passage isolé directement équivalent à la question.	https://www.pcf.fr/immigration_est_un_enjeu_de_classe
party	PCF	26	Immigration	La France devrait accueillir davantage de réfugiés lorsqu'ils fuient une guerre ou une persécution, même si cela représente un coût économique.	3	3	Accord fort : preuve primaire directe ou proposition officielle très proche ; le niveau de confiance documentaire a été réévalué indépendamment de l’intensité de la réponse.	https://www.pcf.fr/immigration_est_un_enjeu_de_classe
party	PCF	27	Sécurité / justice	Les peines de prison effectives devraient être plus sévères, même si cela augmente fortement la population carcérale.	-1	2	Réserve : orientation cohérente avec le document officiel retenu, sans passage isolé directement équivalent à la question.	https://www.pcf.fr/immigration_est_un_enjeu_de_classe
party	PCF	28	Sécurité / justice	Il vaut mieux investir dans la prévention et la réinsertion que dans l'augmentation des sanctions.	2	2	Accord fort : estimation prudente ; aucune formulation parfaitement équivalente à la question n’a été identifiée.	https://www.pcf.fr/immigration_est_un_enjeu_de_classe
party	PCF	29	Sécurité / justice	La police devrait disposer de pouvoirs plus importants pour lutter contre la criminalité, quitte à accepter davantage de contrôles sur certaines libertés individuelles.	-2	2	Désaccord net : orientation cohérente avec le document officiel retenu, sans passage isolé directement équivalent à la question.	https://www.pcf.fr/immigration_est_un_enjeu_de_classe
party	PCF	30	Agriculture / commerce	La France devrait pouvoir interdire l’importation de produits agricoles fabriqués selon des normes qu’elle interdit à ses propres agriculteurs, même si cela faisait disparaître des rayons les produits alimentaires les moins chers.	2	3	Accord net : le PCF défend une stricte réciprocité des normes et la protection des producteurs français, mais la contrepartie explicite d'une hausse des prix alimentaires n'est pas suffisamment documentée pour retenir un accord maximal.	https://lem.pcf.fr/attributs/3?page=321
party	PCF	32	Écologie	La lutte contre le changement climatique doit rester prioritaire même lorsqu'elle réduit la croissance économique à court terme.	2	2	Accord fort : orientation cohérente avec le document officiel retenu, sans passage isolé directement équivalent à la question.	https://www.pcf.fr/europe_le_programme_un_argumentaire_utile_aux_militants_et_un_outil_de_campagne_efficace
party	PCF	33	Écologie	Il faut accepter une hausse importante du prix des énergies fossiles pour accélérer la transition écologique.	2	2	Accord net : codage cohérent avec la ligne programmatique générale du parti sur écologie.	https://www.pcf.fr/europe_le_programme_un_argumentaire_utile_aux_militants_et_un_outil_de_campagne_efficace
party	PCF	34	Economie	Une partie des cotisations sociales sur les salaires devrait être remplacée par une hausse de la TVA afin d’augmenter les salaires nets et de réduire le coût du travail, même si cela augmente le prix des biens et services consommés	-3	3	Le PCF décrit exactement la TVA sociale comme baisse des cotisations patronales compensée par hausse de TVA et la rejette explicitement. Désaccord maximal, source directement équivalente.	https://paris14.pcf.fr/taxonomy/term/2276/0?page=1
party	PCF	35	Écologie	Les politiques écologiques devraient reposer principalement sur des mécanismes de marché comme la taxe carbone plutôt que sur des interdictions.	-2	2	Désaccord net : sources officielles et prises de position convergentes ; le niveau de confiance documentaire a été réévalué indépendamment de l’intensité de la réponse.	https://www.pcf.fr/europe_le_programme_un_argumentaire_utile_aux_militants_et_un_outil_de_campagne_efficace
party	PCF	36	Écologie	Il est justifié d'interdire certains produits ou comportements très polluants même lorsque les consommateurs les souhaitent.	3	2	Accord fort : codage cohérent avec la ligne programmatique générale du parti sur écologie.	https://www.pcf.fr/europe_le_programme_un_argumentaire_utile_aux_militants_et_un_outil_de_campagne_efficace
party	PCF	37	Écologie	Les pays riches devraient supporter une part prépondérante du coût de la transition écologique mondiale.	3	2	Accord fort : sources officielles et prises de position convergentes ; le niveau de confiance documentaire a été réévalué indépendamment de l’intensité de la réponse.	https://www.pcf.fr/europe_le_programme_un_argumentaire_utile_aux_militants_et_un_outil_de_campagne_efficace
party	PCF	38	Europe	La France devrait transférer davantage de compétences à l'Union européenne afin de renforcer son poids économique et géopolitique.	-2	3	Désaccord net : le PCF défend une Europe de nations et de peuples souverains et associés et demande des traités respectant davantage la souveraineté nationale. Il soutient des coopérations européennes fortes, mais pas un transfert général de compétences supplémentaires à l’Union : -2.	https://www.pcf.fr/pacte_2025_paix
party	PCF	39	Europe	La France devrait conserver autant que possible sa souveraineté nationale, même si cela réduit son influence au niveau européen.	2	2	Accord net : orientation cohérente avec le document officiel retenu, sans passage isolé directement équivalent à la question.	https://www.pcf.fr/europe_le_programme_un_argumentaire_utile_aux_militants_et_un_outil_de_campagne_efficace
party	PCF	40	Europe	L'euro est globalement bénéfique pour la France malgré la perte de certains instruments de politique économique.	0	2	Position équilibrée ou non tranchée : orientation cohérente avec le document officiel retenu, sans passage isolé directement équivalent à la question.	https://www.pcf.fr/europe_le_programme_un_argumentaire_utile_aux_militants_et_un_outil_de_campagne_efficace
party	PCF	41	Europe	L'Union européenne devrait pouvoir imposer davantage de règles communes aux États membres.	0	2	Position équilibrée ou non tranchée : orientation cohérente avec le document officiel retenu, sans passage isolé directement équivalent à la question.	https://www.pcf.fr/europe_le_programme_un_argumentaire_utile_aux_militants_et_un_outil_de_campagne_efficace
party	PCF	42	Europe	En cas de conflit entre les intérêts économiques français et les règles européennes, la France devrait pouvoir désobéir à certaines règles européennes.	3	2	Accord fort : orientation cohérente avec le document officiel retenu, sans passage isolé directement équivalent à la question.	https://www.pcf.fr/europe_le_programme_un_argumentaire_utile_aux_militants_et_un_outil_de_campagne_efficace
party	PCF	43	Fiscalité / patrimoine	Il faudrait supprimer l'IFI et ne plus taxer spécifiquement le patrimoine immobilier au-delà de la fiscalité ordinaire.	-3	3	Désaccord fort : preuve primaire directe ou proposition officielle très proche ; le niveau de confiance documentaire a été réévalué indépendamment de l’intensité de la réponse.	https://www.pcf.fr/contrat_de_legislature_projet_propos_par_le_pcf
party	PCF	44	Fiscalité / patrimoine	L'héritage devrait être davantage taxé au-delà d'un certain seuil de patrimoine transmis, même si cela conduit certaines familles à transmettre moins de patrimoine à leurs enfants.	3	2	Accord fort : orientation cohérente avec le document officiel retenu, sans passage isolé directement équivalent à la question.	https://www.pcf.fr/feuille_de_route_confnat_pcf
party	PCF	45	Fiscalité / patrimoine	Les très grandes fortunes devraient être imposées sur leur patrimoine mondial, même lorsqu'elles quittent la France.	2	2	Accord fort : orientation cohérente avec le document officiel retenu, sans passage isolé directement équivalent à la question.	https://www.pcf.fr/feuille_de_route_confnat_pcf
party	PCF	46	Travail / chômage	Un chômeur devrait pouvoir perdre une partie significative de ses allocations s'il refuse plusieurs emplois raisonnablement adaptés à ses compétences.	-3	2	Désaccord fort : orientation cohérente avec le document officiel retenu, sans passage isolé directement équivalent à la question.	https://www.pcf.fr/feuille_de_route_confnat_pcf
party	PCF	47	Outre-mer / vie chère	L’État devrait garantir que les produits essentiels ne coûtent pas beaucoup plus cher dans les DOM/TOM que dans l’Hexagone, quitte à subventionner durablement leur transport ou leur prix avec l’argent public national.	3	3	Le PCF défend une politique tarifaire préférentielle et la continuité territoriale pour les marchandises afin de compenser l’éloignement des outre-mer : accord maximal.	https://www.pcf.fr/147_une_politique_volontariste_de_d_veloppement_industriel_agricole_de_l_conomie_de_la_mer_sera_impuls_e_afin_de_permettre_aux_populations_de_vivre_et_de_travailler_dans_ces_territoires
party	PCF	48	Travail / chômage	Le CDI protège trop fortement les salariés déjà en poste et peut rendre plus difficile l’accès à l’emploi stable, au détriment des jeunes, chômeurs ou travailleurs en contrats précaires.	-2	1	Réserve : estimation prudente ; aucune formulation parfaitement équivalente à la question n’a été identifiée.	https://www.pcf.fr/feuille_de_route_confnat_pcf
party	PCF	49	Retraites	Les retraites devraient être progressivement réformées vers un système combinant répartition et capitalisation, même si cela implique une période de transition coûteuse.	-3	2	Désaccord fort : orientation cohérente avec le document officiel retenu, sans passage isolé directement équivalent à la question.	https://www.pcf.fr/feuille_de_route_confnat_pcf
party	PCF	50	Retraites	L'âge légal de départ à la retraite devrait être automatiquement indexé sur l'espérance de vie nationale.	-3	2	Désaccord fort : sources officielles et prises de position convergentes ; le niveau de confiance documentaire a été réévalué indépendamment de l’intensité de la réponse.	https://www.pcf.fr/feuille_de_route_confnat_pcf
party	PCF	51	Protection sociale	Les prestations sociales devraient être fortement conditionnées à la durée de cotisation et de participation au marché du travail.	-2	2	Désaccord net : orientation cohérente avec le document officiel retenu, sans passage isolé directement équivalent à la question.	https://www.pcf.fr/feuille_de_route_confnat_pcf
party	PCF	53	État / entreprises	Une entreprise qui reçoit plusieurs milliards d'euros d'aides publiques devrait pouvoir être contrainte de limiter ses dividendes et les rémunérations de ses dirigeants tant que l'aide n'est pas remboursée.	3	2	Accord fort : codage cohérent avec la ligne programmatique générale du parti sur état / entreprises.	https://www.pcf.fr/feuille_de_route_confnat_pcf
party	PCF	54	État / entreprises	L'État devrait davantage utiliser son pouvoir d'actionnaire pour orienter les grandes entreprises françaises vers des objectifs industriels de long terme.	3	3	Accord fort : preuve primaire directe ou proposition officielle très proche ; le niveau de confiance documentaire a été réévalué indépendamment de l’intensité de la réponse.	https://www.pcf.fr/contrat_de_legislature_projet_propos_par_le_pcf
party	PCF	55	État / entreprises	Il faudrait réduire fortement les normes administratives pesant sur les entreprises, même si certaines protections environnementales ou sociales deviennent moins strictes.	-3	2	Désaccord fort : orientation cohérente avec le document officiel retenu, sans passage isolé directement équivalent à la question.	https://www.pcf.fr/feuille_de_route_confnat_pcf
party	PCF	56	Immigration / régularisation	Un étranger en situation irrégulière qui travaille de façon stable en France depuis plusieurs années et n’a commis aucun délit devrait pouvoir être régularisé, même s’il est entré ou est resté sur le territoire sans autorisation.	3	3	Accord fort : le PCF propose explicitement de régulariser les travailleurs sans papiers afin de leur garantir les mêmes droits et d’éviter leur mise en concurrence avec les autres salariés.	https://www.pcf.fr/pacte_2025_republique
party	PCF	57	Immigration / assimilation	L'accès à certaines prestations sociales devrait être beaucoup plus limité pendant les premières années suivant l'arrivée d'un immigré.	-3	2	Désaccord fort : codage cohérent avec la ligne programmatique générale du parti sur immigration / assimilation.	https://www.pcf.fr/immigration_est_un_enjeu_de_classe
party	PCF	58	Immigration / assimilation	La France devrait privilégier l'immigration économique qualifiée, même si cela signifie accueillir moins de personnes peu qualifiées.	-2	1	Désaccord net : estimation prudente ; aucune formulation parfaitement équivalente à la question n’a été identifiée.	https://www.pcf.fr/immigration_est_un_enjeu_de_classe
party	PCF	59	Immigration / assimilation	Une personne née en France de parents étrangers devrait automatiquement devenir française à sa majorité si elle y a grandi, même si elle ne manifeste pas particulièrement d'attachement à la France.	3	2	Accord fort : codage cohérent avec la ligne programmatique générale du parti sur immigration / assimilation.	https://www.pcf.fr/immigration_est_un_enjeu_de_classe
party	PCF	60	Immigration / assimilation	La France devrait pouvoir refuser l'entrée à un immigré légalement admissible lorsqu'il existe de fortes raisons de penser qu'il ne souhaite pas s'intégrer culturellement à la société française.	-2	2	Désaccord net : codage cohérent avec la ligne programmatique générale du parti sur immigration / assimilation.	https://www.pcf.fr/immigration_est_un_enjeu_de_classe
party	PCF	61	Immigration / assimilation	Le fait de conserver des pratiques culturelles ou religieuses très différentes de celles de la majorité française n'est pas en soi un problème tant que les lois françaises sont respectées.	3	2	Accord fort : sources officielles et prises de position convergentes ; le niveau de confiance documentaire a été réévalué indépendamment de l’intensité de la réponse.	https://www.pcf.fr/immigration_est_un_enjeu_de_classe
party	PCF	63	Libertés / sécurité	Pour lutter contre le terrorisme, l'État devrait pouvoir surveiller préventivement une personne considérée comme présentant un risque sérieux, même sans preuve suffisante pour engager des poursuites pénales.	0	2	Position équilibrée ou non tranchée : codage cohérent avec la ligne programmatique générale du parti sur libertés / sécurité.	https://www.pcf.fr/immigration_est_un_enjeu_de_classe
party	PCF	64	Libertés / expression	Une personne qui tient publiquement des propos profondément offensants mais qui n'appelle ni à la violence ni à commettre une infraction devrait être protégée par la liberté d'expression.	2	2	Accord net : sources officielles et prises de position convergentes ; le niveau de confiance documentaire a été réévalué indépendamment de l’intensité de la réponse.	https://www.pcf.fr/immigration_est_un_enjeu_de_classe
party	PCF	66	Sécurité	Lorsqu’un conducteur refuse d’obtempérer et prend la fuite, les policiers devraient pouvoir utiliser leur arme à feu même si le danger pour leur vie n’est pas immédiat.	-3	3	Désaccord fort : le PCF affirme qu’un refus d’obtempérer ne doit pas entraîner la mort et demande l’abrogation de la loi de 2017 qui a élargi l’usage des armes.	https://www.pcf.fr/pour_la_verite_et_la_justice_pour_nahel
party	PCF	67	Écologie	Une taxe carbone qui réduit les émissions de CO₂ devrait être maintenue même si elle diminue le pouvoir d’achat des ménages modestes, à condition de compenser ces derniers par des aides ciblées.	-2	2	Désaccord net : le PCF refuse que la transition écologique soit financée par une taxe carbone qui renchérit directement l'énergie des ménages, en particulier des plus modestes, et a critiqué ce mécanisme même lorsqu'il est assorti de compensations sociales. Il accepte en revanche des instruments fiscaux écologiques plus ciblés, comme des malus sur les véhicules les plus polluants ; -2 est donc plus adapté qu'un rejet maximal.	https://www.pcf.fr/europe_le_programme_un_argumentaire_utile_aux_militants_et_un_outil_de_campagne_efficace
party	PCF	68	Écologie	La France devrait interdire progressivement la vente de voitures thermiques même si cela augmente temporairement le prix moyen des véhicules.	2	2	Accord net : orientation cohérente avec le document officiel retenu, sans passage isolé directement équivalent à la question.	https://www.pcf.fr/europe_le_programme_un_argumentaire_utile_aux_militants_et_un_outil_de_campagne_efficace
party	PCF	69	Écologie	Il faut privilégier le nucléaire même si cela conduit à réduire certains investissements dans les renouvelables.	1	2	Accord modéré : le PCF est fortement favorable au nucléaire mais défend simultanément le développement des renouvelables et refuse de les opposer ; +1 traduit une préférence nucléaire sans valider clairement une baisse des investissements renouvelables.	https://www.pcf.fr/europe_le_programme_un_argumentaire_utile_aux_militants_et_un_outil_de_campagne_efficace
party	PCF	71	Écologie / croissance	Si la France pouvait réduire ses émissions de 20 % mais que cela réduisait son PIB de 3 %, alors que les autres pays ne faisaient aucun effort comparable, il faudrait quand même le faire.	2	2	Accord fort : estimation prudente ; aucune formulation parfaitement équivalente à la question n’a été identifiée.	https://www.pcf.fr/europe_le_programme_un_argumentaire_utile_aux_militants_et_un_outil_de_campagne_efficace
party	PCF	72	Institutions	Pour certaines décisions économiques complexes, il serait préférable de confier davantage de pouvoir à des institutions indépendantes composées d'experts plutôt qu'aux responsables politiques élus.	-2	1	Désaccord net : le PCF critique le dessaisissement des élus au profit d'une décision technocratique ; il ne rejette pas l'expertise, mais refuse qu'elle remplace le pouvoir politique démocratique.	https://www.pcf.fr/feuille_de_route_confnat_pcf
party	PCF	73	Institutions	Un gouvernement devrait pouvoir prendre une décision économiquement nécessaire mais très impopulaire sans chercher à obtenir l'approbation immédiate de la population.	0	1	Position équilibrée ou non tranchée : estimation prudente ; aucune formulation parfaitement équivalente à la question n’a été identifiée.	https://www.pcf.fr/feuille_de_route_confnat_pcf
party	PCF	74	Institutions	Le référendum devrait être beaucoup plus utilisé, même lorsque les citoyens votent sur des sujets dont ils maîtrisent mal les aspects techniques.	3	2	Accord fort : orientation cohérente avec le document officiel retenu, sans passage isolé directement équivalent à la question.	https://www.pcf.fr/feuille_de_route_confnat_pcf
party	PCF	75	Institutions	Il serait acceptable de donner davantage de poids politique aux citoyens qui démontrent un niveau élevé de connaissance du fonctionnement des institutions et de l'économie.	-3	2	Désaccord fort : estimation prudente ; aucune formulation parfaitement équivalente à la question n’a été identifiée.	https://www.pcf.fr/feuille_de_route_confnat_pcf
party	PCF	76	Institutions	Le président de la République devrait disposer de davantage de pouvoirs pour pouvoir mettre en œuvre un programme pendant cinq ans sans être constamment bloqué par le Parlement.	-3	2	Désaccord fort : le PCF propose explicitement de réduire les prérogatives présidentielles et de renforcer le Parlement et le Premier ministre ; la direction est exactement inverse à la question.	https://www.pcf.fr/feuille_de_route_confnat_pcf
party	PCF	77	Institutions	La proportionnelle intégrale serait préférable au système actuel, même si elle rendait plus fréquentes les coalitions et les gouvernements instables.	3	2	Accord fort : orientation cohérente avec le document officiel retenu, sans passage isolé directement équivalent à la question.	https://www.pcf.fr/feuille_de_route_confnat_pcf
party	PCF	78	Immigration / assimilation	Le droit de séjour durable en France devrait dépendre, sauf impossibilité particulière, d’efforts concrets pour apprendre le français, comprendre les règles et usages du pays et participer à la vie collective.	-1	2	Réserve : orientation cohérente avec le document officiel retenu, sans passage isolé directement équivalent à la question.	https://www.pcf.fr/immigration_est_un_enjeu_de_classe
party	PCF	79	Immigration / délinquance	Les différences de délinquance observées s’expliquent davantage par les inégalités sociales et économiques que par la culture d’origine des personnes concernées.	3	2	Accord fort : orientation cohérente avec le document officiel retenu, sans passage isolé directement équivalent à la question.	https://www.pcf.fr/immigration_est_un_enjeu_de_classe
party	PCF	80	Écologie / agriculture	La France devrait interdire aux agriculteurs l’usage d’un produit jugé trop polluant, même si cette interdiction les désavantage face à des concurrents étrangers qui peuvent encore l’utiliser.	3	3	Accord fort : le PCF refuse le retour de pesticides interdits pour des raisons sanitaires et environnementales et propose de traiter la concurrence déloyale par des règles commerciales et des clauses miroirs plutôt que par l’abaissement des normes françaises.	https://www.pcf.fr/lettre_roussel_bayrou_loi_duplomb
party	PCF	81	Santé / accès aux soins	Dans les zones où l'accès aux soins est insuffisant, l'Assurance maladie devrait pouvoir limiter le conventionnement de nouveaux médecins dans les zones déjà bien dotées afin d'encourager leur installation dans les déserts médicaux.	3	3	Accord fort : le scrutin sur la régulation du conventionnement médical fournit la position parlementaire la plus proche ; pour les formations non représentées, le codage est déduit de leur ligne sur la liberté d'installation. Niveau de preuve : preuve directe ou politique explicitement documentée.	https://www.assemblee-nationale.fr/dyn/17/scrutins/1214
party	PCF	82	Santé / assurance maladie	L'Assurance maladie devrait rembourser intégralement les soins essentiels, quitte à réduire fortement le rôle des complémentaires santé.	3	3	Accord fort : le programme de santé retenu permet d'estimer la place accordée à l'assurance publique et aux complémentaires. Niveau de preuve : preuve directe ou politique explicitement documentée.	https://www.pcf.fr/contrat_de_legislature_projet_propos_par_le_pcf
party	PCF	83	Santé / hôpital	Il faut accepter de fermer ou regrouper certaines petites maternités et certains services d'urgence afin de concentrer les équipes et les équipements dans des établissements plus importants.	-3	3	Désaccord fort : le document retenu permet d'arbitrer entre maintien de la proximité hospitalière et concentration des moyens. Niveau de preuve : preuve directe ou politique explicitement documentée.	https://www.pcf.fr/contrat_de_legislature_projet_propos_par_le_pcf
party	PCF	84	Éducation / autonomie	Les chefs d'établissement scolaire devraient pouvoir recruter eux-même une partie de leurs enseignants et peser davantage dans leur évaluation.	-3	2	Désaccord fort : la position est estimée à partir des propositions d'autonomie des établissements, de recrutement et de gestion des enseignants. Niveau de preuve : faisceau d’indices cohérent, sans équivalent toujours parfaitement identique.	https://www.pcf.fr/feuille_de_route_confnat_pcf
party	PCF	85	Éducation / mixité sociale	Le financement public des établissements privés sous contrat devrait être conditionné à des objectifs mesurables de mixité sociale.	3	2	Accord fort : la position est estimée à partir des propositions sur l'enseignement privé, son financement et la mixité sociale. Niveau de preuve : faisceau d’indices cohérent, sans équivalent toujours parfaitement identique.	https://www.pcf.fr/feuille_de_route_confnat_pcf
party	PCF	86	Logement / locations touristiques	Dans les zones où le logement manque, une commune devrait pouvoir interdire la location touristique régulière d'un logement qui n'est pas la résidence principale de son propriétaire.	2	3	Accord net : preuve primaire directe ou proposition officielle très proche ; le niveau de confiance documentaire a été réévalué indépendamment de l’intensité de la réponse.	https://www.pcf.fr/feuille_de_route_confnat_pcf
party	PCF	87	Défense / Ukraine	La France devrait continuer à fournir une aide militaire et financière importante à l'Ukraine tant que son territoire reste occupé, même si la guerre se prolonge.	-2	3	Désaccord fort : le vote ou la politique officielle sur le soutien durable à l'Ukraine constitue l'indicateur principal. Niveau de preuve : preuve directe ou politique explicitement documentée.	https://www.assemblee-nationale.fr/dyn/17/scrutins/988
party	PCF	88	Défense / dissuasion nucléaire	La dissuasion nucléaire française devrait aussi protéger les partenaires européens, tout en laissant à la France seule la décision finale de l'employer.	-3	3	Désaccord fort : la source retenue porte sur l'extension européenne de la dissuasion ou, pour les pays non dotés, sur la protection nucléaire alliée. Niveau de preuve : preuve directe ou politique explicitement documentée.	https://www.pcf.fr/impasse_dangereuse_du_federalisme_nucleaire_de_macron
party	PCF	89	Santé / fin de vie	Une personne majeure atteinte d'une maladie grave et incurable provoquant des souffrances insupportables devrait pouvoir recevoir une aide médicale à mourir dans un cadre strictement contrôlé.	2	3	Accord net : le vote, la loi ou la position gouvernementale sur l'aide à mourir fournit un équivalent direct ou très proche. Niveau de preuve : preuve directe ou politique explicitement documentée.	https://www.assemblee-nationale.fr/dyn/17/scrutins/2107
party	PCF	90	Dépendance / EHPAD	Les groupes privés à but lucratif ne devraient plus pouvoir gérer d'EHPAD. Les établissements existants devraient progressivement devenir publics ou non lucratifs.	2	3	Accord net : le PCF propose explicitement d’interdire la création d’EHPAD à but lucratif et de développer un service public du grand âge ; cela va très nettement dans le sens de la sortie du lucratif, même si la transformation de tous les établissements existants est formulée différemment.	https://www.pcf.fr/contrat_de_legislature_projet_propos_par_le_pcf
party	PCF	91	Famille / prestations	Les allocations familiales devraient être versées à toutes les familles selon le nombre d'enfants, sans diminuer lorsque les revenus augmentent.	2	2	Accord net : le modèle de prestations familiales et la ligne programmatique permettent d'estimer la préférence pour l'universalité ou le ciblage. Niveau de preuve : faisceau d’indices cohérent, sans équivalent toujours parfaitement identique.	https://www.pcf.fr/feuille_de_route_confnat_pcf
party	PCF	92	Numérique / mineurs	L'accès aux réseaux sociaux devrait être interdit aux moins de 15 ans, même avec l'accord de leurs parents.	0	3	Position neutre, partagée ou non arrêtée : le vote ou la politique publique sur l'âge d'accès aux réseaux sociaux permet de distinguer interdiction stricte, autorisation parentale et régulation plus souple. Niveau de preuve : preuve directe ou politique explicitement documentée.	https://www.assemblee-nationale.fr/dyn/17/scrutins/8431
party	PCF	93	Numérique / intelligence artificielle	Les administrations publiques devraient privilégier des modèles d'intelligence artificielle hébergés en Europe, même s'ils sont temporairement moins performants ou plus coûteux que leurs concurrents étrangers.	2	2	Accord net : sources officielles et prises de position convergentes ; le niveau de confiance documentaire a été réévalué indépendamment de l’intensité de la réponse.	https://www.pcf.fr/feuille_de_route_confnat_pcf
party	Les Écologistes	1	Économie	Il faut réduire les impôts sur le travail et le capital, même si cela implique de réduire certaines dépenses publiques.	-3	2	Désaccord fort : orientation cohérente avec le document officiel retenu, sans passage isolé directement équivalent à la question.	https://lesecologistes.fr/document/5ZhR2m5t2ZaGKqIdD1bJaD/vdef-programme-1.pdf
party	Les Écologistes	2	Économie	Les inégalités économiques sont acceptables tant qu'elles résultent principalement du travail ou de la prise de risque.	-1	2	Réserve : sources officielles et prises de position convergentes ; le niveau de confiance documentaire a été réévalué indépendamment de l’intensité de la réponse.	https://lesecologistes.fr/document/5ZhR2m5t2ZaGKqIdD1bJaD/vdef-programme-1.pdf
party	Les Écologistes	3	Économie	L'État devrait davantage taxer les hauts revenus et les gros patrimoines afin de réduire les inégalités.	3	2	Accord fort : orientation cohérente avec le document officiel retenu, sans passage isolé directement équivalent à la question.	https://lesecologistes.fr/document/5ZhR2m5t2ZaGKqIdD1bJaD/vdef-programme-1.pdf
party	Les Écologistes	4	Économie	Les entreprises devraient être obligées de limiter l’écart entre la rémunération de leurs dirigeants et celle de leurs salariés les moins bien payés.	3	3	Accord fort : lors de l’examen de la proposition de plafonnement à 1 pour 20, Les Écologistes ont explicitement soutenu la limitation des écarts de rémunération au sein des entreprises.	https://www.assemblee-nationale.fr/dyn/docs/RAPPANR5L17B0618.raw
party	Les Écologistes	5	Économie	Le salaire minimum devrait être augmenté significativement.	3	2	Accord fort : orientation cohérente avec le document officiel retenu, sans passage isolé directement équivalent à la question.	https://lesecologistes.fr/document/5ZhR2m5t2ZaGKqIdD1bJaD/vdef-programme-1.pdf
party	Les Écologistes	6	Économie	Les entreprises privées sont généralement plus efficaces que l'État pour fournir des biens et services, même dans certains secteurs essentiels.	-2	2	Désaccord net : sources officielles et prises de position convergentes ; le niveau de confiance documentaire a été réévalué indépendamment de l’intensité de la réponse.	https://lesecologistes.fr/document/5ZhR2m5t2ZaGKqIdD1bJaD/vdef-programme-1.pdf
party	Les Écologistes	7	Économie	L'État devrait pouvoir nationaliser temporairement ou durablement une entreprise privée lorsqu'elle contrôle une activité stratégique pour le pays.	2	2	Accord net : orientation cohérente avec le document officiel retenu, sans passage isolé directement équivalent à la question.	https://lesecologistes.fr/document/5ZhR2m5t2ZaGKqIdD1bJaD/vdef-programme-1.pdf
party	Les Écologistes	8	Économie	La concurrence est généralement préférable à la réglementation pour améliorer les prix, la qualité et l'innovation.	-2	2	Désaccord net : sources officielles et prises de position convergentes ; le niveau de confiance documentaire a été réévalué indépendamment de l’intensité de la réponse.	https://lesecologistes.fr/document/5ZhR2m5t2ZaGKqIdD1bJaD/vdef-programme-1.pdf
party	Les Écologistes	9	État	La France dépense trop d'argent public et devrait accepter de réduire certaines politiques sociales pour revenir à l'équilibre budgétaire.	-2	2	Désaccord net : orientation cohérente avec le document officiel retenu, sans passage isolé directement équivalent à la question.	https://lesecologistes.fr/document/5ZhR2m5t2ZaGKqIdD1bJaD/vdef-programme-1.pdf
party	Les Écologistes	10	État	L'État devrait garantir un niveau élevé de protection sociale, même si cela implique une fiscalité importante.	3	2	Accord fort : orientation cohérente avec le document officiel retenu, sans passage isolé directement équivalent à la question.	https://lesecologistes.fr/document/5ZhR2m5t2ZaGKqIdD1bJaD/vdef-programme-1.pdf
party	Les Écologistes	12	État	L'État devrait intervenir beaucoup plus fortement dans l'économie lorsque le marché produit des résultats jugés socialement indésirables.	3	2	Accord fort : orientation cohérente avec le document officiel retenu, sans passage isolé directement équivalent à la question.	https://lesecologistes.fr/document/5ZhR2m5t2ZaGKqIdD1bJaD/vdef-programme-1.pdf
party	Les Écologistes	13	État	Les citoyens devraient avoir davantage de liberté pour choisir eux-mêmes comment utiliser leur argent plutôt que de passer par des systèmes publics obligatoires.	-2	2	Désaccord net : sources officielles et prises de position convergentes ; le niveau de confiance documentaire a été réévalué indépendamment de l’intensité de la réponse.	https://lesecologistes.fr/document/5ZhR2m5t2ZaGKqIdD1bJaD/vdef-programme-1.pdf
party	Les Écologistes	14	Social / société	La société devrait accepter beaucoup plus largement les différents modes de vie, même lorsqu'ils s'éloignent des normes traditionnelles.	3	2	Accord fort : codage cohérent avec la ligne programmatique générale du parti sur social / société.	https://lesecologistes.fr/pages/358vv7W974UgosGhCBbIPT/notre-projet
party	Les Écologistes	15	Démocratie	Un gouvernement devrait pouvoir faire adopter le budget sans vote de l’Assemblée nationale lorsqu’aucune majorité stable ne se dégage, afin d’éviter un blocage institutionnel.	-3	3	Les Écologistes proposent explicitement de supprimer le 49.3 et de renforcer le Parlement : désaccord maximal. Source programmatique officielle exacte.	https://lesecologistes.fr/pages/6930DbJUnKbVCve3jxr595/v-la-republique-partout-et-pour-tou-te-s-organiser-le-partage-reel-des-pouvoirs
party	Les Écologistes	16	Social / société	Réduire les inégalités peut parfois justifier de restreindre certaines libertés individuelles.	1	2	Accord modéré : sources officielles et prises de position convergentes ; le niveau de confiance documentaire a été réévalué indépendamment de l’intensité de la réponse.	https://lesecologistes.fr/pages/358vv7W974UgosGhCBbIPT/notre-projet
party	Les Écologistes	17	Social / société	Les politiques publiques devraient chercher à corriger activement les discriminations historiques ou structurelles entre groupes sociaux.	3	2	Accord fort : codage cohérent avec la ligne programmatique générale du parti sur social / société.	https://lesecologistes.fr/pages/358vv7W974UgosGhCBbIPT/notre-projet
party	Les Écologistes	18	Institutions / territoires	Les régions devraient pouvoir adopter des règles différentes en matière économique, sociale ou environnementale plutôt que d’appliquer partout les mêmes règles nationales.	3	3	Accord fort : Les Écologistes défendent un fédéralisme différencié, le principe de subsidiarité ainsi qu’une autonomie réglementaire et fiscale accrue des territoires ; la proposition correspond directement à leur modèle institutionnel.	https://lesecologistes.fr/pages/6930DbJUnKbVCve3jxr595/v-la-republique-partout-et-pour-tou-te-s-organiser-le-partage-reel-des-pouvoirs
party	Les Écologistes	19	Social / société	Certaines traditions et valeurs culturelles méritent d'être préservées même si elles évoluent moins vite que la société.	-2	2	Désaccord fort : codage cohérent avec la ligne programmatique générale du parti sur social / société.	https://lesecologistes.fr/pages/358vv7W974UgosGhCBbIPT/notre-projet
party	Les Écologistes	20	Immigration	La France devrait réduire le nombre d'immigrants qu'elle accueille chaque année.	-3	3	Désaccord fort : preuve primaire directe ou proposition officielle très proche ; le niveau de confiance documentaire a été réévalué indépendamment de l’intensité de la réponse.	https://lesecologistes.fr/pages/358vv7W974UgosGhCBbIPT/notre-projet
party	Les Écologistes	21	Immigration	L'immigration économique est globalement bénéfique pour l'économie française.	2	2	Accord net : sources officielles et prises de position convergentes ; le niveau de confiance documentaire a été réévalué indépendamment de l’intensité de la réponse.	https://lesecologistes.fr/pages/358vv7W974UgosGhCBbIPT/notre-projet
party	Les Écologistes	22	Immigration / droits sociaux	Un étranger installé légalement en France depuis de nombreuses années devrait, à situation économique comparable, bénéficier des mêmes prestations sociales et du même accès au logement social qu’un citoyen français, sans priorité fondée sur la nationalité.	3	3	Les Écologistes s’opposent explicitement à la préférence nationale dans l’accès aux prestations et défendent l’égalité des droits des résidents réguliers.	https://lesecologistes.fr/pages/358vv7W974UgosGhCBbIPT/notre-projet
party	Les Écologistes	23	Immigration	L'accès à la nationalité française devrait être rendu plus exigeant.	-3	3	Désaccord fort : preuve primaire directe ou proposition officielle très proche ; le niveau de confiance documentaire a été réévalué indépendamment de l’intensité de la réponse.	https://lesecologistes.fr/pages/358vv7W974UgosGhCBbIPT/notre-projet
party	Les Écologistes	24	Immigration	La France devrait être beaucoup plus stricte concernant l'expulsion des étrangers condamnés pour des crimes graves.	-2	2	Désaccord net : Les Écologistes s’opposent à la généralisation des expulsions et à la logique de double peine, y compris après condamnation, sans exclure toute mesure individuelle dans les cas les plus graves : -2.	https://lesecologistes.fr/pages/358vv7W974UgosGhCBbIPT/notre-projet
party	Les Écologistes	25	Immigration	Même lorsque l'immigration est économiquement bénéfique, elle peut être légitimement limitée pour préserver la cohésion culturelle du pays.	-3	2	Désaccord fort : orientation cohérente avec le document officiel retenu, sans passage isolé directement équivalent à la question.	https://lesecologistes.fr/pages/358vv7W974UgosGhCBbIPT/notre-projet
party	Les Écologistes	26	Immigration	La France devrait accueillir davantage de réfugiés lorsqu'ils fuient une guerre ou une persécution, même si cela représente un coût économique.	3	3	Accord fort : preuve primaire directe ou proposition officielle très proche ; le niveau de confiance documentaire a été réévalué indépendamment de l’intensité de la réponse.	https://lesecologistes.fr/pages/358vv7W974UgosGhCBbIPT/notre-projet
party	Les Écologistes	27	Sécurité / justice	Les peines de prison effectives devraient être plus sévères, même si cela augmente fortement la population carcérale.	-2	2	Désaccord net : orientation cohérente avec le document officiel retenu, sans passage isolé directement équivalent à la question.	https://lesecologistes.fr/pages/358vv7W974UgosGhCBbIPT/notre-projet
party	Les Écologistes	28	Sécurité / justice	Il vaut mieux investir dans la prévention et la réinsertion que dans l'augmentation des sanctions.	3	3	Accord fort : le socle programmatique 2026 des Écologistes oppose explicitement leur triptyque « prévention-proximité-justice » à la logique « répression-surveillance », ce qui documente directement une préférence forte pour la prévention.	https://municipales2026.lesecologistes.fr/pages/1wa5qoXRxHpUHeDrU9rp4V/notre-socle-programmatique
party	Les Écologistes	29	Sécurité / justice	La police devrait disposer de pouvoirs plus importants pour lutter contre la criminalité, quitte à accepter davantage de contrôles sur certaines libertés individuelles.	-3	2	Désaccord fort : orientation cohérente avec le document officiel retenu, sans passage isolé directement équivalent à la question.	https://lesecologistes.fr/pages/358vv7W974UgosGhCBbIPT/notre-projet
party	Les Écologistes	30	Agriculture / commerce	La France devrait pouvoir interdire l’importation de produits agricoles fabriqués selon des normes qu’elle interdit à ses propres agriculteurs, même si cela faisait disparaître des rayons les produits alimentaires les moins chers.	3	3	Accord fort : Les Écologistes demandent explicitement d’interdire les importations qui ne respectent pas les normes sociales et environnementales de production applicables en Europe, afin d’éviter un dumping au détriment des agriculteurs.	https://commissions.lesecologistes.fr/posts/5vcoS78aJnPpYmW9KhfnaQ/accord-ue-mercosur-non-toujours-non-a-la-destruction-de-l-agriculture-paysanne
party	Les Écologistes	32	Écologie	La lutte contre le changement climatique doit rester prioritaire même lorsqu'elle réduit la croissance économique à court terme.	3	3	Accord fort : preuve primaire directe ou proposition officielle très proche ; le niveau de confiance documentaire a été réévalué indépendamment de l’intensité de la réponse.	https://lesecologistes.fr/document/5ZhR2m5t2ZaGKqIdD1bJaD/vdef-programme-1.pdf
party	Les Écologistes	33	Écologie	Il faut accepter une hausse importante du prix des énergies fossiles pour accélérer la transition écologique.	3	3	Accord fort : preuve primaire directe ou proposition officielle très proche ; le niveau de confiance documentaire a été réévalué indépendamment de l’intensité de la réponse.	https://lesecologistes.fr/document/5ZhR2m5t2ZaGKqIdD1bJaD/vdef-programme-1.pdf
party	Les Écologistes	34	Economie	Une partie des cotisations sociales sur les salaires devrait être remplacée par une hausse de la TVA afin d’augmenter les salaires nets et de réduire le coût du travail, même si cela augmente le prix des biens et services consommés	-1	1	La fiscalité écologiste privilégie la progressivité et la justice sociale ; une hausse de TVA est peu cohérente avec cette ligne. Aucune position officielle récente trouvée sur ce mécanisme précis : -1, confiance 1.	https://lesecologistes.fr/pages/358vv7W974UgosGhCBbIPT/notre-projet
party	Les Écologistes	35	Écologie	Les politiques écologiques devraient reposer principalement sur des mécanismes de marché comme la taxe carbone plutôt que sur des interdictions.	-1	2	Réserve : sources officielles et prises de position convergentes ; le niveau de confiance documentaire a été réévalué indépendamment de l’intensité de la réponse.	https://lesecologistes.fr/document/5ZhR2m5t2ZaGKqIdD1bJaD/vdef-programme-1.pdf
party	Les Écologistes	36	Écologie	Il est justifié d'interdire certains produits ou comportements très polluants même lorsque les consommateurs les souhaitent.	3	3	Accord fort : codage cohérent avec la ligne programmatique générale du parti sur écologie.	https://lesecologistes.fr/document/5ZhR2m5t2ZaGKqIdD1bJaD/vdef-programme-1.pdf
party	Les Écologistes	37	Écologie	Les pays riches devraient supporter une part prépondérante du coût de la transition écologique mondiale.	3	2	Accord fort : sources officielles et prises de position convergentes ; le niveau de confiance documentaire a été réévalué indépendamment de l’intensité de la réponse.	https://lesecologistes.fr/document/5ZhR2m5t2ZaGKqIdD1bJaD/vdef-programme-1.pdf
party	Les Écologistes	38	Europe	La France devrait transférer davantage de compétences à l'Union européenne afin de renforcer son poids économique et géopolitique.	3	2	Accord fort : orientation cohérente avec le document officiel retenu, sans passage isolé directement équivalent à la question.	https://lesecologistes.fr/pages/358vv7W974UgosGhCBbIPT/notre-projet
party	Les Écologistes	39	Europe	La France devrait conserver autant que possible sa souveraineté nationale, même si cela réduit son influence au niveau européen.	-3	2	Désaccord fort : orientation cohérente avec le document officiel retenu, sans passage isolé directement équivalent à la question.	https://lesecologistes.fr/pages/358vv7W974UgosGhCBbIPT/notre-projet
party	Les Écologistes	40	Europe	L'euro est globalement bénéfique pour la France malgré la perte de certains instruments de politique économique.	3	2	Accord fort : orientation cohérente avec le document officiel retenu, sans passage isolé directement équivalent à la question.	https://lesecologistes.fr/pages/358vv7W974UgosGhCBbIPT/notre-projet
party	Les Écologistes	41	Europe	L'Union européenne devrait pouvoir imposer davantage de règles communes aux États membres.	3	2	Accord fort : orientation cohérente avec le document officiel retenu, sans passage isolé directement équivalent à la question.	https://lesecologistes.fr/pages/358vv7W974UgosGhCBbIPT/notre-projet
party	Les Écologistes	42	Europe	En cas de conflit entre les intérêts économiques français et les règles européennes, la France devrait pouvoir désobéir à certaines règles européennes.	-2	2	Désaccord net : orientation cohérente avec le document officiel retenu, sans passage isolé directement équivalent à la question.	https://lesecologistes.fr/pages/358vv7W974UgosGhCBbIPT/notre-projet
party	Les Écologistes	43	Fiscalité / patrimoine	Il faudrait supprimer l'IFI et ne plus taxer spécifiquement le patrimoine immobilier au-delà de la fiscalité ordinaire.	-3	2	Désaccord fort : orientation cohérente avec le document officiel retenu, sans passage isolé directement équivalent à la question.	https://lesecologistes.fr/document/5ZhR2m5t2ZaGKqIdD1bJaD/vdef-programme-1.pdf
party	Les Écologistes	44	Fiscalité / patrimoine	L'héritage devrait être davantage taxé au-delà d'un certain seuil de patrimoine transmis, même si cela conduit certaines familles à transmettre moins de patrimoine à leurs enfants.	2	2	Accord fort : orientation cohérente avec le document officiel retenu, sans passage isolé directement équivalent à la question.	https://lesecologistes.fr/document/5ZhR2m5t2ZaGKqIdD1bJaD/vdef-programme-1.pdf
party	Les Écologistes	45	Fiscalité / patrimoine	Les très grandes fortunes devraient être imposées sur leur patrimoine mondial, même lorsqu'elles quittent la France.	2	2	Accord fort : orientation cohérente avec le document officiel retenu, sans passage isolé directement équivalent à la question.	https://lesecologistes.fr/document/5ZhR2m5t2ZaGKqIdD1bJaD/vdef-programme-1.pdf
party	Les Écologistes	46	Travail / chômage	Un chômeur devrait pouvoir perdre une partie significative de ses allocations s'il refuse plusieurs emplois raisonnablement adaptés à ses compétences.	-3	2	Désaccord fort : orientation cohérente avec le document officiel retenu, sans passage isolé directement équivalent à la question.	https://lesecologistes.fr/document/5ZhR2m5t2ZaGKqIdD1bJaD/vdef-programme-1.pdf
party	Les Écologistes	47	Outre-mer / vie chère	L’État devrait garantir que les produits essentiels ne coûtent pas beaucoup plus cher dans les DOM/TOM que dans l’Hexagone, quitte à subventionner durablement leur transport ou leur prix avec l’argent public national.	2	3	Les Écologistes défendent un bouclier des prix et un effort public renforcé dans les outre-mer. L’objectif est direct, mais la subvention durable du fret n’est pas leur seul instrument : +2.	https://lesecologistes.fr/pages/6930DbJUnKbVCve3jxr595/v-la-republique-partout-et-pour-tou-te-s-organiser-le-partage-reel-des-pouvoirs
party	Les Écologistes	48	Travail / chômage	Le CDI protège trop fortement les salariés déjà en poste et peut rendre plus difficile l’accès à l’emploi stable, au détriment des jeunes, chômeurs ou travailleurs en contrats précaires.	-2	1	Désaccord net : estimation prudente ; aucune formulation parfaitement équivalente à la question n’a été identifiée.	https://lesecologistes.fr/document/5ZhR2m5t2ZaGKqIdD1bJaD/vdef-programme-1.pdf
party	Les Écologistes	49	Retraites	Les retraites devraient être progressivement réformées vers un système combinant répartition et capitalisation, même si cela implique une période de transition coûteuse.	-3	2	Désaccord fort : orientation cohérente avec le document officiel retenu, sans passage isolé directement équivalent à la question.	https://lesecologistes.fr/document/5ZhR2m5t2ZaGKqIdD1bJaD/vdef-programme-1.pdf
party	Les Écologistes	50	Retraites	L'âge légal de départ à la retraite devrait être automatiquement indexé sur l'espérance de vie nationale.	-2	2	Désaccord net : sources officielles et prises de position convergentes ; le niveau de confiance documentaire a été réévalué indépendamment de l’intensité de la réponse.	https://lesecologistes.fr/document/5ZhR2m5t2ZaGKqIdD1bJaD/vdef-programme-1.pdf
party	Les Écologistes	51	Protection sociale	Les prestations sociales devraient être fortement conditionnées à la durée de cotisation et de participation au marché du travail.	-3	2	Désaccord fort : orientation cohérente avec le document officiel retenu, sans passage isolé directement équivalent à la question.	https://lesecologistes.fr/document/5ZhR2m5t2ZaGKqIdD1bJaD/vdef-programme-1.pdf
party	Les Écologistes	53	État / entreprises	Une entreprise qui reçoit plusieurs milliards d'euros d'aides publiques devrait pouvoir être contrainte de limiter ses dividendes et les rémunérations de ses dirigeants tant que l'aide n'est pas remboursée.	3	2	Accord fort : codage cohérent avec la ligne programmatique générale du parti sur état / entreprises.	https://lesecologistes.fr/document/5ZhR2m5t2ZaGKqIdD1bJaD/vdef-programme-1.pdf
party	Les Écologistes	54	État / entreprises	L'État devrait davantage utiliser son pouvoir d'actionnaire pour orienter les grandes entreprises françaises vers des objectifs industriels de long terme.	2	2	Accord fort : sources officielles et prises de position convergentes ; le niveau de confiance documentaire a été réévalué indépendamment de l’intensité de la réponse.	https://lesecologistes.fr/document/5ZhR2m5t2ZaGKqIdD1bJaD/vdef-programme-1.pdf
party	Les Écologistes	55	État / entreprises	Il faudrait réduire fortement les normes administratives pesant sur les entreprises, même si certaines protections environnementales ou sociales deviennent moins strictes.	-3	2	Désaccord fort : orientation cohérente avec le document officiel retenu, sans passage isolé directement équivalent à la question.	https://lesecologistes.fr/document/5ZhR2m5t2ZaGKqIdD1bJaD/vdef-programme-1.pdf
party	Les Écologistes	56	Immigration / régularisation	Un étranger en situation irrégulière qui travaille de façon stable en France depuis plusieurs années et n’a commis aucun délit devrait pouvoir être régularisé, même s’il est entré ou est resté sur le territoire sans autorisation.	3	3	Accord fort : Les Écologistes proposent une large régularisation des sans-papiers et, explicitement, la régularisation systématique des travailleurs sans papiers.	https://lesecologistes.fr/pages/16D50P7zbCfe2zO5hXh2V9/iv-l-egalite-pour-toutes-et-tous
party	Les Écologistes	57	Immigration / assimilation	L'accès à certaines prestations sociales devrait être beaucoup plus limité pendant les premières années suivant l'arrivée d'un immigré.	-3	2	Désaccord fort : orientation cohérente avec le document officiel retenu, sans passage isolé directement équivalent à la question.	https://lesecologistes.fr/pages/358vv7W974UgosGhCBbIPT/notre-projet
party	Les Écologistes	58	Immigration / assimilation	La France devrait privilégier l'immigration économique qualifiée, même si cela signifie accueillir moins de personnes peu qualifiées.	0	1	Position équilibrée ou non tranchée : estimation prudente ; aucune formulation parfaitement équivalente à la question n’a été identifiée.	https://lesecologistes.fr/pages/358vv7W974UgosGhCBbIPT/notre-projet
party	Les Écologistes	59	Immigration / assimilation	Une personne née en France de parents étrangers devrait automatiquement devenir française à sa majorité si elle y a grandi, même si elle ne manifeste pas particulièrement d'attachement à la France.	3	2	Accord fort : Les Écologistes défendent explicitement le droit du sol et s’opposent à la suppression de l’acquisition de la nationalité à la majorité pour les personnes nées et ayant grandi en France.	https://lesecologistes.fr/pages/358vv7W974UgosGhCBbIPT/notre-projet
party	Les Écologistes	60	Immigration / assimilation	La France devrait pouvoir refuser l'entrée à un immigré légalement admissible lorsqu'il existe de fortes raisons de penser qu'il ne souhaite pas s'intégrer culturellement à la société française.	-3	2	Désaccord fort : orientation cohérente avec le document officiel retenu, sans passage isolé directement équivalent à la question.	https://lesecologistes.fr/pages/358vv7W974UgosGhCBbIPT/notre-projet
party	Les Écologistes	61	Immigration / assimilation	Le fait de conserver des pratiques culturelles ou religieuses très différentes de celles de la majorité française n'est pas en soi un problème tant que les lois françaises sont respectées.	3	2	Accord fort : sources officielles et prises de position convergentes ; le niveau de confiance documentaire a été réévalué indépendamment de l’intensité de la réponse.	https://lesecologistes.fr/pages/358vv7W974UgosGhCBbIPT/notre-projet
party	Les Écologistes	63	Libertés / sécurité	Pour lutter contre le terrorisme, l'État devrait pouvoir surveiller préventivement une personne considérée comme présentant un risque sérieux, même sans preuve suffisante pour engager des poursuites pénales.	-1	2	Réserve : orientation cohérente avec le document officiel retenu, sans passage isolé directement équivalent à la question.	https://lesecologistes.fr/pages/358vv7W974UgosGhCBbIPT/notre-projet
party	Les Écologistes	64	Libertés / expression	Une personne qui tient publiquement des propos profondément offensants mais qui n'appelle ni à la violence ni à commettre une infraction devrait être protégée par la liberté d'expression.	2	2	Accord net : sources officielles et prises de position convergentes ; le niveau de confiance documentaire a été réévalué indépendamment de l’intensité de la réponse.	https://lesecologistes.fr/pages/358vv7W974UgosGhCBbIPT/notre-projet
party	Les Écologistes	66	Sécurité	Lorsqu’un conducteur refuse d’obtempérer et prend la fuite, les policiers devraient pouvoir utiliser leur arme à feu même si le danger pour leur vie n’est pas immédiat.	-3	3	Désaccord fort : le programme écologiste demande d’abroger les dispositions de la loi Cazeneuve sur l’ouverture du feu et de rétablir la condition d’absolue nécessité.	https://lesecologistes.fr/document/5ZhR2m5t2ZaGKqIdD1bJaD/vdef-programme-1.pdf
party	Les Écologistes	67	Écologie	Une taxe carbone qui réduit les émissions de CO₂ devrait être maintenue même si elle diminue le pouvoir d’achat des ménages modestes, à condition de compenser ces derniers par des aides ciblées.	3	2	Accord fort : orientation cohérente avec le document officiel retenu, sans passage isolé directement équivalent à la question.	https://lesecologistes.fr/document/5ZhR2m5t2ZaGKqIdD1bJaD/vdef-programme-1.pdf
party	Les Écologistes	68	Écologie	La France devrait interdire progressivement la vente de voitures thermiques même si cela augmente temporairement le prix moyen des véhicules.	3	3	Accord fort : preuve primaire directe ou proposition officielle très proche ; le niveau de confiance documentaire a été réévalué indépendamment de l’intensité de la réponse.	https://lesecologistes.fr/document/5ZhR2m5t2ZaGKqIdD1bJaD/vdef-programme-1.pdf
party	Les Écologistes	69	Écologie	Il faut privilégier le nucléaire même si cela conduit à réduire certains investissements dans les renouvelables.	-3	2	Désaccord fort : orientation cohérente avec le document officiel retenu, sans passage isolé directement équivalent à la question.	https://lesecologistes.fr/document/5ZhR2m5t2ZaGKqIdD1bJaD/vdef-programme-1.pdf
party	Les Écologistes	71	Écologie / croissance	Si la France pouvait réduire ses émissions de 20 % mais que cela réduisait son PIB de 3 %, alors que les autres pays ne faisaient aucun effort comparable, il faudrait quand même le faire.	2	2	Accord net : sources officielles et prises de position convergentes ; le niveau de confiance documentaire a été réévalué indépendamment de l’intensité de la réponse.	https://lesecologistes.fr/document/5ZhR2m5t2ZaGKqIdD1bJaD/vdef-programme-1.pdf
party	Les Écologistes	72	Institutions	Pour certaines décisions économiques complexes, il serait préférable de confier davantage de pouvoir à des institutions indépendantes composées d'experts plutôt qu'aux responsables politiques élus.	-1	1	Réserve : estimation prudente ; aucune formulation parfaitement équivalente à la question n’a été identifiée.	https://lesecologistes.fr/document/5ZhR2m5t2ZaGKqIdD1bJaD/vdef-programme-1.pdf
party	Les Écologistes	73	Institutions	Un gouvernement devrait pouvoir prendre une décision économiquement nécessaire mais très impopulaire sans chercher à obtenir l'approbation immédiate de la population.	0	1	Position équilibrée ou non tranchée : estimation prudente ; aucune formulation parfaitement équivalente à la question n’a été identifiée.	https://lesecologistes.fr/document/5ZhR2m5t2ZaGKqIdD1bJaD/vdef-programme-1.pdf
party	Les Écologistes	74	Institutions	Le référendum devrait être beaucoup plus utilisé, même lorsque les citoyens votent sur des sujets dont ils maîtrisent mal les aspects techniques.	2	2	Accord net : orientation cohérente avec le document officiel retenu, sans passage isolé directement équivalent à la question.	https://lesecologistes.fr/document/5ZhR2m5t2ZaGKqIdD1bJaD/vdef-programme-1.pdf
party	Les Écologistes	75	Institutions	Il serait acceptable de donner davantage de poids politique aux citoyens qui démontrent un niveau élevé de connaissance du fonctionnement des institutions et de l'économie.	-2	1	Désaccord net : estimation prudente ; aucune formulation parfaitement équivalente à la question n’a été identifiée.	https://lesecologistes.fr/document/5ZhR2m5t2ZaGKqIdD1bJaD/vdef-programme-1.pdf
party	Les Écologistes	76	Institutions	Le président de la République devrait disposer de davantage de pouvoirs pour pouvoir mettre en œuvre un programme pendant cinq ans sans être constamment bloqué par le Parlement.	-2	2	Désaccord net : sources officielles et prises de position convergentes ; le niveau de confiance documentaire a été réévalué indépendamment de l’intensité de la réponse.	https://lesecologistes.fr/document/5ZhR2m5t2ZaGKqIdD1bJaD/vdef-programme-1.pdf
party	Les Écologistes	77	Institutions	La proportionnelle intégrale serait préférable au système actuel, même si elle rendait plus fréquentes les coalitions et les gouvernements instables.	2	2	Accord fort : orientation cohérente avec le document officiel retenu, sans passage isolé directement équivalent à la question.	https://lesecologistes.fr/document/5ZhR2m5t2ZaGKqIdD1bJaD/vdef-programme-1.pdf
party	Les Écologistes	78	Immigration / assimilation	Le droit de séjour durable en France devrait dépendre, sauf impossibilité particulière, d’efforts concrets pour apprendre le français, comprendre les règles et usages du pays et participer à la vie collective.	-1	2	Réserve : orientation cohérente avec le document officiel retenu, sans passage isolé directement équivalent à la question.	https://lesecologistes.fr/pages/358vv7W974UgosGhCBbIPT/notre-projet
party	Les Écologistes	79	Immigration / délinquance	Les différences de délinquance observées s’expliquent davantage par les inégalités sociales et économiques que par la culture d’origine des personnes concernées.	3	2	Accord fort : orientation cohérente avec le document officiel retenu, sans passage isolé directement équivalent à la question.	https://lesecologistes.fr/pages/358vv7W974UgosGhCBbIPT/notre-projet
party	Les Écologistes	80	Écologie / agriculture	La France devrait interdire aux agriculteurs l’usage d’un produit jugé trop polluant, même si cette interdiction les désavantage face à des concurrents étrangers qui peuvent encore l’utiliser.	3	3	Accord fort : les Écologistes s’opposent aux dérogations permettant le retour d’insecticides interdits et défendent le maintien de normes environnementales exigeantes, avec des clauses miroirs pour éviter que les importations ne créent une concurrence déloyale.	https://questions.assemblee-nationale.fr/dyn/17/comptes-rendus/seance/session-extraordinaire-de-2025-2026/deuxieme-seance-du-lundi-20-juillet-2026
party	Les Écologistes	81	Santé / accès aux soins	Dans les zones où l'accès aux soins est insuffisant, l'Assurance maladie devrait pouvoir limiter le conventionnement de nouveaux médecins dans les zones déjà bien dotées afin d'encourager leur installation dans les déserts médicaux.	3	3	Accord fort : le scrutin sur la régulation du conventionnement médical fournit la position parlementaire la plus proche ; pour les formations non représentées, le codage est déduit de leur ligne sur la liberté d'installation. Niveau de preuve : preuve directe ou politique explicitement documentée.	https://www.assemblee-nationale.fr/dyn/17/scrutins/1214
party	Les Écologistes	82	Santé / assurance maladie	L'Assurance maladie devrait rembourser intégralement les soins essentiels, quitte à réduire fortement le rôle des complémentaires santé.	2	2	Accord net : le programme de santé retenu permet d'estimer la place accordée à l'assurance publique et aux complémentaires. Niveau de preuve : faisceau d’indices cohérent, sans équivalent toujours parfaitement identique.	https://lesecologistes.fr/document/5ZhR2m5t2ZaGKqIdD1bJaD/vdef-programme-1.pdf
party	Les Écologistes	83	Santé / hôpital	Il faut accepter de fermer ou regrouper certaines petites maternités et certains services d'urgence afin de concentrer les équipes et les équipements dans des établissements plus importants.	-2	2	Désaccord net : le document retenu permet d'arbitrer entre maintien de la proximité hospitalière et concentration des moyens. Niveau de preuve : faisceau d’indices cohérent, sans équivalent toujours parfaitement identique.	https://lesecologistes.fr/document/5ZhR2m5t2ZaGKqIdD1bJaD/vdef-programme-1.pdf
party	Les Écologistes	84	Éducation / autonomie	Les chefs d'établissement scolaire devraient pouvoir recruter eux-même une partie de leurs enseignants et peser davantage dans leur évaluation.	-2	1	Désaccord net : la position est estimée à partir des propositions d'autonomie des établissements, de recrutement et de gestion des enseignants. Niveau de preuve : estimation prudente à partir de la ligne générale.	https://lesecologistes.fr/document/5ZhR2m5t2ZaGKqIdD1bJaD/vdef-programme-1.pdf
party	Les Écologistes	85	Éducation / mixité sociale	Le financement public des établissements privés sous contrat devrait être conditionné à des objectifs mesurables de mixité sociale.	3	2	Accord fort : la position est estimée à partir des propositions sur l'enseignement privé, son financement et la mixité sociale. Niveau de preuve : faisceau d’indices cohérent, sans équivalent toujours parfaitement identique.	https://lesecologistes.fr/document/5ZhR2m5t2ZaGKqIdD1bJaD/vdef-programme-1.pdf
party	Les Écologistes	86	Logement / locations touristiques	Dans les zones où le logement manque, une commune devrait pouvoir interdire la location touristique régulière d'un logement qui n'est pas la résidence principale de son propriétaire.	3	3	Accord fort : la source retenue précise le degré de régulation souhaité pour les meublés touristiques et les pouvoirs locaux. Niveau de preuve : preuve directe ou politique explicitement documentée.	https://lesecologistes.fr/document/5ZhR2m5t2ZaGKqIdD1bJaD/vdef-programme-1.pdf
party	Les Écologistes	87	Défense / Ukraine	La France devrait continuer à fournir une aide militaire et financière importante à l'Ukraine tant que son territoire reste occupé, même si la guerre se prolonge.	3	3	Accord fort : le vote ou la politique officielle sur le soutien durable à l'Ukraine constitue l'indicateur principal. Niveau de preuve : preuve directe ou politique explicitement documentée.	https://www.assemblee-nationale.fr/dyn/17/scrutins/988
party	Les Écologistes	88	Défense / dissuasion nucléaire	La dissuasion nucléaire française devrait aussi protéger les partenaires européens, tout en laissant à la France seule la décision finale de l'employer.	3	3	Accord fort : en mars 2026, Les Écologistes ont explicitement soutenu l’extension de la garantie nucléaire française aux partenaires européens tout en maintenant la décision finale d’emploi entre les mains de la France. La position correspond presque exactement à la question : +3.	https://lesecologistes.fr/posts/6YuLYtJ93SyLv73EnfIgeW/communique-de-presse-concernant-le-discours-du-president-de-la-republique-du-2-mars-2026-sur-la-dissuasion-nucleaire
party	Les Écologistes	89	Santé / fin de vie	Une personne majeure atteinte d'une maladie grave et incurable provoquant des souffrances insupportables devrait pouvoir recevoir une aide médicale à mourir dans un cadre strictement contrôlé.	3	3	Accord fort : le vote, la loi ou la position gouvernementale sur l'aide à mourir fournit un équivalent direct ou très proche. Niveau de preuve : preuve directe ou politique explicitement documentée.	https://www.assemblee-nationale.fr/dyn/17/scrutins/2107
party	Les Écologistes	90	Dépendance / EHPAD	Les groupes privés à but lucratif ne devraient plus pouvoir gérer d'EHPAD. Les établissements existants devraient progressivement devenir publics ou non lucratifs.	1	2	Accord modéré : Les Écologistes veulent développer les EHPAD publics et non lucratifs, mais ne proposent pas clairement d'interdire tous les EHPAD privés lucratifs existants ni de les convertir.	https://lesecologistes.fr/document/5ZhR2m5t2ZaGKqIdD1bJaD/vdef-programme-1.pdf
party	Les Écologistes	91	Famille / prestations	Les allocations familiales devraient être versées à toutes les familles selon le nombre d'enfants, sans diminuer lorsque les revenus augmentent.	0	1	Position neutre, partagée ou non arrêtée : le modèle de prestations familiales et la ligne programmatique permettent d'estimer la préférence pour l'universalité ou le ciblage. Niveau de preuve : estimation prudente à partir de la ligne générale.	https://lesecologistes.fr/document/5ZhR2m5t2ZaGKqIdD1bJaD/vdef-programme-1.pdf
party	Les Écologistes	92	Numérique / mineurs	L'accès aux réseaux sociaux devrait être interdit aux moins de 15 ans, même avec l'accord de leurs parents.	1	3	Accord modéré : le vote ou la politique publique sur l'âge d'accès aux réseaux sociaux permet de distinguer interdiction stricte, autorisation parentale et régulation plus souple. Niveau de preuve : preuve directe ou politique explicitement documentée.	https://www.assemblee-nationale.fr/dyn/17/scrutins/8431
party	Les Écologistes	93	Numérique / intelligence artificielle	Les administrations publiques devraient privilégier des modèles d'intelligence artificielle hébergés en Europe, même s'ils sont temporairement moins performants ou plus coûteux que leurs concurrents étrangers.	2	3	Accord net : la stratégie numérique permet d'estimer la priorité accordée à la souveraineté européenne par rapport au coût et à la performance. Niveau de preuve : preuve directe ou politique explicitement documentée.	https://lesecologistes.fr/document/5ZhR2m5t2ZaGKqIdD1bJaD/vdef-programme-1.pdf
party	PS	1	Économie	Il faut réduire les impôts sur le travail et le capital, même si cela implique de réduire certaines dépenses publiques.	-2	2	Désaccord net : orientation cohérente avec le document officiel retenu, sans passage isolé directement équivalent à la question.	https://parti-socialiste.fr/vie-parlementaire/notre-declaration-politique-17eme-legislature/
party	PS	2	Économie	Les inégalités économiques sont acceptables tant qu'elles résultent principalement du travail ou de la prise de risque.	0	2	Position équilibrée ou non tranchée : sources officielles et prises de position convergentes ; le niveau de confiance documentaire a été réévalué indépendamment de l’intensité de la réponse.	https://parti-socialiste.fr/vie-parlementaire/notre-declaration-politique-17eme-legislature/
party	PS	3	Économie	L'État devrait davantage taxer les hauts revenus et les gros patrimoines afin de réduire les inégalités.	2	3	Accord fort : preuve primaire directe ou proposition officielle très proche ; le niveau de confiance documentaire a été réévalué indépendamment de l’intensité de la réponse.	https://parti-socialiste.fr/vie-parlementaire/notre-declaration-politique-17eme-legislature/
party	PS	4	Économie	Les entreprises devraient être obligées de limiter l’écart entre la rémunération de leurs dirigeants et celle de leurs salariés les moins bien payés.	3	3	Accord fort : le groupe socialiste a explicitement soutenu en commission la proposition limitant à vingt fois l’écart entre la rémunération la plus basse et la plus haute d’une entreprise.	https://www.assemblee-nationale.fr/dyn/docs/RAPPANR5L17B0618.raw
party	PS	5	Économie	Le salaire minimum devrait être augmenté significativement.	2	3	Accord net : preuve primaire directe ou proposition officielle très proche ; le niveau de confiance documentaire a été réévalué indépendamment de l’intensité de la réponse.	https://parti-socialiste.fr/vie-parlementaire/notre-declaration-politique-17eme-legislature/
party	PS	6	Économie	Les entreprises privées sont généralement plus efficaces que l'État pour fournir des biens et services, même dans certains secteurs essentiels.	-1	2	Réserve : sources officielles et prises de position convergentes ; le niveau de confiance documentaire a été réévalué indépendamment de l’intensité de la réponse.	https://parti-socialiste.fr/vie-parlementaire/notre-declaration-politique-17eme-legislature/
party	PS	7	Économie	L'État devrait pouvoir nationaliser temporairement ou durablement une entreprise privée lorsqu'elle contrôle une activité stratégique pour le pays.	3	2	Accord fort : le projet socialiste prévoit des prises de contrôle publiques et des nationalisations dans des secteurs stratégiques ; la proposition correspond directement au principe de la question.	https://parti-socialiste.fr/vie-parlementaire/notre-declaration-politique-17eme-legislature/
party	PS	8	Économie	La concurrence est généralement préférable à la réglementation pour améliorer les prix, la qualité et l'innovation.	-1	2	Réserve : sources officielles et prises de position convergentes ; le niveau de confiance documentaire a été réévalué indépendamment de l’intensité de la réponse.	https://parti-socialiste.fr/vie-parlementaire/notre-declaration-politique-17eme-legislature/
party	PS	9	État	La France dépense trop d'argent public et devrait accepter de réduire certaines politiques sociales pour revenir à l'équilibre budgétaire.	-1	2	Réserve : orientation cohérente avec le document officiel retenu, sans passage isolé directement équivalent à la question.	https://parti-socialiste.fr/vie-parlementaire/notre-declaration-politique-17eme-legislature/
party	PS	10	État	L'État devrait garantir un niveau élevé de protection sociale, même si cela implique une fiscalité importante.	3	3	Accord fort : preuve primaire directe ou proposition officielle très proche ; le niveau de confiance documentaire a été réévalué indépendamment de l’intensité de la réponse.	https://parti-socialiste.fr/vie-parlementaire/notre-declaration-politique-17eme-legislature/
party	PS	12	État	L'État devrait intervenir beaucoup plus fortement dans l'économie lorsque le marché produit des résultats jugés socialement indésirables.	2	2	Accord net : orientation cohérente avec le document officiel retenu, sans passage isolé directement équivalent à la question.	https://parti-socialiste.fr/vie-parlementaire/notre-declaration-politique-17eme-legislature/
party	PS	13	État	Les citoyens devraient avoir davantage de liberté pour choisir eux-mêmes comment utiliser leur argent plutôt que de passer par des systèmes publics obligatoires.	-2	2	Désaccord net : sources officielles et prises de position convergentes ; le niveau de confiance documentaire a été réévalué indépendamment de l’intensité de la réponse.	https://parti-socialiste.fr/vie-parlementaire/notre-declaration-politique-17eme-legislature/
party	PS	14	Social / société	La société devrait accepter beaucoup plus largement les différents modes de vie, même lorsqu'ils s'éloignent des normes traditionnelles.	3	2	Accord fort : codage cohérent avec la ligne programmatique générale du parti sur social / société.	https://www.parti-socialiste.fr/pour_une_politique_migratoire_internationale_et_europeenne
party	PS	15	Démocratie	Un gouvernement devrait pouvoir faire adopter le budget sans vote de l’Assemblée nationale lorsqu’aucune majorité stable ne se dégage, afin d’éviter un blocage institutionnel.	2	3	Le PS veut supprimer le 49.3 sauf pour les lois de finances et de financement de la Sécurité sociale. Accord net avec une faculté budgétaire d’exception, mais fortement limitée : +2.	https://www.parti-socialiste.fr/depoussierer_le_regime_de_la_v_eme_et_donner_un_nouveau_souffle_a_la_democratie
party	PS	16	Social / société	Réduire les inégalités peut parfois justifier de restreindre certaines libertés individuelles.	0	2	Position équilibrée ou non tranchée : sources officielles et prises de position convergentes ; le niveau de confiance documentaire a été réévalué indépendamment de l’intensité de la réponse.	https://www.parti-socialiste.fr/pour_une_politique_migratoire_internationale_et_europeenne
party	PS	17	Social / société	Les politiques publiques devraient chercher à corriger activement les discriminations historiques ou structurelles entre groupes sociaux.	3	2	Accord fort : codage cohérent avec la ligne programmatique générale du parti sur social / société.	https://www.parti-socialiste.fr/pour_une_politique_migratoire_internationale_et_europeenne
party	PS	18	Institutions / territoires	Les régions devraient pouvoir adopter des règles différentes en matière économique, sociale ou environnementale plutôt que d’appliquer partout les mêmes règles nationales.	2	3	Accord net : le PS se déclare favorable à une plus grande différenciation territoriale et à des adaptations normatives locales, tout en maintenant un socle national d’égalité et un encadrement par la loi.	https://www.assemblee-nationale.fr/dyn/docs/RINFANR5L16B2463.raw
party	PS	19	Social / société	Certaines traditions et valeurs culturelles méritent d'être préservées même si elles évoluent moins vite que la société.	-1	2	Réserve : codage cohérent avec la ligne programmatique générale du parti sur social / société.	https://www.parti-socialiste.fr/pour_une_politique_migratoire_internationale_et_europeenne
party	PS	20	Immigration	La France devrait réduire le nombre d'immigrants qu'elle accueille chaque année.	-2	2	Désaccord net : orientation cohérente avec le document officiel retenu, sans passage isolé directement équivalent à la question.	https://www.parti-socialiste.fr/pour_une_politique_migratoire_internationale_et_europeenne
party	PS	21	Immigration	L'immigration économique est globalement bénéfique pour l'économie française.	2	2	Accord net : sources officielles et prises de position convergentes ; le niveau de confiance documentaire a été réévalué indépendamment de l’intensité de la réponse.	https://www.parti-socialiste.fr/pour_une_politique_migratoire_internationale_et_europeenne
party	PS	22	Immigration / droits sociaux	Un étranger installé légalement en France depuis de nombreuses années devrait, à situation économique comparable, bénéficier des mêmes prestations sociales et du même accès au logement social qu’un citoyen français, sans priorité fondée sur la nationalité.	3	3	Le PS combat explicitement la préférence nationale dans l’accès aux prestations sociales et à l’hébergement ; après installation durable, il défend l’égalité de traitement.	https://www.parti-socialiste.fr/contre_la_preference_nationale_nous_continuons_le_combat_non_au_rip_de_la_honte
party	PS	23	Immigration	L'accès à la nationalité française devrait être rendu plus exigeant.	-2	2	Désaccord net : orientation cohérente avec le document officiel retenu, sans passage isolé directement équivalent à la question.	https://www.parti-socialiste.fr/pour_une_politique_migratoire_internationale_et_europeenne
party	PS	24	Immigration	La France devrait être beaucoup plus stricte concernant l'expulsion des étrangers condamnés pour des crimes graves.	-2	2	Désaccord net : orientation cohérente avec le document officiel retenu, sans passage isolé directement équivalent à la question.	https://www.parti-socialiste.fr/pour_une_politique_migratoire_internationale_et_europeenne
party	PS	25	Immigration	Même lorsque l'immigration est économiquement bénéfique, elle peut être légitimement limitée pour préserver la cohésion culturelle du pays.	-2	2	Désaccord net : orientation cohérente avec le document officiel retenu, sans passage isolé directement équivalent à la question.	https://www.parti-socialiste.fr/pour_une_politique_migratoire_internationale_et_europeenne
party	PS	26	Immigration	La France devrait accueillir davantage de réfugiés lorsqu'ils fuient une guerre ou une persécution, même si cela représente un coût économique.	3	2	Accord fort : orientation cohérente avec le document officiel retenu, sans passage isolé directement équivalent à la question.	https://www.parti-socialiste.fr/pour_une_politique_migratoire_internationale_et_europeenne
party	PS	27	Sécurité / justice	Les peines de prison effectives devraient être plus sévères, même si cela augmente fortement la population carcérale.	-1	2	Réserve : orientation cohérente avec le document officiel retenu, sans passage isolé directement équivalent à la question.	https://www.parti-socialiste.fr/pour_une_politique_migratoire_internationale_et_europeenne
party	PS	28	Sécurité / justice	Il vaut mieux investir dans la prévention et la réinsertion que dans l'augmentation des sanctions.	2	2	Accord net : sources officielles et prises de position convergentes ; le niveau de confiance documentaire a été réévalué indépendamment de l’intensité de la réponse.	https://www.parti-socialiste.fr/pour_une_politique_migratoire_internationale_et_europeenne
party	PS	29	Sécurité / justice	La police devrait disposer de pouvoirs plus importants pour lutter contre la criminalité, quitte à accepter davantage de contrôles sur certaines libertés individuelles.	-1	2	Réserve : orientation cohérente avec le document officiel retenu, sans passage isolé directement équivalent à la question.	https://www.parti-socialiste.fr/pour_une_politique_migratoire_internationale_et_europeenne
party	PS	30	Agriculture / commerce	La France devrait pouvoir interdire l’importation de produits agricoles fabriqués selon des normes qu’elle interdit à ses propres agriculteurs, même si cela faisait disparaître des rayons les produits alimentaires les moins chers.	2	3	Accord net : le PS défend des mesures miroir fortes et conditionne l'accès au marché au respect des normes européennes, tout en restant favorable à un commerce encadré ; l'acceptation du renchérissement alimentaire n'est pas assez explicite pour +3.	https://www.parti-socialiste.fr/contre_l_accord_ue_mercosur_et_pour_le_juste_echange_rendez_vous_le_29_janvier
party	PS	32	Écologie	La lutte contre le changement climatique doit rester prioritaire même lorsqu'elle réduit la croissance économique à court terme.	3	2	Accord fort : orientation cohérente avec le document officiel retenu, sans passage isolé directement équivalent à la question.	https://parti-socialiste.fr/vie-parlementaire/notre-declaration-politique-17eme-legislature/
party	PS	33	Écologie	Il faut accepter une hausse importante du prix des énergies fossiles pour accélérer la transition écologique.	2	2	Accord net : codage cohérent avec la ligne programmatique générale du parti sur écologie.	https://parti-socialiste.fr/vie-parlementaire/notre-declaration-politique-17eme-legislature/
party	PS	34	Economie	Une partie des cotisations sociales sur les salaires devrait être remplacée par une hausse de la TVA afin d’augmenter les salaires nets et de réduire le coût du travail, même si cela augmente le prix des biens et services consommés	-2	2	Le PS critique le déplacement du financement vers les impôts sur la consommation et défend un financement social plus progressif. Opposition nette, mais pas une interdiction absolue du mécanisme dans toutes ses variantes.	https://www.parti-socialiste.fr/unir_pour_un_programme_fiscal_socialiste_ambitieux_juste_et_cr_dible
party	PS	35	Écologie	Les politiques écologiques devraient reposer principalement sur des mécanismes de marché comme la taxe carbone plutôt que sur des interdictions.	0	2	Position équilibrée ou non tranchée : sources officielles et prises de position convergentes ; le niveau de confiance documentaire a été réévalué indépendamment de l’intensité de la réponse.	https://parti-socialiste.fr/vie-parlementaire/notre-declaration-politique-17eme-legislature/
party	PS	36	Écologie	Il est justifié d'interdire certains produits ou comportements très polluants même lorsque les consommateurs les souhaitent.	2	2	Accord net : codage cohérent avec la ligne programmatique générale du parti sur écologie.	https://parti-socialiste.fr/vie-parlementaire/notre-declaration-politique-17eme-legislature/
party	PS	37	Écologie	Les pays riches devraient supporter une part prépondérante du coût de la transition écologique mondiale.	2	2	Accord net : sources officielles et prises de position convergentes ; le niveau de confiance documentaire a été réévalué indépendamment de l’intensité de la réponse.	https://parti-socialiste.fr/vie-parlementaire/notre-declaration-politique-17eme-legislature/
party	PS	38	Europe	La France devrait transférer davantage de compétences à l'Union européenne afin de renforcer son poids économique et géopolitique.	3	2	Accord fort : orientation cohérente avec le document officiel retenu, sans passage isolé directement équivalent à la question.	https://www.parti-socialiste.fr/militantes_et_militants_de_l_europe
party	PS	39	Europe	La France devrait conserver autant que possible sa souveraineté nationale, même si cela réduit son influence au niveau européen.	-3	2	Désaccord fort : orientation cohérente avec le document officiel retenu, sans passage isolé directement équivalent à la question.	https://www.parti-socialiste.fr/militantes_et_militants_de_l_europe
party	PS	40	Europe	L'euro est globalement bénéfique pour la France malgré la perte de certains instruments de politique économique.	3	2	Accord fort : orientation cohérente avec le document officiel retenu, sans passage isolé directement équivalent à la question.	https://www.parti-socialiste.fr/militantes_et_militants_de_l_europe
party	PS	41	Europe	L'Union européenne devrait pouvoir imposer davantage de règles communes aux États membres.	3	2	Accord fort : orientation cohérente avec le document officiel retenu, sans passage isolé directement équivalent à la question.	https://www.parti-socialiste.fr/militantes_et_militants_de_l_europe
party	PS	42	Europe	En cas de conflit entre les intérêts économiques français et les règles européennes, la France devrait pouvoir désobéir à certaines règles européennes.	-2	2	Désaccord net : orientation cohérente avec le document officiel retenu, sans passage isolé directement équivalent à la question.	https://www.parti-socialiste.fr/militantes_et_militants_de_l_europe
party	PS	43	Fiscalité / patrimoine	Il faudrait supprimer l'IFI et ne plus taxer spécifiquement le patrimoine immobilier au-delà de la fiscalité ordinaire.	-2	3	Désaccord net : preuve primaire directe ou proposition officielle très proche ; le niveau de confiance documentaire a été réévalué indépendamment de l’intensité de la réponse.	https://parti-socialiste.fr/vie-parlementaire/notre-declaration-politique-17eme-legislature/
party	PS	44	Fiscalité / patrimoine	L'héritage devrait être davantage taxé au-delà d'un certain seuil de patrimoine transmis, même si cela conduit certaines familles à transmettre moins de patrimoine à leurs enfants.	1	2	Accord fort : orientation cohérente avec le document officiel retenu, sans passage isolé directement équivalent à la question.	https://parti-socialiste.fr/vie-parlementaire/notre-declaration-politique-17eme-legislature/
party	PS	45	Fiscalité / patrimoine	Les très grandes fortunes devraient être imposées sur leur patrimoine mondial, même lorsqu'elles quittent la France.	2	2	Accord fort : orientation cohérente avec le document officiel retenu, sans passage isolé directement équivalent à la question.	https://parti-socialiste.fr/vie-parlementaire/notre-declaration-politique-17eme-legislature/
party	PS	46	Travail / chômage	Un chômeur devrait pouvoir perdre une partie significative de ses allocations s'il refuse plusieurs emplois raisonnablement adaptés à ses compétences.	-2	2	Désaccord net : orientation cohérente avec le document officiel retenu, sans passage isolé directement équivalent à la question.	https://parti-socialiste.fr/vie-parlementaire/notre-declaration-politique-17eme-legislature/
party	PS	47	Outre-mer / vie chère	L’État devrait garantir que les produits essentiels ne coûtent pas beaucoup plus cher dans les DOM/TOM que dans l’Hexagone, quitte à subventionner durablement leur transport ou leur prix avec l’argent public national.	3	3	Des députés socialistes ont porté une aide au fret de 100 M€ visant explicitement à neutraliser le coût du transport des produits de première nécessité vers les outre-mer : accord maximal.	https://www.assemblee-nationale.fr/dyn/17/amendements/1906C/AN/571
party	PS	48	Travail / chômage	Le CDI protège trop fortement les salariés déjà en poste et peut rendre plus difficile l’accès à l’emploi stable, au détriment des jeunes, chômeurs ou travailleurs en contrats précaires.	-1	1	Réserve : estimation prudente ; aucune formulation parfaitement équivalente à la question n’a été identifiée.	https://parti-socialiste.fr/vie-parlementaire/notre-declaration-politique-17eme-legislature/
party	PS	49	Retraites	Les retraites devraient être progressivement réformées vers un système combinant répartition et capitalisation, même si cela implique une période de transition coûteuse.	-2	2	Désaccord net : orientation cohérente avec le document officiel retenu, sans passage isolé directement équivalent à la question.	https://parti-socialiste.fr/vie-parlementaire/notre-declaration-politique-17eme-legislature/
party	PS	50	Retraites	L'âge légal de départ à la retraite devrait être automatiquement indexé sur l'espérance de vie nationale.	-2	1	Désaccord net : estimation prudente ; aucune formulation parfaitement équivalente à la question n’a été identifiée.	https://parti-socialiste.fr/vie-parlementaire/notre-declaration-politique-17eme-legislature/
party	PS	51	Protection sociale	Les prestations sociales devraient être fortement conditionnées à la durée de cotisation et de participation au marché du travail.	-2	2	Désaccord net : orientation cohérente avec le document officiel retenu, sans passage isolé directement équivalent à la question.	https://parti-socialiste.fr/vie-parlementaire/notre-declaration-politique-17eme-legislature/
party	PS	53	État / entreprises	Une entreprise qui reçoit plusieurs milliards d'euros d'aides publiques devrait pouvoir être contrainte de limiter ses dividendes et les rémunérations de ses dirigeants tant que l'aide n'est pas remboursée.	3	2	Accord fort : codage cohérent avec la ligne programmatique générale du parti sur état / entreprises.	https://parti-socialiste.fr/vie-parlementaire/notre-declaration-politique-17eme-legislature/
party	PS	54	État / entreprises	L'État devrait davantage utiliser son pouvoir d'actionnaire pour orienter les grandes entreprises françaises vers des objectifs industriels de long terme.	2	2	Accord net : sources officielles et prises de position convergentes ; le niveau de confiance documentaire a été réévalué indépendamment de l’intensité de la réponse.	https://parti-socialiste.fr/vie-parlementaire/notre-declaration-politique-17eme-legislature/
party	PS	55	État / entreprises	Il faudrait réduire fortement les normes administratives pesant sur les entreprises, même si certaines protections environnementales ou sociales deviennent moins strictes.	-2	2	Désaccord net : orientation cohérente avec le document officiel retenu, sans passage isolé directement équivalent à la question.	https://parti-socialiste.fr/vie-parlementaire/notre-declaration-politique-17eme-legislature/
party	PS	56	Immigration / régularisation	Un étranger en situation irrégulière qui travaille de façon stable en France depuis plusieurs années et n’a commis aucun délit devrait pouvoir être régularisé, même s’il est entré ou est resté sur le territoire sans autorisation.	3	3	Accord fort : le PS a explicitement proposé de régulariser les personnes sans papiers établies depuis longtemps en France lorsqu’elles disposent d’un travail et d’un logement, ce qui correspond très directement à la question.	https://www.parti-socialiste.fr/meeting_de_perpignan
party	PS	57	Immigration / assimilation	L'accès à certaines prestations sociales devrait être beaucoup plus limité pendant les premières années suivant l'arrivée d'un immigré.	-2	2	Désaccord net : orientation cohérente avec le document officiel retenu, sans passage isolé directement équivalent à la question.	https://www.parti-socialiste.fr/pour_une_politique_migratoire_internationale_et_europeenne
party	PS	58	Immigration / assimilation	La France devrait privilégier l'immigration économique qualifiée, même si cela signifie accueillir moins de personnes peu qualifiées.	1	1	Accord modéré : estimation prudente ; aucune formulation parfaitement équivalente à la question n’a été identifiée.	https://www.parti-socialiste.fr/pour_une_politique_migratoire_internationale_et_europeenne
party	PS	59	Immigration / assimilation	Une personne née en France de parents étrangers devrait automatiquement devenir française à sa majorité si elle y a grandi, même si elle ne manifeste pas particulièrement d'attachement à la France.	3	2	Accord fort : orientation cohérente avec le document officiel retenu, sans passage isolé directement équivalent à la question.	https://www.parti-socialiste.fr/pour_une_politique_migratoire_internationale_et_europeenne
party	PS	60	Immigration / assimilation	La France devrait pouvoir refuser l'entrée à un immigré légalement admissible lorsqu'il existe de fortes raisons de penser qu'il ne souhaite pas s'intégrer culturellement à la société française.	-2	2	Désaccord net : orientation cohérente avec le document officiel retenu, sans passage isolé directement équivalent à la question.	https://www.parti-socialiste.fr/pour_une_politique_migratoire_internationale_et_europeenne
party	PS	61	Immigration / assimilation	Le fait de conserver des pratiques culturelles ou religieuses très différentes de celles de la majorité française n'est pas en soi un problème tant que les lois françaises sont respectées.	2	2	Accord net : sources officielles et prises de position convergentes ; le niveau de confiance documentaire a été réévalué indépendamment de l’intensité de la réponse.	https://www.parti-socialiste.fr/pour_une_politique_migratoire_internationale_et_europeenne
party	PS	63	Libertés / sécurité	Pour lutter contre le terrorisme, l'État devrait pouvoir surveiller préventivement une personne considérée comme présentant un risque sérieux, même sans preuve suffisante pour engager des poursuites pénales.	0	2	Position équilibrée ou non tranchée : orientation cohérente avec le document officiel retenu, sans passage isolé directement équivalent à la question.	https://www.parti-socialiste.fr/pour_une_politique_migratoire_internationale_et_europeenne
party	PS	64	Libertés / expression	Une personne qui tient publiquement des propos profondément offensants mais qui n'appelle ni à la violence ni à commettre une infraction devrait être protégée par la liberté d'expression.	2	2	Accord net : sources officielles et prises de position convergentes ; le niveau de confiance documentaire a été réévalué indépendamment de l’intensité de la réponse.	https://www.parti-socialiste.fr/pour_une_politique_migratoire_internationale_et_europeenne
party	PS	66	Sécurité	Lorsqu’un conducteur refuse d’obtempérer et prend la fuite, les policiers devraient pouvoir utiliser leur arme à feu même si le danger pour leur vie n’est pas immédiat.	-3	3	Désaccord fort : lors du scrutin du 7 juillet 2026 sur la présomption de légitime défense des forces de l’ordre, les 62 députés socialistes ayant pris part au vote ont voté contre.	https://www.assemblee-nationale.fr/dyn/17/scrutins/7987
party	PS	67	Écologie	Une taxe carbone qui réduit les émissions de CO₂ devrait être maintenue même si elle diminue le pouvoir d’achat des ménages modestes, à condition de compenser ces derniers par des aides ciblées.	3	2	Accord fort : orientation cohérente avec le document officiel retenu, sans passage isolé directement équivalent à la question.	https://parti-socialiste.fr/vie-parlementaire/notre-declaration-politique-17eme-legislature/
party	PS	68	Écologie	La France devrait interdire progressivement la vente de voitures thermiques même si cela augmente temporairement le prix moyen des véhicules.	3	2	Accord fort : orientation cohérente avec le document officiel retenu, sans passage isolé directement équivalent à la question.	https://parti-socialiste.fr/vie-parlementaire/notre-declaration-politique-17eme-legislature/
party	PS	69	Écologie	Il faut privilégier le nucléaire même si cela conduit à réduire certains investissements dans les renouvelables.	0	2	Position équilibrée ou non tranchée : orientation cohérente avec le document officiel retenu, sans passage isolé directement équivalent à la question.	https://parti-socialiste.fr/vie-parlementaire/notre-declaration-politique-17eme-legislature/
party	PS	71	Écologie / croissance	Si la France pouvait réduire ses émissions de 20 % mais que cela réduisait son PIB de 3 %, alors que les autres pays ne faisaient aucun effort comparable, il faudrait quand même le faire.	2	2	Accord net : sources officielles et prises de position convergentes ; le niveau de confiance documentaire a été réévalué indépendamment de l’intensité de la réponse.	https://parti-socialiste.fr/vie-parlementaire/notre-declaration-politique-17eme-legislature/
party	PS	72	Institutions	Pour certaines décisions économiques complexes, il serait préférable de confier davantage de pouvoir à des institutions indépendantes composées d'experts plutôt qu'aux responsables politiques élus.	-1	1	Réserve : estimation prudente ; aucune formulation parfaitement équivalente à la question n’a été identifiée.	https://parti-socialiste.fr/vie-parlementaire/notre-declaration-politique-17eme-legislature/
party	PS	73	Institutions	Un gouvernement devrait pouvoir prendre une décision économiquement nécessaire mais très impopulaire sans chercher à obtenir l'approbation immédiate de la population.	0	1	Position équilibrée ou non tranchée : estimation prudente ; aucune formulation parfaitement équivalente à la question n’a été identifiée.	https://parti-socialiste.fr/vie-parlementaire/notre-declaration-politique-17eme-legislature/
party	PS	74	Institutions	Le référendum devrait être beaucoup plus utilisé, même lorsque les citoyens votent sur des sujets dont ils maîtrisent mal les aspects techniques.	2	2	Accord net : orientation cohérente avec le document officiel retenu, sans passage isolé directement équivalent à la question.	https://parti-socialiste.fr/vie-parlementaire/notre-declaration-politique-17eme-legislature/
party	PS	75	Institutions	Il serait acceptable de donner davantage de poids politique aux citoyens qui démontrent un niveau élevé de connaissance du fonctionnement des institutions et de l'économie.	-2	1	Désaccord net : estimation prudente ; aucune formulation parfaitement équivalente à la question n’a été identifiée.	https://parti-socialiste.fr/vie-parlementaire/notre-declaration-politique-17eme-legislature/
party	PS	76	Institutions	Le président de la République devrait disposer de davantage de pouvoirs pour pouvoir mettre en œuvre un programme pendant cinq ans sans être constamment bloqué par le Parlement.	-3	2	Désaccord fort : le projet socialiste 2026 veut déprésidentialiser la Ve République, renforcer le Parlement et rééquilibrer le pouvoir exécutif ; il s'oppose directement à un renforcement du président.	https://parti-socialiste.fr/vie-parlementaire/notre-declaration-politique-17eme-legislature/
party	PS	77	Institutions	La proportionnelle intégrale serait préférable au système actuel, même si elle rendait plus fréquentes les coalitions et les gouvernements instables.	2	2	Accord fort : orientation cohérente avec le document officiel retenu, sans passage isolé directement équivalent à la question.	https://parti-socialiste.fr/vie-parlementaire/notre-declaration-politique-17eme-legislature/
party	PS	78	Immigration / assimilation	Le droit de séjour durable en France devrait dépendre, sauf impossibilité particulière, d’efforts concrets pour apprendre le français, comprendre les règles et usages du pays et participer à la vie collective.	1	2	Accord modéré : orientation cohérente avec le document officiel retenu, sans passage isolé directement équivalent à la question.	https://www.parti-socialiste.fr/pour_une_politique_migratoire_internationale_et_europeenne
party	PS	79	Immigration / délinquance	Les différences de délinquance observées s’expliquent davantage par les inégalités sociales et économiques que par la culture d’origine des personnes concernées.	3	2	Accord fort : orientation cohérente avec le document officiel retenu, sans passage isolé directement équivalent à la question.	https://www.parti-socialiste.fr/pour_une_politique_migratoire_internationale_et_europeenne
party	PS	80	Écologie / agriculture	La France devrait interdire aux agriculteurs l’usage d’un produit jugé trop polluant, même si cette interdiction les désavantage face à des concurrents étrangers qui peuvent encore l’utiliser.	3	3	Accord fort : le groupe socialiste affirme qu’il ne faut aucune réintroduction de produits phytosanitaires interdits et que la santé, les sols et la biodiversité ne doivent pas être sacrifiés à leur valeur économique, tout en demandant une action contre la concurrence déloyale.	https://questions.assemblee-nationale.fr/dyn/17/comptes-rendus/seance/session-extraordinaire-de-2025-2026/deuxieme-seance-du-lundi-20-juillet-2026
party	PS	81	Santé / accès aux soins	Dans les zones où l'accès aux soins est insuffisant, l'Assurance maladie devrait pouvoir limiter le conventionnement de nouveaux médecins dans les zones déjà bien dotées afin d'encourager leur installation dans les déserts médicaux.	3	3	Accord fort : le scrutin sur la régulation du conventionnement médical fournit la position parlementaire la plus proche ; pour les formations non représentées, le codage est déduit de leur ligne sur la liberté d'installation. Niveau de preuve : preuve directe ou politique explicitement documentée.	https://www.assemblee-nationale.fr/dyn/17/scrutins/1214
party	PS	82	Santé / assurance maladie	L'Assurance maladie devrait rembourser intégralement les soins essentiels, quitte à réduire fortement le rôle des complémentaires santé.	3	2	Accord fort : le projet de « Grande Sécu » prévoit le remboursement intégral des soins essentiels par la Sécurité sociale et une forte réduction du rôle des complémentaires sur ce panier.	https://parti-socialiste.fr/vie-parlementaire/notre-declaration-politique-17eme-legislature/
party	PS	83	Santé / hôpital	Il faut accepter de fermer ou regrouper certaines petites maternités et certains services d'urgence afin de concentrer les équipes et les équipements dans des établissements plus importants.	-2	2	Désaccord net : le document retenu permet d'arbitrer entre maintien de la proximité hospitalière et concentration des moyens. Niveau de preuve : faisceau d’indices cohérent, sans équivalent toujours parfaitement identique.	https://parti-socialiste.fr/vie-parlementaire/notre-declaration-politique-17eme-legislature/
party	PS	84	Éducation / autonomie	Les chefs d'établissement scolaire devraient pouvoir recruter eux-même une partie de leurs enseignants et peser davantage dans leur évaluation.	-2	1	Désaccord net : la position est estimée à partir des propositions d'autonomie des établissements, de recrutement et de gestion des enseignants. Niveau de preuve : estimation prudente à partir de la ligne générale.	https://parti-socialiste.fr/vie-parlementaire/notre-declaration-politique-17eme-legislature/
party	PS	85	Éducation / mixité sociale	Le financement public des établissements privés sous contrat devrait être conditionné à des objectifs mesurables de mixité sociale.	3	2	Accord fort : le projet socialiste conditionne explicitement le financement des établissements privés sous contrat à des objectifs mesurables de mixité sociale.	https://parti-socialiste.fr/vie-parlementaire/notre-declaration-politique-17eme-legislature/
party	PS	86	Logement / locations touristiques	Dans les zones où le logement manque, une commune devrait pouvoir interdire la location touristique régulière d'un logement qui n'est pas la résidence principale de son propriétaire.	2	3	Accord net : la source retenue précise le degré de régulation souhaité pour les meublés touristiques et les pouvoirs locaux. Niveau de preuve : preuve directe ou politique explicitement documentée.	https://parti-socialiste.fr/wp-content/uploads/2026/06/PS_BataillesCommunes_V4_pages.pdf
party	PS	87	Défense / Ukraine	La France devrait continuer à fournir une aide militaire et financière importante à l'Ukraine tant que son territoire reste occupé, même si la guerre se prolonge.	3	3	Accord fort : le vote ou la politique officielle sur le soutien durable à l'Ukraine constitue l'indicateur principal. Niveau de preuve : preuve directe ou politique explicitement documentée.	https://www.assemblee-nationale.fr/dyn/17/scrutins/988
party	PS	88	Défense / dissuasion nucléaire	La dissuasion nucléaire française devrait aussi protéger les partenaires européens, tout en laissant à la France seule la décision finale de l'employer.	3	3	Accord fort : la source retenue porte sur l'extension européenne de la dissuasion ou, pour les pays non dotés, sur la protection nucléaire alliée. Niveau de preuve : preuve directe ou politique explicitement documentée.	https://parti-socialiste.fr/communiques-de-presse/dissuasion-nucleaire-francaise-le-ps-salue-une-ambition-europeenne-desormais-a-demontrer/
party	PS	89	Santé / fin de vie	Une personne majeure atteinte d'une maladie grave et incurable provoquant des souffrances insupportables devrait pouvoir recevoir une aide médicale à mourir dans un cadre strictement contrôlé.	3	3	Accord fort : le vote, la loi ou la position gouvernementale sur l'aide à mourir fournit un équivalent direct ou très proche. Niveau de preuve : preuve directe ou politique explicitement documentée.	https://www.assemblee-nationale.fr/dyn/17/scrutins/2107
party	PS	90	Dépendance / EHPAD	Les groupes privés à but lucratif ne devraient plus pouvoir gérer d'EHPAD. Les établissements existants devraient progressivement devenir publics ou non lucratifs.	2	1	Accord net : le programme social et sanitaire permet d'estimer la place laissée aux opérateurs lucratifs dans la dépendance. Niveau de preuve : estimation prudente à partir de la ligne générale.	https://parti-socialiste.fr/vie-parlementaire/notre-declaration-politique-17eme-legislature/
party	PS	91	Famille / prestations	Les allocations familiales devraient être versées à toutes les familles selon le nombre d'enfants, sans diminuer lorsque les revenus augmentent.	-2	2	Désaccord net : le modèle de prestations familiales et la ligne programmatique permettent d'estimer la préférence pour l'universalité ou le ciblage. Niveau de preuve : faisceau d’indices cohérent, sans équivalent toujours parfaitement identique.	https://parti-socialiste.fr/vie-parlementaire/notre-declaration-politique-17eme-legislature/
party	PS	92	Numérique / mineurs	L'accès aux réseaux sociaux devrait être interdit aux moins de 15 ans, même avec l'accord de leurs parents.	1	3	Accord modéré : le vote ou la politique publique sur l'âge d'accès aux réseaux sociaux permet de distinguer interdiction stricte, autorisation parentale et régulation plus souple. Niveau de preuve : preuve directe ou politique explicitement documentée.	https://www.assemblee-nationale.fr/dyn/17/scrutins/8431
party	PS	93	Numérique / intelligence artificielle	Les administrations publiques devraient privilégier des modèles d'intelligence artificielle hébergés en Europe, même s'ils sont temporairement moins performants ou plus coûteux que leurs concurrents étrangers.	2	2	Accord net : la stratégie numérique permet d'estimer la priorité accordée à la souveraineté européenne par rapport au coût et à la performance. Niveau de preuve : faisceau d’indices cohérent, sans équivalent toujours parfaitement identique.	https://parti-socialiste.fr/vie-parlementaire/notre-declaration-politique-17eme-legislature/
party	Renaissance	1	Économie	Il faut réduire les impôts sur le travail et le capital, même si cela implique de réduire certaines dépenses publiques.	2	2	Accord net : orientation cohérente avec le document officiel retenu, sans passage isolé directement équivalent à la question.	https://parti-renaissance.fr/
party	Renaissance	2	Économie	Les inégalités économiques sont acceptables tant qu'elles résultent principalement du travail ou de la prise de risque.	2	2	Accord net : sources officielles et prises de position convergentes ; le niveau de confiance documentaire a été réévalué indépendamment de l’intensité de la réponse.	https://parti-renaissance.fr/
party	Renaissance	3	Économie	L'État devrait davantage taxer les hauts revenus et les gros patrimoines afin de réduire les inégalités.	-1	2	Réserve : orientation cohérente avec le document officiel retenu, sans passage isolé directement équivalent à la question.	https://parti-renaissance.fr/
party	Renaissance	4	Économie	Les entreprises devraient être obligées de limiter l’écart entre la rémunération de leurs dirigeants et celle de leurs salariés les moins bien payés.	-3	3	Désaccord fort : Renaissance s’est explicitement opposé au plafond de 1 à 20, le jugeant dirigiste et contraire à la liberté des entreprises de rémunérer des compétences ou talents exceptionnels.	https://www.assemblee-nationale.fr/dyn/docs/RAPPANR5L17B0618.raw
party	Renaissance	5	Économie	Le salaire minimum devrait être augmenté significativement.	-1	2	Réserve : orientation cohérente avec le document officiel retenu, sans passage isolé directement équivalent à la question.	https://parti-renaissance.fr/
party	Renaissance	6	Économie	Les entreprises privées sont généralement plus efficaces que l'État pour fournir des biens et services, même dans certains secteurs essentiels.	2	2	Accord net : sources officielles et prises de position convergentes ; le niveau de confiance documentaire a été réévalué indépendamment de l’intensité de la réponse.	https://parti-renaissance.fr/
party	Renaissance	7	Économie	L'État devrait pouvoir nationaliser temporairement ou durablement une entreprise privée lorsqu'elle contrôle une activité stratégique pour le pays.	-1	2	Réserve : orientation cohérente avec le document officiel retenu, sans passage isolé directement équivalent à la question.	https://parti-renaissance.fr/
party	Renaissance	8	Économie	La concurrence est généralement préférable à la réglementation pour améliorer les prix, la qualité et l'innovation.	2	2	Accord net : sources officielles et prises de position convergentes ; le niveau de confiance documentaire a été réévalué indépendamment de l’intensité de la réponse.	https://parti-renaissance.fr/
party	Renaissance	9	État	La France dépense trop d'argent public et devrait accepter de réduire certaines politiques sociales pour revenir à l'équilibre budgétaire.	2	2	Accord net : orientation cohérente avec le document officiel retenu, sans passage isolé directement équivalent à la question.	https://parti-renaissance.fr/
party	Renaissance	10	État	L'État devrait garantir un niveau élevé de protection sociale, même si cela implique une fiscalité importante.	0	2	Position de compromis : Renaissance reste attaché à une protection sociale élevée mais cherche simultanément à réduire les déficits et ne défend pas une hausse générale de la fiscalité pour la financer ; la formulation « même si cela implique une fiscalité importante » ne correspond donc pas à une adhésion nette.	https://parti-renaissance.fr/
party	Renaissance	12	État	L'État devrait intervenir beaucoup plus fortement dans l'économie lorsque le marché produit des résultats jugés socialement indésirables.	0	2	Position équilibrée ou non tranchée : orientation cohérente avec le document officiel retenu, sans passage isolé directement équivalent à la question.	https://parti-renaissance.fr/
party	Renaissance	13	État	Les citoyens devraient avoir davantage de liberté pour choisir eux-mêmes comment utiliser leur argent plutôt que de passer par des systèmes publics obligatoires.	1	2	Accord modéré : sources officielles et prises de position convergentes ; le niveau de confiance documentaire a été réévalué indépendamment de l’intensité de la réponse.	https://parti-renaissance.fr/
party	Renaissance	14	Social / société	La société devrait accepter beaucoup plus largement les différents modes de vie, même lorsqu'ils s'éloignent des normes traditionnelles.	2	2	Accord net : codage cohérent avec la ligne programmatique générale du parti sur social / société.	https://parti-renaissance.fr/
party	Renaissance	15	Démocratie	Un gouvernement devrait pouvoir faire adopter le budget sans vote de l’Assemblée nationale lorsqu’aucune majorité stable ne se dégage, afin d’éviter un blocage institutionnel.	2	3	Les gouvernements issus de la majorité présidentielle ont utilisé le 49.3 précisément pour faire adopter des budgets en situation de majorité relative. Pratique directement conforme à la proposition.	https://www.assemblee-nationale.fr/dyn/actualites-accueil-hub/adoption-du-plf2026-en-lecture-definitive-apres-l-engagement-de-la-responsabilite-du-gouvernement-sur-le-projet-de-loi-et-le-rejet-de-2-motions-d
party	Renaissance	16	Social / société	Réduire les inégalités peut parfois justifier de restreindre certaines libertés individuelles.	-2	2	Désaccord net : sources officielles et prises de position convergentes ; le niveau de confiance documentaire a été réévalué indépendamment de l’intensité de la réponse.	https://parti-renaissance.fr/
party	Renaissance	17	Social / société	Les politiques publiques devraient chercher à corriger activement les discriminations historiques ou structurelles entre groupes sociaux.	2	2	Accord net : codage cohérent avec la ligne programmatique générale du parti sur social / société.	https://parti-renaissance.fr/
party	Renaissance	18	Institutions / territoires	Les régions devraient pouvoir adopter des règles différentes en matière économique, sociale ou environnementale plutôt que d’appliquer partout les mêmes règles nationales.	2	3	Accord net : Renaissance accepte la différenciation territoriale dans le respect du principe d’égalité et souhaite laisser davantage de place au pouvoir réglementaire local pour adapter l’application des politiques publiques.	https://www.assemblee-nationale.fr/dyn/docs/RINFANR5L16B2463.raw
party	Renaissance	19	Social / société	Certaines traditions et valeurs culturelles méritent d'être préservées même si elles évoluent moins vite que la société.	1	2	Accord modéré : codage cohérent avec la ligne programmatique générale du parti sur social / société.	https://parti-renaissance.fr/
party	Renaissance	20	Immigration	La France devrait réduire le nombre d'immigrants qu'elle accueille chaque année.	1	2	Accord modéré : orientation cohérente avec le document officiel retenu, sans passage isolé directement équivalent à la question.	https://parti-renaissance.fr/
party	Renaissance	21	Immigration	L'immigration économique est globalement bénéfique pour l'économie française.	2	2	Accord net : sources officielles et prises de position convergentes ; le niveau de confiance documentaire a été réévalué indépendamment de l’intensité de la réponse.	https://parti-renaissance.fr/
party	Renaissance	22	Immigration / droits sociaux	Un étranger installé légalement en France depuis de nombreuses années devrait, à situation économique comparable, bénéficier des mêmes prestations sociales et du même accès au logement social qu’un citoyen français, sans priorité fondée sur la nationalité.	2	2	Renaissance a accepté des délais de résidence pour certaines prestations, mais ne défend pas une priorité permanente fondée sur la nationalité pour les étrangers durablement installés : accord net, non maximal.	https://parti-renaissance.fr/
party	Renaissance	23	Immigration	L'accès à la nationalité française devrait être rendu plus exigeant.	1	2	Accord modéré : orientation cohérente avec le document officiel retenu, sans passage isolé directement équivalent à la question.	https://parti-renaissance.fr/
party	Renaissance	24	Immigration	La France devrait être beaucoup plus stricte concernant l'expulsion des étrangers condamnés pour des crimes graves.	3	2	Accord fort : orientation cohérente avec le document officiel retenu, sans passage isolé directement équivalent à la question.	https://parti-renaissance.fr/
party	Renaissance	25	Immigration	Même lorsque l'immigration est économiquement bénéfique, elle peut être légitimement limitée pour préserver la cohésion culturelle du pays.	1	2	Accord modéré : orientation cohérente avec le document officiel retenu, sans passage isolé directement équivalent à la question.	https://parti-renaissance.fr/
party	Renaissance	26	Immigration	La France devrait accueillir davantage de réfugiés lorsqu'ils fuient une guerre ou une persécution, même si cela représente un coût économique.	0	2	Position équilibrée ou non tranchée : orientation cohérente avec le document officiel retenu, sans passage isolé directement équivalent à la question.	https://parti-renaissance.fr/
party	Renaissance	27	Sécurité / justice	Les peines de prison effectives devraient être plus sévères, même si cela augmente fortement la population carcérale.	1	2	Accord modéré : orientation cohérente avec le document officiel retenu, sans passage isolé directement équivalent à la question.	https://parti-renaissance.fr/
party	Renaissance	28	Sécurité / justice	Il vaut mieux investir dans la prévention et la réinsertion que dans l'augmentation des sanctions.	0	2	Position équilibrée : Renaissance défend à la fois la prévention et la réinsertion, mais aussi le renforcement des sanctions et des moyens répressifs ; aucune priorité nette entre les deux approches ne se dégage : 0.	https://parti-renaissance.fr/
party	Renaissance	29	Sécurité / justice	La police devrait disposer de pouvoirs plus importants pour lutter contre la criminalité, quitte à accepter davantage de contrôles sur certaines libertés individuelles.	2	2	Accord net : orientation cohérente avec le document officiel retenu, sans passage isolé directement équivalent à la question.	https://parti-renaissance.fr/
party	Renaissance	30	Agriculture / commerce	La France devrait pouvoir interdire l’importation de produits agricoles fabriqués selon des normes qu’elle interdit à ses propres agriculteurs, même si cela faisait disparaître des rayons les produits alimentaires les moins chers.	1	3	Accord modéré : Renaissance soutient la réciprocité des normes, les contrôles et des clauses de sauvegarde, mais reste favorable aux échanges commerciaux et ne donne pas clairement priorité à l'interdiction lorsque celle-ci renchérit les produits alimentaires les moins chers.	https://www.assemblee-nationale.fr/dyn/17/scrutins/685
party	Renaissance	32	Écologie	La lutte contre le changement climatique doit rester prioritaire même lorsqu'elle réduit la croissance économique à court terme.	2	2	Accord net : orientation cohérente avec le document officiel retenu, sans passage isolé directement équivalent à la question.	https://parti-renaissance.fr/
party	Renaissance	33	Écologie	Il faut accepter une hausse importante du prix des énergies fossiles pour accélérer la transition écologique.	1	2	Accord modéré : codage cohérent avec la ligne programmatique générale du parti sur écologie.	https://parti-renaissance.fr/
party	Renaissance	34	Economie	Une partie des cotisations sociales sur les salaires devrait être remplacée par une hausse de la TVA afin d’augmenter les salaires nets et de réduire le coût du travail, même si cela augmente le prix des biens et services consommés	2	2	Emmanuel Macron a relancé explicitement l’idée de réduire les cotisations sur les salaires en taxant davantage la consommation, tout en excluant une hausse uniforme sur les produits essentiels. Accord clair mais avec réserves : +2.	https://www.lemonde.fr/politique/article/2025/05/14/emmanuel-macron-relance-la-piste-de-la-tva-sociale-pour-financer-la-secu_6606057_823448.html
party	Renaissance	35	Écologie	Les politiques écologiques devraient reposer principalement sur des mécanismes de marché comme la taxe carbone plutôt que sur des interdictions.	2	2	Accord net : sources officielles et prises de position convergentes ; le niveau de confiance documentaire a été réévalué indépendamment de l’intensité de la réponse.	https://parti-renaissance.fr/
party	Renaissance	36	Écologie	Il est justifié d'interdire certains produits ou comportements très polluants même lorsque les consommateurs les souhaitent.	1	2	Accord modéré : codage cohérent avec la ligne programmatique générale du parti sur écologie.	https://parti-renaissance.fr/
party	Renaissance	37	Écologie	Les pays riches devraient supporter une part prépondérante du coût de la transition écologique mondiale.	2	2	Accord net : sources officielles et prises de position convergentes ; le niveau de confiance documentaire a été réévalué indépendamment de l’intensité de la réponse.	https://parti-renaissance.fr/
party	Renaissance	38	Europe	La France devrait transférer davantage de compétences à l'Union européenne afin de renforcer son poids économique et géopolitique.	2	2	Accord net : orientation cohérente avec le document officiel retenu, sans passage isolé directement équivalent à la question.	https://parti-renaissance.fr/
party	Renaissance	39	Europe	La France devrait conserver autant que possible sa souveraineté nationale, même si cela réduit son influence au niveau européen.	-2	2	Désaccord net : orientation cohérente avec le document officiel retenu, sans passage isolé directement équivalent à la question.	https://parti-renaissance.fr/
party	Renaissance	40	Europe	L'euro est globalement bénéfique pour la France malgré la perte de certains instruments de politique économique.	3	2	Accord fort : orientation cohérente avec le document officiel retenu, sans passage isolé directement équivalent à la question.	https://parti-renaissance.fr/
party	Renaissance	41	Europe	L'Union européenne devrait pouvoir imposer davantage de règles communes aux États membres.	2	2	Accord net : orientation cohérente avec le document officiel retenu, sans passage isolé directement équivalent à la question.	https://parti-renaissance.fr/
party	Renaissance	42	Europe	En cas de conflit entre les intérêts économiques français et les règles européennes, la France devrait pouvoir désobéir à certaines règles européennes.	-3	2	Désaccord fort : orientation cohérente avec le document officiel retenu, sans passage isolé directement équivalent à la question.	https://parti-renaissance.fr/
party	Renaissance	43	Fiscalité / patrimoine	Il faudrait supprimer l'IFI et ne plus taxer spécifiquement le patrimoine immobilier au-delà de la fiscalité ordinaire.	1	2	Accord modéré : orientation cohérente avec le document officiel retenu, sans passage isolé directement équivalent à la question.	https://parti-renaissance.fr/
party	Renaissance	44	Fiscalité / patrimoine	L'héritage devrait être davantage taxé au-delà d'un certain seuil de patrimoine transmis, même si cela conduit certaines familles à transmettre moins de patrimoine à leurs enfants.	-1	2	Réserve : orientation cohérente avec le document officiel retenu, sans passage isolé directement équivalent à la question.	https://parti-renaissance.fr/
party	Renaissance	45	Fiscalité / patrimoine	Les très grandes fortunes devraient être imposées sur leur patrimoine mondial, même lorsqu'elles quittent la France.	0	2	Position équilibrée ou non tranchée : orientation cohérente avec le document officiel retenu, sans passage isolé directement équivalent à la question.	https://parti-renaissance.fr/
party	Renaissance	46	Travail / chômage	Un chômeur devrait pouvoir perdre une partie significative de ses allocations s'il refuse plusieurs emplois raisonnablement adaptés à ses compétences.	2	2	Accord net : orientation cohérente avec le document officiel retenu, sans passage isolé directement équivalent à la question.	https://parti-renaissance.fr/
party	Renaissance	47	Outre-mer / vie chère	L’État devrait garantir que les produits essentiels ne coûtent pas beaucoup plus cher dans les DOM/TOM que dans l’Hexagone, quitte à subventionner durablement leur transport ou leur prix avec l’argent public national.	2	3	Un député Ensemble pour la République a cosigné l’amendement créant 100 M€ d’aide au fret pour neutraliser le coût des produits essentiels. Soutien net, mais la ligne gouvernementale conserve aussi des instruments structurels : +2.	https://www.assemblee-nationale.fr/dyn/17/amendements/1906C/AN/571
party	Renaissance	48	Travail / chômage	Le CDI protège trop fortement les salariés déjà en poste et peut rendre plus difficile l’accès à l’emploi stable, au détriment des jeunes, chômeurs ou travailleurs en contrats précaires.	2	2	Accord net : sources officielles et prises de position convergentes ; le niveau de confiance documentaire a été réévalué indépendamment de l’intensité de la réponse.	https://parti-renaissance.fr/
party	Renaissance	49	Retraites	Les retraites devraient être progressivement réformées vers un système combinant répartition et capitalisation, même si cela implique une période de transition coûteuse.	2	3	Accord net : Renaissance propose désormais explicitement une capitalisation accessible à tous, avec crédit d’impôt pour les foyers modestes et fonds national de capitalisation, en complément d’un système collectif de retraite. La question ajoute seulement l’hypothèse d’une transition coûteuse, non explicitement acceptée.	https://parti-renaissance.fr/petitions/refonder-notre-systeme-de-retraite
party	Renaissance	50	Retraites	L'âge légal de départ à la retraite devrait être automatiquement indexé sur l'espérance de vie nationale.	-2	3	Désaccord net : le projet de Renaissance prévoit que chacun choisisse son moment de départ, avec surcote pour ceux qui travaillent plus longtemps, plutôt qu’un âge légal automatiquement indexé sur l’espérance de vie.	https://parti-renaissance.fr/petitions/refonder-notre-systeme-de-retraite
party	Renaissance	51	Protection sociale	Les prestations sociales devraient être fortement conditionnées à la durée de cotisation et de participation au marché du travail.	2	2	Accord net : orientation cohérente avec le document officiel retenu, sans passage isolé directement équivalent à la question.	https://parti-renaissance.fr/
party	Renaissance	53	État / entreprises	Une entreprise qui reçoit plusieurs milliards d'euros d'aides publiques devrait pouvoir être contrainte de limiter ses dividendes et les rémunérations de ses dirigeants tant que l'aide n'est pas remboursée.	1	2	Accord modéré : codage cohérent avec la ligne programmatique générale du parti sur état / entreprises.	https://parti-renaissance.fr/
party	Renaissance	54	État / entreprises	L'État devrait davantage utiliser son pouvoir d'actionnaire pour orienter les grandes entreprises françaises vers des objectifs industriels de long terme.	1	1	Accord modéré : estimation prudente ; aucune formulation parfaitement équivalente à la question n’a été identifiée.	https://parti-renaissance.fr/
party	Renaissance	55	État / entreprises	Il faudrait réduire fortement les normes administratives pesant sur les entreprises, même si certaines protections environnementales ou sociales deviennent moins strictes.	1	2	Accord modéré : Renaissance défend une simplification importante des normes pesant sur les entreprises, mais sans assumer de manière générale un affaiblissement des protections environnementales ou sociales ; +1 traduit cette réserve.	https://parti-renaissance.fr/
party	Renaissance	56	Immigration / régularisation	Un étranger en situation irrégulière qui travaille de façon stable en France depuis plusieurs années et n’a commis aucun délit devrait pouvoir être régularisé, même s’il est entré ou est resté sur le territoire sans autorisation.	1	3	Accord modéré : la majorité macroniste a défendu une admission exceptionnelle au séjour par le travail pour des étrangers présents depuis plusieurs années, mais principalement sous conditions et dans les métiers en tension ; la question est plus large que le dispositif soutenu.	https://www.assemblee-nationale.fr/dyn/16/amendements/1855/CION_LOIS/CL1247
party	Renaissance	57	Immigration / assimilation	L'accès à certaines prestations sociales devrait être beaucoup plus limité pendant les premières années suivant l'arrivée d'un immigré.	1	2	Accord modéré : orientation cohérente avec le document officiel retenu, sans passage isolé directement équivalent à la question.	https://parti-renaissance.fr/
party	Renaissance	58	Immigration / assimilation	La France devrait privilégier l'immigration économique qualifiée, même si cela signifie accueillir moins de personnes peu qualifiées.	2	2	Accord net : sources officielles et prises de position convergentes ; le niveau de confiance documentaire a été réévalué indépendamment de l’intensité de la réponse.	https://parti-renaissance.fr/
party	Renaissance	59	Immigration / assimilation	Une personne née en France de parents étrangers devrait automatiquement devenir française à sa majorité si elle y a grandi, même si elle ne manifeste pas particulièrement d'attachement à la France.	2	2	Accord net : orientation cohérente avec le document officiel retenu, sans passage isolé directement équivalent à la question.	https://parti-renaissance.fr/
party	Renaissance	60	Immigration / assimilation	La France devrait pouvoir refuser l'entrée à un immigré légalement admissible lorsqu'il existe de fortes raisons de penser qu'il ne souhaite pas s'intégrer culturellement à la société française.	1	2	Accord modéré : orientation cohérente avec le document officiel retenu, sans passage isolé directement équivalent à la question.	https://parti-renaissance.fr/
party	Renaissance	61	Immigration / assimilation	Le fait de conserver des pratiques culturelles ou religieuses très différentes de celles de la majorité française n'est pas en soi un problème tant que les lois françaises sont respectées.	2	1	Accord net : estimation prudente ; aucune formulation parfaitement équivalente à la question n’a été identifiée.	https://parti-renaissance.fr/
party	Renaissance	63	Libertés / sécurité	Pour lutter contre le terrorisme, l'État devrait pouvoir surveiller préventivement une personne considérée comme présentant un risque sérieux, même sans preuve suffisante pour engager des poursuites pénales.	2	2	Accord net : orientation cohérente avec le document officiel retenu, sans passage isolé directement équivalent à la question.	https://parti-renaissance.fr/
party	Renaissance	64	Libertés / expression	Une personne qui tient publiquement des propos profondément offensants mais qui n'appelle ni à la violence ni à commettre une infraction devrait être protégée par la liberté d'expression.	1	1	Accord modéré : estimation prudente ; aucune formulation parfaitement équivalente à la question n’a été identifiée.	https://parti-renaissance.fr/
party	Renaissance	66	Sécurité	Lorsqu’un conducteur refuse d’obtempérer et prend la fuite, les policiers devraient pouvoir utiliser leur arme à feu même si le danger pour leur vie n’est pas immédiat.	1	2	Accord net mais non unanime : lors du scrutin du 7 juillet 2026, le groupe Ensemble pour la République a voté majoritairement pour la présomption de légitime défense des forces de l’ordre (55 pour, 12 contre).	https://www.assemblee-nationale.fr/dyn/17/scrutins/7987
party	Renaissance	67	Écologie	Une taxe carbone qui réduit les émissions de CO₂ devrait être maintenue même si elle diminue le pouvoir d’achat des ménages modestes, à condition de compenser ces derniers par des aides ciblées.	2	2	Accord net : orientation cohérente avec le document officiel retenu, sans passage isolé directement équivalent à la question.	https://parti-renaissance.fr/
party	Renaissance	68	Écologie	La France devrait interdire progressivement la vente de voitures thermiques même si cela augmente temporairement le prix moyen des véhicules.	2	2	Accord net : orientation cohérente avec le document officiel retenu, sans passage isolé directement équivalent à la question.	https://parti-renaissance.fr/
party	Renaissance	69	Écologie	Il faut privilégier le nucléaire même si cela conduit à réduire certains investissements dans les renouvelables.	1	2	Accord modéré : Renaissance soutient fortement la relance nucléaire mais conserve une stratégie de développement conjoint des énergies renouvelables ; l'arbitrage explicite au détriment des renouvelables n'est donc que partiellement soutenu.	https://parti-renaissance.fr/
party	Renaissance	71	Écologie / croissance	Si la France pouvait réduire ses émissions de 20 % mais que cela réduisait son PIB de 3 %, alors que les autres pays ne faisaient aucun effort comparable, il faudrait quand même le faire.	0	1	Position équilibrée ou non tranchée : estimation prudente ; aucune formulation parfaitement équivalente à la question n’a été identifiée.	https://parti-renaissance.fr/
party	Renaissance	72	Institutions	Pour certaines décisions économiques complexes, il serait préférable de confier davantage de pouvoir à des institutions indépendantes composées d'experts plutôt qu'aux responsables politiques élus.	2	2	Accord net : sources officielles et prises de position convergentes ; le niveau de confiance documentaire a été réévalué indépendamment de l’intensité de la réponse.	https://parti-renaissance.fr/
party	Renaissance	73	Institutions	Un gouvernement devrait pouvoir prendre une décision économiquement nécessaire mais très impopulaire sans chercher à obtenir l'approbation immédiate de la population.	2	2	Accord net : sources officielles et prises de position convergentes ; le niveau de confiance documentaire a été réévalué indépendamment de l’intensité de la réponse.	https://parti-renaissance.fr/
party	Renaissance	74	Institutions	Le référendum devrait être beaucoup plus utilisé, même lorsque les citoyens votent sur des sujets dont ils maîtrisent mal les aspects techniques.	0	2	Position équilibrée ou non tranchée : orientation cohérente avec le document officiel retenu, sans passage isolé directement équivalent à la question.	https://parti-renaissance.fr/
party	Renaissance	75	Institutions	Il serait acceptable de donner davantage de poids politique aux citoyens qui démontrent un niveau élevé de connaissance du fonctionnement des institutions et de l'économie.	-2	1	Désaccord net : estimation prudente ; aucune formulation parfaitement équivalente à la question n’a été identifiée.	https://parti-renaissance.fr/
party	Renaissance	76	Institutions	Le président de la République devrait disposer de davantage de pouvoirs pour pouvoir mettre en œuvre un programme pendant cinq ans sans être constamment bloqué par le Parlement.	2	2	Accord net : sources officielles et prises de position convergentes ; le niveau de confiance documentaire a été réévalué indépendamment de l’intensité de la réponse.	https://parti-renaissance.fr/
party	Renaissance	77	Institutions	La proportionnelle intégrale serait préférable au système actuel, même si elle rendait plus fréquentes les coalitions et les gouvernements instables.	-1	2	Réserve : orientation cohérente avec le document officiel retenu, sans passage isolé directement équivalent à la question.	https://parti-renaissance.fr/
party	Renaissance	78	Immigration / assimilation	Le droit de séjour durable en France devrait dépendre, sauf impossibilité particulière, d’efforts concrets pour apprendre le français, comprendre les règles et usages du pays et participer à la vie collective.	3	2	Accord fort : orientation cohérente avec le document officiel retenu, sans passage isolé directement équivalent à la question.	https://parti-renaissance.fr/
party	Renaissance	79	Immigration / délinquance	Les différences de délinquance observées s’expliquent davantage par les inégalités sociales et économiques que par la culture d’origine des personnes concernées.	1	2	Accord modéré : orientation cohérente avec le document officiel retenu, sans passage isolé directement équivalent à la question.	https://parti-renaissance.fr/
party	Renaissance	80	Écologie / agriculture	La France devrait interdire aux agriculteurs l’usage d’un produit jugé trop polluant, même si cette interdiction les désavantage face à des concurrents étrangers qui peuvent encore l’utiliser.	-1	3	Réserve : Ensemble pour la République défend les exigences environnementales mais accepte des dérogations ciblées et temporaires pour les filières sans solution alternative lorsque la production est gravement menacée. L’interdiction maintenue malgré le désavantage concurrentiel n’est donc pas sa ligne générale.	https://questions.assemblee-nationale.fr/dyn/17/comptes-rendus/seance/session-extraordinaire-de-2025-2026/deuxieme-seance-du-lundi-20-juillet-2026
party	Renaissance	81	Santé / accès aux soins	Dans les zones où l'accès aux soins est insuffisant, l'Assurance maladie devrait pouvoir limiter le conventionnement de nouveaux médecins dans les zones déjà bien dotées afin d'encourager leur installation dans les déserts médicaux.	-2	3	Désaccord net : le scrutin sur la régulation du conventionnement médical fournit la position parlementaire la plus proche ; pour les formations non représentées, le codage est déduit de leur ligne sur la liberté d'installation. Niveau de preuve : preuve directe ou politique explicitement documentée.	https://www.assemblee-nationale.fr/dyn/17/scrutins/1214
party	Renaissance	82	Santé / assurance maladie	L'Assurance maladie devrait rembourser intégralement les soins essentiels, quitte à réduire fortement le rôle des complémentaires santé.	-2	3	Désaccord net : le programme de santé retenu permet d'estimer la place accordée à l'assurance publique et aux complémentaires. Niveau de preuve : preuve directe ou politique explicitement documentée.	https://ensemble-2024.fr/notre-projet
party	Renaissance	83	Santé / hôpital	Il faut accepter de fermer ou regrouper certaines petites maternités et certains services d'urgence afin de concentrer les équipes et les équipements dans des établissements plus importants.	2	2	Accord net : le document retenu permet d'arbitrer entre maintien de la proximité hospitalière et concentration des moyens. Niveau de preuve : faisceau d’indices cohérent, sans équivalent toujours parfaitement identique.	https://ensemble-2024.fr/notre-projet
party	Renaissance	84	Éducation / autonomie	Les chefs d'établissement scolaire devraient pouvoir recruter eux-même une partie de leurs enseignants et peser davantage dans leur évaluation.	2	2	Accord net : la position est estimée à partir des propositions d'autonomie des établissements, de recrutement et de gestion des enseignants. Niveau de preuve : faisceau d’indices cohérent, sans équivalent toujours parfaitement identique.	https://ensemble-2024.fr/notre-projet
party	Renaissance	85	Éducation / mixité sociale	Le financement public des établissements privés sous contrat devrait être conditionné à des objectifs mesurables de mixité sociale.	1	1	Accord modéré : la position est estimée à partir des propositions sur l'enseignement privé, son financement et la mixité sociale. Niveau de preuve : estimation prudente à partir de la ligne générale.	https://ensemble-2024.fr/notre-projet
party	Renaissance	86	Logement / locations touristiques	Dans les zones où le logement manque, une commune devrait pouvoir interdire la location touristique régulière d'un logement qui n'est pas la résidence principale de son propriétaire.	1	1	Accord modéré : la source retenue précise le degré de régulation souhaité pour les meublés touristiques et les pouvoirs locaux. Niveau de preuve : estimation prudente à partir de la ligne générale.	https://ensemble-2024.fr/notre-projet
party	Renaissance	87	Défense / Ukraine	La France devrait continuer à fournir une aide militaire et financière importante à l'Ukraine tant que son territoire reste occupé, même si la guerre se prolonge.	3	3	Accord fort : le vote ou la politique officielle sur le soutien durable à l'Ukraine constitue l'indicateur principal. Niveau de preuve : preuve directe ou politique explicitement documentée.	https://www.assemblee-nationale.fr/dyn/17/scrutins/988
party	Renaissance	88	Défense / dissuasion nucléaire	La dissuasion nucléaire française devrait aussi protéger les partenaires européens, tout en laissant à la France seule la décision finale de l'employer.	3	3	Accord fort : la source retenue porte sur l'extension européenne de la dissuasion ou, pour les pays non dotés, sur la protection nucléaire alliée. Niveau de preuve : preuve directe ou politique explicitement documentée.	https://ensemble-2024.fr/notre-projet
party	Renaissance	89	Santé / fin de vie	Une personne majeure atteinte d'une maladie grave et incurable provoquant des souffrances insupportables devrait pouvoir recevoir une aide médicale à mourir dans un cadre strictement contrôlé.	2	3	Accord net : le vote, la loi ou la position gouvernementale sur l'aide à mourir fournit un équivalent direct ou très proche. Niveau de preuve : preuve directe ou politique explicitement documentée.	https://www.assemblee-nationale.fr/dyn/17/scrutins/2107
party	Renaissance	90	Dépendance / EHPAD	Les groupes privés à but lucratif ne devraient plus pouvoir gérer d'EHPAD. Les établissements existants devraient progressivement devenir publics ou non lucratifs.	-1	1	Réserve : le programme social et sanitaire permet d'estimer la place laissée aux opérateurs lucratifs dans la dépendance. Niveau de preuve : estimation prudente à partir de la ligne générale.	https://ensemble-2024.fr/notre-projet
party	Renaissance	91	Famille / prestations	Les allocations familiales devraient être versées à toutes les familles selon le nombre d'enfants, sans diminuer lorsque les revenus augmentent.	-2	2	Désaccord net : le modèle de prestations familiales et la ligne programmatique permettent d'estimer la préférence pour l'universalité ou le ciblage. Niveau de preuve : faisceau d’indices cohérent, sans équivalent toujours parfaitement identique.	https://ensemble-2024.fr/notre-projet
party	Renaissance	92	Numérique / mineurs	L'accès aux réseaux sociaux devrait être interdit aux moins de 15 ans, même avec l'accord de leurs parents.	3	3	Accord fort : le vote ou la politique publique sur l'âge d'accès aux réseaux sociaux permet de distinguer interdiction stricte, autorisation parentale et régulation plus souple. Niveau de preuve : preuve directe ou politique explicitement documentée.	https://www.assemblee-nationale.fr/dyn/17/scrutins/8431
party	Renaissance	93	Numérique / intelligence artificielle	Les administrations publiques devraient privilégier des modèles d'intelligence artificielle hébergés en Europe, même s'ils sont temporairement moins performants ou plus coûteux que leurs concurrents étrangers.	2	3	Accord net : la stratégie numérique permet d'estimer la priorité accordée à la souveraineté européenne par rapport au coût et à la performance. Niveau de preuve : preuve directe ou politique explicitement documentée.	https://ensemble-2024.fr/notre-projet
party	MoDem	1	Économie	Il faut réduire les impôts sur le travail et le capital, même si cela implique de réduire certaines dépenses publiques.	1	2	Accord modéré : orientation cohérente avec le document officiel retenu, sans passage isolé directement équivalent à la question.	https://www.mouvementdemocrate.fr/actualites/marc-fesneau-un-chemin-vers-un-cap-collectif-et-vers-jose-le-mot-une-esperance-video
party	MoDem	2	Économie	Les inégalités économiques sont acceptables tant qu'elles résultent principalement du travail ou de la prise de risque.	0	1	Position équilibrée ou non tranchée : estimation prudente ; aucune formulation parfaitement équivalente à la question n’a été identifiée.	https://www.mouvementdemocrate.fr/actualites/marc-fesneau-un-chemin-vers-un-cap-collectif-et-vers-jose-le-mot-une-esperance-video
party	MoDem	3	Économie	L'État devrait davantage taxer les hauts revenus et les gros patrimoines afin de réduire les inégalités.	0	2	Position équilibrée ou non tranchée : codage cohérent avec la ligne programmatique générale du parti sur économie.	https://www.mouvementdemocrate.fr/actualites/marc-fesneau-un-chemin-vers-un-cap-collectif-et-vers-jose-le-mot-une-esperance-video
party	MoDem	4	Économie	Les entreprises devraient être obligées de limiter l’écart entre la rémunération de leurs dirigeants et celle de leurs salariés les moins bien payés.	-1	3	Désaccord modéré : le MoDem partage l’objectif de mieux répartir la valeur et de contenir certains excès, mais a rejeté un plafond légal national des écarts de rémunération, jugé inadapté dans sa méthode.	https://www.assemblee-nationale.fr/dyn/docs/RAPPANR5L17B0618.raw
party	MoDem	5	Économie	Le salaire minimum devrait être augmenté significativement.	0	2	Position équilibrée ou non tranchée : codage cohérent avec la ligne programmatique générale du parti sur économie.	https://www.mouvementdemocrate.fr/actualites/marc-fesneau-un-chemin-vers-un-cap-collectif-et-vers-jose-le-mot-une-esperance-video
party	MoDem	6	Économie	Les entreprises privées sont généralement plus efficaces que l'État pour fournir des biens et services, même dans certains secteurs essentiels.	1	1	Accord modéré : estimation prudente ; aucune formulation parfaitement équivalente à la question n’a été identifiée.	https://www.mouvementdemocrate.fr/actualites/marc-fesneau-un-chemin-vers-un-cap-collectif-et-vers-jose-le-mot-une-esperance-video
party	MoDem	7	Économie	L'État devrait pouvoir nationaliser temporairement ou durablement une entreprise privée lorsqu'elle contrôle une activité stratégique pour le pays.	-1	2	Réserve : codage cohérent avec la ligne programmatique générale du parti sur économie.	https://www.mouvementdemocrate.fr/actualites/marc-fesneau-un-chemin-vers-un-cap-collectif-et-vers-jose-le-mot-une-esperance-video
party	MoDem	8	Économie	La concurrence est généralement préférable à la réglementation pour améliorer les prix, la qualité et l'innovation.	1	2	Accord modéré : sources officielles et prises de position convergentes ; le niveau de confiance documentaire a été réévalué indépendamment de l’intensité de la réponse.	https://www.mouvementdemocrate.fr/actualites/marc-fesneau-un-chemin-vers-un-cap-collectif-et-vers-jose-le-mot-une-esperance-video
party	MoDem	9	État	La France dépense trop d'argent public et devrait accepter de réduire certaines politiques sociales pour revenir à l'équilibre budgétaire.	2	2	Accord net : le MoDem soutient un effort significatif de maîtrise des dépenses publiques et accepte que certaines politiques ou prestations soient réformées pour rétablir les comptes, tout en refusant une réduction indiscriminée de l'État social.	https://www.mouvementdemocrate.fr/actualites/marc-fesneau-un-chemin-vers-un-cap-collectif-et-vers-jose-le-mot-une-esperance-video
party	MoDem	10	État	L'État devrait garantir un niveau élevé de protection sociale, même si cela implique une fiscalité importante.	1	2	Accord modéré : le MoDem reste attaché à un niveau élevé de protection sociale, mais sa ligne de maîtrise budgétaire ne conduit pas à accepter sans réserve une fiscalité importante pour la financer.	https://www.mouvementdemocrate.fr/actualites/marc-fesneau-un-chemin-vers-un-cap-collectif-et-vers-jose-le-mot-une-esperance-video
party	MoDem	12	État	L'État devrait intervenir beaucoup plus fortement dans l'économie lorsque le marché produit des résultats jugés socialement indésirables.	1	2	Accord modéré : codage cohérent avec la ligne programmatique générale du parti sur état.	https://www.mouvementdemocrate.fr/actualites/marc-fesneau-un-chemin-vers-un-cap-collectif-et-vers-jose-le-mot-une-esperance-video
party	MoDem	13	État	Les citoyens devraient avoir davantage de liberté pour choisir eux-mêmes comment utiliser leur argent plutôt que de passer par des systèmes publics obligatoires.	1	1	Accord modéré : estimation prudente ; aucune formulation parfaitement équivalente à la question n’a été identifiée.	https://www.mouvementdemocrate.fr/actualites/marc-fesneau-un-chemin-vers-un-cap-collectif-et-vers-jose-le-mot-une-esperance-video
party	MoDem	14	Social / société	La société devrait accepter beaucoup plus largement les différents modes de vie, même lorsqu'ils s'éloignent des normes traditionnelles.	2	2	Accord net : codage cohérent avec la ligne programmatique générale du parti sur social / société.	https://www.mouvementdemocrate.fr/
party	MoDem	15	Démocratie	Un gouvernement devrait pouvoir faire adopter le budget sans vote de l’Assemblée nationale lorsqu’aucune majorité stable ne se dégage, afin d’éviter un blocage institutionnel.	3	3	François Bayrou réserve explicitement le 49.3 au budget en dernière extrémité lorsqu’il faut sortir d’un blocage. Cela correspond presque exactement à la proposition.	https://www.mouvementdemocrate.fr/actualites/francois-bayrou-je-ne-veux-pas-de-grandes-lois-destinees-faire-de-la-communication-video
party	MoDem	16	Social / société	Réduire les inégalités peut parfois justifier de restreindre certaines libertés individuelles.	-2	1	Désaccord net : estimation prudente ; aucune formulation parfaitement équivalente à la question n’a été identifiée.	https://www.mouvementdemocrate.fr/
party	MoDem	17	Social / société	Les politiques publiques devraient chercher à corriger activement les discriminations historiques ou structurelles entre groupes sociaux.	2	2	Accord net : codage cohérent avec la ligne programmatique générale du parti sur social / société.	https://www.mouvementdemocrate.fr/
party	MoDem	18	Institutions / territoires	Les régions devraient pouvoir adopter des règles différentes en matière économique, sociale ou environnementale plutôt que d’appliquer partout les mêmes règles nationales.	1	3	Accord modéré : le MoDem est favorable au principe de subsidiarité et admet l’élargissement du pouvoir réglementaire local, mais demande un encadrement précis et des moyens adaptés ; son soutien à la différenciation reste prudent.	https://www.assemblee-nationale.fr/dyn/docs/RINFANR5L16B2463.raw
party	MoDem	19	Social / société	Certaines traditions et valeurs culturelles méritent d'être préservées même si elles évoluent moins vite que la société.	1	2	Accord modéré : codage cohérent avec la ligne programmatique générale du parti sur social / société.	https://www.mouvementdemocrate.fr/
party	MoDem	20	Immigration	La France devrait réduire le nombre d'immigrants qu'elle accueille chaque année.	0	2	Position équilibrée ou non tranchée : orientation cohérente avec le document officiel retenu, sans passage isolé directement équivalent à la question.	https://www.mouvementdemocrate.fr/
party	MoDem	21	Immigration	L'immigration économique est globalement bénéfique pour l'économie française.	2	2	Accord net : sources officielles et prises de position convergentes ; le niveau de confiance documentaire a été réévalué indépendamment de l’intensité de la réponse.	https://www.mouvementdemocrate.fr/
party	MoDem	22	Immigration / droits sociaux	Un étranger installé légalement en France depuis de nombreuses années devrait, à situation économique comparable, bénéficier des mêmes prestations sociales et du même accès au logement social qu’un citoyen français, sans priorité fondée sur la nationalité.	2	2	Le MoDem accepte des conditions de résidence et d’intégration, mais ne défend pas une préférence nationale permanente une fois l’installation durable acquise : accord net.	https://www.mouvementdemocrate.fr/
party	MoDem	23	Immigration	L'accès à la nationalité française devrait être rendu plus exigeant.	0	2	Position équilibrée ou non tranchée : codage cohérent avec la ligne programmatique générale du parti sur immigration.	https://www.mouvementdemocrate.fr/
party	MoDem	24	Immigration	La France devrait être beaucoup plus stricte concernant l'expulsion des étrangers condamnés pour des crimes graves.	2	2	Accord net : orientation cohérente avec le document officiel retenu, sans passage isolé directement équivalent à la question.	https://www.mouvementdemocrate.fr/
party	MoDem	25	Immigration	Même lorsque l'immigration est économiquement bénéfique, elle peut être légitimement limitée pour préserver la cohésion culturelle du pays.	2	2	Accord net : François Bayrou défend un accueil proportionné et estime que des flux trop importants peuvent déstabiliser les repères et la cohésion d’une communauté, sans faire de la fermeture culturelle un principe absolu.	https://www.mouvementdemocrate.fr/
party	MoDem	26	Immigration	La France devrait accueillir davantage de réfugiés lorsqu'ils fuient une guerre ou une persécution, même si cela représente un coût économique.	1	2	Accord modéré : codage cohérent avec la ligne programmatique générale du parti sur immigration.	https://www.mouvementdemocrate.fr/
party	MoDem	27	Sécurité / justice	Les peines de prison effectives devraient être plus sévères, même si cela augmente fortement la population carcérale.	0	2	Position équilibrée ou non tranchée : codage cohérent avec la ligne programmatique générale du parti sur sécurité / justice.	https://www.mouvementdemocrate.fr/
party	MoDem	28	Sécurité / justice	Il vaut mieux investir dans la prévention et la réinsertion que dans l'augmentation des sanctions.	2	2	Accord net : sources officielles et prises de position convergentes ; le niveau de confiance documentaire a été réévalué indépendamment de l’intensité de la réponse.	https://www.mouvementdemocrate.fr/
party	MoDem	29	Sécurité / justice	La police devrait disposer de pouvoirs plus importants pour lutter contre la criminalité, quitte à accepter davantage de contrôles sur certaines libertés individuelles.	1	2	Accord modéré : orientation cohérente avec le document officiel retenu, sans passage isolé directement équivalent à la question.	https://www.mouvementdemocrate.fr/
party	MoDem	30	Agriculture / commerce	La France devrait pouvoir interdire l’importation de produits agricoles fabriqués selon des normes qu’elle interdit à ses propres agriculteurs, même si cela faisait disparaître des rayons les produits alimentaires les moins chers.	1	3	Accord modéré : le MoDem juge les mesures miroir nécessaires mais défend aussi des accords commerciaux équilibrés ; la protection normative est donc soutenue sans assumer clairement la disparition des importations les moins chères.	https://www.mouvementdemocrate.fr/actualites/geraldine-bannier-des-mesures-miroirs-dans-le-mercosur-sont-indispensables-pour-eviter
party	MoDem	32	Écologie	La lutte contre le changement climatique doit rester prioritaire même lorsqu'elle réduit la croissance économique à court terme.	2	2	Accord fort : orientation cohérente avec le document officiel retenu, sans passage isolé directement équivalent à la question.	https://www.mouvementdemocrate.fr/vers-une-transition-ecologique-solidaire-7925
party	MoDem	33	Écologie	Il faut accepter une hausse importante du prix des énergies fossiles pour accélérer la transition écologique.	1	2	Accord modéré : codage cohérent avec la ligne programmatique générale du parti sur écologie.	https://www.mouvementdemocrate.fr/vers-une-transition-ecologique-solidaire-7925
party	MoDem	34	Economie	Une partie des cotisations sociales sur les salaires devrait être remplacée par une hausse de la TVA afin d’augmenter les salaires nets et de réduire le coût du travail, même si cela augmente le prix des biens et services consommés	1	3	Accord modéré : François Bayrou souhaite alléger le financement de la protection sociale pesant sur le travail et n'écarte pas un transfert vers la TVA, mais il n'en fait pas une mesure ferme ; +1 reflète cette orientation prudente.	https://www.mouvementdemocrate.fr/nos-parlementaires/delphine-lingemann-comment-continuer-financer-notre-modele-social-sans-faire
party	MoDem	35	Écologie	Les politiques écologiques devraient reposer principalement sur des mécanismes de marché comme la taxe carbone plutôt que sur des interdictions.	1	2	Accord modéré : sources officielles et prises de position convergentes ; le niveau de confiance documentaire a été réévalué indépendamment de l’intensité de la réponse.	https://www.mouvementdemocrate.fr/vers-une-transition-ecologique-solidaire-7925
party	MoDem	36	Écologie	Il est justifié d'interdire certains produits ou comportements très polluants même lorsque les consommateurs les souhaitent.	2	2	Accord net : codage cohérent avec la ligne programmatique générale du parti sur écologie.	https://www.mouvementdemocrate.fr/vers-une-transition-ecologique-solidaire-7925
party	MoDem	37	Écologie	Les pays riches devraient supporter une part prépondérante du coût de la transition écologique mondiale.	2	2	Accord net : sources officielles et prises de position convergentes ; le niveau de confiance documentaire a été réévalué indépendamment de l’intensité de la réponse.	https://www.mouvementdemocrate.fr/vers-une-transition-ecologique-solidaire-7925
party	MoDem	38	Europe	La France devrait transférer davantage de compétences à l'Union européenne afin de renforcer son poids économique et géopolitique.	2	2	Accord net : orientation cohérente avec le document officiel retenu, sans passage isolé directement équivalent à la question.	https://www.mouvementdemocrate.fr/
party	MoDem	39	Europe	La France devrait conserver autant que possible sa souveraineté nationale, même si cela réduit son influence au niveau européen.	-2	2	Désaccord net : codage cohérent avec la ligne programmatique générale du parti sur europe.	https://www.mouvementdemocrate.fr/
party	MoDem	40	Europe	L'euro est globalement bénéfique pour la France malgré la perte de certains instruments de politique économique.	3	2	Accord fort : orientation cohérente avec le document officiel retenu, sans passage isolé directement équivalent à la question.	https://www.mouvementdemocrate.fr/
party	MoDem	41	Europe	L'Union européenne devrait pouvoir imposer davantage de règles communes aux États membres.	2	2	Accord net : codage cohérent avec la ligne programmatique générale du parti sur europe.	https://www.mouvementdemocrate.fr/
party	MoDem	42	Europe	En cas de conflit entre les intérêts économiques français et les règles européennes, la France devrait pouvoir désobéir à certaines règles européennes.	-2	2	Désaccord net : codage cohérent avec la ligne programmatique générale du parti sur europe.	https://www.mouvementdemocrate.fr/
party	MoDem	43	Fiscalité / patrimoine	Il faudrait supprimer l'IFI et ne plus taxer spécifiquement le patrimoine immobilier au-delà de la fiscalité ordinaire.	0	2	Position équilibrée ou non tranchée : orientation cohérente avec le document officiel retenu, sans passage isolé directement équivalent à la question.	https://www.mouvementdemocrate.fr/actualites/marc-fesneau-un-chemin-vers-un-cap-collectif-et-vers-jose-le-mot-une-esperance-video
party	MoDem	44	Fiscalité / patrimoine	L'héritage devrait être davantage taxé au-delà d'un certain seuil de patrimoine transmis, même si cela conduit certaines familles à transmettre moins de patrimoine à leurs enfants.	0	2	Position équilibrée ou non tranchée : codage cohérent avec la ligne programmatique générale du parti sur fiscalité / patrimoine.	https://www.mouvementdemocrate.fr/actualites/marc-fesneau-un-chemin-vers-un-cap-collectif-et-vers-jose-le-mot-une-esperance-video
party	MoDem	45	Fiscalité / patrimoine	Les très grandes fortunes devraient être imposées sur leur patrimoine mondial, même lorsqu'elles quittent la France.	1	2	Accord modéré : codage cohérent avec la ligne programmatique générale du parti sur fiscalité / patrimoine.	https://www.mouvementdemocrate.fr/actualites/marc-fesneau-un-chemin-vers-un-cap-collectif-et-vers-jose-le-mot-une-esperance-video
party	MoDem	46	Travail / chômage	Un chômeur devrait pouvoir perdre une partie significative de ses allocations s'il refuse plusieurs emplois raisonnablement adaptés à ses compétences.	1	2	Accord modéré : codage cohérent avec la ligne programmatique générale du parti sur travail / chômage.	https://www.mouvementdemocrate.fr/actualites/marc-fesneau-un-chemin-vers-un-cap-collectif-et-vers-jose-le-mot-une-esperance-video
party	MoDem	47	Outre-mer / vie chère	L’État devrait garantir que les produits essentiels ne coûtent pas beaucoup plus cher dans les DOM/TOM que dans l’Hexagone, quitte à subventionner durablement leur transport ou leur prix avec l’argent public national.	1	3	Le MoDem reconnaît la nécessité de réduire durablement les surcoûts ultramarins, mais insiste sur le chiffrage et la soutenabilité des mécanismes de compensation publique : accord modéré.	https://questions.assemblee-nationale.fr/dyn/17/comptes-rendus/seance/session-ordinaire-de-2025-2026/troisieme-seance-du-jeudi-11-decembre-2025
party	MoDem	48	Travail / chômage	Le CDI protège trop fortement les salariés déjà en poste et peut rendre plus difficile l’accès à l’emploi stable, au détriment des jeunes, chômeurs ou travailleurs en contrats précaires.	1	1	Accord modéré : estimation prudente ; aucune formulation parfaitement équivalente à la question n’a été identifiée.	https://www.mouvementdemocrate.fr/actualites/marc-fesneau-un-chemin-vers-un-cap-collectif-et-vers-jose-le-mot-une-esperance-video
party	MoDem	49	Retraites	Les retraites devraient être progressivement réformées vers un système combinant répartition et capitalisation, même si cela implique une période de transition coûteuse.	0	2	Position équilibrée ou non tranchée : codage cohérent avec la ligne programmatique générale du parti sur retraites.	https://www.mouvementdemocrate.fr/actualites/marc-fesneau-un-chemin-vers-un-cap-collectif-et-vers-jose-le-mot-une-esperance-video
party	MoDem	50	Retraites	L'âge légal de départ à la retraite devrait être automatiquement indexé sur l'espérance de vie nationale.	1	2	Accord modéré : sources officielles et prises de position convergentes ; le niveau de confiance documentaire a été réévalué indépendamment de l’intensité de la réponse.	https://www.mouvementdemocrate.fr/actualites/marc-fesneau-un-chemin-vers-un-cap-collectif-et-vers-jose-le-mot-une-esperance-video
party	MoDem	51	Protection sociale	Les prestations sociales devraient être fortement conditionnées à la durée de cotisation et de participation au marché du travail.	1	2	Accord modéré : codage cohérent avec la ligne programmatique générale du parti sur protection sociale.	https://www.mouvementdemocrate.fr/actualites/marc-fesneau-un-chemin-vers-un-cap-collectif-et-vers-jose-le-mot-une-esperance-video
party	MoDem	53	État / entreprises	Une entreprise qui reçoit plusieurs milliards d'euros d'aides publiques devrait pouvoir être contrainte de limiter ses dividendes et les rémunérations de ses dirigeants tant que l'aide n'est pas remboursée.	2	2	Accord net : codage cohérent avec la ligne programmatique générale du parti sur état / entreprises.	https://www.mouvementdemocrate.fr/actualites/marc-fesneau-un-chemin-vers-un-cap-collectif-et-vers-jose-le-mot-une-esperance-video
party	MoDem	54	État / entreprises	L'État devrait davantage utiliser son pouvoir d'actionnaire pour orienter les grandes entreprises françaises vers des objectifs industriels de long terme.	1	1	Accord modéré : estimation prudente ; aucune formulation parfaitement équivalente à la question n’a été identifiée.	https://www.mouvementdemocrate.fr/actualites/marc-fesneau-un-chemin-vers-un-cap-collectif-et-vers-jose-le-mot-une-esperance-video
party	MoDem	55	État / entreprises	Il faudrait réduire fortement les normes administratives pesant sur les entreprises, même si certaines protections environnementales ou sociales deviennent moins strictes.	1	2	Accord modéré : le MoDem défend la simplification administrative et la réduction de certaines contraintes, mais sans doctrine générale de recul des protections sociales ou environnementales.	https://www.mouvementdemocrate.fr/actualites/marc-fesneau-un-chemin-vers-un-cap-collectif-et-vers-jose-le-mot-une-esperance-video
party	MoDem	56	Immigration / régularisation	Un étranger en situation irrégulière qui travaille de façon stable en France depuis plusieurs années et n’a commis aucun délit devrait pouvoir être régularisé, même s’il est entré ou est resté sur le territoire sans autorisation.	2	3	Accord net : des responsables MoDem ont explicitement défendu la régularisation de travailleurs sans papiers qui travaillent, cotisent et paient leurs impôts, notamment pour sortir de situations d’exploitation ; le parti conserve néanmoins une logique de critères.	https://www.mouvementdemocrate.fr/actualites/erwan-balanant-il-faut-un-texte-juste-humaniste-et-efficace-video-6571-video
party	MoDem	57	Immigration / assimilation	L'accès à certaines prestations sociales devrait être beaucoup plus limité pendant les premières années suivant l'arrivée d'un immigré.	0	2	Position équilibrée ou non tranchée : codage cohérent avec la ligne programmatique générale du parti sur immigration / assimilation.	https://www.mouvementdemocrate.fr/
party	MoDem	58	Immigration / assimilation	La France devrait privilégier l'immigration économique qualifiée, même si cela signifie accueillir moins de personnes peu qualifiées.	0	2	Position équilibrée ou non tranchée : le MoDem défend une immigration de travail maîtrisée, mais aucune préférence claire et générale pour les immigrés qualifiés au détriment des peu qualifiés n’est établie.	https://www.mouvementdemocrate.fr/
party	MoDem	59	Immigration / assimilation	Une personne née en France de parents étrangers devrait automatiquement devenir française à sa majorité si elle y a grandi, même si elle ne manifeste pas particulièrement d'attachement à la France.	2	2	Accord net : codage cohérent avec la ligne programmatique générale du parti sur immigration / assimilation.	https://www.mouvementdemocrate.fr/
party	MoDem	60	Immigration / assimilation	La France devrait pouvoir refuser l'entrée à un immigré légalement admissible lorsqu'il existe de fortes raisons de penser qu'il ne souhaite pas s'intégrer culturellement à la société française.	1	2	Accord modéré : le MoDem exige une intégration réelle autour de la langue et des principes communs, mais ne propose pas explicitement de refuser l’entrée sur la seule anticipation d’un défaut d’intégration culturelle.	https://www.mouvementdemocrate.fr/
party	MoDem	61	Immigration / assimilation	Le fait de conserver des pratiques culturelles ou religieuses très différentes de celles de la majorité française n'est pas en soi un problème tant que les lois françaises sont respectées.	-1	2	Désaccord modéré : François Bayrou considère que le respect de la loi ne suffit pas à lui seul à définir l’intégration et insiste aussi sur la langue, les usages et les repères communs, tout en acceptant le pluralisme culturel.	https://www.mouvementdemocrate.fr/
party	MoDem	63	Libertés / sécurité	Pour lutter contre le terrorisme, l'État devrait pouvoir surveiller préventivement une personne considérée comme présentant un risque sérieux, même sans preuve suffisante pour engager des poursuites pénales.	1	2	Accord modéré : orientation cohérente avec le document officiel retenu, sans passage isolé directement équivalent à la question.	https://www.mouvementdemocrate.fr/
party	MoDem	64	Libertés / expression	Une personne qui tient publiquement des propos profondément offensants mais qui n'appelle ni à la violence ni à commettre une infraction devrait être protégée par la liberté d'expression.	2	2	Accord net : sources officielles et prises de position convergentes ; le niveau de confiance documentaire a été réévalué indépendamment de l’intensité de la réponse.	https://www.mouvementdemocrate.fr/
party	MoDem	66	Sécurité	Lorsqu’un conducteur refuse d’obtempérer et prend la fuite, les policiers devraient pouvoir utiliser leur arme à feu même si le danger pour leur vie n’est pas immédiat.	2	3	Accord net : lors du scrutin du 7 juillet 2026, le groupe Les Démocrates a très majoritairement voté pour la présomption de légitime défense des forces de l’ordre (28 pour, 1 contre, 5 abstentions).	https://www.assemblee-nationale.fr/dyn/17/scrutins/7987
party	MoDem	67	Écologie	Une taxe carbone qui réduit les émissions de CO₂ devrait être maintenue même si elle diminue le pouvoir d’achat des ménages modestes, à condition de compenser ces derniers par des aides ciblées.	2	2	Accord net : codage cohérent avec la ligne programmatique générale du parti sur écologie.	https://www.mouvementdemocrate.fr/vers-une-transition-ecologique-solidaire-7925
party	MoDem	68	Écologie	La France devrait interdire progressivement la vente de voitures thermiques même si cela augmente temporairement le prix moyen des véhicules.	2	2	Accord net : codage cohérent avec la ligne programmatique générale du parti sur écologie.	https://www.mouvementdemocrate.fr/vers-une-transition-ecologique-solidaire-7925
party	MoDem	69	Écologie	Il faut privilégier le nucléaire même si cela conduit à réduire certains investissements dans les renouvelables.	1	2	Accord modéré : le MoDem présente le nucléaire comme un socle du mix énergétique tout en jugeant les renouvelables indispensables ; +1 reflète mieux cette préférence sans exagérer l'opposition entre les deux.	https://www.mouvementdemocrate.fr/vers-une-transition-ecologique-solidaire-7925
party	MoDem	71	Écologie / croissance	Si la France pouvait réduire ses émissions de 20 % mais que cela réduisait son PIB de 3 %, alors que les autres pays ne faisaient aucun effort comparable, il faudrait quand même le faire.	1	1	Accord modéré : estimation prudente ; aucune formulation parfaitement équivalente à la question n’a été identifiée.	https://www.mouvementdemocrate.fr/vers-une-transition-ecologique-solidaire-7925
party	MoDem	72	Institutions	Pour certaines décisions économiques complexes, il serait préférable de confier davantage de pouvoir à des institutions indépendantes composées d'experts plutôt qu'aux responsables politiques élus.	1	1	Accord modéré : estimation prudente ; aucune formulation parfaitement équivalente à la question n’a été identifiée.	https://www.mouvementdemocrate.fr/actualites/marc-fesneau-un-chemin-vers-un-cap-collectif-et-vers-jose-le-mot-une-esperance-video
party	MoDem	73	Institutions	Un gouvernement devrait pouvoir prendre une décision économiquement nécessaire mais très impopulaire sans chercher à obtenir l'approbation immédiate de la population.	1	1	Accord modéré : estimation prudente ; aucune formulation parfaitement équivalente à la question n’a été identifiée.	https://www.mouvementdemocrate.fr/actualites/marc-fesneau-un-chemin-vers-un-cap-collectif-et-vers-jose-le-mot-une-esperance-video
party	MoDem	74	Institutions	Le référendum devrait être beaucoup plus utilisé, même lorsque les citoyens votent sur des sujets dont ils maîtrisent mal les aspects techniques.	1	2	Accord modéré : codage cohérent avec la ligne programmatique générale du parti sur institutions.	https://www.mouvementdemocrate.fr/actualites/marc-fesneau-un-chemin-vers-un-cap-collectif-et-vers-jose-le-mot-une-esperance-video
party	MoDem	75	Institutions	Il serait acceptable de donner davantage de poids politique aux citoyens qui démontrent un niveau élevé de connaissance du fonctionnement des institutions et de l'économie.	-2	1	Désaccord net : estimation prudente ; aucune formulation parfaitement équivalente à la question n’a été identifiée.	https://www.mouvementdemocrate.fr/actualites/marc-fesneau-un-chemin-vers-un-cap-collectif-et-vers-jose-le-mot-une-esperance-video
party	MoDem	76	Institutions	Le président de la République devrait disposer de davantage de pouvoirs pour pouvoir mettre en œuvre un programme pendant cinq ans sans être constamment bloqué par le Parlement.	1	2	Accord modéré : sources officielles et prises de position convergentes ; le niveau de confiance documentaire a été réévalué indépendamment de l’intensité de la réponse.	https://www.mouvementdemocrate.fr/actualites/marc-fesneau-un-chemin-vers-un-cap-collectif-et-vers-jose-le-mot-une-esperance-video
party	MoDem	77	Institutions	La proportionnelle intégrale serait préférable au système actuel, même si elle rendait plus fréquentes les coalitions et les gouvernements instables.	2	3	Accord net : François Bayrou et le MoDem défendent de longue date une forte dose de proportionnelle, parfois proche de la proportionnelle intégrale, mais les modalités précises varient ; +2 reflète mieux cette intensité.	https://modemffe.mouvementdemocrate.fr/actualites/colloque-sur-la-proportionnelle-urgence-democratique-diaporama-8312-diaporama
party	MoDem	78	Immigration / assimilation	Le droit de séjour durable en France devrait dépendre, sauf impossibilité particulière, d’efforts concrets pour apprendre le français, comprendre les règles et usages du pays et participer à la vie collective.	2	2	Accord net : orientation cohérente avec le document officiel retenu, sans passage isolé directement équivalent à la question.	https://www.mouvementdemocrate.fr/
party	MoDem	79	Immigration / délinquance	Les différences de délinquance observées s’expliquent davantage par les inégalités sociales et économiques que par la culture d’origine des personnes concernées.	0	2	Position équilibrée ou non tranchée : le MoDem mobilise à la fois des facteurs sociaux, éducatifs, économiques, démographiques et culturels pour expliquer la délinquance, sans établir que les inégalités sociales expliquent davantage les écarts que la culture d’origine.	https://www.mouvementdemocrate.fr/
party	MoDem	80	Écologie / agriculture	La France devrait interdire aux agriculteurs l’usage d’un produit jugé trop polluant, même si cette interdiction les désavantage face à des concurrents étrangers qui peuvent encore l’utiliser.	2	3	Accord net mais conditionnel : Les Démocrates disent s’être collectivement opposés à la réintroduction de l’acétamipride et veulent que la décision repose sur l’expertise scientifique. Leur position reste moins absolue qu’une interdiction de principe quelles que soient les circonstances.	https://questions.assemblee-nationale.fr/dyn/17/comptes-rendus/seance/session-extraordinaire-de-2025-2026/deuxieme-seance-du-lundi-20-juillet-2026
party	MoDem	81	Santé / accès aux soins	Dans les zones où l'accès aux soins est insuffisant, l'Assurance maladie devrait pouvoir limiter le conventionnement de nouveaux médecins dans les zones déjà bien dotées afin d'encourager leur installation dans les déserts médicaux.	2	3	Accord net : le scrutin sur la régulation du conventionnement médical fournit la position parlementaire la plus proche ; pour les formations non représentées, le codage est déduit de leur ligne sur la liberté d'installation. Niveau de preuve : preuve directe ou politique explicitement documentée.	https://www.assemblee-nationale.fr/dyn/17/scrutins/1214
party	MoDem	82	Santé / assurance maladie	L'Assurance maladie devrait rembourser intégralement les soins essentiels, quitte à réduire fortement le rôle des complémentaires santé.	-1	2	Réserve : sources officielles et prises de position convergentes ; le niveau de confiance documentaire a été réévalué indépendamment de l’intensité de la réponse.	https://www.mouvementdemocrate.fr/
party	MoDem	83	Santé / hôpital	Il faut accepter de fermer ou regrouper certaines petites maternités et certains services d'urgence afin de concentrer les équipes et les équipements dans des établissements plus importants.	1	1	Accord modéré : le document retenu permet d'arbitrer entre maintien de la proximité hospitalière et concentration des moyens. Niveau de preuve : estimation prudente à partir de la ligne générale.	https://www.mouvementdemocrate.fr/
party	MoDem	84	Éducation / autonomie	Les chefs d'établissement scolaire devraient pouvoir recruter eux-même une partie de leurs enseignants et peser davantage dans leur évaluation.	1	1	Accord modéré : la position est estimée à partir des propositions d'autonomie des établissements, de recrutement et de gestion des enseignants. Niveau de preuve : estimation prudente à partir de la ligne générale.	https://www.mouvementdemocrate.fr/
party	MoDem	85	Éducation / mixité sociale	Le financement public des établissements privés sous contrat devrait être conditionné à des objectifs mesurables de mixité sociale.	2	1	Accord net : la position est estimée à partir des propositions sur l'enseignement privé, son financement et la mixité sociale. Niveau de preuve : estimation prudente à partir de la ligne générale.	https://www.mouvementdemocrate.fr/
party	MoDem	86	Logement / locations touristiques	Dans les zones où le logement manque, une commune devrait pouvoir interdire la location touristique régulière d'un logement qui n'est pas la résidence principale de son propriétaire.	1	1	Accord modéré : la source retenue précise le degré de régulation souhaité pour les meublés touristiques et les pouvoirs locaux. Niveau de preuve : estimation prudente à partir de la ligne générale.	https://www.mouvementdemocrate.fr/
party	MoDem	87	Défense / Ukraine	La France devrait continuer à fournir une aide militaire et financière importante à l'Ukraine tant que son territoire reste occupé, même si la guerre se prolonge.	3	3	Accord fort : le vote ou la politique officielle sur le soutien durable à l'Ukraine constitue l'indicateur principal. Niveau de preuve : preuve directe ou politique explicitement documentée.	https://www.assemblee-nationale.fr/dyn/17/scrutins/988
party	MoDem	88	Défense / dissuasion nucléaire	La dissuasion nucléaire française devrait aussi protéger les partenaires européens, tout en laissant à la France seule la décision finale de l'employer.	3	2	Accord fort : la source retenue porte sur l'extension européenne de la dissuasion ou, pour les pays non dotés, sur la protection nucléaire alliée. Niveau de preuve : faisceau d’indices cohérent, sans équivalent toujours parfaitement identique.	https://www.mouvementdemocrate.fr/
party	MoDem	89	Santé / fin de vie	Une personne majeure atteinte d'une maladie grave et incurable provoquant des souffrances insupportables devrait pouvoir recevoir une aide médicale à mourir dans un cadre strictement contrôlé.	1	3	Accord modéré : le vote, la loi ou la position gouvernementale sur l'aide à mourir fournit un équivalent direct ou très proche. Niveau de preuve : preuve directe ou politique explicitement documentée.	https://www.assemblee-nationale.fr/dyn/17/scrutins/2107
party	MoDem	90	Dépendance / EHPAD	Les groupes privés à but lucratif ne devraient plus pouvoir gérer d'EHPAD. Les établissements existants devraient progressivement devenir publics ou non lucratifs.	0	1	Position neutre, partagée ou non arrêtée : le programme social et sanitaire permet d'estimer la place laissée aux opérateurs lucratifs dans la dépendance. Niveau de preuve : estimation prudente à partir de la ligne générale.	https://www.mouvementdemocrate.fr/
party	MoDem	91	Famille / prestations	Les allocations familiales devraient être versées à toutes les familles selon le nombre d'enfants, sans diminuer lorsque les revenus augmentent.	2	1	Accord net : le modèle de prestations familiales et la ligne programmatique permettent d'estimer la préférence pour l'universalité ou le ciblage. Niveau de preuve : estimation prudente à partir de la ligne générale.	https://www.mouvementdemocrate.fr/
party	MoDem	92	Numérique / mineurs	L'accès aux réseaux sociaux devrait être interdit aux moins de 15 ans, même avec l'accord de leurs parents.	3	3	Accord fort : le vote ou la politique publique sur l'âge d'accès aux réseaux sociaux permet de distinguer interdiction stricte, autorisation parentale et régulation plus souple. Niveau de preuve : preuve directe ou politique explicitement documentée.	https://www.assemblee-nationale.fr/dyn/17/scrutins/8431
party	MoDem	93	Numérique / intelligence artificielle	Les administrations publiques devraient privilégier des modèles d'intelligence artificielle hébergés en Europe, même s'ils sont temporairement moins performants ou plus coûteux que leurs concurrents étrangers.	2	2	Accord net : la stratégie numérique permet d'estimer la priorité accordée à la souveraineté européenne par rapport au coût et à la performance. Niveau de preuve : faisceau d’indices cohérent, sans équivalent toujours parfaitement identique.	https://www.mouvementdemocrate.fr/
party	Horizons	1	Économie	Il faut réduire les impôts sur le travail et le capital, même si cela implique de réduire certaines dépenses publiques.	3	2	Accord fort : orientation cohérente avec le document officiel retenu, sans passage isolé directement équivalent à la question.	https://horizonsleparti.fr/le-manifeste/
party	Horizons	2	Économie	Les inégalités économiques sont acceptables tant qu'elles résultent principalement du travail ou de la prise de risque.	2	2	Accord net : estimation prudente ; aucune formulation parfaitement équivalente à la question n’a été identifiée.	https://horizonsleparti.fr/le-manifeste/
party	Horizons	3	Économie	L'État devrait davantage taxer les hauts revenus et les gros patrimoines afin de réduire les inégalités.	-2	2	Désaccord net : codage cohérent avec la ligne programmatique générale du parti sur économie.	https://horizonsleparti.fr/le-manifeste/
party	Horizons	4	Économie	Les entreprises devraient être obligées de limiter l’écart entre la rémunération de leurs dirigeants et celle de leurs salariés les moins bien payés.	-3	3	Désaccord fort : Horizons s’est explicitement opposé à un plafonnement légal des rémunérations, invoquant la liberté d’entreprise, l’attractivité et la capacité à recruter des dirigeants compétitifs.	https://www.assemblee-nationale.fr/dyn/docs/RAPPANR5L17B0618.raw
party	Horizons	5	Économie	Le salaire minimum devrait être augmenté significativement.	-2	2	Désaccord net : codage cohérent avec la ligne programmatique générale du parti sur économie.	https://horizonsleparti.fr/le-manifeste/
party	Horizons	6	Économie	Les entreprises privées sont généralement plus efficaces que l'État pour fournir des biens et services, même dans certains secteurs essentiels.	2	2	Accord net : sources officielles et prises de position convergentes ; le niveau de confiance documentaire a été réévalué indépendamment de l’intensité de la réponse.	https://horizonsleparti.fr/le-manifeste/
party	Horizons	7	Économie	L'État devrait pouvoir nationaliser temporairement ou durablement une entreprise privée lorsqu'elle contrôle une activité stratégique pour le pays.	-1	2	Réserve : codage cohérent avec la ligne programmatique générale du parti sur économie.	https://horizonsleparti.fr/le-manifeste/
party	Horizons	8	Économie	La concurrence est généralement préférable à la réglementation pour améliorer les prix, la qualité et l'innovation.	2	2	Accord net : sources officielles et prises de position convergentes ; le niveau de confiance documentaire a été réévalué indépendamment de l’intensité de la réponse.	https://horizonsleparti.fr/le-manifeste/
party	Horizons	9	État	La France dépense trop d'argent public et devrait accepter de réduire certaines politiques sociales pour revenir à l'équilibre budgétaire.	3	2	Accord fort : orientation cohérente avec le document officiel retenu, sans passage isolé directement équivalent à la question.	https://horizonsleparti.fr/le-manifeste/
party	Horizons	10	État	L'État devrait garantir un niveau élevé de protection sociale, même si cela implique une fiscalité importante.	0	2	Position équilibrée ou non tranchée : codage cohérent avec la ligne programmatique générale du parti sur état.	https://horizonsleparti.fr/le-manifeste/
party	Horizons	12	État	L'État devrait intervenir beaucoup plus fortement dans l'économie lorsque le marché produit des résultats jugés socialement indésirables.	0	2	Position équilibrée ou non tranchée : codage cohérent avec la ligne programmatique générale du parti sur état.	https://horizonsleparti.fr/le-manifeste/
party	Horizons	13	État	Les citoyens devraient avoir davantage de liberté pour choisir eux-mêmes comment utiliser leur argent plutôt que de passer par des systèmes publics obligatoires.	2	2	Accord net : sources officielles et prises de position convergentes ; le niveau de confiance documentaire a été réévalué indépendamment de l’intensité de la réponse.	https://horizonsleparti.fr/le-manifeste/
party	Horizons	14	Social / société	La société devrait accepter beaucoup plus largement les différents modes de vie, même lorsqu'ils s'éloignent des normes traditionnelles.	1	2	Accord modéré : codage cohérent avec la ligne programmatique générale du parti sur social / société.	https://horizonsleparti.fr/le-manifeste/
party	Horizons	15	Démocratie	Un gouvernement devrait pouvoir faire adopter le budget sans vote de l’Assemblée nationale lorsqu’aucune majorité stable ne se dégage, afin d’éviter un blocage institutionnel.	2	2	Horizons défend les institutions de la Ve République et la capacité de l’exécutif à gouverner. Cela soutient une faculté de déblocage budgétaire, sans engagement aussi précis sur le 49.3 : +2, confiance 2.	https://horizonsleparti.fr/le-manifeste/
party	Horizons	16	Social / société	Réduire les inégalités peut parfois justifier de restreindre certaines libertés individuelles.	-2	2	Désaccord net : estimation prudente ; aucune formulation parfaitement équivalente à la question n’a été identifiée.	https://horizonsleparti.fr/le-manifeste/
party	Horizons	17	Social / société	Les politiques publiques devraient chercher à corriger activement les discriminations historiques ou structurelles entre groupes sociaux.	1	2	Accord modéré : codage cohérent avec la ligne programmatique générale du parti sur social / société.	https://horizonsleparti.fr/le-manifeste/
party	Horizons	18	Institutions / territoires	Les régions devraient pouvoir adopter des règles différentes en matière économique, sociale ou environnementale plutôt que d’appliquer partout les mêmes règles nationales.	2	3	Accord net : les députés Horizons ayant participé au rapport sur la décentralisation jugent important de renforcer le pouvoir réglementaire des collectivités au nom de la subsidiarité, même s’ils insistent particulièrement sur l’échelon communal.	https://www.assemblee-nationale.fr/dyn/docs/RINFANR5L16B2463.raw
party	Horizons	19	Social / société	Certaines traditions et valeurs culturelles méritent d'être préservées même si elles évoluent moins vite que la société.	2	2	Accord net : codage cohérent avec la ligne programmatique générale du parti sur social / société.	https://horizonsleparti.fr/le-manifeste/
party	Horizons	20	Immigration	La France devrait réduire le nombre d'immigrants qu'elle accueille chaque année.	2	2	Accord net : orientation cohérente avec le document officiel retenu, sans passage isolé directement équivalent à la question.	https://horizonsleparti.fr/le-manifeste/
party	Horizons	21	Immigration	L'immigration économique est globalement bénéfique pour l'économie française.	2	2	Accord net : sources officielles et prises de position convergentes ; le niveau de confiance documentaire a été réévalué indépendamment de l’intensité de la réponse.	https://horizonsleparti.fr/le-manifeste/
party	Horizons	22	Immigration / droits sociaux	Un étranger installé légalement en France depuis de nombreuses années devrait, à situation économique comparable, bénéficier des mêmes prestations sociales et du même accès au logement social qu’un citoyen français, sans priorité fondée sur la nationalité.	2	2	Horizons défend une immigration plus maîtrisée et des conditions d’intégration, sans proposer de préférence nationale permanente pour les résidents légaux installés de longue date.	https://horizonsleparti.fr/le-manifeste/
party	Horizons	23	Immigration	L'accès à la nationalité française devrait être rendu plus exigeant.	1	2	Accord modéré : codage cohérent avec la ligne programmatique générale du parti sur immigration.	https://horizonsleparti.fr/le-manifeste/
party	Horizons	24	Immigration	La France devrait être beaucoup plus stricte concernant l'expulsion des étrangers condamnés pour des crimes graves.	3	2	Accord fort : orientation cohérente avec le document officiel retenu, sans passage isolé directement équivalent à la question.	https://horizonsleparti.fr/le-manifeste/
party	Horizons	25	Immigration	Même lorsque l'immigration est économiquement bénéfique, elle peut être légitimement limitée pour préserver la cohésion culturelle du pays.	2	2	Accord net : codage cohérent avec la ligne programmatique générale du parti sur immigration.	https://horizonsleparti.fr/le-manifeste/
party	Horizons	26	Immigration	La France devrait accueillir davantage de réfugiés lorsqu'ils fuient une guerre ou une persécution, même si cela représente un coût économique.	-1	2	Réserve : codage cohérent avec la ligne programmatique générale du parti sur immigration.	https://horizonsleparti.fr/le-manifeste/
party	Horizons	27	Sécurité / justice	Les peines de prison effectives devraient être plus sévères, même si cela augmente fortement la population carcérale.	2	2	Accord net : codage cohérent avec la ligne programmatique générale du parti sur sécurité / justice.	https://horizonsleparti.fr/le-manifeste/
party	Horizons	28	Sécurité / justice	Il vaut mieux investir dans la prévention et la réinsertion que dans l'augmentation des sanctions.	-2	2	Désaccord net : Horizons défend un durcissement de la réponse pénale et des sanctions, tout en conservant une place à la prévention et à la réinsertion. La priorité donnée à la fermeté justifie -2 plutôt que -3.	https://horizonsleparti.fr/le-manifeste/
party	Horizons	29	Sécurité / justice	La police devrait disposer de pouvoirs plus importants pour lutter contre la criminalité, quitte à accepter davantage de contrôles sur certaines libertés individuelles.	2	2	Accord fort : orientation cohérente avec le document officiel retenu, sans passage isolé directement équivalent à la question.	https://horizonsleparti.fr/le-manifeste/
party	Horizons	30	Agriculture / commerce	La France devrait pouvoir interdire l’importation de produits agricoles fabriqués selon des normes qu’elle interdit à ses propres agriculteurs, même si cela faisait disparaître des rayons les produits alimentaires les moins chers.	1	3	Accord modéré : Horizons soutient des garanties de réciprocité et de concurrence loyale, tout en conservant une ligne favorable au commerce ; la contrepartie sur le prix payé par le consommateur limite l'intensité de l'accord.	https://www.assemblee-nationale.fr/dyn/17/scrutins/685
party	Horizons	32	Écologie	La lutte contre le changement climatique doit rester prioritaire même lorsqu'elle réduit la croissance économique à court terme.	2	2	Accord net : orientation cohérente avec le document officiel retenu, sans passage isolé directement équivalent à la question.	https://horizonsleparti.fr/le-manifeste/
party	Horizons	33	Écologie	Il faut accepter une hausse importante du prix des énergies fossiles pour accélérer la transition écologique.	1	2	Accord modéré : codage cohérent avec la ligne programmatique générale du parti sur écologie.	https://horizonsleparti.fr/le-manifeste/
party	Horizons	34	Economie	Une partie des cotisations sociales sur les salaires devrait être remplacée par une hausse de la TVA afin d’augmenter les salaires nets et de réduire le coût du travail, même si cela augmente le prix des biens et services consommés	1	1	Horizons souhaite alléger le coût du travail et renforcer la compétitivité, mais aucune proposition officielle précise de TVA sociale n’a été retrouvée. Tendance faiblement favorable : +1, confiance 1.	https://horizonsleparti.fr/le-manifeste/
party	Horizons	35	Écologie	Les politiques écologiques devraient reposer principalement sur des mécanismes de marché comme la taxe carbone plutôt que sur des interdictions.	2	2	Accord net : sources officielles et prises de position convergentes ; le niveau de confiance documentaire a été réévalué indépendamment de l’intensité de la réponse.	https://horizonsleparti.fr/le-manifeste/
party	Horizons	36	Écologie	Il est justifié d'interdire certains produits ou comportements très polluants même lorsque les consommateurs les souhaitent.	1	2	Accord modéré : codage cohérent avec la ligne programmatique générale du parti sur écologie.	https://horizonsleparti.fr/le-manifeste/
party	Horizons	37	Écologie	Les pays riches devraient supporter une part prépondérante du coût de la transition écologique mondiale.	1	1	Accord modéré : estimation prudente ; aucune formulation parfaitement équivalente à la question n’a été identifiée.	https://horizonsleparti.fr/le-manifeste/
party	Horizons	38	Europe	La France devrait transférer davantage de compétences à l'Union européenne afin de renforcer son poids économique et géopolitique.	2	2	Accord net : orientation cohérente avec le document officiel retenu, sans passage isolé directement équivalent à la question.	https://horizonsleparti.fr/le-manifeste/
party	Horizons	39	Europe	La France devrait conserver autant que possible sa souveraineté nationale, même si cela réduit son influence au niveau européen.	-2	2	Désaccord net : codage cohérent avec la ligne programmatique générale du parti sur europe.	https://horizonsleparti.fr/le-manifeste/
party	Horizons	40	Europe	L'euro est globalement bénéfique pour la France malgré la perte de certains instruments de politique économique.	3	2	Accord fort : orientation cohérente avec le document officiel retenu, sans passage isolé directement équivalent à la question.	https://horizonsleparti.fr/le-manifeste/
party	Horizons	41	Europe	L'Union européenne devrait pouvoir imposer davantage de règles communes aux États membres.	2	2	Accord net : codage cohérent avec la ligne programmatique générale du parti sur europe.	https://horizonsleparti.fr/le-manifeste/
party	Horizons	42	Europe	En cas de conflit entre les intérêts économiques français et les règles européennes, la France devrait pouvoir désobéir à certaines règles européennes.	-2	2	Désaccord net : codage cohérent avec la ligne programmatique générale du parti sur europe.	https://horizonsleparti.fr/le-manifeste/
party	Horizons	43	Fiscalité / patrimoine	Il faudrait supprimer l'IFI et ne plus taxer spécifiquement le patrimoine immobilier au-delà de la fiscalité ordinaire.	2	2	Accord net : orientation cohérente avec le document officiel retenu, sans passage isolé directement équivalent à la question.	https://horizonsleparti.fr/le-manifeste/
party	Horizons	44	Fiscalité / patrimoine	L'héritage devrait être davantage taxé au-delà d'un certain seuil de patrimoine transmis, même si cela conduit certaines familles à transmettre moins de patrimoine à leurs enfants.	-2	2	Désaccord net : codage cohérent avec la ligne programmatique générale du parti sur fiscalité / patrimoine.	https://horizonsleparti.fr/le-manifeste/
party	Horizons	45	Fiscalité / patrimoine	Les très grandes fortunes devraient être imposées sur leur patrimoine mondial, même lorsqu'elles quittent la France.	-1	2	Réserve : codage cohérent avec la ligne programmatique générale du parti sur fiscalité / patrimoine.	https://horizonsleparti.fr/le-manifeste/
party	Horizons	46	Travail / chômage	Un chômeur devrait pouvoir perdre une partie significative de ses allocations s'il refuse plusieurs emplois raisonnablement adaptés à ses compétences.	2	2	Accord fort : codage cohérent avec la ligne programmatique générale du parti sur travail / chômage.	https://horizonsleparti.fr/le-manifeste/
party	Horizons	47	Outre-mer / vie chère	L’État devrait garantir que les produits essentiels ne coûtent pas beaucoup plus cher dans les DOM/TOM que dans l’Hexagone, quitte à subventionner durablement leur transport ou leur prix avec l’argent public national.	0	3	Horizons reconnaît la vie chère ultramarine mais privilégie surtout concurrence, production locale et réduction des coûts structurels plutôt qu’une garantie durable des prix financée par le budget national : position de compromis.	https://questions.assemblee-nationale.fr/dyn/17/comptes-rendus/seance/session-ordinaire-de-2025-2026/troisieme-seance-du-jeudi-11-decembre-2025
party	Horizons	48	Travail / chômage	Le CDI protège trop fortement les salariés déjà en poste et peut rendre plus difficile l’accès à l’emploi stable, au détriment des jeunes, chômeurs ou travailleurs en contrats précaires.	2	2	Accord net : sources officielles et prises de position convergentes ; le niveau de confiance documentaire a été réévalué indépendamment de l’intensité de la réponse.	https://horizonsleparti.fr/le-manifeste/
party	Horizons	49	Retraites	Les retraites devraient être progressivement réformées vers un système combinant répartition et capitalisation, même si cela implique une période de transition coûteuse.	2	2	Accord net : Horizons propose d'introduire un pilier de capitalisation en complément de la répartition ; le pilier visé restant minoritaire et progressif, +2 traduit mieux l'intensité que +3.	https://horizonsleparti.fr/le-manifeste/
party	Horizons	50	Retraites	L'âge légal de départ à la retraite devrait être automatiquement indexé sur l'espérance de vie nationale.	2	2	Accord net : estimation prudente ; aucune formulation parfaitement équivalente à la question n’a été identifiée.	https://horizonsleparti.fr/le-manifeste/
party	Horizons	51	Protection sociale	Les prestations sociales devraient être fortement conditionnées à la durée de cotisation et de participation au marché du travail.	2	2	Accord fort : codage cohérent avec la ligne programmatique générale du parti sur protection sociale.	https://horizonsleparti.fr/le-manifeste/
party	Horizons	53	État / entreprises	Une entreprise qui reçoit plusieurs milliards d'euros d'aides publiques devrait pouvoir être contrainte de limiter ses dividendes et les rémunérations de ses dirigeants tant que l'aide n'est pas remboursée.	1	2	Accord modéré : codage cohérent avec la ligne programmatique générale du parti sur état / entreprises.	https://horizonsleparti.fr/le-manifeste/
party	Horizons	54	État / entreprises	L'État devrait davantage utiliser son pouvoir d'actionnaire pour orienter les grandes entreprises françaises vers des objectifs industriels de long terme.	1	1	Accord modéré : estimation prudente ; aucune formulation parfaitement équivalente à la question n’a été identifiée.	https://horizonsleparti.fr/le-manifeste/
party	Horizons	55	État / entreprises	Il faudrait réduire fortement les normes administratives pesant sur les entreprises, même si certaines protections environnementales ou sociales deviennent moins strictes.	2	2	Accord net : orientation cohérente avec le document officiel retenu, sans passage isolé directement équivalent à la question.	https://horizonsleparti.fr/le-manifeste/
party	Horizons	56	Immigration / régularisation	Un étranger en situation irrégulière qui travaille de façon stable en France depuis plusieurs années et n’a commis aucun délit devrait pouvoir être régularisé, même s’il est entré ou est resté sur le territoire sans autorisation.	1	3	Accord modéré : Horizons a soutenu la recherche d’un dispositif encadré de régularisation par le travail dans les métiers en tension avec la majorité, sans défendre une régularisation générale de tous les travailleurs installés depuis plusieurs années.	https://www.assemblee-nationale.fr/16/cri/2023-2024/20240081.asp
party	Horizons	57	Immigration / assimilation	L'accès à certaines prestations sociales devrait être beaucoup plus limité pendant les premières années suivant l'arrivée d'un immigré.	1	2	Accord modéré : Horizons défend des restrictions ciblées de prestations pour certains étrangers, notamment délinquants, mais ne propose pas une limitation générale et forte de l’accès aux aides pour tous les immigrés durant leurs premières années.	https://horizonsleparti.fr/le-manifeste/
party	Horizons	58	Immigration / assimilation	La France devrait privilégier l'immigration économique qualifiée, même si cela signifie accueillir moins de personnes peu qualifiées.	1	2	Accord modéré : Horizons veut choisir davantage l’immigration économique au moyen de quotas, mais la priorité spécifique aux travailleurs qualifiés par rapport aux peu qualifiés n’est pas formulée de manière assez nette pour +2.	https://horizonsleparti.fr/le-manifeste/
party	Horizons	59	Immigration / assimilation	Une personne née en France de parents étrangers devrait automatiquement devenir française à sa majorité si elle y a grandi, même si elle ne manifeste pas particulièrement d'attachement à la France.	1	2	Accord modéré : codage cohérent avec la ligne programmatique générale du parti sur immigration / assimilation.	https://horizonsleparti.fr/le-manifeste/
party	Horizons	60	Immigration / assimilation	La France devrait pouvoir refuser l'entrée à un immigré légalement admissible lorsqu'il existe de fortes raisons de penser qu'il ne souhaite pas s'intégrer culturellement à la société française.	2	2	Accord net : codage cohérent avec la ligne programmatique générale du parti sur immigration / assimilation.	https://horizonsleparti.fr/le-manifeste/
party	Horizons	61	Immigration / assimilation	Le fait de conserver des pratiques culturelles ou religieuses très différentes de celles de la majorité française n'est pas en soi un problème tant que les lois françaises sont respectées.	1	2	Accord modéré : estimation prudente ; aucune formulation parfaitement équivalente à la question n’a été identifiée.	https://horizonsleparti.fr/le-manifeste/
party	Horizons	63	Libertés / sécurité	Pour lutter contre le terrorisme, l'État devrait pouvoir surveiller préventivement une personne considérée comme présentant un risque sérieux, même sans preuve suffisante pour engager des poursuites pénales.	2	2	Accord net : orientation cohérente avec le document officiel retenu, sans passage isolé directement équivalent à la question.	https://horizonsleparti.fr/le-manifeste/
party	Horizons	64	Libertés / expression	Une personne qui tient publiquement des propos profondément offensants mais qui n'appelle ni à la violence ni à commettre une infraction devrait être protégée par la liberté d'expression.	2	2	Accord net : sources officielles et prises de position convergentes ; le niveau de confiance documentaire a été réévalué indépendamment de l’intensité de la réponse.	https://horizonsleparti.fr/le-manifeste/
party	Horizons	66	Sécurité	Lorsqu’un conducteur refuse d’obtempérer et prend la fuite, les policiers devraient pouvoir utiliser leur arme à feu même si le danger pour leur vie n’est pas immédiat.	1	3	Accord fort : les 31 députés Horizons ayant pris part au scrutin du 7 juillet 2026 ont tous voté pour la présomption de légitime défense des forces de l’ordre.	https://www.assemblee-nationale.fr/dyn/17/scrutins/7987
party	Horizons	67	Écologie	Une taxe carbone qui réduit les émissions de CO₂ devrait être maintenue même si elle diminue le pouvoir d’achat des ménages modestes, à condition de compenser ces derniers par des aides ciblées.	2	2	Accord net : codage cohérent avec la ligne programmatique générale du parti sur écologie.	https://horizonsleparti.fr/le-manifeste/
party	Horizons	68	Écologie	La France devrait interdire progressivement la vente de voitures thermiques même si cela augmente temporairement le prix moyen des véhicules.	1	2	Accord modéré : codage cohérent avec la ligne programmatique générale du parti sur écologie.	https://horizonsleparti.fr/le-manifeste/
party	Horizons	69	Écologie	Il faut privilégier le nucléaire même si cela conduit à réduire certains investissements dans les renouvelables.	1	2	Accord modéré : Horizons veut relancer le nucléaire mais aussi développer les renouvelables et électrifier les usages ; le parti n'adhère donc pas fortement à une réduction des investissements renouvelables au profit du nucléaire.	https://horizonsleparti.fr/le-manifeste/
party	Horizons	71	Écologie / croissance	Si la France pouvait réduire ses émissions de 20 % mais que cela réduisait son PIB de 3 %, alors que les autres pays ne faisaient aucun effort comparable, il faudrait quand même le faire.	0	1	Position équilibrée ou non tranchée : estimation prudente ; aucune formulation parfaitement équivalente à la question n’a été identifiée.	https://horizonsleparti.fr/le-manifeste/
party	Horizons	72	Institutions	Pour certaines décisions économiques complexes, il serait préférable de confier davantage de pouvoir à des institutions indépendantes composées d'experts plutôt qu'aux responsables politiques élus.	2	1	Accord net : estimation prudente ; aucune formulation parfaitement équivalente à la question n’a été identifiée.	https://horizonsleparti.fr/le-manifeste/
party	Horizons	73	Institutions	Un gouvernement devrait pouvoir prendre une décision économiquement nécessaire mais très impopulaire sans chercher à obtenir l'approbation immédiate de la population.	2	1	Accord net : estimation prudente ; aucune formulation parfaitement équivalente à la question n’a été identifiée.	https://horizonsleparti.fr/le-manifeste/
party	Horizons	74	Institutions	Le référendum devrait être beaucoup plus utilisé, même lorsque les citoyens votent sur des sujets dont ils maîtrisent mal les aspects techniques.	0	2	Position équilibrée ou non tranchée : codage cohérent avec la ligne programmatique générale du parti sur institutions.	https://horizonsleparti.fr/le-manifeste/
party	Horizons	75	Institutions	Il serait acceptable de donner davantage de poids politique aux citoyens qui démontrent un niveau élevé de connaissance du fonctionnement des institutions et de l'économie.	-2	1	Désaccord net : estimation prudente ; aucune formulation parfaitement équivalente à la question n’a été identifiée.	https://horizonsleparti.fr/le-manifeste/
party	Horizons	76	Institutions	Le président de la République devrait disposer de davantage de pouvoirs pour pouvoir mettre en œuvre un programme pendant cinq ans sans être constamment bloqué par le Parlement.	2	2	Accord net : sources officielles et prises de position convergentes ; le niveau de confiance documentaire a été réévalué indépendamment de l’intensité de la réponse.	https://horizonsleparti.fr/le-manifeste/
party	Horizons	77	Institutions	La proportionnelle intégrale serait préférable au système actuel, même si elle rendait plus fréquentes les coalitions et les gouvernements instables.	-1	2	Réserve : codage cohérent avec la ligne programmatique générale du parti sur institutions.	https://horizonsleparti.fr/le-manifeste/
party	Horizons	78	Immigration / assimilation	Le droit de séjour durable en France devrait dépendre, sauf impossibilité particulière, d’efforts concrets pour apprendre le français, comprendre les règles et usages du pays et participer à la vie collective.	3	2	Accord fort : orientation cohérente avec le document officiel retenu, sans passage isolé directement équivalent à la question.	https://horizonsleparti.fr/le-manifeste/
party	Horizons	79	Immigration / délinquance	Les différences de délinquance observées s’expliquent davantage par les inégalités sociales et économiques que par la culture d’origine des personnes concernées.	0	2	Position équilibrée ou non tranchée : codage cohérent avec la ligne programmatique générale du parti sur immigration / délinquance.	https://horizonsleparti.fr/le-manifeste/
party	Horizons	80	Écologie / agriculture	La France devrait interdire aux agriculteurs l’usage d’un produit jugé trop polluant, même si cette interdiction les désavantage face à des concurrents étrangers qui peuvent encore l’utiliser.	-2	2	Désaccord net : Horizons soutient majoritairement le compromis agricole ouvrant des dérogations encadrées et insiste sur les moyens de production, les contraintes pesant sur les exploitants et leur capacité à vivre de leur activité. La position est toutefois moins explicite que celle de LR ou du RN sur le principe général.	https://questions.assemblee-nationale.fr/dyn/17/comptes-rendus/seance/session-extraordinaire-de-2025-2026/deuxieme-seance-du-lundi-20-juillet-2026
party	Horizons	81	Santé / accès aux soins	Dans les zones où l'accès aux soins est insuffisant, l'Assurance maladie devrait pouvoir limiter le conventionnement de nouveaux médecins dans les zones déjà bien dotées afin d'encourager leur installation dans les déserts médicaux.	1	3	Accord modéré : le scrutin sur la régulation du conventionnement médical fournit la position parlementaire la plus proche ; pour les formations non représentées, le codage est déduit de leur ligne sur la liberté d'installation. Niveau de preuve : preuve directe ou politique explicitement documentée.	https://www.assemblee-nationale.fr/dyn/17/scrutins/1214
party	Horizons	82	Santé / assurance maladie	L'Assurance maladie devrait rembourser intégralement les soins essentiels, quitte à réduire fortement le rôle des complémentaires santé.	-2	2	Désaccord net : le programme de santé retenu permet d'estimer la place accordée à l'assurance publique et aux complémentaires. Niveau de preuve : faisceau d’indices cohérent, sans équivalent toujours parfaitement identique.	https://horizonsleparti.fr/le-manifeste/
party	Horizons	83	Santé / hôpital	Il faut accepter de fermer ou regrouper certaines petites maternités et certains services d'urgence afin de concentrer les équipes et les équipements dans des établissements plus importants.	2	2	Accord net : le document retenu permet d'arbitrer entre maintien de la proximité hospitalière et concentration des moyens. Niveau de preuve : faisceau d’indices cohérent, sans équivalent toujours parfaitement identique.	https://horizonsleparti.fr/le-manifeste/
party	Horizons	84	Éducation / autonomie	Les chefs d'établissement scolaire devraient pouvoir recruter eux-même une partie de leurs enseignants et peser davantage dans leur évaluation.	3	1	Accord fort : Horizons défend une autonomie accrue des établissements scolaires et un rôle beaucoup plus important des chefs d'établissement dans le recrutement et l'évaluation des enseignants. La proposition correspond directement à cette orientation.	https://horizonsleparti.fr/le-manifeste/
party	Horizons	85	Éducation / mixité sociale	Le financement public des établissements privés sous contrat devrait être conditionné à des objectifs mesurables de mixité sociale.	0	1	Position neutre, partagée ou non arrêtée : la position est estimée à partir des propositions sur l'enseignement privé, son financement et la mixité sociale. Niveau de preuve : estimation prudente à partir de la ligne générale.	https://horizonsleparti.fr/le-manifeste/
party	Horizons	86	Logement / locations touristiques	Dans les zones où le logement manque, une commune devrait pouvoir interdire la location touristique régulière d'un logement qui n'est pas la résidence principale de son propriétaire.	0	1	Position neutre, partagée ou non arrêtée : la source retenue précise le degré de régulation souhaité pour les meublés touristiques et les pouvoirs locaux. Niveau de preuve : estimation prudente à partir de la ligne générale.	https://horizonsleparti.fr/le-manifeste/
party	Horizons	87	Défense / Ukraine	La France devrait continuer à fournir une aide militaire et financière importante à l'Ukraine tant que son territoire reste occupé, même si la guerre se prolonge.	3	3	Accord fort : le vote ou la politique officielle sur le soutien durable à l'Ukraine constitue l'indicateur principal. Niveau de preuve : preuve directe ou politique explicitement documentée.	https://www.assemblee-nationale.fr/dyn/17/scrutins/988
party	Horizons	88	Défense / dissuasion nucléaire	La dissuasion nucléaire française devrait aussi protéger les partenaires européens, tout en laissant à la France seule la décision finale de l'employer.	3	2	Accord fort : la source retenue porte sur l'extension européenne de la dissuasion ou, pour les pays non dotés, sur la protection nucléaire alliée. Niveau de preuve : faisceau d’indices cohérent, sans équivalent toujours parfaitement identique.	https://horizonsleparti.fr/le-manifeste/
party	Horizons	89	Santé / fin de vie	Une personne majeure atteinte d'une maladie grave et incurable provoquant des souffrances insupportables devrait pouvoir recevoir une aide médicale à mourir dans un cadre strictement contrôlé.	0	3	Position neutre, partagée ou non arrêtée : le vote, la loi ou la position gouvernementale sur l'aide à mourir fournit un équivalent direct ou très proche. Niveau de preuve : preuve directe ou politique explicitement documentée.	https://www.assemblee-nationale.fr/dyn/17/scrutins/2107
party	Horizons	90	Dépendance / EHPAD	Les groupes privés à but lucratif ne devraient plus pouvoir gérer d'EHPAD. Les établissements existants devraient progressivement devenir publics ou non lucratifs.	-2	1	Désaccord net : le programme social et sanitaire permet d'estimer la place laissée aux opérateurs lucratifs dans la dépendance. Niveau de preuve : estimation prudente à partir de la ligne générale.	https://horizonsleparti.fr/le-manifeste/
party	Horizons	91	Famille / prestations	Les allocations familiales devraient être versées à toutes les familles selon le nombre d'enfants, sans diminuer lorsque les revenus augmentent.	1	1	Accord modéré : le modèle de prestations familiales et la ligne programmatique permettent d'estimer la préférence pour l'universalité ou le ciblage. Niveau de preuve : estimation prudente à partir de la ligne générale.	https://horizonsleparti.fr/le-manifeste/
party	Horizons	92	Numérique / mineurs	L'accès aux réseaux sociaux devrait être interdit aux moins de 15 ans, même avec l'accord de leurs parents.	3	3	Accord fort : le vote ou la politique publique sur l'âge d'accès aux réseaux sociaux permet de distinguer interdiction stricte, autorisation parentale et régulation plus souple. Niveau de preuve : preuve directe ou politique explicitement documentée.	https://www.assemblee-nationale.fr/dyn/17/scrutins/8431
party	Horizons	93	Numérique / intelligence artificielle	Les administrations publiques devraient privilégier des modèles d'intelligence artificielle hébergés en Europe, même s'ils sont temporairement moins performants ou plus coûteux que leurs concurrents étrangers.	2	2	Accord net : la stratégie numérique permet d'estimer la priorité accordée à la souveraineté européenne par rapport au coût et à la performance. Niveau de preuve : faisceau d’indices cohérent, sans équivalent toujours parfaitement identique.	https://horizonsleparti.fr/le-manifeste/
party	LFH	1	Économie	Il faut réduire les impôts sur le travail et le capital, même si cela implique de réduire certaines dépenses publiques.	0	2	Position neutre étayée : le projet articule baisse ciblée des cotisations patronales, contribution de la consommation et des profits et hausse du revenu des bas salaires, sans priorité univoque donnée aux seules charges.	https://lafrancehumaniste.fr/articles/un-nouveau-monde-du-travail.html
party	LFH	2	Économie	Les inégalités économiques sont acceptables tant qu'elles résultent principalement du travail ou de la prise de risque.	1	3	Accord modéré : Villepin réhabilite explicitement l'effort, le mérite, l'entrepreneuriat et la liberté d'entreprendre, tout en refusant que la rente et les inégalités patrimoniales dominent la mobilité sociale.	https://lafrancehumaniste.fr/articles/un-nouveau-monde-du-travail.html
party	LFH	3	Économie	L'État devrait davantage taxer les hauts revenus et les gros patrimoines afin de réduire les inégalités.	1	3	Accord net directement documenté : le texte demande que les plus aisés contribuent selon leurs moyens et défend une fiscalité plus progressive.	https://lafrancehumaniste.fr/articles/le-sursaut-budgetaire.html
party	LFH	4	Économie	Les entreprises devraient être obligées de limiter l’écart entre la rémunération de leurs dirigeants et celle de leurs salariés les moins bien payés.	0	2	Position non tranchée : La France Humaniste critique les inégalités excessives et accepte des conditions sociales sur les entreprises bénéficiant d’argent public, mais aucune proposition de plafond général entre rémunérations hautes et basses n’est établie.	https://lafrancehumaniste.fr/articles/la-rupture-du-pacte-social.html
party	LFH	5	Économie	Le salaire minimum devrait être augmenté significativement.	-2	3	Désaccord net directement documenté : le texte critique les relèvements successifs du SMIC pour leur effet de tassement et propose de convertir une partie des exonérations en revenu supplémentaire pour les salariés concernés.	https://lafrancehumaniste.fr/articles/un-nouveau-monde-du-travail.html
party	LFH	6	Économie	Les entreprises privées sont généralement plus efficaces que l'État pour fournir des biens et services, même dans certains secteurs essentiels.	0	2	Position équilibrée : le projet qualifie l'échange, l'innovation et la liberté d'entreprendre de moteurs indispensables, mais réserve à l'État un rôle fort dans les secteurs stratégiques et les biens essentiels.	https://lafrancehumaniste.fr/articles/un-nouveau-monde-du-travail.html
party	LFH	7	Économie	L'État devrait pouvoir nationaliser temporairement ou durablement une entreprise privée lorsqu'elle contrôle une activité stratégique pour le pays.	1	2	Accord modéré étayé : le projet défend un pôle public de crédit, un fonds souverain et des prises de participation stratégiques, sans programme général de nationalisations.	https://lafrancehumaniste.fr/articles/le-sursaut-budgetaire.html
party	LFH	8	Économie	La concurrence est généralement préférable à la réglementation pour améliorer les prix, la qualité et l'innovation.	1	2	Accord modéré : LFH assume l'économie de marché, la concurrence et l'innovation, tout en défendant une régulation des externalités et un État stratège ; la concurrence n'est donc pas privilégiée sans réserve.	https://lafrancehumaniste.fr/articles/un-nouveau-monde-du-travail.html
party	LFH	9	État	La France dépense trop d'argent public et devrait accepter de réduire certaines politiques sociales pour revenir à l'équilibre budgétaire.	1	3	Accord modéré directement étayé : Villepin veut une trajectoire de retour à l'équilibre, des ajustements de dépense et des coupes ciblées, tout en refusant l'austérité aveugle et les coupes sociales brutales.	https://lafrancehumaniste.fr/articles/le-sursaut-budgetaire.html
party	LFH	10	État	L'État devrait garantir un niveau élevé de protection sociale, même si cela implique une fiscalité importante.	2	3	Accord net : LFH veut maintenir une protection sociale élevée, mais affirme aussi que l'État social n'est plus finançable à l'identique et doit être transformé structurellement ; le +3 était trop absolu.	https://lafrancehumaniste.fr/articles/la-rupture-du-pacte-social.html
party	LFH	12	État	L'État devrait intervenir beaucoup plus fortement dans l'économie lorsque le marché produit des résultats jugés socialement indésirables.	1	3	Accord modéré : l'État doit être arbitre, stratège et planificateur lorsque le marché échoue, mais Villepin présente explicitement son modèle comme un compromis entre marché et dirigisme, et non comme une intervention systématique.	https://lafrancehumaniste.fr/articles/un-nouveau-monde-du-travail.html
party	LFH	13	État	Les citoyens devraient avoir davantage de liberté pour choisir eux-mêmes comment utiliser leur argent plutôt que de passer par des systèmes publics obligatoires.	-2	3	Désaccord net directement documenté : le texte rejette le « chacun pour soi » et la privatisation de la santé, de l’éducation et des retraites au profit de systèmes solidaires obligatoires.	https://lafrancehumaniste.fr/articles/protection-sociale.html
party	LFH	14	Social / société	La société devrait accepter beaucoup plus largement les différents modes de vie, même lorsqu'ils s'éloignent des normes traditionnelles.	2	2	Accord net : La France Humaniste défend une conception universaliste et pluraliste de la société française, compatible avec des modes de vie éloignés des normes traditionnelles tant qu'ils respectent le cadre républicain commun. +2 traduit cet accord avec une réserve sur ce socle commun.	https://lafrancehumaniste.fr/articles/le-moment-francais-sorbonne.html
party	LFH	15	Démocratie	Un gouvernement devrait pouvoir faire adopter le budget sans vote de l’Assemblée nationale lorsqu’aucune majorité stable ne se dégage, afin d’éviter un blocage institutionnel.	1	2	Accord modéré : Dominique de Villepin admet qu'en cas de blocage budgétaire persistant, des mécanismes constitutionnels exceptionnels peuvent permettre l'adoption du budget sans vote ordinaire, mais il les présente comme un dernier recours et non comme un mode normal de gouvernement.	https://lafrancehumaniste.fr/articles/sortir-de-l-impasse.html
party	LFH	16	Social / société	Réduire les inégalités peut parfois justifier de restreindre certaines libertés individuelles.	-1	2	Réserve étayée : le projet combine égalité réelle des chances et défense des libertés individuelles, sans subordonner systématiquement celles-ci à l’égalité des résultats.	https://lafrancehumaniste.fr/articles/le-moment-francais-sorbonne.html
party	LFH	17	Social / société	Les politiques publiques devraient chercher à corriger activement les discriminations historiques ou structurelles entre groupes sociaux.	2	3	Accord net : codage fondé sur les documents officiels retenus pour le thème « Social / société ». Niveau de preuve : position ou mesure explicitement documentée.	https://lafrancehumaniste.fr/articles/le-moment-francais-sorbonne.html
party	LFH	18	Institutions / territoires	Les régions devraient pouvoir adopter des règles différentes en matière économique, sociale ou environnementale plutôt que d’appliquer partout les mêmes règles nationales.	1	3	Accord modéré : La France Humaniste et Dominique de Villepin défendent une réorganisation territoriale plus proche des réalités locales et davantage de responsabilités territoriales, sans aller jusqu’à proposer clairement une autonomie normative générale des régions.	https://lafrancehumaniste.fr/articles/la-grande-adaptation-du-territoire.html
party	LFH	19	Social / société	Certaines traditions et valeurs culturelles méritent d'être préservées même si elles évoluent moins vite que la société.	2	3	Accord net : codage fondé sur les documents officiels retenus pour le thème « Social / société ». Niveau de preuve : position ou mesure explicitement documentée.	https://lafrancehumaniste.fr/articles/le-moment-francais-sorbonne.html
party	LFH	20	Immigration	La France devrait réduire le nombre d'immigrants qu'elle accueille chaque année.	-1	3	Désaccord modéré : Villepin présente l'immigration comme utile à la démographie, à la croissance et aux retraites ; il ne défend pas une baisse générale des flux, mais veut les piloter plus strictement.	https://lafrancehumaniste.fr/articles/le-moment-francais-sorbonne.html
party	LFH	21	Immigration	L'immigration économique est globalement bénéfique pour l'économie française.	2	3	Accord net : le discours de la Sorbonne relie explicitement une politique d'immigration de long terme à la stabilisation démographique, à la croissance et au financement des retraites.	https://lafrancehumaniste.fr/articles/le-moment-francais-sorbonne.html
party	LFH	22	Immigration / droits sociaux	Un étranger installé légalement en France depuis de nombreuses années devrait, à situation économique comparable, bénéficier des mêmes prestations sociales et du même accès au logement social qu’un citoyen français, sans priorité fondée sur la nationalité.	2	2	La France Humaniste défend une conception républicaine opposée à la préférence nationale du RN ; l’égalité de traitement après installation durable est cohérente avec cette ligne, sans proposition aussi précise sur tous les dispositifs.	https://lafrancehumaniste.fr/articles/chemin-gaulliste.html
party	LFH	23	Immigration	L'accès à la nationalité française devrait être rendu plus exigeant.	0	2	Position non tranchée : LFH exige davantage d'intégration, de maîtrise du français et de respect des règles communes, mais ne formule pas de durcissement explicite des conditions juridiques d'accès à la nationalité.	https://lafrancehumaniste.fr/articles/le-moment-francais-sorbonne.html
party	LFH	24	Immigration	La France devrait être beaucoup plus stricte concernant l'expulsion des étrangers condamnés pour des crimes graves.	2	2	Accord net : sources officielles et prises de position convergentes ; le niveau de confiance documentaire a été réévalué indépendamment de l’intensité de la réponse.	https://lafrancehumaniste.fr/articles/la-france-face-au-piege-identitaire.html
party	LFH	25	Immigration	Même lorsque l'immigration est économiquement bénéfique, elle peut être légitimement limitée pour préserver la cohésion culturelle du pays.	0	2	Position partagée étayée : le texte refuse la fermeture identitaire tout en reconnaissant la nécessité de règles et d’une politique migratoire maîtrisée.	https://lafrancehumaniste.fr/articles/la-france-face-au-piege-identitaire.html
party	LFH	26	Immigration	La France devrait accueillir davantage de réfugiés lorsqu'ils fuient une guerre ou une persécution, même si cela représente un coût économique.	1	2	Accord modéré et prudent : l'humanisme et le respect du droit d'asile vont dans le sens de l'accueil des personnes persécutées, mais aucune proposition chiffrée d'augmentation générale de l'accueil des réfugiés n'est formulée.	https://lafrancehumaniste.fr/articles/le-moment-francais-sorbonne.html
party	LFH	27	Sécurité / justice	Les peines de prison effectives devraient être plus sévères, même si cela augmente fortement la population carcérale.	-1	2	Réserve étayée : le programme exige l’exécution effective des peines mais insiste aussi sur la prévention, la justice et l’État de droit plutôt que sur un durcissement carcéral uniforme.	https://lafrancehumaniste.fr/articles/le-moment-francais-sorbonne.html
party	LFH	28	Sécurité / justice	Il vaut mieux investir dans la prévention et la réinsertion que dans l'augmentation des sanctions.	2	2	Accord fort : codage fondé sur les documents officiels retenus pour le thème « Sécurité / justice ». Niveau de preuve : orientation cohérente étayée par plusieurs éléments.	https://lafrancehumaniste.fr/articles/la-lutte-antiterroriste.html
party	LFH	29	Sécurité / justice	La police devrait disposer de pouvoirs plus importants pour lutter contre la criminalité, quitte à accepter davantage de contrôles sur certaines libertés individuelles.	-1	3	Réserve directement documentée : le texte refuse que l’exception sécuritaire et la surveillance généralisée deviennent la règle, même face au terrorisme.	https://lafrancehumaniste.fr/articles/la-lutte-antiterroriste.html
party	LFH	30	Agriculture / commerce	La France devrait pouvoir interdire l’importation de produits agricoles fabriqués selon des normes qu’elle interdit à ses propres agriculteurs, même si cela faisait disparaître des rayons les produits alimentaires les moins chers.	1	3	Accord modéré : Dominique de Villepin défend contrôles, traçabilité et clauses miroir, mais refuse une logique d'autarcie et insiste aussi sur l'accessibilité des prix et la compétitivité exportatrice ; la proposition n'est donc soutenue que modérément avec sa contrepartie consommateur.	https://lafrancehumaniste.fr/articles/souverainete-agricole-et-alimentaire.html
party	LFH	32	Écologie	La lutte contre le changement climatique doit rester prioritaire même lorsqu'elle réduit la croissance économique à court terme.	2	2	Accord fort : l’urgence climatique et la priorité d’agir sont explicites, sans arbitrage chiffré direct avec la croissance de court terme.	https://lafrancehumaniste.fr/articles/pourquoi-je-suis-ecogaulliste.html
party	LFH	33	Écologie	Il faut accepter une hausse importante du prix des énergies fossiles pour accélérer la transition écologique.	1	3	Accord modéré : La France Humaniste défend un prix du carbone et une fiscalité écologique, mais insiste sur leur justice sociale et leur redistribution ; aucune position ne justifie d'accepter sans réserve une forte hausse du prix des énergies fossiles.	https://lafrancehumaniste.fr/articles/pourquoi-je-suis-ecogaulliste.html
party	LFH	34	Economie	Une partie des cotisations sociales sur les salaires devrait être remplacée par une hausse de la TVA afin d’augmenter les salaires nets et de réduire le coût du travail, même si cela augmente le prix des biens et services consommés	2	1	Accord net : Dominique de Villepin propose de réduire les charges patronales et de transférer progressivement une partie du financement vers la consommation et les bénéfices ; c'est proche d'une TVA sociale sans être strictement identique, d'où +2.	https://lafrancehumaniste.fr/
party	LFH	35	Écologie	Les politiques écologiques devraient reposer principalement sur des mécanismes de marché comme la taxe carbone plutôt que sur des interdictions.	-2	3	Désaccord net : l’écogaullisme rétablit l’autorité publique et la planification plutôt que de faire reposer principalement l’écologie sur le marché ; il conserve néanmoins un prix du carbone.	https://lafrancehumaniste.fr/articles/pourquoi-je-suis-ecogaulliste.html
party	LFH	36	Écologie	Il est justifié d'interdire certains produits ou comportements très polluants même lorsque les consommateurs les souhaitent.	2	2	Accord net : codage fondé sur les documents officiels retenus pour le thème « Écologie ». Niveau de preuve : orientation cohérente étayée par plusieurs éléments.	https://lafrancehumaniste.fr/articles/pourquoi-je-suis-ecogaulliste.html
party	LFH	37	Écologie	Les pays riches devraient supporter une part prépondérante du coût de la transition écologique mondiale.	2	2	Accord net : La France Humaniste défend une contribution plus importante des grands émetteurs et des pays les plus riches au financement de la transition mondiale, sans aller jusqu’à leur faire supporter presque seuls l’effort : +2.	https://lafrancehumaniste.fr/articles/pourquoi-je-suis-ecogaulliste.html
party	LFH	38	Europe	La France devrait transférer davantage de compétences à l'Union européenne afin de renforcer son poids économique et géopolitique.	1	3	Accord modéré : LFH veut davantage de capacités européennes communes dans la défense, l'industrie, la finance et le numérique, mais appelle explicitement à une pause dans la logique d'unification et privilégie la coopération entre États.	https://lafrancehumaniste.fr/articles/moment-europeen-europe-souveraine.html
party	LFH	39	Europe	La France devrait conserver autant que possible sa souveraineté nationale, même si cela réduit son influence au niveau européen.	0	3	Position équilibrée : La France Humaniste refuse à la fois le fédéralisme uniforme et le souverainisme de repli ; elle cherche à articuler souveraineté nationale et capacité d'action européenne, sans accepter clairement l'arbitrage formulé par la question.	https://lafrancehumaniste.fr/articles/moment-europeen-europe-souveraine.html
party	LFH	40	Europe	L'euro est globalement bénéfique pour la France malgré la perte de certains instruments de politique économique.	2	2	Accord net étayé : le projet veut davantage de décisions européennes à la majorité qualifiée et de capacités communes, mais refuse un fédéralisme uniforme.	https://lafrancehumaniste.fr/articles/moment-europeen-europe-souveraine.html
party	LFH	41	Europe	L'Union européenne devrait pouvoir imposer davantage de règles communes aux États membres.	1	3	Accord modéré : Villepin propose davantage de politiques harmonisées et parfois davantage de majorité qualifiée, mais refuse une logique où l'échelon européen se place systématiquement au-dessus des États.	https://lafrancehumaniste.fr/articles/moment-europeen-europe-souveraine.html
party	LFH	42	Europe	En cas de conflit entre les intérêts économiques français et les règles européennes, la France devrait pouvoir désobéir à certaines règles européennes.	0	2	Position partagée étayée : le projet recherche une souveraineté européenne renforcée tout en préservant la capacité d’initiative et les intérêts stratégiques français.	https://lafrancehumaniste.fr/articles/moment-europeen-europe-souveraine.html
party	LFH	43	Fiscalité / patrimoine	Il faudrait supprimer l'IFI et ne plus taxer spécifiquement le patrimoine immobilier au-delà de la fiscalité ordinaire.	-2	3	Désaccord net : Dominique de Villepin s’est déclaré directement favorable au retour d’un ISF adapté et à une taxation minimale des très hauts patrimoines, à l’opposé de la suppression de l’IFI.	https://www.leparisien.fr/economie/dominique-de-villepin-favorable-a-la-taxe-zucman-et-a-un-retour-de-lisf-mais-en-etant-adaptes-25-09-2025-FTHAWTNDLFEJPGKRE35S5YJ6JQ.php
party	LFH	44	Fiscalité / patrimoine	L'héritage devrait être davantage taxé au-delà d'un certain seuil de patrimoine transmis, même si cela conduit certaines familles à transmettre moins de patrimoine à leurs enfants.	1	3	Accord modéré directement documenté : le projet propose de taxer à la succession certaines plus-values latentes plutôt que de supprimer toute fiscalité spécifique sur les patrimoines immobiliers élevés.	https://lafrancehumaniste.fr/articles/protection-sociale.html
party	LFH	45	Fiscalité / patrimoine	Les très grandes fortunes devraient être imposées sur leur patrimoine mondial, même lorsqu'elles quittent la France.	1	1	Position non tranchée : LFH défend une fiscalité plus progressive et la lutte contre l'évasion, mais la source retenue ne permet pas d'établir une taxation du patrimoine mondial après expatriation. Neutralisation plutôt qu'inférence forte.	https://lafrancehumaniste.fr/articles/le-sursaut-budgetaire.html
party	LFH	46	Travail / chômage	Un chômeur devrait pouvoir perdre une partie significative de ses allocations s'il refuse plusieurs emplois raisonnablement adaptés à ses compétences.	1	2	Accord modéré : le projet rejette une simple indemnisation passive et prévoit des dispositifs soumis à une conditionnalité stricte de recherche active d'emploi ; il ne prévoit toutefois pas explicitement la sanction exacte décrite dans la question.	https://lafrancehumaniste.fr/articles/un-nouveau-monde-du-travail.html
party	LFH	47	Outre-mer / vie chère	L’État devrait garantir que les produits essentiels ne coûtent pas beaucoup plus cher dans les DOM/TOM que dans l’Hexagone, quitte à subventionner durablement leur transport ou leur prix avec l’argent public national.	1	1	La France Humaniste insiste sur la solidarité nationale, la justice des distances et le rééquilibrage territorial. Aucune proposition ultramarine de subvention des prix aussi précise n’est publiée ; accord prudent retenu à +1.	https://lafrancehumaniste.fr/articles/la-grande-adaptation-du-territoire.html
party	LFH	48	Travail / chômage	Le CDI protège trop fortement les salariés déjà en poste et peut rendre plus difficile l’accès à l’emploi stable, au détriment des jeunes, chômeurs ou travailleurs en contrats précaires.	2	3	Accord net au regard du bilan politique de Villepin : le CPE/CNE visait précisément à réduire le risque d'embauche lié à la rigidité de la rupture du contrat pour faciliter l'accès à l'emploi, notamment des jeunes, même si LFH insiste aujourd'hui davantage sur la sécurité des parcours.	https://www.vie-publique.fr/discours/160282-conference-de-presse-de-m-dominique-de-villepin-premier-ministre-sur
party	LFH	49	Retraites	Les retraites devraient être progressivement réformées vers un système combinant répartition et capitalisation, même si cela implique une période de transition coûteuse.	2	3	Accord net : le projet propose une épargne retraite obligatoire, défiscalisée et garantie par l’État, intégrée à un fonds souverain, en complément du système de protection sociale.	https://lafrancehumaniste.fr/articles/protection-sociale.html
party	LFH	50	Retraites	L'âge légal de départ à la retraite devrait être automatiquement indexé sur l'espérance de vie nationale.	-3	3	Désaccord fort : le programme propose explicitement de supprimer l’âge légal de départ et de le remplacer par une durée de cotisation tenant compte de la pénibilité ; c’est l’opposé direct d’une indexation automatique de l’âge légal sur l’espérance de vie : -3.	https://lafrancehumaniste.fr/articles/le-moment-francais-sorbonne.html
party	LFH	51	Protection sociale	Les prestations sociales devraient être fortement conditionnées à la durée de cotisation et de participation au marché du travail.	0	2	Position équilibrée : LFH affirme que les droits s'accompagnent de devoirs et conditionne certains dispositifs à la recherche active, mais conserve une protection sociale largement solidaire et universelle.	https://lafrancehumaniste.fr/articles/la-rupture-du-pacte-social.html
party	LFH	53	État / entreprises	Une entreprise qui reçoit plusieurs milliards d'euros d'aides publiques devrait pouvoir être contrainte de limiter ses dividendes et les rémunérations de ses dirigeants tant que l'aide n'est pas remboursée.	1	3	Accord modéré : La France Humaniste défend la conditionnalité des aides publiques et un État stratège, mais aucune proposition suffisamment précise n'établit une limitation systématique des dividendes et rémunérations jusqu'au remboursement de l'aide.	https://lafrancehumaniste.fr/articles/le-sursaut-budgetaire.html
party	LFH	54	État / entreprises	L'État devrait davantage utiliser son pouvoir d'actionnaire pour orienter les grandes entreprises françaises vers des objectifs industriels de long terme.	3	3	Accord fort : codage fondé sur les documents officiels retenus pour le thème « État / entreprises ». Niveau de preuve : position ou mesure explicitement documentée.	https://lafrancehumaniste.fr/articles/le-sursaut-budgetaire.html
party	LFH	55	État / entreprises	Il faudrait réduire fortement les normes administratives pesant sur les entreprises, même si certaines protections environnementales ou sociales deviennent moins strictes.	-1	2	Réserve étayée : le programme réclame une simplification administrative et des normes applicables, sans renoncer aux protections sociales et environnementales.	https://lafrancehumaniste.fr/articles/souverainete-agricole-et-alimentaire.html
party	LFH	56	Immigration / régularisation	Un étranger en situation irrégulière qui travaille de façon stable en France depuis plusieurs années et n’a commis aucun délit devrait pouvoir être régularisé, même s’il est entré ou est resté sur le territoire sans autorisation.	0	2	Position non tranchée : La France Humaniste adopte une ligne humaniste sur l’immigration et critique le durcissement identitaire, mais aucune proposition suffisamment précise n’a été identifiée sur la régularisation d’un travailleur en situation irrégulière selon les critères de la question.	https://lafrancehumaniste.fr/articles/la-france-face-au-piege-identitaire.html
party	LFH	57	Immigration / assimilation	L'accès à certaines prestations sociales devrait être beaucoup plus limité pendant les premières années suivant l'arrivée d'un immigré.	0	2	Position non tranchée : les textes récents demandent réciprocité, intégration et contrôle des flux, mais ne proposent pas de restriction générale des prestations sociales durant les premières années de séjour légal.	https://lafrancehumaniste.fr/articles/le-moment-francais-sorbonne.html
party	LFH	58	Immigration / assimilation	La France devrait privilégier l'immigration économique qualifiée, même si cela signifie accueillir moins de personnes peu qualifiées.	1	2	Accord modéré étayé : la politique d’immigration de Villepin combinait maîtrise des flux, intégration et besoins économiques, ce qui correspond à une sélection partielle plutôt qu’exclusive.	https://www.vie-publique.fr/discours/161466-communique-des-services-du-premier-ministre-en-date-du-24-avril-2006-s
party	LFH	59	Immigration / assimilation	Une personne née en France de parents étrangers devrait automatiquement devenir française à sa majorité si elle y a grandi, même si elle ne manifeste pas particulièrement d'attachement à la France.	0	1	Position non tranchée : l'universalisme de LFH ne suffit pas à déduire une naturalisation automatique à la majorité sans manifestation d'attachement ; aucune position explicite équivalente n'a été identifiée.	https://lafrancehumaniste.fr/articles/le-moment-francais-sorbonne.html
party	LFH	60	Immigration / assimilation	La France devrait pouvoir refuser l'entrée à un immigré légalement admissible lorsqu'il existe de fortes raisons de penser qu'il ne souhaite pas s'intégrer culturellement à la société française.	1	2	Accord modéré : Villepin fait de l'intégration, de la langue, des règles communes et de l'effort partagé des conditions centrales de sa politique migratoire, sans aller jusqu'à une assimilation culturelle exhaustive.	https://lafrancehumaniste.fr/articles/le-moment-francais-sorbonne.html
party	LFH	61	Immigration / assimilation	Le fait de conserver des pratiques culturelles ou religieuses très différentes de celles de la majorité française n'est pas en soi un problème tant que les lois françaises sont respectées.	3	3	Accord fort directement documenté : le texte défend la coexistence des cultures et des convictions dès lors que la loi républicaine commune est respectée.	https://lafrancehumaniste.fr/articles/la-france-face-au-piege-identitaire.html
party	LFH	63	Libertés / sécurité	Pour lutter contre le terrorisme, l'État devrait pouvoir surveiller préventivement une personne considérée comme présentant un risque sérieux, même sans preuve suffisante pour engager des poursuites pénales.	1	2	Accord modéré étayé : le texte accepte un renseignement et une prévention ciblés contre le terrorisme mais rejette la surveillance généralisée.	https://lafrancehumaniste.fr/articles/la-lutte-antiterroriste.html
party	LFH	64	Libertés / expression	Une personne qui tient publiquement des propos profondément offensants mais qui n'appelle ni à la violence ni à commettre une infraction devrait être protégée par la liberté d'expression.	2	3	Accord net : codage fondé sur les documents officiels retenus pour le thème « Libertés / expression ». Niveau de preuve : position ou mesure explicitement documentée.	https://lafrancehumaniste.fr/articles/la-lutte-antiterroriste.html
party	LFH	66	Sécurité	Lorsqu’un conducteur refuse d’obtempérer et prend la fuite, les policiers devraient pouvoir utiliser leur arme à feu même si le danger pour leur vie n’est pas immédiat.	-1	2	Réserve : sources officielles et prises de position convergentes ; le niveau de confiance documentaire a été réévalué indépendamment de l’intensité de la réponse.	https://lafrancehumaniste.fr/articles/la-lutte-antiterroriste.html
party	LFH	67	Écologie	Une taxe carbone qui réduit les émissions de CO₂ devrait être maintenue même si elle diminue le pouvoir d’achat des ménages modestes, à condition de compenser ces derniers par des aides ciblées.	2	3	Accord net : Dominique de Villepin défend un prix du carbone dont le produit est redistribué aux ménages afin de préserver la justice sociale ; la formulation de la question est légèrement plus exigeante, d'où +2 plutôt que +3.	https://lafrancehumaniste.fr/articles/pourquoi-je-suis-ecogaulliste.html
party	LFH	68	Écologie	La France devrait interdire progressivement la vente de voitures thermiques même si cela augmente temporairement le prix moyen des véhicules.	1	3	Accord modéré : La France Humaniste veut accélérer l'électrification des transports et la sortie des énergies fossiles, mais ne défend pas explicitement l'interdiction des voitures thermiques dans les termes stricts de la question.	https://lafrancehumaniste.fr/articles/pourquoi-je-suis-ecogaulliste.html
party	LFH	69	Écologie	Il faut privilégier le nucléaire même si cela conduit à réduire certains investissements dans les renouvelables.	0	2	Position équilibrée : La France Humaniste défend le nucléaire comme composante importante du mix électrique tout en soutenant aussi les renouvelables ; aucune priorité générale au nucléaire au prix d'une réduction des investissements renouvelables n'est établie.	https://lafrancehumaniste.fr/articles/pourquoi-je-suis-ecogaulliste.html
party	LFH	71	Écologie / croissance	Si la France pouvait réduire ses émissions de 20 % mais que cela réduisait son PIB de 3 %, alors que les autres pays ne faisaient aucun effort comparable, il faudrait quand même le faire.	1	3	Accord léger : La France Humaniste défend l’idée que la France peut agir et entraîner d’autres pays sans attendre une action mondiale parfaitement coordonnée, mais ne préconise pas explicitement d’accepter une perte de 3 % de PIB si les autres pays ne font aucun effort comparable : +1.	https://lafrancehumaniste.fr/articles/pourquoi-je-suis-ecogaulliste.html
party	LFH	72	Institutions	Pour certaines décisions économiques complexes, il serait préférable de confier davantage de pouvoir à des institutions indépendantes composées d'experts plutôt qu'aux responsables politiques élus.	-1	2	Désaccord modéré : Dominique de Villepin refuse un gouvernement technocratique soustrait à la responsabilité politique, tout en accordant une place importante à l'expertise et aux institutions compétentes ; le désaccord n'est donc pas absolu.	https://lafrancehumaniste.fr/articles/chemin-gaulliste.html
party	LFH	73	Institutions	Un gouvernement devrait pouvoir prendre une décision économiquement nécessaire mais très impopulaire sans chercher à obtenir l'approbation immédiate de la population.	1	2	Accord modéré : la conception gaulliste défendue par Dominique de Villepin suppose qu'un exécutif puisse prendre et assumer une décision jugée nécessaire même lorsqu'elle est impopulaire, tout en restant responsable devant les institutions.	https://lafrancehumaniste.fr/articles/chemin-gaulliste.html
party	LFH	74	Institutions	Le référendum devrait être beaucoup plus utilisé, même lorsque les citoyens votent sur des sujets dont ils maîtrisent mal les aspects techniques.	1	2	Accord modéré : La France Humaniste souhaite recourir davantage au référendum dans certaines circonstances, mais Dominique de Villepin le présente comme l'aboutissement d'un processus démocratique plutôt que comme un outil à utiliser systématiquement.	https://lafrancehumaniste.fr/articles/chemin-gaulliste.html
party	LFH	75	Institutions	Il serait acceptable de donner davantage de poids politique aux citoyens qui démontrent un niveau élevé de connaissance du fonctionnement des institutions et de l'économie.	-3	2	Désaccord fort étayé : le texte défend explicitement l’État de droit, le contrôle parlementaire et la participation citoyenne contre un gouvernement autoritaire.	https://lafrancehumaniste.fr/articles/chemin-gaulliste.html
party	LFH	76	Institutions	Le président de la République devrait disposer de davantage de pouvoirs pour pouvoir mettre en œuvre un programme pendant cinq ans sans être constamment bloqué par le Parlement.	-1	3	Désaccord modéré : Dominique de Villepin refuse un président gouvernant seul contre le Parlement, mais reste attaché à une présidence forte d'arbitrage, d'impulsion et de dernier recours ; le désaccord avec un renforcement présidentiel reste donc limité.	https://lafrancehumaniste.fr/articles/chemin-gaulliste.html
party	LFH	77	Institutions	La proportionnelle intégrale serait préférable au système actuel, même si elle rendait plus fréquentes les coalitions et les gouvernements instables.	0	2	Position non tranchée : LFH défend davantage de référendums et de participation citoyenne, mais aucune proposition explicite en faveur de la proportionnelle intégrale n'est formulée. Le +3 précédent n'était pas étayé.	https://lafrancehumaniste.fr/articles/le-moment-francais-sorbonne.html
party	LFH	78	Immigration / assimilation	Le droit de séjour durable en France devrait dépendre, sauf impossibilité particulière, d’efforts concrets pour apprendre le français, comprendre les règles et usages du pays et participer à la vie collective.	3	3	Accord fort : la politique proposée repose explicitement sur une intégration renforcée par la langue, la formation, le respect des règles et la participation, dans la continuité du contrat d'accueil et d'intégration porté par Villepin.	https://lafrancehumaniste.fr/articles/le-moment-francais-sorbonne.html
party	LFH	79	Immigration / délinquance	Les différences de délinquance observées s’expliquent davantage par les inégalités sociales et économiques que par la culture d’origine des personnes concernées.	2	2	Accord fort : le texte rejette explicitement une causalité culturelle de la délinquance, mais ne quantifie pas la part explicative des inégalités sociales.	https://lafrancehumaniste.fr/articles/la-france-face-au-piege-identitaire.html
party	LFH	80	Écologie / agriculture	La France devrait interdire aux agriculteurs l’usage d’un produit jugé trop polluant, même si cette interdiction les désavantage face à des concurrents étrangers qui peuvent encore l’utiliser.	1	3	Accord modéré : La France Humaniste veut réduire fortement l'usage des pesticides, mais demande aussi des clauses miroirs et des protections contre la concurrence étrangère moins-disante ; l'interdiction malgré un désavantage concurrentiel n'est donc pas soutenue sans réserve.	https://lafrancehumaniste.fr/articles/souverainete-agricole-et-alimentaire.html
party	LFH	81	Santé / accès aux soins	Dans les zones où l'accès aux soins est insuffisant, l'Assurance maladie devrait pouvoir limiter le conventionnement de nouveaux médecins dans les zones déjà bien dotées afin d'encourager leur installation dans les déserts médicaux.	0	2	Position non tranchée : La France Humaniste veut lutter contre les déserts médicaux et augmenter l'offre de soins, mais aucune position suffisamment précise n'établit un soutien ou un rejet du conventionnement sélectif dans les zones déjà bien dotées.	https://lafrancehumaniste.fr/articles/protection-sociale.html
party	LFH	82	Santé / assurance maladie	L'Assurance maladie devrait rembourser intégralement les soins essentiels, quitte à réduire fortement le rôle des complémentaires santé.	1	3	Accord modéré : le texte confie les soins essentiels à l’Assurance maladie, mais maintient aux complémentaires une pleine liberté d’innovation ; leur rôle serait clarifié plutôt que fortement supprimé.	https://lafrancehumaniste.fr/articles/protection-sociale.html
party	LFH	83	Santé / hôpital	Il faut accepter de fermer ou regrouper certaines petites maternités et certains services d'urgence afin de concentrer les équipes et les équipements dans des établissements plus importants.	0	2	Position non tranchée : La France Humaniste défend à la fois l'accès territorial aux soins et une réorganisation plus efficace des établissements ; aucune position suffisamment précise ne permet de conclure à un soutien aux fermetures ou regroupements de petites maternités et urgences.	https://lafrancehumaniste.fr/articles/protection-sociale.html
party	LFH	84	Éducation / autonomie	Les chefs d'établissement scolaire devraient pouvoir recruter eux-même une partie de leurs enseignants et peser davantage dans leur évaluation.	0	1	Position neutre ou non arrêtée : aucune proposition directement comparable sur le recrutement ou l’évaluation des enseignants par les chefs d’établissement n’a été trouvée.	https://lafrancehumaniste.fr/articles/le-moment-francais-sorbonne.html
party	LFH	85	Éducation / mixité sociale	Le financement public des établissements privés sous contrat devrait être conditionné à des objectifs mesurables de mixité sociale.	0	1	Position neutre ou non arrêtée : le programme défend l’égalité des chances et la mixité, mais aucune prise de position sur le financement public des établissements privés sous contrat n’a été trouvée.	https://lafrancehumaniste.fr/articles/le-moment-francais-sorbonne.html
party	LFH	86	Logement / locations touristiques	Dans les zones où le logement manque, une commune devrait pouvoir interdire la location touristique régulière d'un logement qui n'est pas la résidence principale de son propriétaire.	1	1	Accord modéré : le texte défend une régulation volontariste du logement dans les zones tendues et des pouvoirs municipaux renforcés, mais ne propose pas directement l’interdiction des locations touristiques.	https://lafrancehumaniste.fr/articles/protection-sociale.html
party	LFH	87	Défense / Ukraine	La France devrait continuer à fournir une aide militaire et financière importante à l'Ukraine tant que son territoire reste occupé, même si la guerre se prolonge.	1	2	Accord modéré : le texte soutient l’aide européenne à l’Ukraine et juge l’effort français insuffisant, tout en l’inscrivant dans une stratégie européenne et diplomatique plutôt que dans un engagement inconditionnel et indéfini.	https://lafrancehumaniste.fr/articles/moment-europeen-europe-souveraine.html
party	LFH	88	Défense / dissuasion nucléaire	La dissuasion nucléaire française devrait aussi protéger les partenaires européens, tout en laissant à la France seule la décision finale de l'employer.	3	3	Accord fort : codage fondé sur les documents officiels retenus pour le thème « Défense / dissuasion nucléaire ». Niveau de preuve : position ou mesure explicitement documentée.	https://lafrancehumaniste.fr/articles/moment-europeen-europe-souveraine.html
party	LFH	89	Santé / fin de vie	Une personne majeure atteinte d'une maladie grave et incurable provoquant des souffrances insupportables devrait pouvoir recevoir une aide médicale à mourir dans un cadre strictement contrôlé.	1	1	Accord modéré : codage fondé sur les documents officiels retenus pour le thème « Santé / fin de vie ». Niveau de preuve : analogie prudente, sans proposition parfaitement équivalente.	https://lafrancehumaniste.fr/articles/protection-sociale.html
party	LFH	90	Dépendance / EHPAD	Les groupes privés à but lucratif ne devraient plus pouvoir gérer d'EHPAD. Les établissements existants devraient progressivement devenir publics ou non lucratifs.	0	2	Position neutre étayée : l’autonomie devient une branche pleine de la Sécurité sociale et le pilotage public est renforcé, mais aucune interdiction des EHPAD lucratifs n’est formulée.	https://lafrancehumaniste.fr/articles/protection-sociale.html
party	LFH	91	Famille / prestations	Les allocations familiales devraient être versées à toutes les familles selon le nombre d'enfants, sans diminuer lorsque les revenus augmentent.	2	2	Accord net : Dominique de Villepin défend le caractère universel de la politique familiale et critique la modulation des allocations familiales selon le revenu ; cela correspond clairement au principe d'allocations versées à toutes les familles, sans aller jusqu'à en faire un marqueur absolu.	https://www.vie-publique.fr/discours/162308-declaration-de-m-dominique-de-villepin-premier-ministre-sur-les-orien
party	LFH	92	Numérique / mineurs	L'accès aux réseaux sociaux devrait être interdit aux moins de 15 ans, même avec l'accord de leurs parents.	0	2	Position équilibrée : LFH veut protéger fortement les mineurs des mécanismes addictifs des réseaux sociaux (notamment algorithmes de recommandation et défilement infini), sans proposer dans la source une interdiction totale avant 15 ans, même avec accord parental.	https://lafrancehumaniste.fr/articles/le-moment-francais-sorbonne.html
party	LFH	93	Numérique / intelligence artificielle	Les administrations publiques devraient privilégier des modèles d'intelligence artificielle hébergés en Europe, même s'ils sont temporairement moins performants ou plus coûteux que leurs concurrents étrangers.	2	3	Accord fort : codage fondé sur les documents officiels retenus pour le thème « Numérique / intelligence artificielle ». Niveau de preuve : position ou mesure explicitement documentée.	https://lafrancehumaniste.fr/articles/ia-pouvoir-de-dire-non-monopole-americain.html
party	LR	1	Économie	Il faut réduire les impôts sur le travail et le capital, même si cela implique de réduire certaines dépenses publiques.	3	2	Accord fort : orientation cohérente avec le document officiel retenu, sans passage isolé directement équivalent à la question.	https://republicains.fr/nos-idees/
party	LR	2	Économie	Les inégalités économiques sont acceptables tant qu'elles résultent principalement du travail ou de la prise de risque.	2	2	Accord net : sources officielles et prises de position convergentes ; le niveau de confiance documentaire a été réévalué indépendamment de l’intensité de la réponse.	https://republicains.fr/
party	LR	3	Économie	L'État devrait davantage taxer les hauts revenus et les gros patrimoines afin de réduire les inégalités.	-3	2	Désaccord fort : orientation cohérente avec le document officiel retenu, sans passage isolé directement équivalent à la question.	https://republicains.fr/nos-idees/
party	LR	4	Économie	Les entreprises devraient être obligées de limiter l’écart entre la rémunération de leurs dirigeants et celle de leurs salariés les moins bien payés.	-3	3	Désaccord fort : Les Républicains se sont opposés au plafond de 1 à 20, considérant qu’un encadrement légal général des rémunérations nuirait à la liberté de l’entreprise et à son attractivité.	https://www.assemblee-nationale.fr/dyn/docs/RAPPANR5L17B0618.raw
party	LR	5	Économie	Le salaire minimum devrait être augmenté significativement.	-2	2	Désaccord net : orientation cohérente avec le document officiel retenu, sans passage isolé directement équivalent à la question.	https://republicains.fr/nos-idees/
party	LR	6	Économie	Les entreprises privées sont généralement plus efficaces que l'État pour fournir des biens et services, même dans certains secteurs essentiels.	2	2	Accord net : sources officielles et prises de position convergentes ; le niveau de confiance documentaire a été réévalué indépendamment de l’intensité de la réponse.	https://republicains.fr/
party	LR	7	Économie	L'État devrait pouvoir nationaliser temporairement ou durablement une entreprise privée lorsqu'elle contrôle une activité stratégique pour le pays.	-1	2	Réserve : orientation cohérente avec le document officiel retenu, sans passage isolé directement équivalent à la question.	https://republicains.fr/nos-idees/
party	LR	8	Économie	La concurrence est généralement préférable à la réglementation pour améliorer les prix, la qualité et l'innovation.	2	2	Accord net : sources officielles et prises de position convergentes ; le niveau de confiance documentaire a été réévalué indépendamment de l’intensité de la réponse.	https://republicains.fr/
party	LR	9	État	La France dépense trop d'argent public et devrait accepter de réduire certaines politiques sociales pour revenir à l'équilibre budgétaire.	3	2	Accord fort : orientation cohérente avec le document officiel retenu, sans passage isolé directement équivalent à la question.	https://republicains.fr/nos-idees/
party	LR	10	État	L'État devrait garantir un niveau élevé de protection sociale, même si cela implique une fiscalité importante.	-1	2	Réserve : orientation cohérente avec le document officiel retenu, sans passage isolé directement équivalent à la question.	https://republicains.fr/nos-idees/
party	LR	12	État	L'État devrait intervenir beaucoup plus fortement dans l'économie lorsque le marché produit des résultats jugés socialement indésirables.	-1	2	Réserve : orientation cohérente avec le document officiel retenu, sans passage isolé directement équivalent à la question.	https://republicains.fr/nos-idees/
party	LR	13	État	Les citoyens devraient avoir davantage de liberté pour choisir eux-mêmes comment utiliser leur argent plutôt que de passer par des systèmes publics obligatoires.	2	1	Accord net : estimation prudente ; aucune formulation parfaitement équivalente à la question n’a été identifiée.	https://republicains.fr/nos-idees/
party	LR	14	Social / société	La société devrait accepter beaucoup plus largement les différents modes de vie, même lorsqu'ils s'éloignent des normes traditionnelles.	-1	2	Réserve : codage cohérent avec la ligne programmatique générale du parti sur social / société.	https://republicains.fr/nos-idees/
party	LR	15	Démocratie	Un gouvernement devrait pouvoir faire adopter le budget sans vote de l’Assemblée nationale lorsqu’aucune majorité stable ne se dégage, afin d’éviter un blocage institutionnel.	3	3	LR a explicitement défendu l’engagement de responsabilité par le 49.3 afin de doter la France d’un budget ; Bruno Retailleau a aussi critiqué l’abandon du 49.3 en période de blocage. Accord maximal.	https://republicains.fr/actualites/2025/02/03/sophie-primas-il-nous-faut-un-budget/
party	LR	16	Social / société	Réduire les inégalités peut parfois justifier de restreindre certaines libertés individuelles.	-2	2	Désaccord net : sources officielles et prises de position convergentes ; le niveau de confiance documentaire a été réévalué indépendamment de l’intensité de la réponse.	https://republicains.fr/
party	LR	17	Social / société	Les politiques publiques devraient chercher à corriger activement les discriminations historiques ou structurelles entre groupes sociaux.	-1	2	Réserve : codage cohérent avec la ligne programmatique générale du parti sur social / société.	https://republicains.fr/nos-idees/
party	LR	18	Institutions / territoires	Les régions devraient pouvoir adopter des règles différentes en matière économique, sociale ou environnementale plutôt que d’appliquer partout les mêmes règles nationales.	2	3	Accord net : LR soutient le principe de différenciation territoriale et n’est pas opposé à un pouvoir réglementaire local accru, à condition de préserver l’unité nationale et de ne pas systématiser les dérogations.	https://www.assemblee-nationale.fr/dyn/docs/RINFANR5L16B2463.raw
party	LR	19	Social / société	Certaines traditions et valeurs culturelles méritent d'être préservées même si elles évoluent moins vite que la société.	3	2	Accord fort : codage cohérent avec la ligne programmatique générale du parti sur social / société.	https://republicains.fr/nos-idees/
party	LR	20	Immigration	La France devrait réduire le nombre d'immigrants qu'elle accueille chaque année.	3	3	Accord fort : preuve primaire directe ou proposition officielle très proche ; le niveau de confiance documentaire a été réévalué indépendamment de l’intensité de la réponse.	https://republicains.fr/nos-idees/
party	LR	21	Immigration	L'immigration économique est globalement bénéfique pour l'économie française.	-2	3	Désaccord net : Bruno Retailleau affirme explicitement que l’immigration « n’est pas une chance pour la France, mais une charge » et rejette l’idée de recourir à davantage d’immigration pour répondre aux pénuries de main-d’œuvre, préférant former les Français et les étrangers déjà présents légalement.	https://republicains.fr/actualites/2026/05/31/ma-candidature-ira-jusquau-bout/
party	LR	22	Immigration / droits sociaux	Un étranger installé légalement en France depuis de nombreuses années devrait, à situation économique comparable, bénéficier des mêmes prestations sociales et du même accès au logement social qu’un citoyen français, sans priorité fondée sur la nationalité.	2	3	LR veut imposer une durée de résidence et d’activité avant l’accès à certaines aides, mais refuse une priorité au logement social fondée sur la nationalité ; la formulation visant les résidents de longue date recueille donc un accord net.	https://republicains.fr/actualites/2025/02/03/laurent-wauquiez-il-faut-passer-des-paroles-aux-actes/
party	LR	23	Immigration	L'accès à la nationalité française devrait être rendu plus exigeant.	2	2	Accord net : orientation cohérente avec le document officiel retenu, sans passage isolé directement équivalent à la question.	https://republicains.fr/nos-idees/
party	LR	24	Immigration	La France devrait être beaucoup plus stricte concernant l'expulsion des étrangers condamnés pour des crimes graves.	3	2	Accord fort : orientation cohérente avec le document officiel retenu, sans passage isolé directement équivalent à la question.	https://republicains.fr/nos-idees/
party	LR	25	Immigration	Même lorsque l'immigration est économiquement bénéfique, elle peut être légitimement limitée pour préserver la cohésion culturelle du pays.	3	2	Accord fort : orientation cohérente avec le document officiel retenu, sans passage isolé directement équivalent à la question.	https://republicains.fr/nos-idees/
party	LR	26	Immigration	La France devrait accueillir davantage de réfugiés lorsqu'ils fuient une guerre ou une persécution, même si cela représente un coût économique.	-2	2	Désaccord net : orientation cohérente avec le document officiel retenu, sans passage isolé directement équivalent à la question.	https://republicains.fr/nos-idees/
party	LR	27	Sécurité / justice	Les peines de prison effectives devraient être plus sévères, même si cela augmente fortement la population carcérale.	3	2	Accord fort : orientation cohérente avec le document officiel retenu, sans passage isolé directement équivalent à la question.	https://republicains.fr/nos-idees/
party	LR	28	Sécurité / justice	Il vaut mieux investir dans la prévention et la réinsertion que dans l'augmentation des sanctions.	1	2	Accord modéré : sources officielles et prises de position convergentes ; le niveau de confiance documentaire a été réévalué indépendamment de l’intensité de la réponse.	https://republicains.fr/
party	LR	29	Sécurité / justice	La police devrait disposer de pouvoirs plus importants pour lutter contre la criminalité, quitte à accepter davantage de contrôles sur certaines libertés individuelles.	2	2	Accord fort : orientation cohérente avec le document officiel retenu, sans passage isolé directement équivalent à la question.	https://republicains.fr/nos-idees/
party	LR	30	Agriculture / commerce	La France devrait pouvoir interdire l’importation de produits agricoles fabriqués selon des normes qu’elle interdit à ses propres agriculteurs, même si cela faisait disparaître des rayons les produits alimentaires les moins chers.	2	3	Accord net : LR veut corriger la concurrence déloyale et peut soutenir des interdictions d'importation, mais propose aussi de supprimer certaines surtranspositions ou restrictions françaises lorsque celles-ci pénalisent les producteurs ; +2 est plus adapté que +3.	https://republicains.fr/actualites/2025/12/19/a-normes-inegales-la-concurrence-nest-plus-loyale-proteger-devient-un-devoir/
party	LR	32	Écologie	La lutte contre le changement climatique doit rester prioritaire même lorsqu'elle réduit la croissance économique à court terme.	1	2	Accord modéré : orientation cohérente avec le document officiel retenu, sans passage isolé directement équivalent à la question.	https://republicains.fr/nos-idees/
party	LR	33	Écologie	Il faut accepter une hausse importante du prix des énergies fossiles pour accélérer la transition écologique.	-1	2	Réserve : codage cohérent avec la ligne programmatique générale du parti sur écologie.	https://republicains.fr/nos-idees/
party	LR	34	Economie	Une partie des cotisations sociales sur les salaires devrait être remplacée par une hausse de la TVA afin d’augmenter les salaires nets et de réduire le coût du travail, même si cela augmente le prix des biens et services consommés	1	2	Gérard Larcher présente explicitement la TVA sociale comme une piste à examiner pour agir sur salaire net et compétitivité, sans en faire une proposition arrêtée. Faible accord : +1.	https://republicains.fr/actualites/2025/05/19/gerard-larcher-bruno-retailleau-a-fait-naitre-un-nouvel-espoir-quil-sagit-maintenant-de-transformer/
party	LR	35	Écologie	Les politiques écologiques devraient reposer principalement sur des mécanismes de marché comme la taxe carbone plutôt que sur des interdictions.	2	2	Accord net : sources officielles et prises de position convergentes ; le niveau de confiance documentaire a été réévalué indépendamment de l’intensité de la réponse.	https://republicains.fr/
party	LR	36	Écologie	Il est justifié d'interdire certains produits ou comportements très polluants même lorsque les consommateurs les souhaitent.	0	2	Position équilibrée ou non tranchée : codage cohérent avec la ligne programmatique générale du parti sur écologie.	https://republicains.fr/nos-idees/
party	LR	37	Écologie	Les pays riches devraient supporter une part prépondérante du coût de la transition écologique mondiale.	0	1	Position équilibrée ou non tranchée : estimation prudente ; aucune formulation parfaitement équivalente à la question n’a été identifiée.	https://republicains.fr/nos-idees/
party	LR	38	Europe	La France devrait transférer davantage de compétences à l'Union européenne afin de renforcer son poids économique et géopolitique.	0	2	Position équilibrée ou non tranchée : orientation cohérente avec le document officiel retenu, sans passage isolé directement équivalent à la question.	https://republicains.fr/nos-idees/
party	LR	39	Europe	La France devrait conserver autant que possible sa souveraineté nationale, même si cela réduit son influence au niveau européen.	1	2	Accord modéré : orientation cohérente avec le document officiel retenu, sans passage isolé directement équivalent à la question.	https://republicains.fr/nos-idees/
party	LR	40	Europe	L'euro est globalement bénéfique pour la France malgré la perte de certains instruments de politique économique.	2	2	Accord net : orientation cohérente avec le document officiel retenu, sans passage isolé directement équivalent à la question.	https://republicains.fr/nos-idees/
party	LR	41	Europe	L'Union européenne devrait pouvoir imposer davantage de règles communes aux États membres.	0	2	Position équilibrée ou non tranchée : orientation cohérente avec le document officiel retenu, sans passage isolé directement équivalent à la question.	https://republicains.fr/nos-idees/
party	LR	42	Europe	En cas de conflit entre les intérêts économiques français et les règles européennes, la France devrait pouvoir désobéir à certaines règles européennes.	2	2	Accord net : orientation cohérente avec le document officiel retenu, sans passage isolé directement équivalent à la question.	https://republicains.fr/nos-idees/
party	LR	43	Fiscalité / patrimoine	Il faudrait supprimer l'IFI et ne plus taxer spécifiquement le patrimoine immobilier au-delà de la fiscalité ordinaire.	3	2	Accord fort : orientation cohérente avec le document officiel retenu, sans passage isolé directement équivalent à la question.	https://republicains.fr/nos-idees/
party	LR	44	Fiscalité / patrimoine	L'héritage devrait être davantage taxé au-delà d'un certain seuil de patrimoine transmis, même si cela conduit certaines familles à transmettre moins de patrimoine à leurs enfants.	-3	2	Désaccord fort : orientation cohérente avec le document officiel retenu, sans passage isolé directement équivalent à la question.	https://republicains.fr/nos-idees/
party	LR	45	Fiscalité / patrimoine	Les très grandes fortunes devraient être imposées sur leur patrimoine mondial, même lorsqu'elles quittent la France.	-2	2	Désaccord net : orientation cohérente avec le document officiel retenu, sans passage isolé directement équivalent à la question.	https://republicains.fr/nos-idees/
party	LR	46	Travail / chômage	Un chômeur devrait pouvoir perdre une partie significative de ses allocations s'il refuse plusieurs emplois raisonnablement adaptés à ses compétences.	3	2	Accord fort : orientation cohérente avec le document officiel retenu, sans passage isolé directement équivalent à la question.	https://republicains.fr/nos-idees/
party	LR	47	Outre-mer / vie chère	L’État devrait garantir que les produits essentiels ne coûtent pas beaucoup plus cher dans les DOM/TOM que dans l’Hexagone, quitte à subventionner durablement leur transport ou leur prix avec l’argent public national.	1	3	LR accepte des mécanismes ciblés pour réduire les surcoûts ultramarins et maintenir le bouclier qualité-prix, tout en refusant une égalisation artificielle et illimitée : accord modéré.	https://questions.assemblee-nationale.fr/dyn/17/comptes-rendus/seance/session-ordinaire-de-2025-2026/troisieme-seance-du-jeudi-11-decembre-2025
party	LR	48	Travail / chômage	Le CDI protège trop fortement les salariés déjà en poste et peut rendre plus difficile l’accès à l’emploi stable, au détriment des jeunes, chômeurs ou travailleurs en contrats précaires.	2	2	Accord net : sources officielles et prises de position convergentes ; le niveau de confiance documentaire a été réévalué indépendamment de l’intensité de la réponse.	https://republicains.fr/
party	LR	49	Retraites	Les retraites devraient être progressivement réformées vers un système combinant répartition et capitalisation, même si cela implique une période de transition coûteuse.	2	2	Accord net : LR défend désormais explicitement le développement d'une part de capitalisation en complément du système par répartition ; le principe de combinaison des deux piliers correspond directement à la question.	https://republicains.fr/nos-idees/
party	LR	50	Retraites	L'âge légal de départ à la retraite devrait être automatiquement indexé sur l'espérance de vie nationale.	1	1	Accord modéré : LR souhaite tenir compte du vieillissement démographique et travailler plus longtemps, mais ne propose pas clairement une indexation automatique de l'âge légal sur l'espérance de vie ; +1 plutôt que +2.	https://republicains.fr/nos-idees/
party	LR	51	Protection sociale	Les prestations sociales devraient être fortement conditionnées à la durée de cotisation et de participation au marché du travail.	3	2	Accord fort : orientation cohérente avec le document officiel retenu, sans passage isolé directement équivalent à la question.	https://republicains.fr/nos-idees/
party	LR	53	État / entreprises	Une entreprise qui reçoit plusieurs milliards d'euros d'aides publiques devrait pouvoir être contrainte de limiter ses dividendes et les rémunérations de ses dirigeants tant que l'aide n'est pas remboursée.	0	2	Position équilibrée ou non tranchée : codage cohérent avec la ligne programmatique générale du parti sur état / entreprises.	https://republicains.fr/nos-idees/
party	LR	54	État / entreprises	L'État devrait davantage utiliser son pouvoir d'actionnaire pour orienter les grandes entreprises françaises vers des objectifs industriels de long terme.	1	1	Accord modéré : estimation prudente ; aucune formulation parfaitement équivalente à la question n’a été identifiée.	https://republicains.fr/nos-idees/
party	LR	55	État / entreprises	Il faudrait réduire fortement les normes administratives pesant sur les entreprises, même si certaines protections environnementales ou sociales deviennent moins strictes.	2	2	Accord fort : orientation cohérente avec le document officiel retenu, sans passage isolé directement équivalent à la question.	https://republicains.fr/nos-idees/
party	LR	56	Immigration / régularisation	Un étranger en situation irrégulière qui travaille de façon stable en France depuis plusieurs années et n’a commis aucun délit devrait pouvoir être régularisé, même s’il est entré ou est resté sur le territoire sans autorisation.	-3	3	Désaccord fort : LR affirme qu'il n'existe pas de droit à la régularisation et s'oppose à faire du travail durable en France un principe ouvrant une voie générale de régularisation ; la formulation de la question appelle un désaccord maximal.	https://republicains.fr/actualites/2025/01/24/bruno-retailleau-il-ny-a-pas-de-droit-a-la-regularisation/
party	LR	57	Immigration / assimilation	L'accès à certaines prestations sociales devrait être beaucoup plus limité pendant les premières années suivant l'arrivée d'un immigré.	3	3	Accord fort : Bruno Retailleau propose de conditionner l’accès de certains étrangers aux prestations sociales à cinq années de résidence régulière et de travail, ce qui correspond directement à une limitation forte pendant les premières années.	https://republicains.fr/actualites/2026/05/02/priorite-travail-france-35h-salaires-retraites/
party	LR	58	Immigration / assimilation	La France devrait privilégier l'immigration économique qualifiée, même si cela signifie accueillir moins de personnes peu qualifiées.	2	2	Accord net : sources officielles et prises de position convergentes ; le niveau de confiance documentaire a été réévalué indépendamment de l’intensité de la réponse.	https://republicains.fr/
party	LR	59	Immigration / assimilation	Une personne née en France de parents étrangers devrait automatiquement devenir française à sa majorité si elle y a grandi, même si elle ne manifeste pas particulièrement d'attachement à la France.	-2	2	Désaccord net : LR défend un durcissement du droit du sol et plusieurs responsables du parti ont proposé d’étendre les restrictions au-delà de Mayotte ; cela s’oppose clairement à l’automaticité décrite, sans aller aussi loin que les partis qui veulent la supprimer partout.	https://republicains.fr/nos-idees/
party	LR	60	Immigration / assimilation	La France devrait pouvoir refuser l'entrée à un immigré légalement admissible lorsqu'il existe de fortes raisons de penser qu'il ne souhaite pas s'intégrer culturellement à la société française.	3	2	Accord fort : orientation cohérente avec le document officiel retenu, sans passage isolé directement équivalent à la question.	https://republicains.fr/nos-idees/
party	LR	61	Immigration / assimilation	Le fait de conserver des pratiques culturelles ou religieuses très différentes de celles de la majorité française n'est pas en soi un problème tant que les lois françaises sont respectées.	-1	1	Réserve : estimation prudente ; aucune formulation parfaitement équivalente à la question n’a été identifiée.	https://republicains.fr/nos-idees/
party	LR	63	Libertés / sécurité	Pour lutter contre le terrorisme, l'État devrait pouvoir surveiller préventivement une personne considérée comme présentant un risque sérieux, même sans preuve suffisante pour engager des poursuites pénales.	3	2	Accord fort : orientation cohérente avec le document officiel retenu, sans passage isolé directement équivalent à la question.	https://republicains.fr/nos-idees/
party	LR	64	Libertés / expression	Une personne qui tient publiquement des propos profondément offensants mais qui n'appelle ni à la violence ni à commettre une infraction devrait être protégée par la liberté d'expression.	2	2	Accord net : sources officielles et prises de position convergentes ; le niveau de confiance documentaire a été réévalué indépendamment de l’intensité de la réponse.	https://republicains.fr/
party	LR	66	Sécurité	Lorsqu’un conducteur refuse d’obtempérer et prend la fuite, les policiers devraient pouvoir utiliser leur arme à feu même si le danger pour leur vie n’est pas immédiat.	2	3	Accord fort : la proposition de loi a été portée par un député LR et les 48 députés Droite Républicaine ayant pris part au scrutin du 7 juillet 2026 ont tous voté pour.	https://www.assemblee-nationale.fr/dyn/17/scrutins/7987
party	LR	67	Écologie	Une taxe carbone qui réduit les émissions de CO₂ devrait être maintenue même si elle diminue le pouvoir d’achat des ménages modestes, à condition de compenser ces derniers par des aides ciblées.	0	2	Position équilibrée ou non tranchée : orientation cohérente avec le document officiel retenu, sans passage isolé directement équivalent à la question.	https://republicains.fr/nos-idees/
party	LR	68	Écologie	La France devrait interdire progressivement la vente de voitures thermiques même si cela augmente temporairement le prix moyen des véhicules.	-2	2	Désaccord net : orientation cohérente avec le document officiel retenu, sans passage isolé directement équivalent à la question.	https://republicains.fr/nos-idees/
party	LR	69	Écologie	Il faut privilégier le nucléaire même si cela conduit à réduire certains investissements dans les renouvelables.	3	2	Accord fort : orientation cohérente avec le document officiel retenu, sans passage isolé directement équivalent à la question.	https://republicains.fr/nos-idees/
party	LR	71	Écologie / croissance	Si la France pouvait réduire ses émissions de 20 % mais que cela réduisait son PIB de 3 %, alors que les autres pays ne faisaient aucun effort comparable, il faudrait quand même le faire.	-2	1	Désaccord net : estimation prudente ; aucune formulation parfaitement équivalente à la question n’a été identifiée.	https://republicains.fr/nos-idees/
party	LR	72	Institutions	Pour certaines décisions économiques complexes, il serait préférable de confier davantage de pouvoir à des institutions indépendantes composées d'experts plutôt qu'aux responsables politiques élus.	1	1	Accord modéré : estimation prudente ; aucune formulation parfaitement équivalente à la question n’a été identifiée.	https://republicains.fr/nos-idees/
party	LR	73	Institutions	Un gouvernement devrait pouvoir prendre une décision économiquement nécessaire mais très impopulaire sans chercher à obtenir l'approbation immédiate de la population.	2	2	Accord net : sources officielles et prises de position convergentes ; le niveau de confiance documentaire a été réévalué indépendamment de l’intensité de la réponse.	https://republicains.fr/
party	LR	74	Institutions	Le référendum devrait être beaucoup plus utilisé, même lorsque les citoyens votent sur des sujets dont ils maîtrisent mal les aspects techniques.	2	2	Accord net : orientation cohérente avec le document officiel retenu, sans passage isolé directement équivalent à la question.	https://republicains.fr/nos-idees/
party	LR	75	Institutions	Il serait acceptable de donner davantage de poids politique aux citoyens qui démontrent un niveau élevé de connaissance du fonctionnement des institutions et de l'économie.	-1	1	Désaccord modéré : Les Républicains restent attachés au principe d'égalité politique des citoyens et au suffrage universel. Ils ne défendent pas une pondération du vote en fonction des connaissances ; -1 traduit ce désaccord sans extrapoler une opposition doctrinale explicite à l'hypothèse précise.	https://republicains.fr/nos-idees/
party	LR	76	Institutions	Le président de la République devrait disposer de davantage de pouvoirs pour pouvoir mettre en œuvre un programme pendant cinq ans sans être constamment bloqué par le Parlement.	2	2	Accord net : sources officielles et prises de position convergentes ; le niveau de confiance documentaire a été réévalué indépendamment de l’intensité de la réponse.	https://republicains.fr/
party	LR	77	Institutions	La proportionnelle intégrale serait préférable au système actuel, même si elle rendait plus fréquentes les coalitions et les gouvernements instables.	-3	3	Désaccord fort : LR rejette explicitement la proportionnelle en invoquant précisément le risque de coalitions instables et de difficultés à dégager une majorité ; cela correspond presque exactement au désaccord décrit par la question.	https://republicains.fr/actualites/2025/05/28/le-bureau-politique-des-republicains-soppose-a-lunanimite-a-la-proportionnelle/
party	LR	78	Immigration / assimilation	Le droit de séjour durable en France devrait dépendre, sauf impossibilité particulière, d’efforts concrets pour apprendre le français, comprendre les règles et usages du pays et participer à la vie collective.	3	2	Accord fort : orientation cohérente avec le document officiel retenu, sans passage isolé directement équivalent à la question.	https://republicains.fr/nos-idees/
party	LR	79	Immigration / délinquance	Les différences de délinquance observées s’expliquent davantage par les inégalités sociales et économiques que par la culture d’origine des personnes concernées.	-1	2	Réserve : orientation cohérente avec le document officiel retenu, sans passage isolé directement équivalent à la question.	https://republicains.fr/nos-idees/
party	LR	80	Écologie / agriculture	La France devrait interdire aux agriculteurs l’usage d’un produit jugé trop polluant, même si cette interdiction les désavantage face à des concurrents étrangers qui peuvent encore l’utiliser.	-3	3	Désaccord fort : la Droite républicaine défend les dérogations lorsque des filières agricoles sont sans alternative et critique les contraintes nationales qui pénalisent les agriculteurs face à la concurrence, tout en renvoyant l’évaluation sanitaire à l’expertise scientifique.	https://questions.assemblee-nationale.fr/dyn/17/comptes-rendus/seance/session-extraordinaire-de-2025-2026/deuxieme-seance-du-lundi-20-juillet-2026
party	LR	81	Santé / accès aux soins	Dans les zones où l'accès aux soins est insuffisant, l'Assurance maladie devrait pouvoir limiter le conventionnement de nouveaux médecins dans les zones déjà bien dotées afin d'encourager leur installation dans les déserts médicaux.	0	3	Position neutre, partagée ou non arrêtée : le scrutin sur la régulation du conventionnement médical fournit la position parlementaire la plus proche ; pour les formations non représentées, le codage est déduit de leur ligne sur la liberté d'installation. Niveau de preuve : preuve directe ou politique explicitement documentée.	https://www.assemblee-nationale.fr/dyn/17/scrutins/1214
party	LR	82	Santé / assurance maladie	L'Assurance maladie devrait rembourser intégralement les soins essentiels, quitte à réduire fortement le rôle des complémentaires santé.	-2	2	Désaccord net : le programme de santé retenu permet d'estimer la place accordée à l'assurance publique et aux complémentaires. Niveau de preuve : faisceau d’indices cohérent, sans équivalent toujours parfaitement identique.	https://republicains.fr/nos-idees/
party	LR	83	Santé / hôpital	Il faut accepter de fermer ou regrouper certaines petites maternités et certains services d'urgence afin de concentrer les équipes et les équipements dans des établissements plus importants.	-1	1	Réserve : le document retenu permet d'arbitrer entre maintien de la proximité hospitalière et concentration des moyens. Niveau de preuve : estimation prudente à partir de la ligne générale.	https://republicains.fr/nos-idees/
party	LR	84	Éducation / autonomie	Les chefs d'établissement scolaire devraient pouvoir recruter eux-même une partie de leurs enseignants et peser davantage dans leur évaluation.	2	2	Accord net : la position est estimée à partir des propositions d'autonomie des établissements, de recrutement et de gestion des enseignants. Niveau de preuve : faisceau d’indices cohérent, sans équivalent toujours parfaitement identique.	https://republicains.fr/nos-idees/
party	LR	85	Éducation / mixité sociale	Le financement public des établissements privés sous contrat devrait être conditionné à des objectifs mesurables de mixité sociale.	-2	1	Désaccord net : la position est estimée à partir des propositions sur l'enseignement privé, son financement et la mixité sociale. Niveau de preuve : estimation prudente à partir de la ligne générale.	https://republicains.fr/nos-idees/
party	LR	86	Logement / locations touristiques	Dans les zones où le logement manque, une commune devrait pouvoir interdire la location touristique régulière d'un logement qui n'est pas la résidence principale de son propriétaire.	-1	1	Réserve : la source retenue précise le degré de régulation souhaité pour les meublés touristiques et les pouvoirs locaux. Niveau de preuve : estimation prudente à partir de la ligne générale.	https://republicains.fr/nos-idees/
party	LR	87	Défense / Ukraine	La France devrait continuer à fournir une aide militaire et financière importante à l'Ukraine tant que son territoire reste occupé, même si la guerre se prolonge.	3	3	Accord fort : le vote ou la politique officielle sur le soutien durable à l'Ukraine constitue l'indicateur principal. Niveau de preuve : preuve directe ou politique explicitement documentée.	https://www.assemblee-nationale.fr/dyn/17/scrutins/988
party	LR	88	Défense / dissuasion nucléaire	La dissuasion nucléaire française devrait aussi protéger les partenaires européens, tout en laissant à la France seule la décision finale de l'employer.	-3	3	Désaccord fort : Bruno Retailleau rejette explicitement l’idée d’élargir la vocation protectrice de la dissuasion nucléaire française à l’Europe et insiste sur son caractère strictement national et autonome. C’est un refus direct du principe posé par la question : -3.	https://republicains.fr/actualites/2026/03/01/la-dissuasion-nucleaire-francaise-ne-se-partage-pas/
party	LR	89	Santé / fin de vie	Une personne majeure atteinte d'une maladie grave et incurable provoquant des souffrances insupportables devrait pouvoir recevoir une aide médicale à mourir dans un cadre strictement contrôlé.	-2	3	Désaccord net : le vote, la loi ou la position gouvernementale sur l'aide à mourir fournit un équivalent direct ou très proche. Niveau de preuve : preuve directe ou politique explicitement documentée.	https://www.assemblee-nationale.fr/dyn/17/scrutins/2107
party	LR	90	Dépendance / EHPAD	Les groupes privés à but lucratif ne devraient plus pouvoir gérer d'EHPAD. Les établissements existants devraient progressivement devenir publics ou non lucratifs.	-2	1	Désaccord net : le programme social et sanitaire permet d'estimer la place laissée aux opérateurs lucratifs dans la dépendance. Niveau de preuve : estimation prudente à partir de la ligne générale.	https://republicains.fr/nos-idees/
party	LR	91	Famille / prestations	Les allocations familiales devraient être versées à toutes les familles selon le nombre d'enfants, sans diminuer lorsque les revenus augmentent.	3	3	Accord fort : Bruno Retailleau propose un revenu familial versé par enfant quel que soit le niveau de revenus des parents, ce qui correspond directement au principe d’allocations familiales universelles posé par la question.	https://republicains.fr/actualites/2026/05/02/priorite-travail-france-35h-salaires-retraites/
party	LR	92	Numérique / mineurs	L'accès aux réseaux sociaux devrait être interdit aux moins de 15 ans, même avec l'accord de leurs parents.	3	3	Accord fort : le vote ou la politique publique sur l'âge d'accès aux réseaux sociaux permet de distinguer interdiction stricte, autorisation parentale et régulation plus souple. Niveau de preuve : preuve directe ou politique explicitement documentée.	https://www.assemblee-nationale.fr/dyn/17/scrutins/8431
party	LR	93	Numérique / intelligence artificielle	Les administrations publiques devraient privilégier des modèles d'intelligence artificielle hébergés en Europe, même s'ils sont temporairement moins performants ou plus coûteux que leurs concurrents étrangers.	2	2	Accord net : LR défend explicitement une indépendance numérique française et européenne et le refus de la dépendance technologique ; la question ajoute toutefois l’acceptation d’un surcoût ou d’une moindre performance, qui n’est pas formulée explicitement.	https://republicains.fr/
party	Nouvelle Énergie	1	Économie	Il faut réduire les impôts sur le travail et le capital, même si cela implique de réduire certaines dépenses publiques.	3	3	Accord fort : preuve primaire directe ou proposition officielle très proche ; le niveau de confiance documentaire a été réévalué indépendamment de l’intensité de la réponse.	https://www.unenouvelleenergie.fr/notre-programme/
party	Nouvelle Énergie	2	Économie	Les inégalités économiques sont acceptables tant qu'elles résultent principalement du travail ou de la prise de risque.	2	2	Accord net : sources officielles et prises de position convergentes ; le niveau de confiance documentaire a été réévalué indépendamment de l’intensité de la réponse.	https://www.unenouvelleenergie.fr/notre-programme/
party	Nouvelle Énergie	3	Économie	L'État devrait davantage taxer les hauts revenus et les gros patrimoines afin de réduire les inégalités.	-3	2	Désaccord fort : orientation cohérente avec le document officiel retenu, sans passage isolé directement équivalent à la question.	https://www.unenouvelleenergie.fr/notre-programme/
party	Nouvelle Énergie	4	Économie	Les entreprises devraient être obligées de limiter l’écart entre la rémunération de leurs dirigeants et celle de leurs salariés les moins bien payés.	-2	2	Désaccord net : aucune prise de position directement équivalente à un ratio salarial obligatoire n’a été identifiée, mais Nouvelle Énergie défend une ligne économique nettement libérale, hostile aux contraintes générales supplémentaires sur les entreprises. L’opposition au principe est donc claire, sans preuve suffisante pour un désaccord maximal.	https://www.unenouvelleenergie.fr/cotiser-moins-pour-gagner-plus/
party	Nouvelle Énergie	5	Économie	Le salaire minimum devrait être augmenté significativement.	-2	2	Désaccord net : orientation cohérente avec le document officiel retenu, sans passage isolé directement équivalent à la question.	https://www.unenouvelleenergie.fr/notre-programme/
party	Nouvelle Énergie	6	Économie	Les entreprises privées sont généralement plus efficaces que l'État pour fournir des biens et services, même dans certains secteurs essentiels.	2	2	Accord net : sources officielles et prises de position convergentes ; le niveau de confiance documentaire a été réévalué indépendamment de l’intensité de la réponse.	https://www.unenouvelleenergie.fr/notre-programme/
party	Nouvelle Énergie	7	Économie	L'État devrait pouvoir nationaliser temporairement ou durablement une entreprise privée lorsqu'elle contrôle une activité stratégique pour le pays.	-2	2	Désaccord net : orientation cohérente avec le document officiel retenu, sans passage isolé directement équivalent à la question.	https://www.unenouvelleenergie.fr/notre-programme/
party	Nouvelle Énergie	8	Économie	La concurrence est généralement préférable à la réglementation pour améliorer les prix, la qualité et l'innovation.	3	3	Accord fort : preuve primaire directe ou proposition officielle très proche ; le niveau de confiance documentaire a été réévalué indépendamment de l’intensité de la réponse.	https://www.unenouvelleenergie.fr/notre-programme/
party	Nouvelle Énergie	9	État	La France dépense trop d'argent public et devrait accepter de réduire certaines politiques sociales pour revenir à l'équilibre budgétaire.	3	3	Accord fort : preuve primaire directe ou proposition officielle très proche ; le niveau de confiance documentaire a été réévalué indépendamment de l’intensité de la réponse.	https://www.unenouvelleenergie.fr/notre-programme/
party	Nouvelle Énergie	10	État	L'État devrait garantir un niveau élevé de protection sociale, même si cela implique une fiscalité importante.	-1	2	Réserve : orientation cohérente avec le document officiel retenu, sans passage isolé directement équivalent à la question.	https://www.unenouvelleenergie.fr/notre-programme/
party	Nouvelle Énergie	12	État	L'État devrait intervenir beaucoup plus fortement dans l'économie lorsque le marché produit des résultats jugés socialement indésirables.	-2	2	Désaccord net : orientation cohérente avec le document officiel retenu, sans passage isolé directement équivalent à la question.	https://www.unenouvelleenergie.fr/notre-programme/
party	Nouvelle Énergie	13	État	Les citoyens devraient avoir davantage de liberté pour choisir eux-mêmes comment utiliser leur argent plutôt que de passer par des systèmes publics obligatoires.	3	3	Accord fort : preuve primaire directe ou proposition officielle très proche ; le niveau de confiance documentaire a été réévalué indépendamment de l’intensité de la réponse.	https://www.unenouvelleenergie.fr/notre-programme/
party	Nouvelle Énergie	14	Social / société	La société devrait accepter beaucoup plus largement les différents modes de vie, même lorsqu'ils s'éloignent des normes traditionnelles.	0	2	Position équilibrée ou non tranchée : codage cohérent avec la ligne programmatique générale du parti sur social / société.	https://www.unenouvelleenergie.fr/notre-programme/
party	Nouvelle Énergie	15	Démocratie	Un gouvernement devrait pouvoir faire adopter le budget sans vote de l’Assemblée nationale lorsqu’aucune majorité stable ne se dégage, afin d’éviter un blocage institutionnel.	-1	2	Désaccord léger : Nouvelle Énergie refuse qu’un mauvais budget soit imposé au nom de la stabilité et défend la censure en cas de désaccord, sans proposer formellement l’abolition de la faculté budgétaire d’exception : -1.	https://www.unenouvelleenergie.fr/budget-2026-la-coherence-impose-la-censure/
party	Nouvelle Énergie	16	Social / société	Réduire les inégalités peut parfois justifier de restreindre certaines libertés individuelles.	-3	2	Désaccord fort : estimation prudente ; aucune formulation parfaitement équivalente à la question n’a été identifiée.	https://www.unenouvelleenergie.fr/notre-programme/
party	Nouvelle Énergie	17	Social / société	Les politiques publiques devraient chercher à corriger activement les discriminations historiques ou structurelles entre groupes sociaux.	-1	2	Réserve : codage cohérent avec la ligne programmatique générale du parti sur social / société.	https://www.unenouvelleenergie.fr/notre-programme/
party	Nouvelle Énergie	18	Institutions / territoires	Les régions devraient pouvoir adopter des règles différentes en matière économique, sociale ou environnementale plutôt que d’appliquer partout les mêmes règles nationales.	3	3	Accord fort : Nouvelle Énergie propose explicitement un transfert massif de compétences aux collectivités et une autonomie du pouvoir réglementaire local permettant d’adapter les politiques publiques et les normes aux réalités territoriales.	https://www.unenouvelleenergie.fr/notre-programme/generer-un-renouveau-civique/
party	Nouvelle Énergie	19	Social / société	Certaines traditions et valeurs culturelles méritent d'être préservées même si elles évoluent moins vite que la société.	3	2	Accord fort : codage cohérent avec la ligne programmatique générale du parti sur social / société.	https://www.unenouvelleenergie.fr/notre-programme/
party	Nouvelle Énergie	20	Immigration	La France devrait réduire le nombre d'immigrants qu'elle accueille chaque année.	3	3	Accord fort : preuve primaire directe ou proposition officielle très proche ; le niveau de confiance documentaire a été réévalué indépendamment de l’intensité de la réponse.	https://www.unenouvelleenergie.fr/notre-programme/immigration/
party	Nouvelle Énergie	21	Immigration	L'immigration économique est globalement bénéfique pour l'économie française.	1	2	Accord modéré : sources officielles et prises de position convergentes ; le niveau de confiance documentaire a été réévalué indépendamment de l’intensité de la réponse.	https://www.unenouvelleenergie.fr/notre-programme/
party	Nouvelle Énergie	22	Immigration / droits sociaux	Un étranger installé légalement en France depuis de nombreuses années devrait, à situation économique comparable, bénéficier des mêmes prestations sociales et du même accès au logement social qu’un citoyen français, sans priorité fondée sur la nationalité.	1	2	Nouvelle Énergie conditionne les prestations sociales non contributives à au moins cinq ans de résidence régulière. Après ce délai, la logique est compatible avec l’égalité de droits, mais le parti ne tranche pas clairement l’absence de toute priorité nationale, notamment pour le logement.	https://www.unenouvelleenergie.fr/notre-programme/immigration/
party	Nouvelle Énergie	23	Immigration	L'accès à la nationalité française devrait être rendu plus exigeant.	3	3	Accord fort : preuve primaire directe ou proposition officielle très proche ; le niveau de confiance documentaire a été réévalué indépendamment de l’intensité de la réponse.	https://www.unenouvelleenergie.fr/notre-programme/immigration/
party	Nouvelle Énergie	24	Immigration	La France devrait être beaucoup plus stricte concernant l'expulsion des étrangers condamnés pour des crimes graves.	3	3	Accord fort : preuve primaire directe ou proposition officielle très proche ; le niveau de confiance documentaire a été réévalué indépendamment de l’intensité de la réponse.	https://www.unenouvelleenergie.fr/notre-programme/immigration/
party	Nouvelle Énergie	25	Immigration	Même lorsque l'immigration est économiquement bénéfique, elle peut être légitimement limitée pour préserver la cohésion culturelle du pays.	3	2	Accord fort : orientation cohérente avec le document officiel retenu, sans passage isolé directement équivalent à la question.	https://www.unenouvelleenergie.fr/notre-programme/
party	Nouvelle Énergie	26	Immigration	La France devrait accueillir davantage de réfugiés lorsqu'ils fuient une guerre ou une persécution, même si cela représente un coût économique.	-2	2	Désaccord net : orientation cohérente avec le document officiel retenu, sans passage isolé directement équivalent à la question.	https://www.unenouvelleenergie.fr/notre-programme/
party	Nouvelle Énergie	27	Sécurité / justice	Les peines de prison effectives devraient être plus sévères, même si cela augmente fortement la population carcérale.	2	2	Accord net : orientation cohérente avec le document officiel retenu, sans passage isolé directement équivalent à la question.	https://www.unenouvelleenergie.fr/notre-programme/
party	Nouvelle Énergie	28	Sécurité / justice	Il vaut mieux investir dans la prévention et la réinsertion que dans l'augmentation des sanctions.	-1	2	Désaccord léger : le programme insiste davantage sur la certitude et l’effectivité des sanctions que sur une priorité donnée à la prévention et à la réinsertion, tout en conservant une place à ces dernières : -1.	https://www.unenouvelleenergie.fr/notre-programme/
party	Nouvelle Énergie	29	Sécurité / justice	La police devrait disposer de pouvoirs plus importants pour lutter contre la criminalité, quitte à accepter davantage de contrôles sur certaines libertés individuelles.	2	2	Accord fort : orientation cohérente avec le document officiel retenu, sans passage isolé directement équivalent à la question.	https://www.unenouvelleenergie.fr/notre-programme/
party	Nouvelle Énergie	30	Agriculture / commerce	La France devrait pouvoir interdire l’importation de produits agricoles fabriqués selon des normes qu’elle interdit à ses propres agriculteurs, même si cela faisait disparaître des rayons les produits alimentaires les moins chers.	0	3	Position équilibrée : Nouvelle Énergie exige la réciprocité lorsqu'une norme est scientifiquement justifiée, mais propose aussi de supprimer des normes françaises jugées injustifiées et souligne que le protectionnisme renchérit les prix ; la formulation complète de la question appelle donc un score neutre.	https://www.unenouvelleenergie.fr/notre-programme/agriculture/
party	Nouvelle Énergie	32	Écologie	La lutte contre le changement climatique doit rester prioritaire même lorsqu'elle réduit la croissance économique à court terme.	0	2	Position équilibrée ou non tranchée : orientation cohérente avec le document officiel retenu, sans passage isolé directement équivalent à la question.	https://www.unenouvelleenergie.fr/notre-programme/
party	Nouvelle Énergie	33	Écologie	Il faut accepter une hausse importante du prix des énergies fossiles pour accélérer la transition écologique.	-2	2	Désaccord net : Nouvelle Énergie veut réduire les émissions mais fait du prix bas de l'énergie, de la compétitivité et du pouvoir d'achat une priorité ; le parti s'oppose aux dispositifs qui renchérissent fortement les carburants et énergies fossiles.	https://www.unenouvelleenergie.fr/notre-programme/
party	Nouvelle Énergie	34	Economie	Une partie des cotisations sociales sur les salaires devrait être remplacée par une hausse de la TVA afin d’augmenter les salaires nets et de réduire le coût du travail, même si cela augmente le prix des biens et services consommés	1	3	Le programme décrit exactement une TVA « compétitivité/relocalisation » accompagnée d’une baisse des charges, mais précise que la question n’est pas tranchée. Tendance favorable seulement : +1, avec confiance documentaire 3.	https://www.unenouvelleenergie.fr/notre-programme/reussir-une-nouvelle-ambition-francaise/
party	Nouvelle Énergie	35	Écologie	Les politiques écologiques devraient reposer principalement sur des mécanismes de marché comme la taxe carbone plutôt que sur des interdictions.	3	2	Accord fort : estimation prudente ; aucune formulation parfaitement équivalente à la question n’a été identifiée.	https://www.unenouvelleenergie.fr/notre-programme/
party	Nouvelle Énergie	36	Écologie	Il est justifié d'interdire certains produits ou comportements très polluants même lorsque les consommateurs les souhaitent.	0	2	Position équilibrée ou non tranchée : codage cohérent avec la ligne programmatique générale du parti sur écologie.	https://www.unenouvelleenergie.fr/notre-programme/
party	Nouvelle Énergie	37	Écologie	Les pays riches devraient supporter une part prépondérante du coût de la transition écologique mondiale.	0	1	Position équilibrée ou non tranchée : estimation prudente ; aucune formulation parfaitement équivalente à la question n’a été identifiée.	https://www.unenouvelleenergie.fr/notre-programme/
party	Nouvelle Énergie	38	Europe	La France devrait transférer davantage de compétences à l'Union européenne afin de renforcer son poids économique et géopolitique.	-2	3	Désaccord net : Nouvelle Énergie estime que les compétences de l’Union se sont étendues à trop de domaines au détriment de la souveraineté des États et veut réattribuer certaines compétences au niveau national, tout en conservant une coopération européenne forte lorsqu’elle apporte une réelle valeur ajoutée : -2.	https://www.unenouvelleenergie.fr/notre-programme/etre-maitre-de-notre-destin/
party	Nouvelle Énergie	39	Europe	La France devrait conserver autant que possible sa souveraineté nationale, même si cela réduit son influence au niveau européen.	2	2	Accord net : orientation cohérente avec le document officiel retenu, sans passage isolé directement équivalent à la question.	https://www.unenouvelleenergie.fr/notre-programme/
party	Nouvelle Énergie	40	Europe	L'euro est globalement bénéfique pour la France malgré la perte de certains instruments de politique économique.	2	2	Accord fort : orientation cohérente avec le document officiel retenu, sans passage isolé directement équivalent à la question.	https://www.unenouvelleenergie.fr/notre-programme/
party	Nouvelle Énergie	41	Europe	L'Union européenne devrait pouvoir imposer davantage de règles communes aux États membres.	-1	3	Réserve : Nouvelle Énergie critique l’accumulation de normes européennes et défend strictement le principe de subsidiarité, mais accepte des règles communes dans les domaines où l’échelle européenne est pertinente, notamment le numérique, l’énergie ou les technologies stratégiques : -1.	https://www.unenouvelleenergie.fr/notre-programme/etre-maitre-de-notre-destin/
party	Nouvelle Énergie	42	Europe	En cas de conflit entre les intérêts économiques français et les règles européennes, la France devrait pouvoir désobéir à certaines règles européennes.	2	2	Accord fort : orientation cohérente avec le document officiel retenu, sans passage isolé directement équivalent à la question.	https://www.unenouvelleenergie.fr/notre-programme/
party	Nouvelle Énergie	43	Fiscalité / patrimoine	Il faudrait supprimer l'IFI et ne plus taxer spécifiquement le patrimoine immobilier au-delà de la fiscalité ordinaire.	3	2	Accord fort : orientation cohérente avec le document officiel retenu, sans passage isolé directement équivalent à la question.	https://www.unenouvelleenergie.fr/notre-programme/
party	Nouvelle Énergie	44	Fiscalité / patrimoine	L'héritage devrait être davantage taxé au-delà d'un certain seuil de patrimoine transmis, même si cela conduit certaines familles à transmettre moins de patrimoine à leurs enfants.	-3	2	Désaccord fort : orientation cohérente avec le document officiel retenu, sans passage isolé directement équivalent à la question.	https://www.unenouvelleenergie.fr/notre-programme/
party	Nouvelle Énergie	45	Fiscalité / patrimoine	Les très grandes fortunes devraient être imposées sur leur patrimoine mondial, même lorsqu'elles quittent la France.	1	2	Accord limité : la position retenue reste prudente sur ce mécanisme très spécifique d'imposition après expatriation ; aucune adhésion à une taxation extraterritoriale générale n'est établie, ce qui limite l'intensité à +1.	https://www.unenouvelleenergie.fr/notre-programme/
party	Nouvelle Énergie	46	Travail / chômage	Un chômeur devrait pouvoir perdre une partie significative de ses allocations s'il refuse plusieurs emplois raisonnablement adaptés à ses compétences.	2	2	Accord fort : orientation cohérente avec le document officiel retenu, sans passage isolé directement équivalent à la question.	https://www.unenouvelleenergie.fr/notre-programme/
party	Nouvelle Énergie	47	Outre-mer / vie chère	L’État devrait garantir que les produits essentiels ne coûtent pas beaucoup plus cher dans les DOM/TOM que dans l’Hexagone, quitte à subventionner durablement leur transport ou leur prix avec l’argent public national.	-1	2	Nouvelle Énergie privilégie la baisse des dépenses, la concurrence et un État recentré ; une solidarité territoriale ciblée reste possible, mais une subvention nationale durable des prix va plutôt à l’encontre de sa doctrine budgétaire.	https://www.unenouvelleenergie.fr/notre-programme/
party	Nouvelle Énergie	48	Travail / chômage	Le CDI protège trop fortement les salariés déjà en poste et peut rendre plus difficile l’accès à l’emploi stable, au détriment des jeunes, chômeurs ou travailleurs en contrats précaires.	3	3	Accord fort : le programme de Nouvelle Énergie décrit explicitement la dualité CDI/CDD comme une source de « sclérose et d’injustice » et propose un contrat unique avec protection progressive ; le diagnostic selon lequel le CDI peut exclure les nouveaux entrants est donc directement documenté.	https://www.unenouvelleenergie.fr/notre-programme/reussir-une-nouvelle-ambition-francaise/
party	Nouvelle Énergie	49	Retraites	Les retraites devraient être progressivement réformées vers un système combinant répartition et capitalisation, même si cela implique une période de transition coûteuse.	3	3	Accord fort : Nouvelle Énergie défend explicitement l'introduction d'une part importante de capitalisation en complément de la répartition ; la proposition est directement comparable à la question.	https://www.unenouvelleenergie.fr/notre-programme/
party	Nouvelle Énergie	50	Retraites	L'âge légal de départ à la retraite devrait être automatiquement indexé sur l'espérance de vie nationale.	-2	3	Désaccord net : Nouvelle Énergie fixe explicitement l’âge légal à 65 ans puis propose une réforme destinée à « stabiliser le dispositif » et à en finir avec les hausses récurrentes liées au vieillissement, plutôt qu’une indexation automatique de l’âge légal sur l’espérance de vie.	https://www.unenouvelleenergie.fr/notre-programme/reussir-une-nouvelle-ambition-francaise/
party	Nouvelle Énergie	51	Protection sociale	Les prestations sociales devraient être fortement conditionnées à la durée de cotisation et de participation au marché du travail.	2	2	Accord fort : orientation cohérente avec le document officiel retenu, sans passage isolé directement équivalent à la question.	https://www.unenouvelleenergie.fr/notre-programme/
party	Nouvelle Énergie	53	État / entreprises	Une entreprise qui reçoit plusieurs milliards d'euros d'aides publiques devrait pouvoir être contrainte de limiter ses dividendes et les rémunérations de ses dirigeants tant que l'aide n'est pas remboursée.	1	2	Accord modéré : codage cohérent avec la ligne programmatique générale du parti sur état / entreprises.	https://www.unenouvelleenergie.fr/notre-programme/
party	Nouvelle Énergie	54	État / entreprises	L'État devrait davantage utiliser son pouvoir d'actionnaire pour orienter les grandes entreprises françaises vers des objectifs industriels de long terme.	1	2	Accord modéré : sources officielles et prises de position convergentes ; le niveau de confiance documentaire a été réévalué indépendamment de l’intensité de la réponse.	https://www.unenouvelleenergie.fr/notre-programme/
party	Nouvelle Énergie	55	État / entreprises	Il faudrait réduire fortement les normes administratives pesant sur les entreprises, même si certaines protections environnementales ou sociales deviennent moins strictes.	3	3	Accord fort : preuve primaire directe ou proposition officielle très proche ; le niveau de confiance documentaire a été réévalué indépendamment de l’intensité de la réponse.	https://www.unenouvelleenergie.fr/notre-programme/
party	Nouvelle Énergie	56	Immigration / régularisation	Un étranger en situation irrégulière qui travaille de façon stable en France depuis plusieurs années et n’a commis aucun délit devrait pouvoir être régularisé, même s’il est entré ou est resté sur le territoire sans autorisation.	-3	3	Désaccord fort : Nouvelle Énergie propose explicitement de supprimer toute possibilité d’être régularisé après être entré clandestinement sur le territoire ; la proposition est directement opposée à la question.	https://www.unenouvelleenergie.fr/notre-programme/reussir-une-nouvelle-ambition-francaise/
party	Nouvelle Énergie	57	Immigration / assimilation	L'accès à certaines prestations sociales devrait être beaucoup plus limité pendant les premières années suivant l'arrivée d'un immigré.	3	3	Accord fort : preuve primaire directe ou proposition officielle très proche ; le niveau de confiance documentaire a été réévalué indépendamment de l’intensité de la réponse.	https://www.unenouvelleenergie.fr/notre-programme/immigration/
party	Nouvelle Énergie	58	Immigration / assimilation	La France devrait privilégier l'immigration économique qualifiée, même si cela signifie accueillir moins de personnes peu qualifiées.	3	3	Accord fort : preuve primaire directe ou proposition officielle très proche ; le niveau de confiance documentaire a été réévalué indépendamment de l’intensité de la réponse.	https://www.unenouvelleenergie.fr/notre-programme/immigration/
party	Nouvelle Énergie	59	Immigration / assimilation	Une personne née en France de parents étrangers devrait automatiquement devenir française à sa majorité si elle y a grandi, même si elle ne manifeste pas particulièrement d'attachement à la France.	-3	2	Désaccord fort : Nouvelle Énergie propose explicitement de mettre fin à l’automaticité du droit du sol ; c’est l’opposé direct de la proposition.	https://www.unenouvelleenergie.fr/notre-programme/
party	Nouvelle Énergie	60	Immigration / assimilation	La France devrait pouvoir refuser l'entrée à un immigré légalement admissible lorsqu'il existe de fortes raisons de penser qu'il ne souhaite pas s'intégrer culturellement à la société française.	3	3	Accord fort : preuve primaire directe ou proposition officielle très proche ; le niveau de confiance documentaire a été réévalué indépendamment de l’intensité de la réponse.	https://www.unenouvelleenergie.fr/notre-programme/immigration/
party	Nouvelle Énergie	61	Immigration / assimilation	Le fait de conserver des pratiques culturelles ou religieuses très différentes de celles de la majorité française n'est pas en soi un problème tant que les lois françaises sont respectées.	-2	2	Désaccord net : sources officielles et prises de position convergentes ; le niveau de confiance documentaire a été réévalué indépendamment de l’intensité de la réponse.	https://www.unenouvelleenergie.fr/notre-programme/
party	Nouvelle Énergie	63	Libertés / sécurité	Pour lutter contre le terrorisme, l'État devrait pouvoir surveiller préventivement une personne considérée comme présentant un risque sérieux, même sans preuve suffisante pour engager des poursuites pénales.	2	2	Accord fort : orientation cohérente avec le document officiel retenu, sans passage isolé directement équivalent à la question.	https://www.unenouvelleenergie.fr/notre-programme/
party	Nouvelle Énergie	64	Libertés / expression	Une personne qui tient publiquement des propos profondément offensants mais qui n'appelle ni à la violence ni à commettre une infraction devrait être protégée par la liberté d'expression.	2	2	Accord net : sources officielles et prises de position convergentes ; le niveau de confiance documentaire a été réévalué indépendamment de l’intensité de la réponse.	https://www.unenouvelleenergie.fr/notre-programme/
party	Nouvelle Énergie	66	Sécurité	Lorsqu’un conducteur refuse d’obtempérer et prend la fuite, les policiers devraient pouvoir utiliser leur arme à feu même si le danger pour leur vie n’est pas immédiat.	1	1	Accord modéré, codé prudemment : la ligne du parti est sécuritaire et favorable à une protection juridique renforcée des forces de l’ordre, mais aucune formulation exactement équivalente n’a été identifiée.	https://www.unenouvelleenergie.fr/notre-programme/
party	Nouvelle Énergie	67	Écologie	Une taxe carbone qui réduit les émissions de CO₂ devrait être maintenue même si elle diminue le pouvoir d’achat des ménages modestes, à condition de compenser ces derniers par des aides ciblées.	0	2	Position équilibrée ou non tranchée : Nouvelle Énergie est très réservée sur la fiscalité carbone qui renchérit l'énergie, mais aucune position récente suffisamment précise ne permet de trancher le cas particulier d'une taxe intégralement compensée pour les ménages modestes.	https://www.unenouvelleenergie.fr/notre-programme/
party	Nouvelle Énergie	68	Écologie	La France devrait interdire progressivement la vente de voitures thermiques même si cela augmente temporairement le prix moyen des véhicules.	-2	2	Désaccord net : orientation cohérente avec le document officiel retenu, sans passage isolé directement équivalent à la question.	https://www.unenouvelleenergie.fr/notre-programme/
party	Nouvelle Énergie	69	Écologie	Il faut privilégier le nucléaire même si cela conduit à réduire certains investissements dans les renouvelables.	3	3	Accord fort : preuve primaire directe ou proposition officielle très proche ; le niveau de confiance documentaire a été réévalué indépendamment de l’intensité de la réponse.	https://www.unenouvelleenergie.fr/le-grand-entretien-avec-david-lisnard-quelle-strategie-pour-la-france-dans-le-nouveau-desordre-mondial/
party	Nouvelle Énergie	71	Écologie / croissance	Si la France pouvait réduire ses émissions de 20 % mais que cela réduisait son PIB de 3 %, alors que les autres pays ne faisaient aucun effort comparable, il faudrait quand même le faire.	-1	1	Réserve : estimation prudente ; aucune formulation parfaitement équivalente à la question n’a été identifiée.	https://www.unenouvelleenergie.fr/notre-programme/
party	Nouvelle Énergie	72	Institutions	Pour certaines décisions économiques complexes, il serait préférable de confier davantage de pouvoir à des institutions indépendantes composées d'experts plutôt qu'aux responsables politiques élus.	-1	1	Désaccord modéré : Nouvelle Énergie critique le pouvoir technocratique et le dessaisissement des responsables élus, tout en valorisant l'expertise et l'évaluation ; -1 traduit cette réserve sans surestimer l'opposition.	https://www.unenouvelleenergie.fr/notre-programme/
party	Nouvelle Énergie	73	Institutions	Un gouvernement devrait pouvoir prendre une décision économiquement nécessaire mais très impopulaire sans chercher à obtenir l'approbation immédiate de la population.	1	1	Accord modéré : estimation prudente ; aucune formulation parfaitement équivalente à la question n’a été identifiée.	https://www.unenouvelleenergie.fr/notre-programme/
party	Nouvelle Énergie	74	Institutions	Le référendum devrait être beaucoup plus utilisé, même lorsque les citoyens votent sur des sujets dont ils maîtrisent mal les aspects techniques.	3	2	Accord fort : Nouvelle Énergie veut généraliser les référendums, permettre de soumettre largement les sujets au pays et rendre effectif le référendum d'initiative citoyenne ; la correspondance avec la question est très directe.	https://www.unenouvelleenergie.fr/notre-programme/
party	Nouvelle Énergie	75	Institutions	Il serait acceptable de donner davantage de poids politique aux citoyens qui démontrent un niveau élevé de connaissance du fonctionnement des institutions et de l'économie.	-1	1	Désaccord modéré : Nouvelle Énergie défend la légitimité du suffrage universel et le recours accru au référendum, sans proposer de donner davantage de poids politique aux citoyens selon leur niveau de connaissance. -1 traduit cette réserve sans surinterpréter sa doctrine.	https://www.unenouvelleenergie.fr/notre-programme/
party	Nouvelle Énergie	76	Institutions	Le président de la République devrait disposer de davantage de pouvoirs pour pouvoir mettre en œuvre un programme pendant cinq ans sans être constamment bloqué par le Parlement.	2	2	Accord net : sources officielles et prises de position convergentes ; le niveau de confiance documentaire a été réévalué indépendamment de l’intensité de la réponse.	https://www.unenouvelleenergie.fr/notre-programme/
party	Nouvelle Énergie	77	Institutions	La proportionnelle intégrale serait préférable au système actuel, même si elle rendait plus fréquentes les coalitions et les gouvernements instables.	-3	2	Désaccord fort : David Lisnard et Nouvelle Énergie rejettent explicitement la proportionnelle intégrale, notamment parce qu'elle affaiblirait la capacité de l'exécutif à gouverner ; opposition directe à la question.	https://www.unenouvelleenergie.fr/notre-programme/
party	Nouvelle Énergie	78	Immigration / assimilation	Le droit de séjour durable en France devrait dépendre, sauf impossibilité particulière, d’efforts concrets pour apprendre le français, comprendre les règles et usages du pays et participer à la vie collective.	3	3	Accord fort : preuve primaire directe ou proposition officielle très proche ; le niveau de confiance documentaire a été réévalué indépendamment de l’intensité de la réponse.	https://www.unenouvelleenergie.fr/notre-programme/immigration/
party	Nouvelle Énergie	79	Immigration / délinquance	Les différences de délinquance observées s’expliquent davantage par les inégalités sociales et économiques que par la culture d’origine des personnes concernées.	-1	2	Réserve : orientation cohérente avec le document officiel retenu, sans passage isolé directement équivalent à la question.	https://www.unenouvelleenergie.fr/notre-programme/
party	Nouvelle Énergie	80	Écologie / agriculture	La France devrait interdire aux agriculteurs l’usage d’un produit jugé trop polluant, même si cette interdiction les désavantage face à des concurrents étrangers qui peuvent encore l’utiliser.	-3	3	Désaccord fort : Nouvelle Énergie veut mettre fin aux surtranspositions françaises, aligner les règles sur le marché commun et autoriser un usage raisonné des produits phytosanitaires sur base scientifique ; le programme refuse explicitement les normes qui affaiblissent la compétitivité sans bénéfice démontré.	https://www.unenouvelleenergie.fr/notre-programme/agriculture/
party	Nouvelle Énergie	81	Santé / accès aux soins	Dans les zones où l'accès aux soins est insuffisant, l'Assurance maladie devrait pouvoir limiter le conventionnement de nouveaux médecins dans les zones déjà bien dotées afin d'encourager leur installation dans les déserts médicaux.	-2	3	Désaccord net : le livret santé de Nouvelle Énergie privilégie la liberté d’installation et des incitations par le conventionnement ou le remboursement plutôt qu’une interdiction administrative d’installation dans les zones déjà dotées.	https://www.unenouvelleenergie.fr/nouvelle-energie-publie-son-livret-sante-liberer-les-soignants-pour-liberer-lacces-aux-soins-pour-tous/
party	Nouvelle Énergie	82	Santé / assurance maladie	L'Assurance maladie devrait rembourser intégralement les soins essentiels, quitte à réduire fortement le rôle des complémentaires santé.	-2	2	Désaccord net : le programme de santé retenu permet d'estimer la place accordée à l'assurance publique et aux complémentaires. Niveau de preuve : faisceau d’indices cohérent, sans équivalent toujours parfaitement identique.	https://www.unenouvelleenergie.fr/notre-programme/
party	Nouvelle Énergie	83	Santé / hôpital	Il faut accepter de fermer ou regrouper certaines petites maternités et certains services d'urgence afin de concentrer les équipes et les équipements dans des établissements plus importants.	0	1	Position équilibrée ou non tranchée : le programme santé insiste sur la proximité des soins, la liberté d’organisation et une gouvernance locale, mais ne tranche pas explicitement la fermeture ou le regroupement de petites maternités et de petits services d’urgence. Un accord net n’est donc pas documenté.	https://www.unenouvelleenergie.fr/nouvelle-energie-publie-son-livret-sante-liberer-les-soignants-pour-liberer-lacces-aux-soins-pour-tous/
party	Nouvelle Énergie	84	Éducation / autonomie	Les chefs d'établissement scolaire devraient pouvoir recruter eux-même une partie de leurs enseignants et peser davantage dans leur évaluation.	3	3	Accord fort : la position est estimée à partir des propositions d'autonomie des établissements, de recrutement et de gestion des enseignants. Niveau de preuve : preuve directe ou politique explicitement documentée.	https://www.unenouvelleenergie.fr/notre-programme/education/
party	Nouvelle Énergie	85	Éducation / mixité sociale	Le financement public des établissements privés sous contrat devrait être conditionné à des objectifs mesurables de mixité sociale.	-3	3	Désaccord fort : la position est estimée à partir des propositions sur l'enseignement privé, son financement et la mixité sociale. Niveau de preuve : preuve directe ou politique explicitement documentée.	https://www.unenouvelleenergie.fr/notre-programme/education/
party	Nouvelle Énergie	86	Logement / locations touristiques	Dans les zones où le logement manque, une commune devrait pouvoir interdire la location touristique régulière d'un logement qui n'est pas la résidence principale de son propriétaire.	-2	1	Désaccord net : la source retenue précise le degré de régulation souhaité pour les meublés touristiques et les pouvoirs locaux. Niveau de preuve : estimation prudente à partir de la ligne générale.	https://www.unenouvelleenergie.fr/notre-programme/
party	Nouvelle Énergie	87	Défense / Ukraine	La France devrait continuer à fournir une aide militaire et financière importante à l'Ukraine tant que son territoire reste occupé, même si la guerre se prolonge.	2	2	Accord fort : le vote ou la politique officielle sur le soutien durable à l'Ukraine constitue l'indicateur principal. Niveau de preuve : faisceau d’indices cohérent, sans équivalent toujours parfaitement identique.	https://www.unenouvelleenergie.fr/notre-programme/
party	Nouvelle Énergie	88	Défense / dissuasion nucléaire	La dissuasion nucléaire française devrait aussi protéger les partenaires européens, tout en laissant à la France seule la décision finale de l'employer.	2	3	Accord net mais conditionnel : David Lisnard considère que l’extension de la couverture nucléaire française aux partenaires européens peut aller dans le bon sens à condition absolue que la France demeure seule décisionnaire. L’accord est clair mais assorti de fortes réserves : +2.	https://www.unenouvelleenergie.fr/dissuasion-nucleaire-ce-que-le-discours-du-president-de-la-republique-dit-et-ce-quil-ne-dit-pas/
party	Nouvelle Énergie	89	Santé / fin de vie	Une personne majeure atteinte d'une maladie grave et incurable provoquant des souffrances insupportables devrait pouvoir recevoir une aide médicale à mourir dans un cadre strictement contrôlé.	-1	1	Réserve : le vote, la loi ou la position gouvernementale sur l'aide à mourir fournit un équivalent direct ou très proche. Niveau de preuve : estimation prudente à partir de la ligne générale.	https://www.unenouvelleenergie.fr/notre-programme/
party	Nouvelle Énergie	90	Dépendance / EHPAD	Les groupes privés à but lucratif ne devraient plus pouvoir gérer d'EHPAD. Les établissements existants devraient progressivement devenir publics ou non lucratifs.	-3	2	Désaccord fort : le programme social et sanitaire permet d'estimer la place laissée aux opérateurs lucratifs dans la dépendance. Niveau de preuve : faisceau d’indices cohérent, sans équivalent toujours parfaitement identique.	https://www.unenouvelleenergie.fr/notre-programme/
party	Nouvelle Énergie	91	Famille / prestations	Les allocations familiales devraient être versées à toutes les familles selon le nombre d'enfants, sans diminuer lorsque les revenus augmentent.	2	2	Accord fort : le modèle de prestations familiales et la ligne programmatique permettent d'estimer la préférence pour l'universalité ou le ciblage. Niveau de preuve : faisceau d’indices cohérent, sans équivalent toujours parfaitement identique.	https://www.unenouvelleenergie.fr/notre-programme/
party	Nouvelle Énergie	92	Numérique / mineurs	L'accès aux réseaux sociaux devrait être interdit aux moins de 15 ans, même avec l'accord de leurs parents.	-3	3	Désaccord fort : Nouvelle Énergie qualifie l’interdiction des réseaux sociaux aux moins de 15 ans d’aveu d’impuissance publique et lui préfère la responsabilisation des plateformes et une régulation de leurs modèles addictifs.	https://www.unenouvelleenergie.fr/reseaux-sociaux-linterdiction-est-le-dernier-refuge-de-limpuissance-publique/
party	Nouvelle Énergie	93	Numérique / intelligence artificielle	Les administrations publiques devraient privilégier des modèles d'intelligence artificielle hébergés en Europe, même s'ils sont temporairement moins performants ou plus coûteux que leurs concurrents étrangers.	1	2	Accord modéré : Nouvelle Énergie défend une souveraineté technologique française et européenne dans l’IA, les données et les infrastructures critiques ; le parti ne dit toutefois pas qu’il faudrait systématiquement accepter des modèles moins performants ou plus coûteux.	https://www.unenouvelleenergie.fr/notre-programme/
party	UDR	1	Économie	Il faut réduire les impôts sur le travail et le capital, même si cela implique de réduire certaines dépenses publiques.	3	3	Accord fort : codage fondé sur les documents officiels retenus pour le thème « Économie ». Niveau de preuve : position ou mesure explicitement documentée.	https://www.udr.fr/priorites
party	UDR	2	Économie	Les inégalités économiques sont acceptables tant qu'elles résultent principalement du travail ou de la prise de risque.	3	2	Accord fort : codage fondé sur les documents officiels retenus pour le thème « Économie ». Niveau de preuve : orientation cohérente étayée par plusieurs éléments.	https://www.assemblee-nationale.fr/dyn/17/amendements/2247/CION_FIN/CF912
party	UDR	3	Économie	L'État devrait davantage taxer les hauts revenus et les gros patrimoines afin de réduire les inégalités.	-3	3	Désaccord fort : codage fondé sur les documents officiels retenus pour le thème « Économie ». Niveau de preuve : position ou mesure explicitement documentée.	https://www.assemblee-nationale.fr/dyn/17/amendements/2247/CION_FIN/CF912
party	UDR	4	Économie	Les entreprises devraient être obligées de limiter l’écart entre la rémunération de leurs dirigeants et celle de leurs salariés les moins bien payés.	-3	3	Désaccord fort : l’UDR s’est explicitement opposée au plafonnement de 1 à 20, présenté comme contraire à la liberté d’entreprendre et comme une intervention excessive dans la fixation des rémunérations.	https://www.assemblee-nationale.fr/dyn/docs/RAPPANR5L17B0618.raw
party	UDR	5	Économie	Le salaire minimum devrait être augmenté significativement.	-2	2	Désaccord net : codage fondé sur les documents officiels retenus pour le thème « Économie ». Niveau de preuve : orientation cohérente étayée par plusieurs éléments.	https://www.assemblee-nationale.fr/dyn/17/amendements/2247/CION_FIN/CF912
party	UDR	6	Économie	Les entreprises privées sont généralement plus efficaces que l'État pour fournir des biens et services, même dans certains secteurs essentiels.	2	2	Accord fort : codage fondé sur les documents officiels retenus pour le thème « Économie ». Niveau de preuve : orientation cohérente étayée par plusieurs éléments.	https://www.assemblee-nationale.fr/dyn/17/amendements/2247/CION_FIN/CF912
party	UDR	7	Économie	L'État devrait pouvoir nationaliser temporairement ou durablement une entreprise privée lorsqu'elle contrôle une activité stratégique pour le pays.	-2	2	Désaccord net : codage fondé sur les documents officiels retenus pour le thème « Économie ». Niveau de preuve : orientation cohérente étayée par plusieurs éléments.	https://www.assemblee-nationale.fr/dyn/17/amendements/2247/CION_FIN/CF912
party	UDR	8	Économie	La concurrence est généralement préférable à la réglementation pour améliorer les prix, la qualité et l'innovation.	3	2	Accord fort : codage fondé sur les documents officiels retenus pour le thème « Économie ». Niveau de preuve : orientation cohérente étayée par plusieurs éléments.	https://www.assemblee-nationale.fr/dyn/17/amendements/2247/CION_FIN/CF912
party	UDR	9	État	La France dépense trop d'argent public et devrait accepter de réduire certaines politiques sociales pour revenir à l'équilibre budgétaire.	3	3	Accord fort : codage fondé sur les documents officiels retenus pour le thème « État ». Niveau de preuve : position ou mesure explicitement documentée.	https://www.assemblee-nationale.fr/dyn/17/amendements/2247/CION_FIN/CF912
party	UDR	10	État	L'État devrait garantir un niveau élevé de protection sociale, même si cela implique une fiscalité importante.	-1	2	Réserve : codage fondé sur les documents officiels retenus pour le thème « État ». Niveau de preuve : orientation cohérente étayée par plusieurs éléments.	https://www.assemblee-nationale.fr/dyn/17/amendements/2247/CION_FIN/CF912
party	UDR	12	État	L'État devrait intervenir beaucoup plus fortement dans l'économie lorsque le marché produit des résultats jugés socialement indésirables.	-2	2	Désaccord net : codage fondé sur les documents officiels retenus pour le thème « État ». Niveau de preuve : orientation cohérente étayée par plusieurs éléments.	https://www.assemblee-nationale.fr/dyn/17/amendements/2247/CION_FIN/CF912
party	UDR	13	État	Les citoyens devraient avoir davantage de liberté pour choisir eux-mêmes comment utiliser leur argent plutôt que de passer par des systèmes publics obligatoires.	3	2	Accord fort : codage fondé sur les documents officiels retenus pour le thème « État ». Niveau de preuve : orientation cohérente étayée par plusieurs éléments.	https://www.assemblee-nationale.fr/dyn/17/amendements/2247/CION_FIN/CF912
party	UDR	14	Social / société	La société devrait accepter beaucoup plus largement les différents modes de vie, même lorsqu'ils s'éloignent des normes traditionnelles.	-2	1	Désaccord net : codage fondé sur les documents officiels retenus pour le thème « Social / société ». Niveau de preuve : analogie prudente, sans proposition parfaitement équivalente.	https://www.udr.fr/
party	UDR	15	Démocratie	Un gouvernement devrait pouvoir faire adopter le budget sans vote de l’Assemblée nationale lorsqu’aucune majorité stable ne se dégage, afin d’éviter un blocage institutionnel.	1	3	L’UDR a accepté de ne pas censurer un budget imposé par 49.3 pour éviter une crise budgétaire et financière. C’est une tolérance circonstancielle, pas une adhésion forte au mécanisme : +1.	https://www.udr.fr/vote_censure
party	UDR	16	Social / société	Réduire les inégalités peut parfois justifier de restreindre certaines libertés individuelles.	-2	1	Désaccord net : codage fondé sur les documents officiels retenus pour le thème « Social / société ». Niveau de preuve : analogie prudente, sans proposition parfaitement équivalente.	https://www.udr.fr/
party	UDR	17	Social / société	Les politiques publiques devraient chercher à corriger activement les discriminations historiques ou structurelles entre groupes sociaux.	-2	1	Désaccord net : codage fondé sur les documents officiels retenus pour le thème « Social / société ». Niveau de preuve : analogie prudente, sans proposition parfaitement équivalente.	https://www.udr.fr/
party	UDR	18	Institutions / territoires	Les régions devraient pouvoir adopter des règles différentes en matière économique, sociale ou environnementale plutôt que d’appliquer partout les mêmes règles nationales.	1	3	Accord modéré : l’UDR veut simplifier profondément l’organisation territoriale et rapprocher certaines décisions du terrain, notamment via de nouvelles provinces, mais ne défend pas clairement un pouvoir normatif régional aussi large que celui décrit dans la question.	https://www.udr.fr/livretactei
party	UDR	19	Social / société	Certaines traditions et valeurs culturelles méritent d'être préservées même si elles évoluent moins vite que la société.	3	2	Accord fort : codage fondé sur les documents officiels retenus pour le thème « Social / société ». Niveau de preuve : orientation cohérente étayée par plusieurs éléments.	https://www.udr.fr/
party	UDR	20	Immigration	La France devrait réduire le nombre d'immigrants qu'elle accueille chaque année.	3	3	Accord fort : preuve primaire directe ou proposition officielle très proche ; le niveau de confiance documentaire a été réévalué indépendamment de l’intensité de la réponse.	https://www.udr.fr/priorites
party	UDR	21	Immigration	L'immigration économique est globalement bénéfique pour l'économie française.	-2	2	Désaccord net : sources officielles et prises de position convergentes ; le niveau de confiance documentaire a été réévalué indépendamment de l’intensité de la réponse.	https://www.assemblee-nationale.fr/dyn/opendata/PNREANR5L17B1609.html
party	UDR	22	Immigration / droits sociaux	Un étranger installé légalement en France depuis de nombreuses années devrait, à situation économique comparable, bénéficier des mêmes prestations sociales et du même accès au logement social qu’un citoyen français, sans priorité fondée sur la nationalité.	-3	3	Désaccord fort : l’UDR revendique explicitement une préférence nationale et européenne pour certaines prestations ; la proposition d’égalité d’accès sans priorité fondée sur la nationalité est donc directement contraire à sa ligne.	https://www.udr.fr/priorites
party	UDR	23	Immigration	L'accès à la nationalité française devrait être rendu plus exigeant.	3	3	Accord fort : preuve primaire directe ou proposition officielle très proche ; le niveau de confiance documentaire a été réévalué indépendamment de l’intensité de la réponse.	https://www.udr.fr/priorites
party	UDR	24	Immigration	La France devrait être beaucoup plus stricte concernant l'expulsion des étrangers condamnés pour des crimes graves.	3	3	Accord fort : preuve primaire directe ou proposition officielle très proche ; le niveau de confiance documentaire a été réévalué indépendamment de l’intensité de la réponse.	https://www.udr.fr/priorites
party	UDR	25	Immigration	Même lorsque l'immigration est économiquement bénéfique, elle peut être légitimement limitée pour préserver la cohésion culturelle du pays.	3	2	Accord fort : codage fondé sur les documents officiels retenus pour le thème « Immigration ». Niveau de preuve : orientation cohérente étayée par plusieurs éléments.	https://www.assemblee-nationale.fr/dyn/opendata/PNREANR5L17B1609.html
party	UDR	26	Immigration	La France devrait accueillir davantage de réfugiés lorsqu'ils fuient une guerre ou une persécution, même si cela représente un coût économique.	-2	1	Désaccord net : note conservée au titre de la ligne générale de l’UDR, sans proposition officielle directement équivalente identifiée.	https://www.assemblee-nationale.fr/dyn/opendata/PNREANR5L17B1609.html
party	UDR	27	Sécurité / justice	Les peines de prison effectives devraient être plus sévères, même si cela augmente fortement la population carcérale.	3	3	Accord fort : preuve primaire directe ou proposition officielle très proche ; le niveau de confiance documentaire a été réévalué indépendamment de l’intensité de la réponse.	https://www.udr.fr/priorites
party	UDR	28	Sécurité / justice	Il vaut mieux investir dans la prévention et la réinsertion que dans l'augmentation des sanctions.	-2	2	Désaccord net : codage fondé sur les documents officiels retenus pour le thème « Sécurité / justice ». Niveau de preuve : orientation cohérente étayée par plusieurs éléments.	https://www.udr.fr/
party	UDR	29	Sécurité / justice	La police devrait disposer de pouvoirs plus importants pour lutter contre la criminalité, quitte à accepter davantage de contrôles sur certaines libertés individuelles.	2	2	Accord net : sources officielles et prises de position convergentes ; le niveau de confiance documentaire a été réévalué indépendamment de l’intensité de la réponse.	https://www.udr.fr/priorites
party	UDR	30	Agriculture / commerce	La France devrait pouvoir interdire l’importation de produits agricoles fabriqués selon des normes qu’elle interdit à ses propres agriculteurs, même si cela faisait disparaître des rayons les produits alimentaires les moins chers.	0	3	Position équilibrée : l'UDR combat les distorsions de concurrence mais porte également une forte politique de déréglementation ; face à une asymétrie normative, sa réponse peut être d'alléger la norme française plutôt que d'interdire les produits étrangers plus abordables.	https://www.assemblee-nationale.fr/dyn/17/scrutins/685
party	UDR	32	Écologie	La lutte contre le changement climatique doit rester prioritaire même lorsqu'elle réduit la croissance économique à court terme.	0	1	Position neutre, partagée ou non arrêtée : codage fondé sur les documents officiels retenus pour le thème « Écologie ». Niveau de preuve : analogie prudente, sans proposition parfaitement équivalente.	https://www.udr.fr/
party	UDR	33	Écologie	Il faut accepter une hausse importante du prix des énergies fossiles pour accélérer la transition écologique.	-2	1	Désaccord net : codage fondé sur les documents officiels retenus pour le thème « Écologie ». Niveau de preuve : analogie prudente, sans proposition parfaitement équivalente.	https://www.udr.fr/
party	UDR	34	Economie	Une partie des cotisations sociales sur les salaires devrait être remplacée par une hausse de la TVA afin d’augmenter les salaires nets et de réduire le coût du travail, même si cela augmente le prix des biens et services consommés	0	2	L’UDR veut fortement réduire les prélèvements sur le travail mais privilégie le financement par baisse des dépenses et ne défend pas explicitement une hausse de TVA. Position neutre sur le mécanisme précis.	https://www.udr.fr/livretacteii
party	UDR	35	Écologie	Les politiques écologiques devraient reposer principalement sur des mécanismes de marché comme la taxe carbone plutôt que sur des interdictions.	2	1	Accord net : codage fondé sur les documents officiels retenus pour le thème « Écologie ». Niveau de preuve : analogie prudente, sans proposition parfaitement équivalente.	https://www.udr.fr/
party	UDR	36	Écologie	Il est justifié d'interdire certains produits ou comportements très polluants même lorsque les consommateurs les souhaitent.	-2	1	Désaccord net : codage fondé sur les documents officiels retenus pour le thème « Écologie ». Niveau de preuve : analogie prudente, sans proposition parfaitement équivalente.	https://www.udr.fr/
party	UDR	37	Écologie	Les pays riches devraient supporter une part prépondérante du coût de la transition écologique mondiale.	-2	1	Désaccord net : codage fondé sur les documents officiels retenus pour le thème « Écologie ». Niveau de preuve : analogie prudente, sans proposition parfaitement équivalente.	https://www.udr.fr/
party	UDR	38	Europe	La France devrait transférer davantage de compétences à l'Union européenne afin de renforcer son poids économique et géopolitique.	-2	1	Désaccord net : codage fondé sur les documents officiels retenus pour le thème « Europe ». Niveau de preuve : analogie prudente, sans proposition parfaitement équivalente.	https://www.udr.fr/
party	UDR	39	Europe	La France devrait conserver autant que possible sa souveraineté nationale, même si cela réduit son influence au niveau européen.	2	2	Accord net : sources officielles et prises de position convergentes ; le niveau de confiance documentaire a été réévalué indépendamment de l’intensité de la réponse.	https://www.udr.fr/priorites
party	UDR	40	Europe	L'euro est globalement bénéfique pour la France malgré la perte de certains instruments de politique économique.	1	1	Accord modéré : codage fondé sur les documents officiels retenus pour le thème « Europe ». Niveau de preuve : analogie prudente, sans proposition parfaitement équivalente.	https://www.udr.fr/
party	UDR	41	Europe	L'Union européenne devrait pouvoir imposer davantage de règles communes aux États membres.	-2	1	Désaccord net : codage fondé sur les documents officiels retenus pour le thème « Europe ». Niveau de preuve : analogie prudente, sans proposition parfaitement équivalente.	https://www.udr.fr/
party	UDR	42	Europe	En cas de conflit entre les intérêts économiques français et les règles européennes, la France devrait pouvoir désobéir à certaines règles européennes.	2	2	Accord net : sources officielles et prises de position convergentes ; le niveau de confiance documentaire a été réévalué indépendamment de l’intensité de la réponse.	https://www.udr.fr/priorites
party	UDR	43	Fiscalité / patrimoine	Il faudrait supprimer l'IFI et ne plus taxer spécifiquement le patrimoine immobilier au-delà de la fiscalité ordinaire.	3	3	Désaccord fort : l’UDR défend explicitement la suppression de l’IFI dans ses propositions économiques, ce qui correspond directement à la première partie de la question.	https://www.udr.fr/grandforumlibertes
party	UDR	44	Fiscalité / patrimoine	L'héritage devrait être davantage taxé au-delà d'un certain seuil de patrimoine transmis, même si cela conduit certaines familles à transmettre moins de patrimoine à leurs enfants.	-3	3	Désaccord fort : preuve primaire directe ou proposition officielle très proche ; le niveau de confiance documentaire a été réévalué indépendamment de l’intensité de la réponse.	https://www.udr.fr/priorites
party	UDR	45	Fiscalité / patrimoine	Les très grandes fortunes devraient être imposées sur leur patrimoine mondial, même lorsqu'elles quittent la France.	-2	1	Désaccord net : codage fondé sur les documents officiels retenus pour le thème « Fiscalité / patrimoine ». Niveau de preuve : analogie prudente, sans proposition parfaitement équivalente.	https://www.assemblee-nationale.fr/dyn/17/amendements/2247/CION_FIN/CF912
party	UDR	46	Travail / chômage	Un chômeur devrait pouvoir perdre une partie significative de ses allocations s'il refuse plusieurs emplois raisonnablement adaptés à ses compétences.	2	2	Accord net : sources officielles et prises de position convergentes ; le niveau de confiance documentaire a été réévalué indépendamment de l’intensité de la réponse.	https://www.assemblee-nationale.fr/dyn/17/amendements/2247/CION_FIN/CF912
party	UDR	47	Outre-mer / vie chère	L’État devrait garantir que les produits essentiels ne coûtent pas beaucoup plus cher dans les DOM/TOM que dans l’Hexagone, quitte à subventionner durablement leur transport ou leur prix avec l’argent public national.	-1	3	L’UDR reconnaît la nécessité de réduire les écarts ultramarins mais s’oppose aux mécanismes de compensation publique durable et potentiellement croissante supportés par le contribuable : désaccord modéré.	https://questions.assemblee-nationale.fr/dyn/17/comptes-rendus/seance/session-ordinaire-de-2025-2026/troisieme-seance-du-jeudi-11-decembre-2025
party	UDR	48	Travail / chômage	Le CDI protège trop fortement les salariés déjà en poste et peut rendre plus difficile l’accès à l’emploi stable, au détriment des jeunes, chômeurs ou travailleurs en contrats précaires.	2	1	Accord net : codage fondé sur les documents officiels retenus pour le thème « Travail / chômage ». Niveau de preuve : analogie prudente, sans proposition parfaitement équivalente.	https://www.assemblee-nationale.fr/dyn/17/amendements/2247/CION_FIN/CF912
party	UDR	49	Retraites	Les retraites devraient être progressivement réformées vers un système combinant répartition et capitalisation, même si cela implique une période de transition coûteuse.	3	3	Accord fort : l'UDR propose explicitement un système combinant un socle par répartition, une capitalisation obligatoire et une épargne retraite volontaire ; la formulation correspond presque exactement à la question.	https://www.udr.fr/priorites
party	UDR	50	Retraites	L'âge légal de départ à la retraite devrait être automatiquement indexé sur l'espérance de vie nationale.	0	1	Position de compromis : l'UDR cherche la soutenabilité des retraites notamment par la capitalisation, mais ne propose pas d'indexer automatiquement l'âge légal sur l'espérance de vie ; l'absence de position directe conduit à 0.	https://www.assemblee-nationale.fr/dyn/17/amendements/2247/CION_FIN/CF912
party	UDR	51	Protection sociale	Les prestations sociales devraient être fortement conditionnées à la durée de cotisation et de participation au marché du travail.	2	2	Accord net : sources officielles et prises de position convergentes ; le niveau de confiance documentaire a été réévalué indépendamment de l’intensité de la réponse.	https://www.assemblee-nationale.fr/dyn/17/amendements/2247/CION_FIN/CF912
party	UDR	53	État / entreprises	Une entreprise qui reçoit plusieurs milliards d'euros d'aides publiques devrait pouvoir être contrainte de limiter ses dividendes et les rémunérations de ses dirigeants tant que l'aide n'est pas remboursée.	1	1	Accord modéré : codage fondé sur les documents officiels retenus pour le thème « État / entreprises ». Niveau de preuve : analogie prudente, sans proposition parfaitement équivalente.	https://www.assemblee-nationale.fr/dyn/17/amendements/2247/CION_FIN/CF912
party	UDR	54	État / entreprises	L'État devrait davantage utiliser son pouvoir d'actionnaire pour orienter les grandes entreprises françaises vers des objectifs industriels de long terme.	0	1	Position neutre, partagée ou non arrêtée : codage fondé sur les documents officiels retenus pour le thème « État / entreprises ». Niveau de preuve : analogie prudente, sans proposition parfaitement équivalente.	https://www.assemblee-nationale.fr/dyn/17/amendements/2247/CION_FIN/CF912
party	UDR	55	État / entreprises	Il faudrait réduire fortement les normes administratives pesant sur les entreprises, même si certaines protections environnementales ou sociales deviennent moins strictes.	3	3	Accord fort : le programme de simplification de l’UDR propose de supprimer 25 % des normes et plusieurs dispositifs environnementaux ou sociaux jugés liberticides.	https://www.udr.fr/priorites
party	UDR	56	Immigration / régularisation	Un étranger en situation irrégulière qui travaille de façon stable en France depuis plusieurs années et n’a commis aucun délit devrait pouvoir être régularisé, même s’il est entré ou est resté sur le territoire sans autorisation.	-3	3	Désaccord fort : la ligne de l'UDR et les positions antérieures d'Éric Ciotti refusent la régularisation par le travail comme mécanisme général et privilégient l'éloignement des étrangers en situation irrégulière ; -3 est plus cohérent que -2.	https://www.udr.fr/priorites
party	UDR	57	Immigration / assimilation	L'accès à certaines prestations sociales devrait être beaucoup plus limité pendant les premières années suivant l'arrivée d'un immigré.	3	3	Accord fort : preuve primaire directe ou proposition officielle très proche ; le niveau de confiance documentaire a été réévalué indépendamment de l’intensité de la réponse.	https://www.udr.fr/priorites
party	UDR	58	Immigration / assimilation	La France devrait privilégier l'immigration économique qualifiée, même si cela signifie accueillir moins de personnes peu qualifiées.	1	1	Accord modéré : codage fondé sur les documents officiels retenus pour le thème « Immigration / assimilation ». Niveau de preuve : analogie prudente, sans proposition parfaitement équivalente.	https://www.assemblee-nationale.fr/dyn/opendata/PNREANR5L17B1609.html
party	UDR	59	Immigration / assimilation	Une personne née en France de parents étrangers devrait automatiquement devenir française à sa majorité si elle y a grandi, même si elle ne manifeste pas particulièrement d'attachement à la France.	-3	3	Désaccord fort : preuve primaire directe ou proposition officielle très proche ; le niveau de confiance documentaire a été réévalué indépendamment de l’intensité de la réponse.	https://www.udr.fr/priorites
party	UDR	60	Immigration / assimilation	La France devrait pouvoir refuser l'entrée à un immigré légalement admissible lorsqu'il existe de fortes raisons de penser qu'il ne souhaite pas s'intégrer culturellement à la société française.	2	2	Accord net : sources officielles et prises de position convergentes ; le niveau de confiance documentaire a été réévalué indépendamment de l’intensité de la réponse.	https://www.assemblee-nationale.fr/dyn/opendata/PNREANR5L17B1609.html
party	UDR	61	Immigration / assimilation	Le fait de conserver des pratiques culturelles ou religieuses très différentes de celles de la majorité française n'est pas en soi un problème tant que les lois françaises sont respectées.	-2	1	Désaccord net : codage fondé sur les documents officiels retenus pour le thème « Immigration / assimilation ». Niveau de preuve : analogie prudente, sans proposition parfaitement équivalente.	https://www.assemblee-nationale.fr/dyn/opendata/PNREANR5L17B1609.html
party	UDR	63	Libertés / sécurité	Pour lutter contre le terrorisme, l'État devrait pouvoir surveiller préventivement une personne considérée comme présentant un risque sérieux, même sans preuve suffisante pour engager des poursuites pénales.	2	1	Accord net : note conservée au titre de la ligne générale de l’UDR, sans proposition officielle directement équivalente identifiée.	https://www.udr.fr/
party	UDR	64	Libertés / expression	Une personne qui tient publiquement des propos profondément offensants mais qui n'appelle ni à la violence ni à commettre une infraction devrait être protégée par la liberté d'expression.	2	1	Accord net : codage fondé sur les documents officiels retenus pour le thème « Libertés / expression ». Niveau de preuve : analogie prudente, sans proposition parfaitement équivalente.	https://www.udr.fr/
party	UDR	66	Sécurité	Lorsqu’un conducteur refuse d’obtempérer et prend la fuite, les policiers devraient pouvoir utiliser leur arme à feu même si le danger pour leur vie n’est pas immédiat.	2	3	Accord fort : codage fondé sur les documents officiels retenus pour le thème « Sécurité ». Niveau de preuve : position ou mesure explicitement documentée.	https://www.assemblee-nationale.fr/dyn/17/scrutins/7987
party	UDR	67	Écologie	Une taxe carbone qui réduit les émissions de CO₂ devrait être maintenue même si elle diminue le pouvoir d’achat des ménages modestes, à condition de compenser ces derniers par des aides ciblées.	-1	1	Réserve : codage fondé sur les documents officiels retenus pour le thème « Écologie ». Niveau de preuve : analogie prudente, sans proposition parfaitement équivalente.	https://www.udr.fr/
party	UDR	68	Écologie	La France devrait interdire progressivement la vente de voitures thermiques même si cela augmente temporairement le prix moyen des véhicules.	-2	1	Désaccord net : codage fondé sur les documents officiels retenus pour le thème « Écologie ». Niveau de preuve : analogie prudente, sans proposition parfaitement équivalente.	https://www.udr.fr/
party	UDR	69	Écologie	Il faut privilégier le nucléaire même si cela conduit à réduire certains investissements dans les renouvelables.	2	1	Accord net : codage fondé sur les documents officiels retenus pour le thème « Écologie ». Niveau de preuve : analogie prudente, sans proposition parfaitement équivalente.	https://www.udr.fr/
party	UDR	71	Écologie / croissance	Si la France pouvait réduire ses émissions de 20 % mais que cela réduisait son PIB de 3 %, alors que les autres pays ne faisaient aucun effort comparable, il faudrait quand même le faire.	-2	1	Désaccord net : codage fondé sur les documents officiels retenus pour le thème « Écologie / croissance ». Niveau de preuve : analogie prudente, sans proposition parfaitement équivalente.	https://www.udr.fr/
party	UDR	72	Institutions	Pour certaines décisions économiques complexes, il serait préférable de confier davantage de pouvoir à des institutions indépendantes composées d'experts plutôt qu'aux responsables politiques élus.	-1	1	Réserve : codage fondé sur les documents officiels retenus pour le thème « Institutions ». Niveau de preuve : analogie prudente, sans proposition parfaitement équivalente.	https://www.udr.fr/
party	UDR	73	Institutions	Un gouvernement devrait pouvoir prendre une décision économiquement nécessaire mais très impopulaire sans chercher à obtenir l'approbation immédiate de la population.	1	1	Accord modéré : codage fondé sur les documents officiels retenus pour le thème « Institutions ». Niveau de preuve : analogie prudente, sans proposition parfaitement équivalente.	https://www.udr.fr/
party	UDR	74	Institutions	Le référendum devrait être beaucoup plus utilisé, même lorsque les citoyens votent sur des sujets dont ils maîtrisent mal les aspects techniques.	3	3	Accord fort : preuve primaire directe ou proposition officielle très proche ; le niveau de confiance documentaire a été réévalué indépendamment de l’intensité de la réponse.	https://www.udr.fr/priorites
party	UDR	75	Institutions	Il serait acceptable de donner davantage de poids politique aux citoyens qui démontrent un niveau élevé de connaissance du fonctionnement des institutions et de l'économie.	-2	1	Désaccord net : codage fondé sur les documents officiels retenus pour le thème « Institutions ». Niveau de preuve : analogie prudente, sans proposition parfaitement équivalente.	https://www.udr.fr/
party	UDR	76	Institutions	Le président de la République devrait disposer de davantage de pouvoirs pour pouvoir mettre en œuvre un programme pendant cinq ans sans être constamment bloqué par le Parlement.	2	1	Accord net : codage fondé sur les documents officiels retenus pour le thème « Institutions ». Niveau de preuve : analogie prudente, sans proposition parfaitement équivalente.	https://www.udr.fr/
party	UDR	77	Institutions	La proportionnelle intégrale serait préférable au système actuel, même si elle rendait plus fréquentes les coalitions et les gouvernements instables.	0	1	Position équilibrée ou non tranchée : l’UDR défend une démocratie directe inspirée de la Suisse, mais cela ne permet pas de déduire une position sur la proportionnelle intégrale aux législatives.	https://www.udr.fr/priorites
party	UDR	78	Immigration / assimilation	Le droit de séjour durable en France devrait dépendre, sauf impossibilité particulière, d’efforts concrets pour apprendre le français, comprendre les règles et usages du pays et participer à la vie collective.	2	2	Accord net : sources officielles et prises de position convergentes ; le niveau de confiance documentaire a été réévalué indépendamment de l’intensité de la réponse.	https://www.assemblee-nationale.fr/dyn/opendata/PNREANR5L17B1609.html
party	UDR	79	Immigration / délinquance	Les différences de délinquance observées s’expliquent davantage par les inégalités sociales et économiques que par la culture d’origine des personnes concernées.	-2	1	Désaccord net : codage fondé sur les documents officiels retenus pour le thème « Immigration / délinquance ». Niveau de preuve : analogie prudente, sans proposition parfaitement équivalente.	https://www.assemblee-nationale.fr/dyn/opendata/PNREANR5L17B1609.html
party	UDR	80	Écologie / agriculture	La France devrait interdire aux agriculteurs l’usage d’un produit jugé trop polluant, même si cette interdiction les désavantage face à des concurrents étrangers qui peuvent encore l’utiliser.	-3	2	Désaccord fort : codage fondé sur les documents officiels retenus pour le thème « Écologie / agriculture ». Niveau de preuve : orientation cohérente étayée par plusieurs éléments.	https://www.udr.fr/
party	UDR	81	Santé / accès aux soins	Dans les zones où l'accès aux soins est insuffisant, l'Assurance maladie devrait pouvoir limiter le conventionnement de nouveaux médecins dans les zones déjà bien dotées afin d'encourager leur installation dans les déserts médicaux.	0	3	Position neutre et partagée : deux députés UDR ont voté pour et deux contre la mesure de régulation du conventionnement médical soumise au scrutin.	https://www.assemblee-nationale.fr/dyn/17/scrutins/1214
party	UDR	82	Santé / assurance maladie	L'Assurance maladie devrait rembourser intégralement les soins essentiels, quitte à réduire fortement le rôle des complémentaires santé.	-2	1	Désaccord net : codage fondé sur les documents officiels retenus pour le thème « Santé / assurance maladie ». Niveau de preuve : analogie prudente, sans proposition parfaitement équivalente.	https://www.udr.fr/
party	UDR	83	Santé / hôpital	Il faut accepter de fermer ou regrouper certaines petites maternités et certains services d'urgence afin de concentrer les équipes et les équipements dans des établissements plus importants.	0	1	Position neutre, partagée ou non arrêtée : codage fondé sur les documents officiels retenus pour le thème « Santé / hôpital ». Niveau de preuve : analogie prudente, sans proposition parfaitement équivalente.	https://www.udr.fr/
party	UDR	84	Éducation / autonomie	Les chefs d'établissement scolaire devraient pouvoir recruter eux-même une partie de leurs enseignants et peser davantage dans leur évaluation.	2	1	Accord net : codage fondé sur les documents officiels retenus pour le thème « Éducation / autonomie ». Niveau de preuve : analogie prudente, sans proposition parfaitement équivalente.	https://www.udr.fr/
party	UDR	85	Éducation / mixité sociale	Le financement public des établissements privés sous contrat devrait être conditionné à des objectifs mesurables de mixité sociale.	-2	1	Désaccord net : codage fondé sur les documents officiels retenus pour le thème « Éducation / mixité sociale ». Niveau de preuve : analogie prudente, sans proposition parfaitement équivalente.	https://www.udr.fr/
party	UDR	86	Logement / locations touristiques	Dans les zones où le logement manque, une commune devrait pouvoir interdire la location touristique régulière d'un logement qui n'est pas la résidence principale de son propriétaire.	-1	1	Réserve : codage fondé sur les documents officiels retenus pour le thème « Logement / locations touristiques ». Niveau de preuve : analogie prudente, sans proposition parfaitement équivalente.	https://www.udr.fr/
party	UDR	87	Défense / Ukraine	La France devrait continuer à fournir une aide militaire et financière importante à l'Ukraine tant que son territoire reste occupé, même si la guerre se prolonge.	0	3	Position neutre, partagée ou non arrêtée : codage fondé sur les documents officiels retenus pour le thème « Défense / Ukraine ». Niveau de preuve : position ou mesure explicitement documentée.	https://www.assemblee-nationale.fr/dyn/17/scrutins/988
party	UDR	88	Défense / dissuasion nucléaire	La dissuasion nucléaire française devrait aussi protéger les partenaires européens, tout en laissant à la France seule la décision finale de l'employer.	-2	1	Désaccord net : codage fondé sur les documents officiels retenus pour le thème « Défense / dissuasion nucléaire ». Niveau de preuve : analogie prudente, sans proposition parfaitement équivalente.	https://www.udr.fr/
party	UDR	89	Santé / fin de vie	Une personne majeure atteinte d'une maladie grave et incurable provoquant des souffrances insupportables devrait pouvoir recevoir une aide médicale à mourir dans un cadre strictement contrôlé.	-3	3	Désaccord fort : codage fondé sur les documents officiels retenus pour le thème « Santé / fin de vie ». Niveau de preuve : position ou mesure explicitement documentée.	https://www.assemblee-nationale.fr/dyn/17/scrutins/2107
party	UDR	90	Dépendance / EHPAD	Les groupes privés à but lucratif ne devraient plus pouvoir gérer d'EHPAD. Les établissements existants devraient progressivement devenir publics ou non lucratifs.	-2	1	Désaccord net : codage fondé sur les documents officiels retenus pour le thème « Dépendance / EHPAD ». Niveau de preuve : analogie prudente, sans proposition parfaitement équivalente.	https://www.udr.fr/
party	UDR	91	Famille / prestations	Les allocations familiales devraient être versées à toutes les familles selon le nombre d'enfants, sans diminuer lorsque les revenus augmentent.	3	3	Accord fort : codage fondé sur les documents officiels retenus pour le thème « Famille / prestations ». Niveau de preuve : position ou mesure explicitement documentée.	https://www.assemblee-nationale.fr/dyn/17/textes/l17b2750_proposition-resolution.pdf
party	UDR	92	Numérique / mineurs	L'accès aux réseaux sociaux devrait être interdit aux moins de 15 ans, même avec l'accord de leurs parents.	0	3	Position neutre, partagée ou non arrêtée : codage fondé sur les documents officiels retenus pour le thème « Numérique / mineurs ». Niveau de preuve : position ou mesure explicitement documentée.	https://www.assemblee-nationale.fr/dyn/17/scrutins/8431
party	UDR	93	Numérique / intelligence artificielle	Les administrations publiques devraient privilégier des modèles d'intelligence artificielle hébergés en Europe, même s'ils sont temporairement moins performants ou plus coûteux que leurs concurrents étrangers.	-1	1	Réserve : codage fondé sur les documents officiels retenus pour le thème « Numérique / intelligence artificielle ». Niveau de preuve : analogie prudente, sans proposition parfaitement équivalente.	https://www.udr.fr/
party	RN	1	Économie	Il faut réduire les impôts sur le travail et le capital, même si cela implique de réduire certaines dépenses publiques.	1	2	Accord modéré : orientation cohérente avec le document officiel retenu, sans passage isolé directement équivalent à la question.	https://rassemblementnational.fr/documents/202406-programme.pdf
party	RN	2	Économie	Les inégalités économiques sont acceptables tant qu'elles résultent principalement du travail ou de la prise de risque.	1	1	Accord modéré : estimation prudente ; aucune formulation parfaitement équivalente à la question n’a été identifiée.	https://rassemblementnational.fr/documents/202406-programme.pdf
party	RN	3	Économie	L'État devrait davantage taxer les hauts revenus et les gros patrimoines afin de réduire les inégalités.	-1	2	Réserve : orientation cohérente avec le document officiel retenu, sans passage isolé directement équivalent à la question.	https://rassemblementnational.fr/documents/202406-programme.pdf
party	RN	4	Économie	Les entreprises devraient être obligées de limiter l’écart entre la rémunération de leurs dirigeants et celle de leurs salariés les moins bien payés.	-2	3	Désaccord net : le RN a rejeté le principe d’un plafond légal entre plus basse et plus haute rémunération, tout en reconnaissant certains excès et en préférant agir sur les bas salaires ou les indemnités exceptionnelles des dirigeants.	https://www.assemblee-nationale.fr/dyn/docs/RAPPANR5L17B0618.raw
party	RN	5	Économie	Le salaire minimum devrait être augmenté significativement.	0	2	Position intermédiaire : le RN privilégie surtout l'augmentation du salaire net par des baisses de cotisations et des exonérations plutôt qu'une hausse générale et significative du SMIC.	https://rassemblementnational.fr/documents/202406-programme.pdf
party	RN	6	Économie	Les entreprises privées sont généralement plus efficaces que l'État pour fournir des biens et services, même dans certains secteurs essentiels.	0	1	Position équilibrée ou non tranchée : estimation prudente ; aucune formulation parfaitement équivalente à la question n’a été identifiée.	https://rassemblementnational.fr/documents/202406-programme.pdf
party	RN	7	Économie	L'État devrait pouvoir nationaliser temporairement ou durablement une entreprise privée lorsqu'elle contrôle une activité stratégique pour le pays.	2	2	Accord net : orientation cohérente avec le document officiel retenu, sans passage isolé directement équivalent à la question.	https://rassemblementnational.fr/documents/202406-programme.pdf
party	RN	8	Économie	La concurrence est généralement préférable à la réglementation pour améliorer les prix, la qualité et l'innovation.	0	1	Position équilibrée ou non tranchée : estimation prudente ; aucune formulation parfaitement équivalente à la question n’a été identifiée.	https://rassemblementnational.fr/documents/202406-programme.pdf
party	RN	9	État	La France dépense trop d'argent public et devrait accepter de réduire certaines politiques sociales pour revenir à l'équilibre budgétaire.	1	2	Accord modéré : le RN propose désormais des économies et une réduction de certaines dépenses publiques, tout en maintenant des dépenses sociales, régaliennes et interventionnistes importantes.	https://rassemblementnational.fr/documents/202406-programme.pdf
party	RN	10	État	L'État devrait garantir un niveau élevé de protection sociale, même si cela implique une fiscalité importante.	1	2	Accord modéré : le RN veut préserver une protection sociale élevée pour les Français, mais refuse qu'elle repose sur une fiscalité globalement élevée et cherche parallèlement à réduire plusieurs prélèvements.	https://rassemblementnational.fr/documents/202406-programme.pdf
party	RN	12	État	L'État devrait intervenir beaucoup plus fortement dans l'économie lorsque le marché produit des résultats jugés socialement indésirables.	2	2	Accord net : orientation cohérente avec le document officiel retenu, sans passage isolé directement équivalent à la question.	https://rassemblementnational.fr/documents/202406-programme.pdf
party	RN	13	État	Les citoyens devraient avoir davantage de liberté pour choisir eux-mêmes comment utiliser leur argent plutôt que de passer par des systèmes publics obligatoires.	0	1	Position équilibrée ou non tranchée : estimation prudente ; aucune formulation parfaitement équivalente à la question n’a été identifiée.	https://rassemblementnational.fr/documents/202406-programme.pdf
party	RN	14	Social / société	La société devrait accepter beaucoup plus largement les différents modes de vie, même lorsqu'ils s'éloignent des normes traditionnelles.	-2	3	Réserve : codage cohérent avec la ligne programmatique générale du parti sur social / société.	https://rassemblementnational.fr/livrets-thematiques
party	RN	15	Démocratie	Un gouvernement devrait pouvoir faire adopter le budget sans vote de l’Assemblée nationale lorsqu’aucune majorité stable ne se dégage, afin d’éviter un blocage institutionnel.	0	2	Le RN a combattu des budgets adoptés par 49.3 et soutenu des motions de censure. Une partie du rejet porte toutefois sur le contenu du budget plutôt que sur une doctrine d’abolition du mécanisme : -1.	https://www.assemblee-nationale.fr/dyn/actualites-accueil-hub/adoption-du-plf2026-en-lecture-definitive-apres-l-engagement-de-la-responsabilite-du-gouvernement-sur-le-projet-de-loi-et-le-rejet-de-2-motions-d
party	RN	16	Social / société	Réduire les inégalités peut parfois justifier de restreindre certaines libertés individuelles.	-2	1	Désaccord net : estimation prudente ; aucune formulation parfaitement équivalente à la question n’a été identifiée.	https://rassemblementnational.fr/livrets-thematiques
party	RN	17	Social / société	Les politiques publiques devraient chercher à corriger activement les discriminations historiques ou structurelles entre groupes sociaux.	-1	2	Réserve : codage cohérent avec la ligne programmatique générale du parti sur social / société.	https://rassemblementnational.fr/livrets-thematiques
party	RN	18	Institutions / territoires	Les régions devraient pouvoir adopter des règles différentes en matière économique, sociale ou environnementale plutôt que d’appliquer partout les mêmes règles nationales.	-2	3	Désaccord net : le RN considère que l’unité de la loi et l’indivisibilité de la République doivent primer et s’oppose au renforcement général du pouvoir réglementaire local, même s’il accepte certaines souplesses de compétences entre collectivités.	https://www.assemblee-nationale.fr/dyn/docs/RINFANR5L16B2463.raw
party	RN	19	Social / société	Certaines traditions et valeurs culturelles méritent d'être préservées même si elles évoluent moins vite que la société.	3	2	Accord fort : codage cohérent avec la ligne programmatique générale du parti sur social / société.	https://rassemblementnational.fr/livrets-thematiques
party	RN	20	Immigration	La France devrait réduire le nombre d'immigrants qu'elle accueille chaque année.	3	3	Accord fort : preuve primaire directe ou proposition officielle très proche ; le niveau de confiance documentaire a été réévalué indépendamment de l’intensité de la réponse.	https://municipales2026.rassemblementnational.fr/communiques/le-rn-impose-un-tournant-historique-dans-la-lutte-contre-limmigration-illegale
party	RN	21	Immigration	L'immigration économique est globalement bénéfique pour l'économie française.	-2	2	Désaccord net : le RN présente l’immigration comme une charge ou une pression sur les équilibres économiques et sociaux et rejette l’idée d’y recourir davantage pour répondre aux besoins de main-d’œuvre, sans nier tout bénéfice économique possible.	https://rassemblementnational.fr/livrets-thematiques
party	RN	22	Immigration / droits sociaux	Un étranger installé légalement en France depuis de nombreuses années devrait, à situation économique comparable, bénéficier des mêmes prestations sociales et du même accès au logement social qu’un citoyen français, sans priorité fondée sur la nationalité.	-3	3	Le RN défend explicitement la préférence nationale pour certaines prestations et l’accès au logement social ; cela contredit directement l’absence de priorité fondée sur la nationalité.	https://rassemblementnational.fr/livrets-thematiques
party	RN	23	Immigration	L'accès à la nationalité française devrait être rendu plus exigeant.	3	3	Accord fort : preuve primaire directe ou proposition officielle très proche ; le niveau de confiance documentaire a été réévalué indépendamment de l’intensité de la réponse.	https://municipales2026.rassemblementnational.fr/communiques/le-rn-impose-un-tournant-historique-dans-la-lutte-contre-limmigration-illegale
party	RN	24	Immigration	La France devrait être beaucoup plus stricte concernant l'expulsion des étrangers condamnés pour des crimes graves.	3	3	Accord fort : preuve primaire directe ou proposition officielle très proche ; le niveau de confiance documentaire a été réévalué indépendamment de l’intensité de la réponse.	https://municipales2026.rassemblementnational.fr/communiques/le-rn-impose-un-tournant-historique-dans-la-lutte-contre-limmigration-illegale
party	RN	25	Immigration	Même lorsque l'immigration est économiquement bénéfique, elle peut être légitimement limitée pour préserver la cohésion culturelle du pays.	3	3	Accord fort : preuve primaire directe ou proposition officielle très proche ; le niveau de confiance documentaire a été réévalué indépendamment de l’intensité de la réponse.	https://municipales2026.rassemblementnational.fr/communiques/le-rn-impose-un-tournant-historique-dans-la-lutte-contre-limmigration-illegale
party	RN	26	Immigration	La France devrait accueillir davantage de réfugiés lorsqu'ils fuient une guerre ou une persécution, même si cela représente un coût économique.	-3	2	Désaccord fort : orientation cohérente avec le document officiel retenu, sans passage isolé directement équivalent à la question.	https://rassemblementnational.fr/livrets-thematiques
party	RN	27	Sécurité / justice	Les peines de prison effectives devraient être plus sévères, même si cela augmente fortement la population carcérale.	3	2	Accord fort : orientation cohérente avec le document officiel retenu, sans passage isolé directement équivalent à la question.	https://rassemblementnational.fr/livrets-thematiques
party	RN	28	Sécurité / justice	Il vaut mieux investir dans la prévention et la réinsertion que dans l'augmentation des sanctions.	-2	1	Désaccord net : Le Rassemblement national donne clairement la priorité à la sanction et à l'exécution des peines plutôt qu'à une politique centrée sur la prévention et la réinsertion, tout en ne rejetant pas totalement ces dernières. -2 reflète cette hiérarchie.	https://rassemblementnational.fr/livrets-thematiques
party	RN	29	Sécurité / justice	La police devrait disposer de pouvoirs plus importants pour lutter contre la criminalité, quitte à accepter davantage de contrôles sur certaines libertés individuelles.	3	2	Accord fort : orientation cohérente avec le document officiel retenu, sans passage isolé directement équivalent à la question.	https://rassemblementnational.fr/livrets-thematiques
party	RN	30	Agriculture / commerce	La France devrait pouvoir interdire l’importation de produits agricoles fabriqués selon des normes qu’elle interdit à ses propres agriculteurs, même si cela faisait disparaître des rayons les produits alimentaires les moins chers.	3	3	Accord fort : le RN a massivement soutenu la résolution imposant aux importations agricoles des normes de production équivalentes et combat les accords commerciaux qu’il juge responsables d’une concurrence déloyale envers les agriculteurs français.	https://www.assemblee-nationale.fr/dyn/17/scrutins/685
party	RN	32	Écologie	La lutte contre le changement climatique doit rester prioritaire même lorsqu'elle réduit la croissance économique à court terme.	0	2	Position équilibrée ou non tranchée : orientation cohérente avec le document officiel retenu, sans passage isolé directement équivalent à la question.	https://rassemblementnational.fr/documents/202411-programme-europeennes.pdf
party	RN	33	Écologie	Il faut accepter une hausse importante du prix des énergies fossiles pour accélérer la transition écologique.	-2	2	Désaccord net : codage cohérent avec la ligne programmatique générale du parti sur écologie.	https://rassemblementnational.fr/documents/202411-programme-europeennes.pdf
party	RN	34	Economie	Une partie des cotisations sociales sur les salaires devrait être remplacée par une hausse de la TVA afin d’augmenter les salaires nets et de réduire le coût du travail, même si cela augmente le prix des biens et services consommés	-1	1	Le RN privilégie historiquement la baisse de TVA sur l’énergie et les produits essentiels et met fortement l’accent sur le pouvoir d’achat. Cela rend une hausse de TVA plutôt contraire à sa ligne, mais aucune position récente exacte sur la TVA sociale n’a été trouvée : -1.	https://rassemblementnational.fr/conferences-de-presse/pouvoir-achat-conference-de-presse-de-marine-le-pen
party	RN	35	Écologie	Les politiques écologiques devraient reposer principalement sur des mécanismes de marché comme la taxe carbone plutôt que sur des interdictions.	1	1	Accord modéré : estimation prudente ; aucune formulation parfaitement équivalente à la question n’a été identifiée.	https://rassemblementnational.fr/documents/202411-programme-europeennes.pdf
party	RN	36	Écologie	Il est justifié d'interdire certains produits ou comportements très polluants même lorsque les consommateurs les souhaitent.	-1	2	Réserve : codage cohérent avec la ligne programmatique générale du parti sur écologie.	https://rassemblementnational.fr/documents/202411-programme-europeennes.pdf
party	RN	37	Écologie	Les pays riches devraient supporter une part prépondérante du coût de la transition écologique mondiale.	-2	2	Désaccord net : estimation prudente ; aucune formulation parfaitement équivalente à la question n’a été identifiée.	https://rassemblementnational.fr/documents/202411-programme-europeennes.pdf
party	RN	38	Europe	La France devrait transférer davantage de compétences à l'Union européenne afin de renforcer son poids économique et géopolitique.	-2	2	Désaccord net : orientation cohérente avec le document officiel retenu, sans passage isolé directement équivalent à la question.	https://rassemblementnational.fr/documents/202411-programme-europeennes.pdf
party	RN	39	Europe	La France devrait conserver autant que possible sa souveraineté nationale, même si cela réduit son influence au niveau européen.	3	3	Accord fort : preuve primaire directe ou proposition officielle très proche ; le niveau de confiance documentaire a été réévalué indépendamment de l’intensité de la réponse.	https://rassemblementnational.fr/documents/202411-programme-europeennes.pdf
party	RN	40	Europe	L'euro est globalement bénéfique pour la France malgré la perte de certains instruments de politique économique.	1	2	Accord modéré : orientation cohérente avec le document officiel retenu, sans passage isolé directement équivalent à la question.	https://rassemblementnational.fr/documents/202411-programme-europeennes.pdf
party	RN	41	Europe	L'Union européenne devrait pouvoir imposer davantage de règles communes aux États membres.	-2	2	Désaccord net : orientation cohérente avec le document officiel retenu, sans passage isolé directement équivalent à la question.	https://rassemblementnational.fr/documents/202411-programme-europeennes.pdf
party	RN	42	Europe	En cas de conflit entre les intérêts économiques français et les règles européennes, la France devrait pouvoir désobéir à certaines règles européennes.	3	3	Accord fort : preuve primaire directe ou proposition officielle très proche ; le niveau de confiance documentaire a été réévalué indépendamment de l’intensité de la réponse.	https://rassemblementnational.fr/documents/202411-programme-europeennes.pdf
party	RN	43	Fiscalité / patrimoine	Il faudrait supprimer l'IFI et ne plus taxer spécifiquement le patrimoine immobilier au-delà de la fiscalité ordinaire.	2	2	Accord net : orientation cohérente avec le document officiel retenu, sans passage isolé directement équivalent à la question.	https://rassemblementnational.fr/documents/202406-programme.pdf
party	RN	44	Fiscalité / patrimoine	L'héritage devrait être davantage taxé au-delà d'un certain seuil de patrimoine transmis, même si cela conduit certaines familles à transmettre moins de patrimoine à leurs enfants.	-2	2	Désaccord net : orientation cohérente avec le document officiel retenu, sans passage isolé directement équivalent à la question.	https://rassemblementnational.fr/documents/202406-programme.pdf
party	RN	45	Fiscalité / patrimoine	Les très grandes fortunes devraient être imposées sur leur patrimoine mondial, même lorsqu'elles quittent la France.	-1	2	Réserve : orientation cohérente avec le document officiel retenu, sans passage isolé directement équivalent à la question.	https://rassemblementnational.fr/documents/202406-programme.pdf
party	RN	46	Travail / chômage	Un chômeur devrait pouvoir perdre une partie significative de ses allocations s'il refuse plusieurs emplois raisonnablement adaptés à ses compétences.	3	2	Accord fort : orientation cohérente avec le document officiel retenu, sans passage isolé directement équivalent à la question.	https://rassemblementnational.fr/documents/202406-programme.pdf
party	RN	47	Outre-mer / vie chère	L’État devrait garantir que les produits essentiels ne coûtent pas beaucoup plus cher dans les DOM/TOM que dans l’Hexagone, quitte à subventionner durablement leur transport ou leur prix avec l’argent public national.	2	3	Le RN a proposé une continuité territoriale économique pour le fret et des crédits supplémentaires afin de faire baisser les prix des biens essentiels outre-mer : accord net, complété par des solutions fiscales et concurrentielles.	https://www.assemblee-nationale.fr/dyn/17/amendements/AMANR5L17PO59048B1906P2D1N002166
party	RN	48	Travail / chômage	Le CDI protège trop fortement les salariés déjà en poste et peut rendre plus difficile l’accès à l’emploi stable, au détriment des jeunes, chômeurs ou travailleurs en contrats précaires.	-1	1	Réserve : estimation prudente ; aucune formulation parfaitement équivalente à la question n’a été identifiée.	https://rassemblementnational.fr/documents/202406-programme.pdf
party	RN	49	Retraites	Les retraites devraient être progressivement réformées vers un système combinant répartition et capitalisation, même si cela implique une période de transition coûteuse.	0	2	Position intermédiaire : le RN s'est ouvert à des mécanismes complémentaires de capitalisation, mais n'a pas adopté une réforme générale et stabilisée faisant de la combinaison répartition-capitalisation le cœur de son système de retraite.	https://rassemblementnational.fr/documents/202406-programme.pdf
party	RN	50	Retraites	L'âge légal de départ à la retraite devrait être automatiquement indexé sur l'espérance de vie nationale.	-2	1	Désaccord net : estimation prudente ; aucune formulation parfaitement équivalente à la question n’a été identifiée.	https://rassemblementnational.fr/documents/202406-programme.pdf
party	RN	51	Protection sociale	Les prestations sociales devraient être fortement conditionnées à la durée de cotisation et de participation au marché du travail.	2	2	Accord fort : orientation cohérente avec le document officiel retenu, sans passage isolé directement équivalent à la question.	https://rassemblementnational.fr/documents/202406-programme.pdf
party	RN	53	État / entreprises	Une entreprise qui reçoit plusieurs milliards d'euros d'aides publiques devrait pouvoir être contrainte de limiter ses dividendes et les rémunérations de ses dirigeants tant que l'aide n'est pas remboursée.	2	2	Accord net : codage cohérent avec la ligne programmatique générale du parti sur état / entreprises.	https://rassemblementnational.fr/documents/202406-programme.pdf
party	RN	54	État / entreprises	L'État devrait davantage utiliser son pouvoir d'actionnaire pour orienter les grandes entreprises françaises vers des objectifs industriels de long terme.	2	1	Accord net : estimation prudente ; aucune formulation parfaitement équivalente à la question n’a été identifiée.	https://rassemblementnational.fr/documents/202406-programme.pdf
party	RN	55	État / entreprises	Il faudrait réduire fortement les normes administratives pesant sur les entreprises, même si certaines protections environnementales ou sociales deviennent moins strictes.	2	2	Accord net : le RN défend une simplification substantielle des normes et accepte le recul de certaines contraintes réglementaires, y compris dans des domaines environnementaux, au nom de la compétitivité et de la souveraineté économique.	https://rassemblementnational.fr/documents/202406-programme.pdf
party	RN	56	Immigration / régularisation	Un étranger en situation irrégulière qui travaille de façon stable en France depuis plusieurs années et n’a commis aucun délit devrait pouvoir être régularisé, même s’il est entré ou est resté sur le territoire sans autorisation.	-3	3	Désaccord fort : le RN dénonce explicitement la régularisation des étrangers en situation irrégulière par les métiers en tension comme une prime à l’irrégularité et un facteur d’appel d’air ; il est donc clairement opposé au principe posé.	https://questions.assemblee-nationale.fr/q16/16-1324QG.htm
party	RN	57	Immigration / assimilation	L'accès à certaines prestations sociales devrait être beaucoup plus limité pendant les premières années suivant l'arrivée d'un immigré.	3	2	Accord fort : orientation cohérente avec le document officiel retenu, sans passage isolé directement équivalent à la question.	https://rassemblementnational.fr/livrets-thematiques
party	RN	58	Immigration / assimilation	La France devrait privilégier l'immigration économique qualifiée, même si cela signifie accueillir moins de personnes peu qualifiées.	1	2	Accord modéré : sources officielles et prises de position convergentes ; le niveau de confiance documentaire a été réévalué indépendamment de l’intensité de la réponse.	https://rassemblementnational.fr/livrets-thematiques
party	RN	59	Immigration / assimilation	Une personne née en France de parents étrangers devrait automatiquement devenir française à sa majorité si elle y a grandi, même si elle ne manifeste pas particulièrement d'attachement à la France.	-3	2	Désaccord fort : orientation cohérente avec le document officiel retenu, sans passage isolé directement équivalent à la question.	https://rassemblementnational.fr/livrets-thematiques
party	RN	60	Immigration / assimilation	La France devrait pouvoir refuser l'entrée à un immigré légalement admissible lorsqu'il existe de fortes raisons de penser qu'il ne souhaite pas s'intégrer culturellement à la société française.	3	2	Accord fort : orientation cohérente avec le document officiel retenu, sans passage isolé directement équivalent à la question.	https://rassemblementnational.fr/livrets-thematiques
party	RN	61	Immigration / assimilation	Le fait de conserver des pratiques culturelles ou religieuses très différentes de celles de la majorité française n'est pas en soi un problème tant que les lois françaises sont respectées.	-2	2	Désaccord net : estimation prudente ; aucune formulation parfaitement équivalente à la question n’a été identifiée.	https://rassemblementnational.fr/livrets-thematiques
party	RN	63	Libertés / sécurité	Pour lutter contre le terrorisme, l'État devrait pouvoir surveiller préventivement une personne considérée comme présentant un risque sérieux, même sans preuve suffisante pour engager des poursuites pénales.	3	2	Accord fort : orientation cohérente avec le document officiel retenu, sans passage isolé directement équivalent à la question.	https://rassemblementnational.fr/livrets-thematiques
party	RN	64	Libertés / expression	Une personne qui tient publiquement des propos profondément offensants mais qui n'appelle ni à la violence ni à commettre une infraction devrait être protégée par la liberté d'expression.	2	2	Accord net : des prises de position récentes du RN au Parlement européen dénoncent explicitement des dispositifs jugés susceptibles de restreindre la liberté d’expression ; la protection de tout propos offensant non illégal n’est toutefois pas formulée de façon aussi générale.	https://municipales2026.rassemblementnational.fr/communiques/opinion-minoritaire-sur-le-rapport-relatif-au-bouclier-democratique-europeen-euds
party	RN	66	Sécurité	Lorsqu’un conducteur refuse d’obtempérer et prend la fuite, les policiers devraient pouvoir utiliser leur arme à feu même si le danger pour leur vie n’est pas immédiat.	2	3	Accord fort : les 122 députés RN ont voté pour la proposition de loi et des députés RN ont aussi déposé un texte instituant une présomption de légitime défense pour les forces de l’ordre.	https://www.assemblee-nationale.fr/dyn/17/scrutins/7987
party	RN	67	Écologie	Une taxe carbone qui réduit les émissions de CO₂ devrait être maintenue même si elle diminue le pouvoir d’achat des ménages modestes, à condition de compenser ces derniers par des aides ciblées.	-1	2	Réserve : orientation cohérente avec le document officiel retenu, sans passage isolé directement équivalent à la question.	https://rassemblementnational.fr/documents/202411-programme-europeennes.pdf
party	RN	68	Écologie	La France devrait interdire progressivement la vente de voitures thermiques même si cela augmente temporairement le prix moyen des véhicules.	-3	2	Désaccord fort : orientation cohérente avec le document officiel retenu, sans passage isolé directement équivalent à la question.	https://rassemblementnational.fr/documents/202411-programme-europeennes.pdf
party	RN	69	Écologie	Il faut privilégier le nucléaire même si cela conduit à réduire certains investissements dans les renouvelables.	3	2	Accord fort : orientation cohérente avec le document officiel retenu, sans passage isolé directement équivalent à la question.	https://rassemblementnational.fr/documents/202411-programme-europeennes.pdf
party	RN	71	Écologie / croissance	Si la France pouvait réduire ses émissions de 20 % mais que cela réduisait son PIB de 3 %, alors que les autres pays ne faisaient aucun effort comparable, il faudrait quand même le faire.	-2	1	Désaccord net : estimation prudente ; aucune formulation parfaitement équivalente à la question n’a été identifiée.	https://rassemblementnational.fr/documents/202411-programme-europeennes.pdf
party	RN	72	Institutions	Pour certaines décisions économiques complexes, il serait préférable de confier davantage de pouvoir à des institutions indépendantes composées d'experts plutôt qu'aux responsables politiques élus.	-1	1	Réserve : estimation prudente ; aucune formulation parfaitement équivalente à la question n’a été identifiée.	https://rassemblementnational.fr/documents/202406-programme.pdf
party	RN	73	Institutions	Un gouvernement devrait pouvoir prendre une décision économiquement nécessaire mais très impopulaire sans chercher à obtenir l'approbation immédiate de la population.	0	1	Position équilibrée ou non tranchée : estimation prudente ; aucune formulation parfaitement équivalente à la question n’a été identifiée.	https://rassemblementnational.fr/documents/202406-programme.pdf
party	RN	74	Institutions	Le référendum devrait être beaucoup plus utilisé, même lorsque les citoyens votent sur des sujets dont ils maîtrisent mal les aspects techniques.	3	2	Accord fort : orientation cohérente avec le document officiel retenu, sans passage isolé directement équivalent à la question.	https://rassemblementnational.fr/documents/202406-programme.pdf
party	RN	75	Institutions	Il serait acceptable de donner davantage de poids politique aux citoyens qui démontrent un niveau élevé de connaissance du fonctionnement des institutions et de l'économie.	-2	1	Désaccord net : estimation prudente ; aucune formulation parfaitement équivalente à la question n’a été identifiée.	https://rassemblementnational.fr/documents/202406-programme.pdf
party	RN	76	Institutions	Le président de la République devrait disposer de davantage de pouvoirs pour pouvoir mettre en œuvre un programme pendant cinq ans sans être constamment bloqué par le Parlement.	2	2	Accord net : sources officielles et prises de position convergentes ; le niveau de confiance documentaire a été réévalué indépendamment de l’intensité de la réponse.	https://rassemblementnational.fr/documents/202406-programme.pdf
party	RN	77	Institutions	La proportionnelle intégrale serait préférable au système actuel, même si elle rendait plus fréquentes les coalitions et les gouvernements instables.	2	2	Accord net : le RN réclame actuellement l’introduction de la proportionnelle, mais la source ne précise ni une proportionnelle intégrale ni l’acceptation explicite du risque accru de coalitions et d’instabilité posé par la question.	https://rassemblementnational.fr/
party	RN	78	Immigration / assimilation	Le droit de séjour durable en France devrait dépendre, sauf impossibilité particulière, d’efforts concrets pour apprendre le français, comprendre les règles et usages du pays et participer à la vie collective.	3	2	Accord fort : orientation cohérente avec le document officiel retenu, sans passage isolé directement équivalent à la question.	https://rassemblementnational.fr/livrets-thematiques
party	RN	79	Immigration / délinquance	Les différences de délinquance observées s’expliquent davantage par les inégalités sociales et économiques que par la culture d’origine des personnes concernées.	-2	2	Désaccord net : orientation cohérente avec le document officiel retenu, sans passage isolé directement équivalent à la question.	https://rassemblementnational.fr/livrets-thematiques
party	RN	80	Écologie / agriculture	La France devrait interdire aux agriculteurs l’usage d’un produit jugé trop polluant, même si cette interdiction les désavantage face à des concurrents étrangers qui peuvent encore l’utiliser.	-3	3	Désaccord fort : le RN défend explicitement le principe « pas d’interdiction sans solution », les dérogations pour les filières sans alternative et la suppression des surtranspositions qui placent les producteurs français en situation de concurrence défavorable.	https://questions.assemblee-nationale.fr/dyn/17/comptes-rendus/seance/session-extraordinaire-de-2025-2026/deuxieme-seance-du-lundi-20-juillet-2026
party	RN	81	Santé / accès aux soins	Dans les zones où l'accès aux soins est insuffisant, l'Assurance maladie devrait pouvoir limiter le conventionnement de nouveaux médecins dans les zones déjà bien dotées afin d'encourager leur installation dans les déserts médicaux.	-3	3	Désaccord fort : le scrutin sur la régulation du conventionnement médical fournit la position parlementaire la plus proche ; pour les formations non représentées, le codage est déduit de leur ligne sur la liberté d'installation. Niveau de preuve : preuve directe ou politique explicitement documentée.	https://www.assemblee-nationale.fr/dyn/17/scrutins/1214
party	RN	82	Santé / assurance maladie	L'Assurance maladie devrait rembourser intégralement les soins essentiels, quitte à réduire fortement le rôle des complémentaires santé.	-1	1	Réserve : le programme de santé retenu permet d'estimer la place accordée à l'assurance publique et aux complémentaires. Niveau de preuve : estimation prudente à partir de la ligne générale.	https://rassemblementnational.fr/documents/202406-programme.pdf
party	RN	83	Santé / hôpital	Il faut accepter de fermer ou regrouper certaines petites maternités et certains services d'urgence afin de concentrer les équipes et les équipements dans des établissements plus importants.	-2	2	Désaccord net : le document retenu permet d'arbitrer entre maintien de la proximité hospitalière et concentration des moyens. Niveau de preuve : faisceau d’indices cohérent, sans équivalent toujours parfaitement identique.	https://rassemblementnational.fr/documents/202406-programme.pdf
party	RN	84	Éducation / autonomie	Les chefs d'établissement scolaire devraient pouvoir recruter eux-même une partie de leurs enseignants et peser davantage dans leur évaluation.	1	1	Accord modéré : la position est estimée à partir des propositions d'autonomie des établissements, de recrutement et de gestion des enseignants. Niveau de preuve : estimation prudente à partir de la ligne générale.	https://rassemblementnational.fr/documents/202406-programme.pdf
party	RN	85	Éducation / mixité sociale	Le financement public des établissements privés sous contrat devrait être conditionné à des objectifs mesurables de mixité sociale.	-2	1	Désaccord net : la position est estimée à partir des propositions sur l'enseignement privé, son financement et la mixité sociale. Niveau de preuve : estimation prudente à partir de la ligne générale.	https://rassemblementnational.fr/documents/202406-programme.pdf
party	RN	86	Logement / locations touristiques	Dans les zones où le logement manque, une commune devrait pouvoir interdire la location touristique régulière d'un logement qui n'est pas la résidence principale de son propriétaire.	1	1	Accord modéré : la source retenue précise le degré de régulation souhaité pour les meublés touristiques et les pouvoirs locaux. Niveau de preuve : estimation prudente à partir de la ligne générale.	https://rassemblementnational.fr/documents/202406-programme.pdf
party	RN	87	Défense / Ukraine	La France devrait continuer à fournir une aide militaire et financière importante à l'Ukraine tant que son territoire reste occupé, même si la guerre se prolonge.	0	3	Position neutre, partagée ou non arrêtée : le vote ou la politique officielle sur le soutien durable à l'Ukraine constitue l'indicateur principal. Niveau de preuve : preuve directe ou politique explicitement documentée.	https://www.assemblee-nationale.fr/dyn/17/scrutins/988
party	RN	88	Défense / dissuasion nucléaire	La dissuasion nucléaire française devrait aussi protéger les partenaires européens, tout en laissant à la France seule la décision finale de l'employer.	-3	3	Désaccord fort : la source retenue porte sur l'extension européenne de la dissuasion ou, pour les pays non dotés, sur la protection nucléaire alliée. Niveau de preuve : preuve directe ou politique explicitement documentée.	https://rassemblementnational.fr/communiques/la-dissuasion-engage-la-nation-elle-ne-se-delegue-pas
party	RN	89	Santé / fin de vie	Une personne majeure atteinte d'une maladie grave et incurable provoquant des souffrances insupportables devrait pouvoir recevoir une aide médicale à mourir dans un cadre strictement contrôlé.	-3	3	Désaccord fort : le vote, la loi ou la position gouvernementale sur l'aide à mourir fournit un équivalent direct ou très proche. Niveau de preuve : preuve directe ou politique explicitement documentée.	https://www.assemblee-nationale.fr/dyn/17/scrutins/2107
party	RN	90	Dépendance / EHPAD	Les groupes privés à but lucratif ne devraient plus pouvoir gérer d'EHPAD. Les établissements existants devraient progressivement devenir publics ou non lucratifs.	1	1	Accord modéré : le programme social et sanitaire permet d'estimer la place laissée aux opérateurs lucratifs dans la dépendance. Niveau de preuve : estimation prudente à partir de la ligne générale.	https://rassemblementnational.fr/documents/202406-programme.pdf
party	RN	91	Famille / prestations	Les allocations familiales devraient être versées à toutes les familles selon le nombre d'enfants, sans diminuer lorsque les revenus augmentent.	3	3	Accord fort : le modèle de prestations familiales et la ligne programmatique permettent d'estimer la préférence pour l'universalité ou le ciblage. Niveau de preuve : preuve directe ou politique explicitement documentée.	https://rassemblementnational.fr/documents/202406-programme.pdf
party	RN	92	Numérique / mineurs	L'accès aux réseaux sociaux devrait être interdit aux moins de 15 ans, même avec l'accord de leurs parents.	0	2	Position neutre, partagée ou non arrêtée : le vote ou la politique publique sur l'âge d'accès aux réseaux sociaux permet de distinguer interdiction stricte, autorisation parentale et régulation plus souple. Niveau de preuve : faisceau d’indices cohérent, sans équivalent toujours parfaitement identique.	https://www.assemblee-nationale.fr/dyn/17/scrutins/8431
party	RN	93	Numérique / intelligence artificielle	Les administrations publiques devraient privilégier des modèles d'intelligence artificielle hébergés en Europe, même s'ils sont temporairement moins performants ou plus coûteux que leurs concurrents étrangers.	-1	2	Réserve : la stratégie numérique permet d'estimer la priorité accordée à la souveraineté européenne par rapport au coût et à la performance. Niveau de preuve : faisceau d’indices cohérent, sans équivalent toujours parfaitement identique.	https://rassemblementnational.fr/documents/202406-programme.pdf
party	Reconquête	1	Économie	Il faut réduire les impôts sur le travail et le capital, même si cela implique de réduire certaines dépenses publiques.	3	2	Accord fort : orientation cohérente avec le document officiel retenu, sans passage isolé directement équivalent à la question.	https://www.parti-reconquete.fr/
party	Reconquête	2	Économie	Les inégalités économiques sont acceptables tant qu'elles résultent principalement du travail ou de la prise de risque.	2	1	Accord net : estimation prudente ; aucune formulation parfaitement équivalente à la question n’a été identifiée.	https://www.parti-reconquete.fr/
party	Reconquête	3	Économie	L'État devrait davantage taxer les hauts revenus et les gros patrimoines afin de réduire les inégalités.	-3	2	Désaccord fort : codage cohérent avec la ligne programmatique générale du parti sur économie.	https://www.parti-reconquete.fr/
party	Reconquête	4	Économie	Les entreprises devraient être obligées de limiter l’écart entre la rémunération de leurs dirigeants et celle de leurs salariés les moins bien payés.	-3	2	Désaccord fort par cohérence idéologique : Reconquête défend une ligne économique favorable à la liberté des entreprises et hostile aux contraintes supplémentaires sur les entreprises ; aucun soutien à un plafond légal des rémunérations n’est identifié.	https://fede56.parti-reconquete.fr/article/une-surtaxe-absurde-de-plus
party	Reconquête	5	Économie	Le salaire minimum devrait être augmenté significativement.	-2	2	Désaccord net : codage cohérent avec la ligne programmatique générale du parti sur économie.	https://www.parti-reconquete.fr/
party	Reconquête	6	Économie	Les entreprises privées sont généralement plus efficaces que l'État pour fournir des biens et services, même dans certains secteurs essentiels.	2	1	Accord net : estimation prudente ; aucune formulation parfaitement équivalente à la question n’a été identifiée.	https://www.parti-reconquete.fr/
party	Reconquête	7	Économie	L'État devrait pouvoir nationaliser temporairement ou durablement une entreprise privée lorsqu'elle contrôle une activité stratégique pour le pays.	-2	2	Désaccord net : codage cohérent avec la ligne programmatique générale du parti sur économie.	https://www.parti-reconquete.fr/
party	Reconquête	8	Économie	La concurrence est généralement préférable à la réglementation pour améliorer les prix, la qualité et l'innovation.	2	1	Accord net : estimation prudente ; aucune formulation parfaitement équivalente à la question n’a été identifiée.	https://www.parti-reconquete.fr/
party	Reconquête	9	État	La France dépense trop d'argent public et devrait accepter de réduire certaines politiques sociales pour revenir à l'équilibre budgétaire.	3	2	Accord fort : orientation cohérente avec le document officiel retenu, sans passage isolé directement équivalent à la question.	https://www.parti-reconquete.fr/
party	Reconquête	10	État	L'État devrait garantir un niveau élevé de protection sociale, même si cela implique une fiscalité importante.	-2	2	Désaccord net : codage cohérent avec la ligne programmatique générale du parti sur état.	https://www.parti-reconquete.fr/
party	Reconquête	12	État	L'État devrait intervenir beaucoup plus fortement dans l'économie lorsque le marché produit des résultats jugés socialement indésirables.	-2	2	Désaccord net : codage cohérent avec la ligne programmatique générale du parti sur état.	https://www.parti-reconquete.fr/
party	Reconquête	13	État	Les citoyens devraient avoir davantage de liberté pour choisir eux-mêmes comment utiliser leur argent plutôt que de passer par des systèmes publics obligatoires.	2	1	Accord net : estimation prudente ; aucune formulation parfaitement équivalente à la question n’a été identifiée.	https://www.parti-reconquete.fr/
party	Reconquête	14	Social / société	La société devrait accepter beaucoup plus largement les différents modes de vie, même lorsqu'ils s'éloignent des normes traditionnelles.	-2	3	Désaccord net : codage cohérent avec la ligne programmatique générale du parti sur social / société.	https://www.parti-reconquete.fr/
party	Reconquête	15	Démocratie	Un gouvernement devrait pouvoir faire adopter le budget sans vote de l’Assemblée nationale lorsqu’aucune majorité stable ne se dégage, afin d’éviter un blocage institutionnel.	0	1	Des prises de position locales critiquent la banalisation du 49.3, tandis que d’autres valorisent les mécanismes de stabilité de la Ve République. Pas de doctrine nationale suffisamment précise : 0, confiance 1.	https://fede26.parti-reconquete.fr/article/l-analyse-economique-de-r-drome-episode-2
party	Reconquête	16	Social / société	Réduire les inégalités peut parfois justifier de restreindre certaines libertés individuelles.	-2	1	Désaccord net : estimation prudente ; aucune formulation parfaitement équivalente à la question n’a été identifiée.	https://www.parti-reconquete.fr/
party	Reconquête	17	Social / société	Les politiques publiques devraient chercher à corriger activement les discriminations historiques ou structurelles entre groupes sociaux.	-2	2	Désaccord net : codage cohérent avec la ligne programmatique générale du parti sur social / société.	https://www.parti-reconquete.fr/
party	Reconquête	18	Institutions / territoires	Les régions devraient pouvoir adopter des règles différentes en matière économique, sociale ou environnementale plutôt que d’appliquer partout les mêmes règles nationales.	0	2	Position non tranchée : Reconquête défend le rôle des communes et de l’État et souhaite revoir la répartition des compétences territoriales, mais aucune position directe et suffisamment précise n’a été identifiée en faveur ou contre la possibilité pour les régions d’adopter des normes économiques, sociales ou environnementales différentes.	https://programme.ericzemmour.fr/reforme-etat
party	Reconquête	19	Social / société	Certaines traditions et valeurs culturelles méritent d'être préservées même si elles évoluent moins vite que la société.	3	3	Accord fort : codage cohérent avec la ligne programmatique générale du parti sur social / société.	https://www.parti-reconquete.fr/
party	Reconquête	20	Immigration	La France devrait réduire le nombre d'immigrants qu'elle accueille chaque année.	3	2	Accord fort : orientation cohérente avec le document officiel retenu, sans passage isolé directement équivalent à la question.	https://www.parti-reconquete.fr/
party	Reconquête	21	Immigration	L'immigration économique est globalement bénéfique pour l'économie française.	-2	2	Désaccord net : estimation prudente ; aucune formulation parfaitement équivalente à la question n’a été identifiée.	https://www.parti-reconquete.fr/
party	Reconquête	22	Immigration / droits sociaux	Un étranger installé légalement en France depuis de nombreuses années devrait, à situation économique comparable, bénéficier des mêmes prestations sociales et du même accès au logement social qu’un citoyen français, sans priorité fondée sur la nationalité.	-3	2	Reconquête revendique explicitement la préférence nationale, notamment dans l’accès au logement et aux mécanismes de solidarité : désaccord maximal avec la nouvelle formulation.	https://fede33.parti-reconquete.fr/communique-de-presse/logements-etudiants-reserves-aux-etudiants-senegalais-contre-la-preference-etrangere-la-preference-nationale
party	Reconquête	23	Immigration	L'accès à la nationalité française devrait être rendu plus exigeant.	3	3	Accord fort : codage cohérent avec la ligne programmatique générale du parti sur immigration.	https://www.parti-reconquete.fr/
party	Reconquête	24	Immigration	La France devrait être beaucoup plus stricte concernant l'expulsion des étrangers condamnés pour des crimes graves.	3	2	Accord fort : orientation cohérente avec le document officiel retenu, sans passage isolé directement équivalent à la question.	https://www.parti-reconquete.fr/
party	Reconquête	25	Immigration	Même lorsque l'immigration est économiquement bénéfique, elle peut être légitimement limitée pour préserver la cohésion culturelle du pays.	3	3	Accord fort : codage cohérent avec la ligne programmatique générale du parti sur immigration.	https://www.parti-reconquete.fr/
party	Reconquête	26	Immigration	La France devrait accueillir davantage de réfugiés lorsqu'ils fuient une guerre ou une persécution, même si cela représente un coût économique.	-3	2	Désaccord fort : codage cohérent avec la ligne programmatique générale du parti sur immigration.	https://www.parti-reconquete.fr/
party	Reconquête	27	Sécurité / justice	Les peines de prison effectives devraient être plus sévères, même si cela augmente fortement la population carcérale.	3	2	Accord fort : codage cohérent avec la ligne programmatique générale du parti sur sécurité / justice.	https://www.parti-reconquete.fr/
party	Reconquête	28	Sécurité / justice	Il vaut mieux investir dans la prévention et la réinsertion que dans l'augmentation des sanctions.	-2	2	Désaccord net : Reconquête privilégie le durcissement des peines, les peines planchers et l'exécution effective des sanctions. La prévention et la réinsertion ne sont pas totalement exclues, ce qui justifie -2 plutôt que -3.	https://www.parti-reconquete.fr/
party	Reconquête	29	Sécurité / justice	La police devrait disposer de pouvoirs plus importants pour lutter contre la criminalité, quitte à accepter davantage de contrôles sur certaines libertés individuelles.	3	2	Accord fort : orientation cohérente avec le document officiel retenu, sans passage isolé directement équivalent à la question.	https://www.parti-reconquete.fr/
party	Reconquête	30	Agriculture / commerce	La France devrait pouvoir interdire l’importation de produits agricoles fabriqués selon des normes qu’elle interdit à ses propres agriculteurs, même si cela faisait disparaître des rayons les produits alimentaires les moins chers.	2	3	Accord net : Reconquête défend explicitement la réciprocité des normes et l'exclusion de produits étrangers ne respectant pas les exigences françaises ; faute de preuve suffisamment directe sur l'acceptation d'un renchérissement alimentaire, +2 est plus prudent que +3.	https://fede11.parti-reconquete.fr/communique-de-presse/soutien-a-nos-agriculteurs-et-viticulteurs
party	Reconquête	32	Écologie	La lutte contre le changement climatique doit rester prioritaire même lorsqu'elle réduit la croissance économique à court terme.	0	2	Position équilibrée ou non tranchée : orientation cohérente avec le document officiel retenu, sans passage isolé directement équivalent à la question.	https://www.parti-reconquete.fr/
party	Reconquête	33	Écologie	Il faut accepter une hausse importante du prix des énergies fossiles pour accélérer la transition écologique.	-2	2	Désaccord net : codage cohérent avec la ligne programmatique générale du parti sur écologie.	https://www.parti-reconquete.fr/
party	Reconquête	34	Economie	Une partie des cotisations sociales sur les salaires devrait être remplacée par une hausse de la TVA afin d’augmenter les salaires nets et de réduire le coût du travail, même si cela augmente le prix des biens et services consommés	0	1	Reconquête défend une baisse du coût du travail et des prélèvements, mais aucune proposition suffisamment précise de transfert vers la TVA n’a été retrouvée. Score neutre par prudence.	https://www.parti-reconquete.fr/
party	Reconquête	35	Écologie	Les politiques écologiques devraient reposer principalement sur des mécanismes de marché comme la taxe carbone plutôt que sur des interdictions.	2	1	Accord net : estimation prudente ; aucune formulation parfaitement équivalente à la question n’a été identifiée.	https://www.parti-reconquete.fr/
party	Reconquête	36	Écologie	Il est justifié d'interdire certains produits ou comportements très polluants même lorsque les consommateurs les souhaitent.	-1	2	Réserve : codage cohérent avec la ligne programmatique générale du parti sur écologie.	https://www.parti-reconquete.fr/
party	Reconquête	37	Écologie	Les pays riches devraient supporter une part prépondérante du coût de la transition écologique mondiale.	-2	1	Désaccord net : estimation prudente ; aucune formulation parfaitement équivalente à la question n’a été identifiée.	https://www.parti-reconquete.fr/
party	Reconquête	38	Europe	La France devrait transférer davantage de compétences à l'Union européenne afin de renforcer son poids économique et géopolitique.	-2	2	Désaccord net : orientation cohérente avec le document officiel retenu, sans passage isolé directement équivalent à la question.	https://www.parti-reconquete.fr/
party	Reconquête	39	Europe	La France devrait conserver autant que possible sa souveraineté nationale, même si cela réduit son influence au niveau européen.	3	2	Accord fort : codage cohérent avec la ligne programmatique générale du parti sur europe.	https://www.parti-reconquete.fr/
party	Reconquête	40	Europe	L'euro est globalement bénéfique pour la France malgré la perte de certains instruments de politique économique.	1	2	Accord modéré : orientation cohérente avec le document officiel retenu, sans passage isolé directement équivalent à la question.	https://www.parti-reconquete.fr/
party	Reconquête	41	Europe	L'Union européenne devrait pouvoir imposer davantage de règles communes aux États membres.	-2	2	Désaccord net : codage cohérent avec la ligne programmatique générale du parti sur europe.	https://www.parti-reconquete.fr/
party	Reconquête	42	Europe	En cas de conflit entre les intérêts économiques français et les règles européennes, la France devrait pouvoir désobéir à certaines règles européennes.	3	2	Accord fort : codage cohérent avec la ligne programmatique générale du parti sur europe.	https://www.parti-reconquete.fr/
party	Reconquête	43	Fiscalité / patrimoine	Il faudrait supprimer l'IFI et ne plus taxer spécifiquement le patrimoine immobilier au-delà de la fiscalité ordinaire.	2	2	Accord fort : orientation cohérente avec le document officiel retenu, sans passage isolé directement équivalent à la question.	https://www.parti-reconquete.fr/
party	Reconquête	44	Fiscalité / patrimoine	L'héritage devrait être davantage taxé au-delà d'un certain seuil de patrimoine transmis, même si cela conduit certaines familles à transmettre moins de patrimoine à leurs enfants.	-3	2	Désaccord fort : codage cohérent avec la ligne programmatique générale du parti sur fiscalité / patrimoine.	https://www.parti-reconquete.fr/
party	Reconquête	45	Fiscalité / patrimoine	Les très grandes fortunes devraient être imposées sur leur patrimoine mondial, même lorsqu'elles quittent la France.	-2	2	Désaccord net : Reconquête s'oppose à l'extension extraterritoriale durable de l'impôt français et défend une baisse de la fiscalité du capital ; la question va dans le sens inverse, sans preuve suffisante pour retenir -3.	https://www.parti-reconquete.fr/
party	Reconquête	46	Travail / chômage	Un chômeur devrait pouvoir perdre une partie significative de ses allocations s'il refuse plusieurs emplois raisonnablement adaptés à ses compétences.	2	2	Accord fort : codage cohérent avec la ligne programmatique générale du parti sur travail / chômage.	https://www.parti-reconquete.fr/
party	Reconquête	47	Outre-mer / vie chère	L’État devrait garantir que les produits essentiels ne coûtent pas beaucoup plus cher dans les DOM/TOM que dans l’Hexagone, quitte à subventionner durablement leur transport ou leur prix avec l’argent public national.	0	1	Aucune position suffisamment précise de Reconquête n’a été identifiée sur une compensation nationale durable des surcoûts de fret ou de prix ultramarins ; position laissée neutre.	https://www.parti-reconquete.fr/
party	Reconquête	48	Travail / chômage	Le CDI protège trop fortement les salariés déjà en poste et peut rendre plus difficile l’accès à l’emploi stable, au détriment des jeunes, chômeurs ou travailleurs en contrats précaires.	2	1	Accord net : estimation prudente ; aucune formulation parfaitement équivalente à la question n’a été identifiée.	https://www.parti-reconquete.fr/
party	Reconquête	49	Retraites	Les retraites devraient être progressivement réformées vers un système combinant répartition et capitalisation, même si cela implique une période de transition coûteuse.	2	2	Accord net : codage cohérent avec la ligne programmatique générale du parti sur retraites.	https://www.parti-reconquete.fr/
party	Reconquête	50	Retraites	L'âge légal de départ à la retraite devrait être automatiquement indexé sur l'espérance de vie nationale.	1	2	Accord modéré : Reconquête est favorable à un relèvement de l'âge de départ et invoque la contrainte démographique, mais ne défend pas explicitement une indexation automatique sur l'espérance de vie ; +1.	https://www.parti-reconquete.fr/
party	Reconquête	51	Protection sociale	Les prestations sociales devraient être fortement conditionnées à la durée de cotisation et de participation au marché du travail.	2	2	Accord fort : codage cohérent avec la ligne programmatique générale du parti sur protection sociale.	https://www.parti-reconquete.fr/
party	Reconquête	53	État / entreprises	Une entreprise qui reçoit plusieurs milliards d'euros d'aides publiques devrait pouvoir être contrainte de limiter ses dividendes et les rémunérations de ses dirigeants tant que l'aide n'est pas remboursée.	0	2	Position équilibrée ou non tranchée : codage cohérent avec la ligne programmatique générale du parti sur état / entreprises.	https://www.parti-reconquete.fr/
party	Reconquête	54	État / entreprises	L'État devrait davantage utiliser son pouvoir d'actionnaire pour orienter les grandes entreprises françaises vers des objectifs industriels de long terme.	0	1	Position équilibrée ou non tranchée : estimation prudente ; aucune formulation parfaitement équivalente à la question n’a été identifiée.	https://www.parti-reconquete.fr/
party	Reconquête	55	État / entreprises	Il faudrait réduire fortement les normes administratives pesant sur les entreprises, même si certaines protections environnementales ou sociales deviennent moins strictes.	3	2	Accord fort : orientation cohérente avec le document officiel retenu, sans passage isolé directement équivalent à la question.	https://www.parti-reconquete.fr/
party	Reconquête	56	Immigration / régularisation	Un étranger en situation irrégulière qui travaille de façon stable en France depuis plusieurs années et n’a commis aucun délit devrait pouvoir être régularisé, même s’il est entré ou est resté sur le territoire sans autorisation.	-3	3	Désaccord fort : Reconquête défend une ligne de zéro régularisation des étrangers en situation irrégulière et privilégie leur éloignement ; la proposition est directement contraire à la question.	https://programme.ericzemmour.fr/immigration
party	Reconquête	57	Immigration / assimilation	L'accès à certaines prestations sociales devrait être beaucoup plus limité pendant les premières années suivant l'arrivée d'un immigré.	3	2	Accord fort : codage cohérent avec la ligne programmatique générale du parti sur immigration / assimilation.	https://www.parti-reconquete.fr/
party	Reconquête	58	Immigration / assimilation	La France devrait privilégier l'immigration économique qualifiée, même si cela signifie accueillir moins de personnes peu qualifiées.	2	1	Accord net : estimation prudente ; aucune formulation parfaitement équivalente à la question n’a été identifiée.	https://www.parti-reconquete.fr/
party	Reconquête	59	Immigration / assimilation	Une personne née en France de parents étrangers devrait automatiquement devenir française à sa majorité si elle y a grandi, même si elle ne manifeste pas particulièrement d'attachement à la France.	-3	2	Désaccord fort : codage cohérent avec la ligne programmatique générale du parti sur immigration / assimilation.	https://www.parti-reconquete.fr/
party	Reconquête	60	Immigration / assimilation	La France devrait pouvoir refuser l'entrée à un immigré légalement admissible lorsqu'il existe de fortes raisons de penser qu'il ne souhaite pas s'intégrer culturellement à la société française.	3	2	Accord fort : codage cohérent avec la ligne programmatique générale du parti sur immigration / assimilation.	https://www.parti-reconquete.fr/
party	Reconquête	61	Immigration / assimilation	Le fait de conserver des pratiques culturelles ou religieuses très différentes de celles de la majorité française n'est pas en soi un problème tant que les lois françaises sont respectées.	-2	2	Désaccord net : estimation prudente ; aucune formulation parfaitement équivalente à la question n’a été identifiée.	https://www.parti-reconquete.fr/
party	Reconquête	63	Libertés / sécurité	Pour lutter contre le terrorisme, l'État devrait pouvoir surveiller préventivement une personne considérée comme présentant un risque sérieux, même sans preuve suffisante pour engager des poursuites pénales.	3	2	Accord fort : orientation cohérente avec le document officiel retenu, sans passage isolé directement équivalent à la question.	https://www.parti-reconquete.fr/
party	Reconquête	64	Libertés / expression	Une personne qui tient publiquement des propos profondément offensants mais qui n'appelle ni à la violence ni à commettre une infraction devrait être protégée par la liberté d'expression.	3	1	Accord fort : estimation prudente ; aucune formulation parfaitement équivalente à la question n’a été identifiée.	https://www.parti-reconquete.fr/
party	Reconquête	66	Sécurité	Lorsqu’un conducteur refuse d’obtempérer et prend la fuite, les policiers devraient pouvoir utiliser leur arme à feu même si le danger pour leur vie n’est pas immédiat.	2	3	Accord fort : Reconquête défend explicitement une présomption de légitime défense pour les policiers et les gendarmes en cas d’usage de leur arme.	https://fede44.parti-reconquete.fr/communique-de-presse/reconquete-loire-atlantique-soutient-les-policiers-dans-la-lutte-contre-la-chienlit
party	Reconquête	67	Écologie	Une taxe carbone qui réduit les émissions de CO₂ devrait être maintenue même si elle diminue le pouvoir d’achat des ménages modestes, à condition de compenser ces derniers par des aides ciblées.	-1	2	Réserve : codage cohérent avec la ligne programmatique générale du parti sur écologie.	https://www.parti-reconquete.fr/
party	Reconquête	68	Écologie	La France devrait interdire progressivement la vente de voitures thermiques même si cela augmente temporairement le prix moyen des véhicules.	-3	2	Désaccord fort : codage cohérent avec la ligne programmatique générale du parti sur écologie.	https://www.parti-reconquete.fr/
party	Reconquête	69	Écologie	Il faut privilégier le nucléaire même si cela conduit à réduire certains investissements dans les renouvelables.	3	2	Accord fort : codage cohérent avec la ligne programmatique générale du parti sur écologie.	https://www.parti-reconquete.fr/
party	Reconquête	71	Écologie / croissance	Si la France pouvait réduire ses émissions de 20 % mais que cela réduisait son PIB de 3 %, alors que les autres pays ne faisaient aucun effort comparable, il faudrait quand même le faire.	-2	1	Désaccord net : estimation prudente ; aucune formulation parfaitement équivalente à la question n’a été identifiée.	https://www.parti-reconquete.fr/
party	Reconquête	72	Institutions	Pour certaines décisions économiques complexes, il serait préférable de confier davantage de pouvoir à des institutions indépendantes composées d'experts plutôt qu'aux responsables politiques élus.	-1	1	Réserve : estimation prudente ; aucune formulation parfaitement équivalente à la question n’a été identifiée.	https://www.parti-reconquete.fr/
party	Reconquête	73	Institutions	Un gouvernement devrait pouvoir prendre une décision économiquement nécessaire mais très impopulaire sans chercher à obtenir l'approbation immédiate de la population.	1	1	Accord modéré : estimation prudente ; aucune formulation parfaitement équivalente à la question n’a été identifiée.	https://www.parti-reconquete.fr/
party	Reconquête	74	Institutions	Le référendum devrait être beaucoup plus utilisé, même lorsque les citoyens votent sur des sujets dont ils maîtrisent mal les aspects techniques.	3	2	Accord fort : codage cohérent avec la ligne programmatique générale du parti sur institutions.	https://www.parti-reconquete.fr/
party	Reconquête	75	Institutions	Il serait acceptable de donner davantage de poids politique aux citoyens qui démontrent un niveau élevé de connaissance du fonctionnement des institutions et de l'économie.	-2	1	Désaccord net : estimation prudente ; aucune formulation parfaitement équivalente à la question n’a été identifiée.	https://www.parti-reconquete.fr/
party	Reconquête	76	Institutions	Le président de la République devrait disposer de davantage de pouvoirs pour pouvoir mettre en œuvre un programme pendant cinq ans sans être constamment bloqué par le Parlement.	2	1	Accord net : estimation prudente ; aucune formulation parfaitement équivalente à la question n’a été identifiée.	https://www.parti-reconquete.fr/
party	Reconquête	77	Institutions	La proportionnelle intégrale serait préférable au système actuel, même si elle rendait plus fréquentes les coalitions et les gouvernements instables.	1	2	Accord modéré : codage cohérent avec la ligne programmatique générale du parti sur institutions.	https://www.parti-reconquete.fr/
party	Reconquête	78	Immigration / assimilation	Le droit de séjour durable en France devrait dépendre, sauf impossibilité particulière, d’efforts concrets pour apprendre le français, comprendre les règles et usages du pays et participer à la vie collective.	3	2	Accord fort : orientation cohérente avec le document officiel retenu, sans passage isolé directement équivalent à la question.	https://www.parti-reconquete.fr/
party	Reconquête	79	Immigration / délinquance	Les différences de délinquance observées s’expliquent davantage par les inégalités sociales et économiques que par la culture d’origine des personnes concernées.	-3	2	Désaccord fort : codage cohérent avec la ligne programmatique générale du parti sur immigration / délinquance.	https://www.parti-reconquete.fr/
party	Reconquête	80	Écologie / agriculture	La France devrait interdire aux agriculteurs l’usage d’un produit jugé trop polluant, même si cette interdiction les désavantage face à des concurrents étrangers qui peuvent encore l’utiliser.	-3	3	Désaccord fort : Reconquête demande qu’il n’y ait plus d’interdiction de produits phytosanitaires en l’absence d’alternative sérieuse et lie explicitement cette position à la protection des agriculteurs contre la concurrence déloyale.	https://fede94.parti-reconquete.fr/communique-de-presse/reconquete-val-de-marne-soutient-les-agriculteurs
party	Reconquête	81	Santé / accès aux soins	Dans les zones où l'accès aux soins est insuffisant, l'Assurance maladie devrait pouvoir limiter le conventionnement de nouveaux médecins dans les zones déjà bien dotées afin d'encourager leur installation dans les déserts médicaux.	-2	1	Désaccord net : le scrutin sur la régulation du conventionnement médical fournit la position parlementaire la plus proche ; pour les formations non représentées, le codage est déduit de leur ligne sur la liberté d'installation. Niveau de preuve : estimation prudente à partir de la ligne générale.	https://www.parti-reconquete.fr/
party	Reconquête	82	Santé / assurance maladie	L'Assurance maladie devrait rembourser intégralement les soins essentiels, quitte à réduire fortement le rôle des complémentaires santé.	-2	1	Désaccord net : le programme de santé retenu permet d'estimer la place accordée à l'assurance publique et aux complémentaires. Niveau de preuve : estimation prudente à partir de la ligne générale.	https://www.parti-reconquete.fr/
party	Reconquête	83	Santé / hôpital	Il faut accepter de fermer ou regrouper certaines petites maternités et certains services d'urgence afin de concentrer les équipes et les équipements dans des établissements plus importants.	-1	1	Réserve : le document retenu permet d'arbitrer entre maintien de la proximité hospitalière et concentration des moyens. Niveau de preuve : estimation prudente à partir de la ligne générale.	https://www.parti-reconquete.fr/
party	Reconquête	84	Éducation / autonomie	Les chefs d'établissement scolaire devraient pouvoir recruter eux-même une partie de leurs enseignants et peser davantage dans leur évaluation.	2	1	Accord net : la position est estimée à partir des propositions d'autonomie des établissements, de recrutement et de gestion des enseignants. Niveau de preuve : estimation prudente à partir de la ligne générale.	https://www.parti-reconquete.fr/
party	Reconquête	85	Éducation / mixité sociale	Le financement public des établissements privés sous contrat devrait être conditionné à des objectifs mesurables de mixité sociale.	-2	1	Désaccord net : la position est estimée à partir des propositions sur l'enseignement privé, son financement et la mixité sociale. Niveau de preuve : estimation prudente à partir de la ligne générale.	https://www.parti-reconquete.fr/
party	Reconquête	86	Logement / locations touristiques	Dans les zones où le logement manque, une commune devrait pouvoir interdire la location touristique régulière d'un logement qui n'est pas la résidence principale de son propriétaire.	-2	1	Désaccord net : la source retenue précise le degré de régulation souhaité pour les meublés touristiques et les pouvoirs locaux. Niveau de preuve : estimation prudente à partir de la ligne générale.	https://www.parti-reconquete.fr/
party	Reconquête	87	Défense / Ukraine	La France devrait continuer à fournir une aide militaire et financière importante à l'Ukraine tant que son territoire reste occupé, même si la guerre se prolonge.	-1	1	Réserve : le vote ou la politique officielle sur le soutien durable à l'Ukraine constitue l'indicateur principal. Niveau de preuve : estimation prudente à partir de la ligne générale.	https://www.parti-reconquete.fr/
party	Reconquête	88	Défense / dissuasion nucléaire	La dissuasion nucléaire française devrait aussi protéger les partenaires européens, tout en laissant à la France seule la décision finale de l'employer.	-3	2	Désaccord fort : la source retenue porte sur l'extension européenne de la dissuasion ou, pour les pays non dotés, sur la protection nucléaire alliée. Niveau de preuve : faisceau d’indices cohérent, sans équivalent toujours parfaitement identique.	https://www.parti-reconquete.fr/
party	Reconquête	89	Santé / fin de vie	Une personne majeure atteinte d'une maladie grave et incurable provoquant des souffrances insupportables devrait pouvoir recevoir une aide médicale à mourir dans un cadre strictement contrôlé.	-3	2	Désaccord fort : le vote, la loi ou la position gouvernementale sur l'aide à mourir fournit un équivalent direct ou très proche. Niveau de preuve : faisceau d’indices cohérent, sans équivalent toujours parfaitement identique.	https://www.parti-reconquete.fr/
party	Reconquête	90	Dépendance / EHPAD	Les groupes privés à but lucratif ne devraient plus pouvoir gérer d'EHPAD. Les établissements existants devraient progressivement devenir publics ou non lucratifs.	-2	1	Désaccord net : le programme social et sanitaire permet d'estimer la place laissée aux opérateurs lucratifs dans la dépendance. Niveau de preuve : estimation prudente à partir de la ligne générale.	https://www.parti-reconquete.fr/
party	Reconquête	91	Famille / prestations	Les allocations familiales devraient être versées à toutes les familles selon le nombre d'enfants, sans diminuer lorsque les revenus augmentent.	2	2	Accord fort : le modèle de prestations familiales et la ligne programmatique permettent d'estimer la préférence pour l'universalité ou le ciblage. Niveau de preuve : faisceau d’indices cohérent, sans équivalent toujours parfaitement identique.	https://www.parti-reconquete.fr/
party	Reconquête	92	Numérique / mineurs	L'accès aux réseaux sociaux devrait être interdit aux moins de 15 ans, même avec l'accord de leurs parents.	0	1	Position neutre, partagée ou non arrêtée : le vote ou la politique publique sur l'âge d'accès aux réseaux sociaux permet de distinguer interdiction stricte, autorisation parentale et régulation plus souple. Niveau de preuve : estimation prudente à partir de la ligne générale.	https://www.parti-reconquete.fr/
party	Reconquête	93	Numérique / intelligence artificielle	Les administrations publiques devraient privilégier des modèles d'intelligence artificielle hébergés en Europe, même s'ils sont temporairement moins performants ou plus coûteux que leurs concurrents étrangers.	-2	2	Désaccord net : la stratégie numérique permet d'estimer la priorité accordée à la souveraineté européenne par rapport au coût et à la performance. Niveau de preuve : faisceau d’indices cohérent, sans équivalent toujours parfaitement identique.	https://www.parti-reconquete.fr/
government	Allemagne	1	Économie	Il faut réduire les impôts sur le travail et le capital, même si cela implique de réduire certaines dépenses publiques.	2	3	Accord net : L’accord CDU/CSU–SPD combine compétitivité, allègement administratif, investissement public et maintien de l’État social. Position directement documentée.	https://www.bundesregierung.de/breg-de/aktuelles/koalitionsvertrag-2025-2340970
government	Allemagne	2	Économie	Les inégalités économiques sont acceptables tant qu'elles résultent principalement du travail ou de la prise de risque.	1	2	Accord modéré : L’accord CDU/CSU–SPD combine compétitivité, allègement administratif, investissement public et maintien de l’État social. Transposition ou inférence prudente.	https://www.bundesregierung.de/breg-de/aktuelles/koalitionsvertrag-2025-2340970
government	Allemagne	3	Économie	L'État devrait davantage taxer les hauts revenus et les gros patrimoines afin de réduire les inégalités.	-1	2	Réserve : L’accord CDU/CSU–SPD combine compétitivité, allègement administratif, investissement public et maintien de l’État social. Transposition ou inférence prudente.	https://www.bundesregierung.de/breg-de/aktuelles/koalitionsvertrag-2025-2340970
government	Allemagne	4	Économie	Les entreprises devraient être obligées de limiter l’écart entre la rémunération de leurs dirigeants et celle de leurs salariés les moins bien payés.	0	3	Position équilibrée : le droit allemand exige que la rémunération des dirigeants reste proportionnée à leurs fonctions, performances et à la situation de l’entreprise, mais il n’impose pas de ratio légal entre dirigeants et salariés et le gouvernement actuel ne porte pas de plafond général comparable.	https://www.gesetze-im-internet.de/aktg/__87.html
government	Allemagne	5	Économie	Le salaire minimum devrait être augmenté significativement.	1	3	Accord modéré : L’accord CDU/CSU–SPD combine compétitivité, allègement administratif, investissement public et maintien de l’État social. Position directement documentée.	https://www.bundesregierung.de/breg-de/aktuelles/koalitionsvertrag-2025-2340970
government	Allemagne	6	Économie	Les entreprises privées sont généralement plus efficaces que l'État pour fournir des biens et services, même dans certains secteurs essentiels.	1	2	Accord modéré : L’accord CDU/CSU–SPD combine compétitivité, allègement administratif, investissement public et maintien de l’État social. Transposition ou inférence prudente.	https://www.bundesregierung.de/breg-de/aktuelles/koalitionsvertrag-2025-2340970
government	Allemagne	7	Économie	L'État devrait pouvoir nationaliser temporairement ou durablement une entreprise privée lorsqu'elle contrôle une activité stratégique pour le pays.	1	3	Accord modéré : le gouvernement Merz a décidé une prise de participation publique de 40 % dans KNDS afin de préserver une influence stratégique sur l’industrie de défense. Cela valide le principe d’une prise de contrôle publique dans un secteur stratégique, sans aller jusqu’à une nationalisation intégrale : +1.	https://www.bundeswirtschaftsministerium.de/Redaktion/DE/Pressemitteilungen/2026/06/20260622-zitat-reiche-knds.html
government	Allemagne	8	Économie	La concurrence est généralement préférable à la réglementation pour améliorer les prix, la qualité et l'innovation.	2	2	Accord net : L’accord CDU/CSU–SPD combine compétitivité, allègement administratif, investissement public et maintien de l’État social. Transposition ou inférence prudente.	https://www.bundesregierung.de/breg-de/aktuelles/koalitionsvertrag-2025-2340970
government	Allemagne	9	État	La France dépense trop d'argent public et devrait accepter de réduire certaines politiques sociales pour revenir à l'équilibre budgétaire.	2	3	Accord net : L’accord CDU/CSU–SPD combine compétitivité, allègement administratif, investissement public et maintien de l’État social. Position directement documentée.	https://www.bundesregierung.de/breg-de/aktuelles/koalitionsvertrag-2025-2340970
government	Allemagne	10	État	L'État devrait garantir un niveau élevé de protection sociale, même si cela implique une fiscalité importante.	1	3	Accord modéré : L’accord CDU/CSU–SPD combine compétitivité, allègement administratif, investissement public et maintien de l’État social. Position directement documentée.	https://www.bundesregierung.de/breg-de/aktuelles/koalitionsvertrag-2025-2340970
government	Allemagne	12	État	L'État devrait intervenir beaucoup plus fortement dans l'économie lorsque le marché produit des résultats jugés socialement indésirables.	1	2	Accord modéré : L’accord CDU/CSU–SPD combine compétitivité, allègement administratif, investissement public et maintien de l’État social. Transposition ou inférence prudente.	https://www.bundesregierung.de/breg-de/aktuelles/koalitionsvertrag-2025-2340970
government	Allemagne	13	État	Les citoyens devraient avoir davantage de liberté pour choisir eux-mêmes comment utiliser leur argent plutôt que de passer par des systèmes publics obligatoires.	1	2	Accord modéré : L’accord CDU/CSU–SPD combine compétitivité, allègement administratif, investissement public et maintien de l’État social. Transposition ou inférence prudente.	https://www.bundesregierung.de/breg-de/aktuelles/koalitionsvertrag-2025-2340970
government	Allemagne	14	Social / société	La société devrait accepter beaucoup plus largement les différents modes de vie, même lorsqu'ils s'éloignent des normes traditionnelles.	2	2	Accord net : La coalition est socialement modérée : protection des libertés et lutte contre les discriminations, avec une place maintenue pour les traditions. Transposition ou inférence prudente.	https://www.bundesregierung.de/breg-de/aktuelles/koalitionsvertrag-2025-2340970
government	Allemagne	15	Démocratie	Un gouvernement devrait pouvoir faire adopter le budget sans vote de l’Assemblée nationale lorsqu’aucune majorité stable ne se dégage, afin d’éviter un blocage institutionnel.	-2	2	Désaccord net : le budget fédéral doit être adopté par le Bundestag ; il n’existe pas de mécanisme permettant au gouvernement de mettre en vigueur un nouveau budget en écartant le vote parlementaire.	https://www.bundestag.de/fr/parlement/fonctions/budget
government	Allemagne	16	Social / société	Réduire les inégalités peut parfois justifier de restreindre certaines libertés individuelles.	-1	1	Réserve : La coalition est socialement modérée : protection des libertés et lutte contre les discriminations, avec une place maintenue pour les traditions. Comparabilité limitée ou position peu explicite.	https://www.bundesregierung.de/breg-de/aktuelles/koalitionsvertrag-2025-2340970
government	Allemagne	17	Social / société	Les politiques publiques devraient chercher à corriger activement les discriminations historiques ou structurelles entre groupes sociaux.	2	2	Accord net : La coalition est socialement modérée : protection des libertés et lutte contre les discriminations, avec une place maintenue pour les traditions. Transposition ou inférence prudente.	https://www.bundesregierung.de/breg-de/aktuelles/koalitionsvertrag-2025-2340970
government	Allemagne	18	Institutions / territoires	Les régions devraient pouvoir adopter des règles différentes en matière économique, sociale ou environnementale plutôt que d’appliquer partout les mêmes règles nationales.	3	3	Accord fort : l’Allemagne est un État fédéral dans lequel les Länder disposent de leurs propres compétences législatives et peuvent adopter des lois applicables uniquement sur leur territoire dans les domaines qui leur appartiennent.	https://www.bundestag.de/fr/parlement/fonctions/legislation/competences-246012
government	Allemagne	19	Social / société	Certaines traditions et valeurs culturelles méritent d'être préservées même si elles évoluent moins vite que la société.	1	2	Accord modéré : La coalition est socialement modérée : protection des libertés et lutte contre les discriminations, avec une place maintenue pour les traditions. Transposition ou inférence prudente.	https://www.bundesregierung.de/breg-de/aktuelles/koalitionsvertrag-2025-2340970
government	Allemagne	20	Immigration	La France devrait réduire le nombre d'immigrants qu'elle accueille chaque année.	2	3	Accord net : Le gouvernement veut réduire l’immigration irrégulière tout en facilitant l’immigration qualifiée et l’intégration. Position directement documentée.	https://www.bundesregierung.de/breg-de/aktuelles/koalitionsvertrag-2025-2340970
government	Allemagne	21	Immigration	L'immigration économique est globalement bénéfique pour l'économie française.	2	3	Accord net : Le gouvernement veut réduire l’immigration irrégulière tout en facilitant l’immigration qualifiée et l’intégration. Position directement documentée.	https://www.bundesregierung.de/breg-de/aktuelles/koalitionsvertrag-2025-2340970
government	Allemagne	22	Immigration / droits sociaux	Un étranger installé légalement en France depuis de nombreuses années devrait, à situation économique comparable, bénéficier des mêmes prestations sociales et du même accès au logement social qu’un citoyen français, sans priorité fondée sur la nationalité.	2	2	Les restrictions sociales allemandes reposent principalement sur le statut et la durée de résidence, non sur une préférence citoyenne permanente après installation durable : accord net.	https://www.bundesregierung.de/breg-de/aktuelles/koalitionsvertrag-2025-2340970
government	Allemagne	23	Immigration	L'accès à la nationalité française devrait être rendu plus exigeant.	2	2	Accord net : Le gouvernement veut réduire l’immigration irrégulière tout en facilitant l’immigration qualifiée et l’intégration. Transposition ou inférence prudente.	https://www.bundesregierung.de/breg-de/aktuelles/koalitionsvertrag-2025-2340970
government	Allemagne	24	Immigration	La France devrait être beaucoup plus stricte concernant l'expulsion des étrangers condamnés pour des crimes graves.	3	3	Accord fort : Le gouvernement veut réduire l’immigration irrégulière tout en facilitant l’immigration qualifiée et l’intégration. Position directement documentée.	https://www.bundesregierung.de/breg-de/aktuelles/koalitionsvertrag-2025-2340970
government	Allemagne	25	Immigration	Même lorsque l'immigration est économiquement bénéfique, elle peut être légitimement limitée pour préserver la cohésion culturelle du pays.	2	2	Accord net : Le gouvernement veut réduire l’immigration irrégulière tout en facilitant l’immigration qualifiée et l’intégration. Transposition ou inférence prudente.	https://www.bundesregierung.de/breg-de/aktuelles/koalitionsvertrag-2025-2340970
government	Allemagne	26	Immigration	La France devrait accueillir davantage de réfugiés lorsqu'ils fuient une guerre ou une persécution, même si cela représente un coût économique.	-2	3	Désaccord net : le gouvernement Merz maintient le droit d’asile mais cherche explicitement à réduire les admissions, notamment par la suspension du regroupement familial pour les bénéficiaires de protection subsidiaire, la fin de programmes volontaires et l’accélération des procédures. Cela justifie -2 plutôt que -1.	https://www.bundesregierung.de/breg-de/schwerpunkte/schwerpunkt-innere-sicherheit-2342568
government	Allemagne	27	Sécurité / justice	Les peines de prison effectives devraient être plus sévères, même si cela augmente fortement la population carcérale.	1	2	Accord modéré : La ligne gouvernementale renforce les moyens de sécurité et l’exécution des décisions, sous contrôle de l’État de droit. Transposition ou inférence prudente.	https://www.bundesregierung.de/breg-de/aktuelles/koalitionsvertrag-2025-2340970
government	Allemagne	28	Sécurité / justice	Il vaut mieux investir dans la prévention et la réinsertion que dans l'augmentation des sanctions.	1	2	Accord modéré : La ligne gouvernementale renforce les moyens de sécurité et l’exécution des décisions, sous contrôle de l’État de droit. Transposition ou inférence prudente.	https://www.bundesregierung.de/breg-de/aktuelles/koalitionsvertrag-2025-2340970
government	Allemagne	29	Sécurité / justice	La police devrait disposer de pouvoirs plus importants pour lutter contre la criminalité, quitte à accepter davantage de contrôles sur certaines libertés individuelles.	2	2	Accord net : La ligne gouvernementale renforce les moyens de sécurité et l’exécution des décisions, sous contrôle de l’État de droit. Transposition ou inférence prudente.	https://www.bundesregierung.de/breg-de/aktuelles/koalitionsvertrag-2025-2340970
government	Allemagne	30	Agriculture / commerce	La France devrait pouvoir interdire l’importation de produits agricoles fabriqués selon des normes qu’elle interdit à ses propres agriculteurs, même si cela faisait disparaître des rayons les produits alimentaires les moins chers.	-2	3	Désaccord net : le gouvernement Merz soutient fortement l'ouverture commerciale et l'accord UE-Mercosur. Il défend les normes sanitaires européennes, mais pas une interdiction générale des importations au prix d'un renchérissement des produits alimentaires.	https://www.bundesregierung.de/breg-de/aktuelles/bundeskanzler-merz-zur-einigung-zum-eu-mercosur-abkommen-2402138
government	Allemagne	32	Écologie	La lutte contre le changement climatique doit rester prioritaire même lorsqu'elle réduit la croissance économique à court terme.	0	3	Position neutre : le gouvernement Merz maintient les objectifs climatiques mais refuse d'opposer systématiquement climat et croissance ; il présente la transition comme devant rester compatible avec la compétitivité et la prospérité.	https://www.bundesregierung.de/breg-de/aktuelles/koalitionsvertrag-2025-2340970
government	Allemagne	33	Écologie	Il faut accepter une hausse importante du prix des énergies fossiles pour accélérer la transition écologique.	-2	2	Désaccord net : le gouvernement Merz a refusé une hausse supplémentaire du prix du CO₂ en raison du coût de l'énergie et a réduit temporairement la fiscalité sur les carburants ; il ne soutient donc pas une hausse importante du prix des fossiles.	https://www.bundesregierung.de/breg-de/aktuelles/koalitionsvertrag-2025-2340970
government	Allemagne	34	Economie	Une partie des cotisations sociales sur les salaires devrait être remplacée par une hausse de la TVA afin d’augmenter les salaires nets et de réduire le coût du travail, même si cela augmente le prix des biens et services consommés	1	1	Le gouvernement Merz veut réduire à terme le poids des cotisations sociales et alléger le travail, mais aucune bascule explicite vers une hausse de TVA n’est établie. Tendance +1, confiance 1.	https://www.bundesregierung.de/breg-de/aktuelles/koalitionsvertrag-2025-2340970
government	Allemagne	35	Écologie	Les politiques écologiques devraient reposer principalement sur des mécanismes de marché comme la taxe carbone plutôt que sur des interdictions.	2	3	Accord net : La transition climatique est poursuivie avec une priorité donnée au coût, à la compétitivité et aux mécanismes de marché. Position directement documentée.	https://www.bundesregierung.de/breg-de/aktuelles/koalitionsvertrag-2025-2340970
government	Allemagne	36	Écologie	Il est justifié d'interdire certains produits ou comportements très polluants même lorsque les consommateurs les souhaitent.	0	2	Position de compromis : La transition climatique est poursuivie avec une priorité donnée au coût, à la compétitivité et aux mécanismes de marché. Transposition ou inférence prudente.	https://www.bundesregierung.de/breg-de/aktuelles/koalitionsvertrag-2025-2340970
government	Allemagne	37	Écologie	Les pays riches devraient supporter une part prépondérante du coût de la transition écologique mondiale.	1	2	Accord modéré : La transition climatique est poursuivie avec une priorité donnée au coût, à la compétitivité et aux mécanismes de marché. Transposition ou inférence prudente.	https://www.bundesregierung.de/breg-de/aktuelles/koalitionsvertrag-2025-2340970
government	Allemagne	38	Europe	La France devrait transférer davantage de compétences à l'Union européenne afin de renforcer son poids économique et géopolitique.	2	3	Accord net : Le gouvernement Merz est nettement pro-européen et favorable à une Europe plus capable d’agir. Position directement documentée.	https://www.bundesregierung.de/breg-de/aktuelles/koalitionsvertrag-2025-2340970
government	Allemagne	39	Europe	La France devrait conserver autant que possible sa souveraineté nationale, même si cela réduit son influence au niveau européen.	-2	2	Désaccord net : Le gouvernement Merz est nettement pro-européen et favorable à une Europe plus capable d’agir. Transposition ou inférence prudente.	https://www.bundesregierung.de/breg-de/aktuelles/koalitionsvertrag-2025-2340970
government	Allemagne	40	Europe	L'euro est globalement bénéfique pour la France malgré la perte de certains instruments de politique économique.	3	3	Accord fort : Le gouvernement Merz est nettement pro-européen et favorable à une Europe plus capable d’agir. Position directement documentée.	https://www.bundesregierung.de/breg-de/aktuelles/koalitionsvertrag-2025-2340970
government	Allemagne	41	Europe	L'Union européenne devrait pouvoir imposer davantage de règles communes aux États membres.	2	3	Accord net : Le gouvernement Merz est nettement pro-européen et favorable à une Europe plus capable d’agir. Position directement documentée.	https://www.bundesregierung.de/breg-de/aktuelles/koalitionsvertrag-2025-2340970
government	Allemagne	42	Europe	En cas de conflit entre les intérêts économiques français et les règles européennes, la France devrait pouvoir désobéir à certaines règles européennes.	-2	2	Désaccord net : Le gouvernement Merz est nettement pro-européen et favorable à une Europe plus capable d’agir. Transposition ou inférence prudente.	https://www.bundesregierung.de/breg-de/aktuelles/koalitionsvertrag-2025-2340970
government	Allemagne	43	Fiscalité / patrimoine	Il faudrait supprimer l'IFI et ne plus taxer spécifiquement le patrimoine immobilier au-delà de la fiscalité ordinaire.	2	2	Accord net par analogie : l’Allemagne n’applique pas d’impôt général courant sur la fortune et conserve une Grundsteuer ordinaire, réformée depuis 2025.	https://www.bundesfinanzministerium.de/Content/DE/FAQ/faq-die-neue-grundsteuer.html
government	Allemagne	44	Fiscalité / patrimoine	L'héritage devrait être davantage taxé au-delà d'un certain seuil de patrimoine transmis, même si cela conduit certaines familles à transmettre moins de patrimoine à leurs enfants.	-1	1	Réserve : L’accord CDU/CSU–SPD combine compétitivité, allègement administratif, investissement public et maintien de l’État social. Comparabilité limitée ou position peu explicite.	https://www.bundesregierung.de/breg-de/aktuelles/koalitionsvertrag-2025-2340970
government	Allemagne	45	Fiscalité / patrimoine	Les très grandes fortunes devraient être imposées sur leur patrimoine mondial, même lorsqu'elles quittent la France.	-1	1	Réserve : L’accord CDU/CSU–SPD combine compétitivité, allègement administratif, investissement public et maintien de l’État social. Comparabilité limitée ou position peu explicite.	https://www.bundesregierung.de/breg-de/aktuelles/koalitionsvertrag-2025-2340970
government	Allemagne	46	Travail / chômage	Un chômeur devrait pouvoir perdre une partie significative de ses allocations s'il refuse plusieurs emplois raisonnablement adaptés à ses compétences.	3	3	Accord fort : la nouvelle Grundsicherung prévoit des réductions importantes de prestations en cas de refus répété de coopérer avec le retour à l’emploi, pouvant aller jusqu’à la suppression temporaire du montant standard. Le mécanisme correspond directement à la question : +3.	https://www.bundesregierung.de/breg-de/aktuelles/neue-grundsicherung-2399562
government	Allemagne	47	Outre-mer / vie chère	L’État devrait garantir que les produits essentiels ne coûtent pas beaucoup plus cher dans les DOM/TOM que dans l’Hexagone, quitte à subventionner durablement leur transport ou leur prix avec l’argent public national.	1	2	L’Allemagne finance l’égalité des conditions de vie et les services essentiels dans les territoires périphériques, mais sans mécanisme général visant à rapprocher durablement les prix de détail : +1.	https://www.bmwsb.bund.de/DE/raum-und-region/regionalentwicklung/gleichwertige-lebensverhaeltnisse/gleichwertige-lebensverhaeltnisse_artikel.html?nn=42910
government	Allemagne	48	Travail / chômage	Le CDI protège trop fortement les salariés déjà en poste et peut rendre plus difficile l’accès à l’emploi stable, au détriment des jeunes, chômeurs ou travailleurs en contrats précaires.	1	2	Accord modéré : L’accord CDU/CSU–SPD combine compétitivité, allègement administratif, investissement public et maintien de l’État social. Transposition ou inférence prudente.	https://www.bundesregierung.de/breg-de/aktuelles/koalitionsvertrag-2025-2340970
government	Allemagne	49	Retraites	Les retraites devraient être progressivement réformées vers un système combinant répartition et capitalisation, même si cela implique une période de transition coûteuse.	2	3	Accord net : la réforme des retraites prévoit une composante obligatoire de capitalisation individuelle en complément de la répartition, mais avec une cotisation limitée à environ 2 %. Le système reste principalement fondé sur la répartition : +2.	https://www.bundesregierung.de/breg-de/schwerpunkte/reformen-fuer-deutschland/gesundheitspolitik-rentenpolitik-2446878
government	Allemagne	50	Retraites	L'âge légal de départ à la retraite devrait être automatiquement indexé sur l'espérance de vie nationale.	1	2	Accord modéré : L’accord CDU/CSU–SPD combine compétitivité, allègement administratif, investissement public et maintien de l’État social. Transposition ou inférence prudente.	https://www.bundesregierung.de/breg-de/aktuelles/koalitionsvertrag-2025-2340970
government	Allemagne	51	Protection sociale	Les prestations sociales devraient être fortement conditionnées à la durée de cotisation et de participation au marché du travail.	2	3	Accord net : L’accord CDU/CSU–SPD combine compétitivité, allègement administratif, investissement public et maintien de l’État social. Position directement documentée.	https://www.bundesregierung.de/breg-de/aktuelles/koalitionsvertrag-2025-2340970
government	Allemagne	53	État / entreprises	Une entreprise qui reçoit plusieurs milliards d'euros d'aides publiques devrait pouvoir être contrainte de limiter ses dividendes et les rémunérations de ses dirigeants tant que l'aide n'est pas remboursée.	1	2	Accord modéré : L’accord CDU/CSU–SPD combine compétitivité, allègement administratif, investissement public et maintien de l’État social. Transposition ou inférence prudente.	https://www.bundesregierung.de/breg-de/aktuelles/koalitionsvertrag-2025-2340970
government	Allemagne	54	État / entreprises	L'État devrait davantage utiliser son pouvoir d'actionnaire pour orienter les grandes entreprises françaises vers des objectifs industriels de long terme.	1	2	Accord modéré : L’accord CDU/CSU–SPD combine compétitivité, allègement administratif, investissement public et maintien de l’État social. Transposition ou inférence prudente.	https://www.bundesregierung.de/breg-de/aktuelles/koalitionsvertrag-2025-2340970
government	Allemagne	55	État / entreprises	Il faudrait réduire fortement les normes administratives pesant sur les entreprises, même si certaines protections environnementales ou sociales deviennent moins strictes.	2	3	Accord net : L’accord CDU/CSU–SPD combine compétitivité, allègement administratif, investissement public et maintien de l’État social. Position directement documentée.	https://www.bundesregierung.de/breg-de/aktuelles/koalitionsvertrag-2025-2340970
government	Allemagne	56	Immigration / régularisation	Un étranger en situation irrégulière qui travaille de façon stable en France depuis plusieurs années et n’a commis aucun délit devrait pouvoir être régularisé, même s’il est entré ou est resté sur le territoire sans autorisation.	1	3	Accord modéré : le droit allemand prévoit des voies de séjour pour certains étrangers tolérés durablement intégrés ou occupant un emploi qualifié, même si le gouvernement Merz mène parallèlement une politique restrictive contre l'immigration irrégulière.	https://www.bundesregierung.de/breg-de/bundesregierung/bundeskanzleramt/neuregelungen-migrationspolitik-2351746
government	Allemagne	57	Immigration / assimilation	L'accès à certaines prestations sociales devrait être beaucoup plus limité pendant les premières années suivant l'arrivée d'un immigré.	1	3	Accord modéré : l’accès aux prestations dépend fortement du statut de séjour, mais un étranger légalement installé peut accéder à la Grundsicherung sous conditions. Il n’existe donc pas d’exclusion générale de plusieurs années pour tous les immigrés : +1.	https://www.arbeitsagentur.de/grundsicherung/infos-fuer-menschen-aus-dem-ausland
government	Allemagne	58	Immigration / assimilation	La France devrait privilégier l'immigration économique qualifiée, même si cela signifie accueillir moins de personnes peu qualifiées.	3	3	Accord fort : Le gouvernement veut réduire l’immigration irrégulière tout en facilitant l’immigration qualifiée et l’intégration. Position directement documentée.	https://www.bundesregierung.de/breg-de/aktuelles/koalitionsvertrag-2025-2340970
government	Allemagne	59	Immigration / assimilation	Une personne née en France de parents étrangers devrait automatiquement devenir française à sa majorité si elle y a grandi, même si elle ne manifeste pas particulièrement d'attachement à la France.	2	3	Accord net : un enfant né en Allemagne de parents étrangers acquiert automatiquement la nationalité lorsqu’un parent réside légalement dans le pays depuis au moins cinq ans avec un droit de séjour permanent ; l’automaticité existe donc, mais sous une condition parentale.	https://www.bmi.bund.de/DE/themen/verfassung/staatsangehoerigkeit/geburt-in-deutschland/geburt-in-deutschland.html
government	Allemagne	60	Immigration / assimilation	La France devrait pouvoir refuser l'entrée à un immigré légalement admissible lorsqu'il existe de fortes raisons de penser qu'il ne souhaite pas s'intégrer culturellement à la société française.	2	2	Accord net : Le gouvernement veut réduire l’immigration irrégulière tout en facilitant l’immigration qualifiée et l’intégration. Transposition ou inférence prudente.	https://www.bundesregierung.de/breg-de/aktuelles/koalitionsvertrag-2025-2340970
government	Allemagne	61	Immigration / assimilation	Le fait de conserver des pratiques culturelles ou religieuses très différentes de celles de la majorité française n'est pas en soi un problème tant que les lois françaises sont respectées.	1	2	Accord modéré : Le gouvernement veut réduire l’immigration irrégulière tout en facilitant l’immigration qualifiée et l’intégration. Transposition ou inférence prudente.	https://www.bundesregierung.de/breg-de/aktuelles/koalitionsvertrag-2025-2340970
government	Allemagne	63	Libertés / sécurité	Pour lutter contre le terrorisme, l'État devrait pouvoir surveiller préventivement une personne considérée comme présentant un risque sérieux, même sans preuve suffisante pour engager des poursuites pénales.	2	2	Accord net : La ligne gouvernementale renforce les moyens de sécurité et l’exécution des décisions, sous contrôle de l’État de droit. Transposition ou inférence prudente.	https://www.bundesregierung.de/breg-de/aktuelles/koalitionsvertrag-2025-2340970
government	Allemagne	64	Libertés / expression	Une personne qui tient publiquement des propos profondément offensants mais qui n'appelle ni à la violence ni à commettre une infraction devrait être protégée par la liberté d'expression.	1	2	Accord modéré : La ligne gouvernementale renforce les moyens de sécurité et l’exécution des décisions, sous contrôle de l’État de droit. Transposition ou inférence prudente.	https://www.bundesregierung.de/breg-de/aktuelles/koalitionsvertrag-2025-2340970
government	Allemagne	66	Sécurité	Lorsqu’un conducteur refuse d’obtempérer et prend la fuite, les policiers devraient pouvoir utiliser leur arme à feu même si le danger pour leur vie n’est pas immédiat.	-2	2	Désaccord net par analogie : le droit fédéral allemand réserve le tir sur une personne en fuite à des cas graves et précisément énumérés ; un simple refus de s’arrêter ne suffit pas.	https://www.gesetze-im-internet.de/uzwg/BJNR001650961.html
government	Allemagne	67	Écologie	Une taxe carbone qui réduit les émissions de CO₂ devrait être maintenue même si elle diminue le pouvoir d’achat des ménages modestes, à condition de compenser ces derniers par des aides ciblées.	2	2	Accord net : La transition climatique est poursuivie avec une priorité donnée au coût, à la compétitivité et aux mécanismes de marché. Transposition ou inférence prudente.	https://www.bundesregierung.de/breg-de/aktuelles/koalitionsvertrag-2025-2340970
government	Allemagne	68	Écologie	La France devrait interdire progressivement la vente de voitures thermiques même si cela augmente temporairement le prix moyen des véhicules.	-1	2	Désaccord modéré : le gouvernement Merz soutient l'électrification mais demande davantage de flexibilité et de neutralité technologique autour de l'échéance 2035 ; il est donc réservé sur une interdiction stricte des ventes de véhicules thermiques.	https://www.bundesregierung.de/breg-de/aktuelles/koalitionsvertrag-2025-2340970
government	Allemagne	69	Écologie	Il faut privilégier le nucléaire même si cela conduit à réduire certains investissements dans les renouvelables.	-2	2	Désaccord net : La transition climatique est poursuivie avec une priorité donnée au coût, à la compétitivité et aux mécanismes de marché. Transposition ou inférence prudente.	https://www.bundesregierung.de/breg-de/aktuelles/koalitionsvertrag-2025-2340970
government	Allemagne	71	Écologie / croissance	Si la France pouvait réduire ses émissions de 20 % mais que cela réduisait son PIB de 3 %, alors que les autres pays ne faisaient aucun effort comparable, il faudrait quand même le faire.	-1	2	Réserve : La transition climatique est poursuivie avec une priorité donnée au coût, à la compétitivité et aux mécanismes de marché. Transposition ou inférence prudente.	https://www.bundesregierung.de/breg-de/aktuelles/koalitionsvertrag-2025-2340970
government	Allemagne	72	Institutions	Pour certaines décisions économiques complexes, il serait préférable de confier davantage de pouvoir à des institutions indépendantes composées d'experts plutôt qu'aux responsables politiques élus.	1	2	Accord modéré : Le système parlementaire et fédéral allemand privilégie les coalitions, les contre-pouvoirs et l’expertise. Transposition ou inférence prudente.	https://www.bundesregierung.de/breg-en/federal-cabinet
government	Allemagne	73	Institutions	Un gouvernement devrait pouvoir prendre une décision économiquement nécessaire mais très impopulaire sans chercher à obtenir l'approbation immédiate de la population.	1	2	Accord modéré : Le système parlementaire et fédéral allemand privilégie les coalitions, les contre-pouvoirs et l’expertise. Transposition ou inférence prudente.	https://www.bundesregierung.de/breg-en/federal-cabinet
government	Allemagne	74	Institutions	Le référendum devrait être beaucoup plus utilisé, même lorsque les citoyens votent sur des sujets dont ils maîtrisent mal les aspects techniques.	-1	2	Réserve : Le système parlementaire et fédéral allemand privilégie les coalitions, les contre-pouvoirs et l’expertise. Transposition ou inférence prudente.	https://www.bundesregierung.de/breg-en/federal-cabinet
government	Allemagne	75	Institutions	Il serait acceptable de donner davantage de poids politique aux citoyens qui démontrent un niveau élevé de connaissance du fonctionnement des institutions et de l'économie.	-1	1	Réserve : Le système parlementaire et fédéral allemand privilégie les coalitions, les contre-pouvoirs et l’expertise. Comparabilité limitée ou position peu explicite.	https://www.bundesregierung.de/breg-en/federal-cabinet
government	Allemagne	76	Institutions	Le président de la République devrait disposer de davantage de pouvoirs pour pouvoir mettre en œuvre un programme pendant cinq ans sans être constamment bloqué par le Parlement.	-1	1	Réserve : Le système parlementaire et fédéral allemand privilégie les coalitions, les contre-pouvoirs et l’expertise. Comparabilité limitée ou position peu explicite.	https://www.bundesregierung.de/breg-en/federal-cabinet
government	Allemagne	77	Institutions	La proportionnelle intégrale serait préférable au système actuel, même si elle rendait plus fréquentes les coalitions et les gouvernements instables.	2	2	Accord net : Le système parlementaire et fédéral allemand privilégie les coalitions, les contre-pouvoirs et l’expertise. Transposition ou inférence prudente.	https://www.bundesregierung.de/breg-en/federal-cabinet
government	Allemagne	78	Immigration / assimilation	Le droit de séjour durable en France devrait dépendre, sauf impossibilité particulière, d’efforts concrets pour apprendre le français, comprendre les règles et usages du pays et participer à la vie collective.	3	3	Accord fort : la politique allemande lie explicitement l’installation durable à des efforts d’intégration, notamment la langue, l’autonomie et le respect des règles du pays. Le principe d’« intégrer et exiger l’intégration » correspond directement à la proposition : +3.	https://www.bundesregierung.de/breg-fr/recherche/conseil-ministres-naturalisation-2351976
government	Allemagne	79	Immigration / délinquance	Les différences de délinquance observées s’expliquent davantage par les inégalités sociales et économiques que par la culture d’origine des personnes concernées.	1	1	Accord modéré : Le gouvernement veut réduire l’immigration irrégulière tout en facilitant l’immigration qualifiée et l’intégration. Comparabilité limitée ou position peu explicite.	https://www.bundesregierung.de/breg-de/aktuelles/koalitionsvertrag-2025-2340970
government	Allemagne	80	Écologie / agriculture	La France devrait interdire aux agriculteurs l’usage d’un produit jugé trop polluant, même si cette interdiction les désavantage face à des concurrents étrangers qui peuvent encore l’utiliser.	-2	2	Désaccord net : la ligne de la coalition conduite par la CDU/CSU met fortement l’accent sur la compétitivité agricole et l’allègement des contraintes ; la CDU/CSU demande explicitement d’éviter les « initiatives réglementaires nationales isolées » qui réduisent la compétitivité de l’agriculture allemande. Le codage reste prudent car la coalition comprend aussi le SPD.	https://www.bundestag.de/presse/hib/kurzmeldungen-1038094
government	Allemagne	81	Santé / accès aux soins	Dans les zones où l'accès aux soins est insuffisant, l'Assurance maladie devrait pouvoir limiter le conventionnement de nouveaux médecins dans les zones déjà bien dotées afin d'encourager leur installation dans les déserts médicaux.	3	3	Accord fort : le scrutin sur la régulation du conventionnement médical fournit la position parlementaire la plus proche ; pour les formations non représentées, le codage est déduit de leur ligne sur la liberté d'installation. Niveau de preuve : preuve directe ou politique explicitement documentée.	https://www.bundesgesundheitsministerium.de/fileadmin/Dateien/5_Publikationen/Ministerium/Berichte/Stand_und_Weiterentwicklung_der_gesetzlichen_Regelungen_zu_MVZ.pdf
government	Allemagne	82	Santé / assurance maladie	L'Assurance maladie devrait rembourser intégralement les soins essentiels, quitte à réduire fortement le rôle des complémentaires santé.	-2	3	Désaccord net : le programme de santé retenu permet d'estimer la place accordée à l'assurance publique et aux complémentaires. Niveau de preuve : preuve directe ou politique explicitement documentée.	https://www.bundesregierung.de/breg-de/aktuelles/koalitionsvertrag-2025-2340970
government	Allemagne	83	Santé / hôpital	Il faut accepter de fermer ou regrouper certaines petites maternités et certains services d'urgence afin de concentrer les équipes et les équipements dans des établissements plus importants.	2	3	Accord net : le document retenu permet d'arbitrer entre maintien de la proximité hospitalière et concentration des moyens. Niveau de preuve : preuve directe ou politique explicitement documentée.	https://www.bundesgesundheitsministerium.de/krankenhaus-mit-zukunft/
government	Allemagne	84	Éducation / autonomie	Les chefs d'établissement scolaire devraient pouvoir recruter eux-même une partie de leurs enseignants et peser davantage dans leur évaluation.	2	2	Accord net : la position est estimée à partir des propositions d'autonomie des établissements, de recrutement et de gestion des enseignants. Niveau de preuve : faisceau d’indices cohérent, sans équivalent toujours parfaitement identique.	https://www.bundesregierung.de/breg-de/aktuelles/koalitionsvertrag-2025-2340970
government	Allemagne	85	Éducation / mixité sociale	Le financement public des établissements privés sous contrat devrait être conditionné à des objectifs mesurables de mixité sociale.	1	1	Accord modéré : les écoles privées reconnues ne doivent pas favoriser une séparation des élèves selon la fortune des parents ; le principe va dans le sens de la mixité, sans constituer un objectif chiffré directement conditionnant le financement public.	https://www.bundesregierung.de/breg-de/aktuelles/koalitionsvertrag-2025-2340970
government	Allemagne	86	Logement / locations touristiques	Dans les zones où le logement manque, une commune devrait pouvoir interdire la location touristique régulière d'un logement qui n'est pas la résidence principale de son propriétaire.	2	2	Accord net : la source retenue précise le degré de régulation souhaité pour les meublés touristiques et les pouvoirs locaux. Niveau de preuve : faisceau d’indices cohérent, sans équivalent toujours parfaitement identique.	https://www.bundesregierung.de/breg-de/aktuelles/koalitionsvertrag-2025-2340970
government	Allemagne	87	Défense / Ukraine	La France devrait continuer à fournir une aide militaire et financière importante à l'Ukraine tant que son territoire reste occupé, même si la guerre se prolonge.	3	3	Accord fort : le vote ou la politique officielle sur le soutien durable à l'Ukraine constitue l'indicateur principal. Niveau de preuve : preuve directe ou politique explicitement documentée.	https://www.bundesregierung.de/breg-de/aktuelles/rede-kanzler-deutsch-ukrainisches-wirtschaftsforum-2399660
government	Allemagne	88	Défense / dissuasion nucléaire	La dissuasion nucléaire française devrait aussi protéger les partenaires européens, tout en laissant à la France seule la décision finale de l'employer.	2	3	Accord net : la source retenue porte sur l'extension européenne de la dissuasion ou, pour les pays non dotés, sur la protection nucléaire alliée. Niveau de preuve : preuve directe ou politique explicitement documentée.	https://www.bundesregierung.de/breg-de/aktuelles/regierungspressekonferenz-vom-16-februar-2026-2407306
government	Allemagne	89	Santé / fin de vie	Une personne majeure atteinte d'une maladie grave et incurable provoquant des souffrances insupportables devrait pouvoir recevoir une aide médicale à mourir dans un cadre strictement contrôlé.	2	2	Accord net : le vote, la loi ou la position gouvernementale sur l'aide à mourir fournit un équivalent direct ou très proche. Niveau de preuve : faisceau d’indices cohérent, sans équivalent toujours parfaitement identique.	https://www.bundesregierung.de/breg-de/aktuelles/koalitionsvertrag-2025-2340970
government	Allemagne	90	Dépendance / EHPAD	Les groupes privés à but lucratif ne devraient plus pouvoir gérer d'EHPAD. Les établissements existants devraient progressivement devenir publics ou non lucratifs.	-2	2	Désaccord net : le programme social et sanitaire permet d'estimer la place laissée aux opérateurs lucratifs dans la dépendance. Niveau de preuve : faisceau d’indices cohérent, sans équivalent toujours parfaitement identique.	https://www.bundesregierung.de/breg-de/aktuelles/koalitionsvertrag-2025-2340970
government	Allemagne	91	Famille / prestations	Les allocations familiales devraient être versées à toutes les familles selon le nombre d'enfants, sans diminuer lorsque les revenus augmentent.	3	3	Accord fort : le modèle de prestations familiales et la ligne programmatique permettent d'estimer la préférence pour l'universalité ou le ciblage. Niveau de preuve : preuve directe ou politique explicitement documentée.	https://www.bundesregierung.de/breg-de/aktuelles/koalitionsvertrag-2025-2340970
government	Allemagne	92	Numérique / mineurs	L'accès aux réseaux sociaux devrait être interdit aux moins de 15 ans, même avec l'accord de leurs parents.	-2	3	Désaccord net : le vote ou la politique publique sur l'âge d'accès aux réseaux sociaux permet de distinguer interdiction stricte, autorisation parentale et régulation plus souple. Niveau de preuve : preuve directe ou politique explicitement documentée.	https://www.bundesregierung.de/breg-de/aktuelles/regierungspressekonferenz-vom-20-april-2026-2422158
government	Allemagne	93	Numérique / intelligence artificielle	Les administrations publiques devraient privilégier des modèles d'intelligence artificielle hébergés en Europe, même s'ils sont temporairement moins performants ou plus coûteux que leurs concurrents étrangers.	2	2	Accord net : la stratégie numérique permet d'estimer la priorité accordée à la souveraineté européenne par rapport au coût et à la performance. Niveau de preuve : faisceau d’indices cohérent, sans équivalent toujours parfaitement identique.	https://www.bundesregierung.de/breg-de/aktuelles/koalitionsvertrag-2025-2340970
government	Espagne	1	Économie	Il faut réduire les impôts sur le travail et le capital, même si cela implique de réduire certaines dépenses publiques.	-1	2	Réserve : La coalition PSOE–Sumar défend un État social renforcé, la redistribution, les droits du travail et une intervention publique active. Transposition ou inférence prudente.	https://www.lamoncloa.gob.es/Documents/2025/appendix-II-map-of-commitments-december.pdf
government	Espagne	2	Économie	Les inégalités économiques sont acceptables tant qu'elles résultent principalement du travail ou de la prise de risque.	-1	2	Réserve : La coalition PSOE–Sumar défend un État social renforcé, la redistribution, les droits du travail et une intervention publique active. Transposition ou inférence prudente.	https://www.lamoncloa.gob.es/Documents/2025/appendix-II-map-of-commitments-december.pdf
government	Espagne	3	Économie	L'État devrait davantage taxer les hauts revenus et les gros patrimoines afin de réduire les inégalités.	2	3	Accord net : La coalition PSOE–Sumar défend un État social renforcé, la redistribution, les droits du travail et une intervention publique active. Position directement documentée.	https://www.lamoncloa.gob.es/Documents/2025/appendix-II-map-of-commitments-december.pdf
government	Espagne	4	Économie	Les entreprises devraient être obligées de limiter l’écart entre la rémunération de leurs dirigeants et celle de leurs salariés les moins bien payés.	1	3	Accord modéré : la politique de rémunération des sociétés cotées doit expliquer comment les conditions de rémunération et d’emploi des salariés ont été prises en compte ; l’Espagne encadre donc le lien entre rémunérations, sans imposer de ratio maximal général.	https://www.boe.es/buscar/act.php?id=BOE-A-2010-10544&p=20250103&tn=0
government	Espagne	5	Économie	Le salaire minimum devrait être augmenté significativement.	3	3	Accord fort : le gouvernement Sánchez a mené une hausse structurelle et répétée du salaire minimum, passé d’environ 735 € à plus de 1 200 € sur quatorze mensualités depuis 2018, avec l’objectif de le maintenir autour de 60 % du salaire moyen : +3.	https://www.lamoncloa.gob.es/serviciosdeprensa/notasprensa/trabajo14/Paginas/2023/140223-salario-minimo-interprofesional.aspx
government	Espagne	6	Économie	Les entreprises privées sont généralement plus efficaces que l'État pour fournir des biens et services, même dans certains secteurs essentiels.	-1	2	Réserve : La coalition PSOE–Sumar défend un État social renforcé, la redistribution, les droits du travail et une intervention publique active. Transposition ou inférence prudente.	https://www.lamoncloa.gob.es/Documents/2025/appendix-II-map-of-commitments-december.pdf
government	Espagne	7	Économie	L'État devrait pouvoir nationaliser temporairement ou durablement une entreprise privée lorsqu'elle contrôle une activité stratégique pour le pays.	1	2	Accord modéré : La coalition PSOE–Sumar défend un État social renforcé, la redistribution, les droits du travail et une intervention publique active. Transposition ou inférence prudente.	https://www.lamoncloa.gob.es/Documents/2025/appendix-II-map-of-commitments-december.pdf
government	Espagne	8	Économie	La concurrence est généralement préférable à la réglementation pour améliorer les prix, la qualité et l'innovation.	-1	2	Réserve : La coalition PSOE–Sumar défend un État social renforcé, la redistribution, les droits du travail et une intervention publique active. Transposition ou inférence prudente.	https://www.lamoncloa.gob.es/Documents/2025/appendix-II-map-of-commitments-december.pdf
government	Espagne	9	État	La France dépense trop d'argent public et devrait accepter de réduire certaines politiques sociales pour revenir à l'équilibre budgétaire.	-1	2	Réserve : La coalition PSOE–Sumar défend un État social renforcé, la redistribution, les droits du travail et une intervention publique active. Transposition ou inférence prudente.	https://www.lamoncloa.gob.es/Documents/2025/appendix-II-map-of-commitments-december.pdf
government	Espagne	10	État	L'État devrait garantir un niveau élevé de protection sociale, même si cela implique une fiscalité importante.	3	3	Accord fort : La coalition PSOE–Sumar défend un État social renforcé, la redistribution, les droits du travail et une intervention publique active. Position directement documentée.	https://www.lamoncloa.gob.es/Documents/2025/appendix-II-map-of-commitments-december.pdf
government	Espagne	12	État	L'État devrait intervenir beaucoup plus fortement dans l'économie lorsque le marché produit des résultats jugés socialement indésirables.	2	3	Accord net : La coalition PSOE–Sumar défend un État social renforcé, la redistribution, les droits du travail et une intervention publique active. Position directement documentée.	https://www.lamoncloa.gob.es/Documents/2025/appendix-II-map-of-commitments-december.pdf
government	Espagne	13	État	Les citoyens devraient avoir davantage de liberté pour choisir eux-mêmes comment utiliser leur argent plutôt que de passer par des systèmes publics obligatoires.	-2	2	Désaccord net : La coalition PSOE–Sumar défend un État social renforcé, la redistribution, les droits du travail et une intervention publique active. Transposition ou inférence prudente.	https://www.lamoncloa.gob.es/Documents/2025/appendix-II-map-of-commitments-december.pdf
government	Espagne	14	Social / société	La société devrait accepter beaucoup plus largement les différents modes de vie, même lorsqu'ils s'éloignent des normes traditionnelles.	3	3	Accord fort : Le gouvernement est progressiste sur l’égalité, les modes de vie et la lutte contre les discriminations. Position directement documentée.	https://www.lamoncloa.gob.es/Documents/2025/appendix-II-map-of-commitments-december.pdf
government	Espagne	15	Démocratie	Un gouvernement devrait pouvoir faire adopter le budget sans vote de l’Assemblée nationale lorsqu’aucune majorité stable ne se dégage, afin d’éviter un blocage institutionnel.	-2	2	Désaccord net : en cas de blocage, le budget précédent est prorogé automatiquement ; un nouveau budget doit être approuvé par les Cortes et ne peut pas être imposé unilatéralement par le gouvernement.	https://www.boe.es/buscar/act.php?id=BOE-A-1978-31229
government	Espagne	16	Social / société	Réduire les inégalités peut parfois justifier de restreindre certaines libertés individuelles.	0	1	Position de compromis : Le gouvernement est progressiste sur l’égalité, les modes de vie et la lutte contre les discriminations. Comparabilité limitée ou position peu explicite.	https://www.lamoncloa.gob.es/Documents/2025/appendix-II-map-of-commitments-december.pdf
government	Espagne	17	Social / société	Les politiques publiques devraient chercher à corriger activement les discriminations historiques ou structurelles entre groupes sociaux.	3	3	Accord fort : Le gouvernement est progressiste sur l’égalité, les modes de vie et la lutte contre les discriminations. Position directement documentée.	https://www.lamoncloa.gob.es/Documents/2025/appendix-II-map-of-commitments-december.pdf
government	Espagne	18	Institutions / territoires	Les régions devraient pouvoir adopter des règles différentes en matière économique, sociale ou environnementale plutôt que d’appliquer partout les mêmes règles nationales.	3	3	Accord fort : les communautés autonomes espagnoles disposent d’institutions et de compétences normatives propres dans de nombreux domaines ; l’existence de règles territoriales différentes fait structurellement partie du modèle espagnol.	https://administracion.gob.es/pag_Home/espanaAdmon/directorioOrganigrama/comunidadesAutonomas/comunidadesAutonomas.htm
government	Espagne	19	Social / société	Certaines traditions et valeurs culturelles méritent d'être préservées même si elles évoluent moins vite que la société.	-1	2	Réserve : Le gouvernement est progressiste sur l’égalité, les modes de vie et la lutte contre les discriminations. Transposition ou inférence prudente.	https://www.lamoncloa.gob.es/Documents/2025/appendix-II-map-of-commitments-december.pdf
government	Espagne	20	Immigration	La France devrait réduire le nombre d'immigrants qu'elle accueille chaque année.	-2	2	Désaccord net : La ligne est relativement ouverte et fondée sur les droits, avec maintien des expulsions en cas de criminalité grave. Transposition ou inférence prudente.	https://www.lamoncloa.gob.es/Documents/2025/appendix-II-map-of-commitments-december.pdf
government	Espagne	21	Immigration	L'immigration économique est globalement bénéfique pour l'économie française.	3	3	Accord fort : le gouvernement Sánchez présente explicitement l’immigration comme une opportunité économique, souligne sa contribution à l’emploi et organise des voies légales de mobilité professionnelle répondant aux besoins de l’économie : +3.	https://www.lamoncloa.gob.es/lang/en/presidente/news/Paginas/2026/20260630-integration-and-citizenship-plan.aspx
government	Espagne	22	Immigration / droits sociaux	Un étranger installé légalement en France depuis de nombreuses années devrait, à situation économique comparable, bénéficier des mêmes prestations sociales et du même accès au logement social qu’un citoyen français, sans priorité fondée sur la nationalité.	3	3	Le gouvernement espagnol présente l’intégration des résidents réguliers comme un accès à des droits égaux et ne défend pas de préférence citoyenne permanente : accord fort.	https://www.lamoncloa.gob.es/lang/en/gobierno/councilministers/paginas/2026/20260127-council-press-conference.aspx
government	Espagne	23	Immigration	L'accès à la nationalité française devrait être rendu plus exigeant.	-1	2	Réserve : La ligne est relativement ouverte et fondée sur les droits, avec maintien des expulsions en cas de criminalité grave. Transposition ou inférence prudente.	https://www.lamoncloa.gob.es/Documents/2025/appendix-II-map-of-commitments-december.pdf
government	Espagne	24	Immigration	La France devrait être beaucoup plus stricte concernant l'expulsion des étrangers condamnés pour des crimes graves.	2	2	Accord net : La ligne est relativement ouverte et fondée sur les droits, avec maintien des expulsions en cas de criminalité grave. Transposition ou inférence prudente.	https://www.lamoncloa.gob.es/Documents/2025/appendix-II-map-of-commitments-december.pdf
government	Espagne	25	Immigration	Même lorsque l'immigration est économiquement bénéfique, elle peut être légitimement limitée pour préserver la cohésion culturelle du pays.	-1	2	Réserve : La ligne est relativement ouverte et fondée sur les droits, avec maintien des expulsions en cas de criminalité grave. Transposition ou inférence prudente.	https://www.lamoncloa.gob.es/Documents/2025/appendix-II-map-of-commitments-december.pdf
government	Espagne	26	Immigration	La France devrait accueillir davantage de réfugiés lorsqu'ils fuient une guerre ou une persécution, même si cela représente un coût économique.	2	2	Accord net : La ligne est relativement ouverte et fondée sur les droits, avec maintien des expulsions en cas de criminalité grave. Transposition ou inférence prudente.	https://www.lamoncloa.gob.es/Documents/2025/appendix-II-map-of-commitments-december.pdf
government	Espagne	27	Sécurité / justice	Les peines de prison effectives devraient être plus sévères, même si cela augmente fortement la population carcérale.	0	1	Position de compromis : La priorité est davantage donnée à la prévention, aux garanties juridiques et à la réinsertion qu’au durcissement pénal. Comparabilité limitée ou position peu explicite.	https://www.lamoncloa.gob.es/lang/en/presidente/intervenciones/paginas/2025/20250728-political-year-assessment-speech.aspx
government	Espagne	28	Sécurité / justice	Il vaut mieux investir dans la prévention et la réinsertion que dans l'augmentation des sanctions.	2	2	Accord net : La priorité est davantage donnée à la prévention, aux garanties juridiques et à la réinsertion qu’au durcissement pénal. Transposition ou inférence prudente.	https://www.lamoncloa.gob.es/lang/en/presidente/intervenciones/paginas/2025/20250728-political-year-assessment-speech.aspx
government	Espagne	29	Sécurité / justice	La police devrait disposer de pouvoirs plus importants pour lutter contre la criminalité, quitte à accepter davantage de contrôles sur certaines libertés individuelles.	0	2	Position de compromis : La priorité est davantage donnée à la prévention, aux garanties juridiques et à la réinsertion qu’au durcissement pénal. Transposition ou inférence prudente.	https://www.lamoncloa.gob.es/lang/en/presidente/intervenciones/paginas/2025/20250728-political-year-assessment-speech.aspx
government	Espagne	30	Agriculture / commerce	La France devrait pouvoir interdire l’importation de produits agricoles fabriqués selon des normes qu’elle interdit à ses propres agriculteurs, même si cela faisait disparaître des rayons les produits alimentaires les moins chers.	1	3	Accord modéré : le gouvernement espagnol défend réciprocité, garanties et clauses de sauvegarde, tout en soutenant les accords commerciaux et l'accès à une alimentation à prix raisonnable ; la contrepartie consommateur limite l'accord.	https://www.lamoncloa.gob.es/serviciosdeprensa/notasprensa/agricultura/paginas/2024/010424-medidas-respuesta-sector-agrario.aspx
government	Espagne	32	Écologie	La lutte contre le changement climatique doit rester prioritaire même lorsqu'elle réduit la croissance économique à court terme.	2	3	Accord net : La transition écologique, les renouvelables et la réglementation climatique sont des priorités gouvernementales. Position directement documentée.	https://www.lamoncloa.gob.es/Documents/2025/appendix-II-map-of-commitments-december.pdf
government	Espagne	33	Écologie	Il faut accepter une hausse importante du prix des énergies fossiles pour accélérer la transition écologique.	2	2	Accord net : La transition écologique, les renouvelables et la réglementation climatique sont des priorités gouvernementales. Transposition ou inférence prudente.	https://www.lamoncloa.gob.es/Documents/2025/appendix-II-map-of-commitments-december.pdf
government	Espagne	34	Economie	Une partie des cotisations sociales sur les salaires devrait être remplacée par une hausse de la TVA afin d’augmenter les salaires nets et de réduire le coût du travail, même si cela augmente le prix des biens et services consommés	-2	3	Le gouvernement Sánchez a plutôt accru les cotisations sociales pour financer la protection sociale, logique opposée à une substitution par la TVA. Orientation nette -2, politique effectivement mise en œuvre.	https://www.lamoncloa.gob.es/
government	Espagne	35	Écologie	Les politiques écologiques devraient reposer principalement sur des mécanismes de marché comme la taxe carbone plutôt que sur des interdictions.	0	2	Position de compromis : La transition écologique, les renouvelables et la réglementation climatique sont des priorités gouvernementales. Transposition ou inférence prudente.	https://www.lamoncloa.gob.es/Documents/2025/appendix-II-map-of-commitments-december.pdf
government	Espagne	36	Écologie	Il est justifié d'interdire certains produits ou comportements très polluants même lorsque les consommateurs les souhaitent.	2	3	Accord net : La transition écologique, les renouvelables et la réglementation climatique sont des priorités gouvernementales. Position directement documentée.	https://www.lamoncloa.gob.es/Documents/2025/appendix-II-map-of-commitments-december.pdf
government	Espagne	37	Écologie	Les pays riches devraient supporter une part prépondérante du coût de la transition écologique mondiale.	2	2	Accord net : La transition écologique, les renouvelables et la réglementation climatique sont des priorités gouvernementales. Transposition ou inférence prudente.	https://www.lamoncloa.gob.es/Documents/2025/appendix-II-map-of-commitments-december.pdf
government	Espagne	38	Europe	La France devrait transférer davantage de compétences à l'Union européenne afin de renforcer son poids économique et géopolitique.	3	3	Accord fort : Pedro Sánchez défend explicitement une Europe plus intégrée et plus souveraine, avec une Union de la sécurité et de la défense, davantage de souveraineté financière et la perspective d’une armée européenne. Cela correspond à une volonté forte de renforcer les capacités et compétences exercées au niveau européen : +3.	https://www.lamoncloa.gob.es/lang/en/presidente/intervenciones/Paginas/2026/20260410-european-pulse-forum-speech.aspx
government	Espagne	39	Europe	La France devrait conserver autant que possible sa souveraineté nationale, même si cela réduit son influence au niveau européen.	-2	2	Désaccord net : Le gouvernement Sánchez est fortement pro-européen et favorable à davantage d’action commune. Transposition ou inférence prudente.	https://www.lamoncloa.gob.es/Documents/2025/appendix-II-map-of-commitments-december.pdf
government	Espagne	40	Europe	L'euro est globalement bénéfique pour la France malgré la perte de certains instruments de politique économique.	3	3	Accord fort : Le gouvernement Sánchez est fortement pro-européen et favorable à davantage d’action commune. Position directement documentée.	https://www.lamoncloa.gob.es/Documents/2025/appendix-II-map-of-commitments-december.pdf
government	Espagne	41	Europe	L'Union européenne devrait pouvoir imposer davantage de règles communes aux États membres.	3	3	Accord fort : Le gouvernement Sánchez est fortement pro-européen et favorable à davantage d’action commune. Position directement documentée.	https://www.lamoncloa.gob.es/Documents/2025/appendix-II-map-of-commitments-december.pdf
government	Espagne	42	Europe	En cas de conflit entre les intérêts économiques français et les règles européennes, la France devrait pouvoir désobéir à certaines règles européennes.	-2	2	Désaccord net : Le gouvernement Sánchez est fortement pro-européen et favorable à davantage d’action commune. Transposition ou inférence prudente.	https://www.lamoncloa.gob.es/Documents/2025/appendix-II-map-of-commitments-december.pdf
government	Espagne	43	Fiscalité / patrimoine	Il faudrait supprimer l'IFI et ne plus taxer spécifiquement le patrimoine immobilier au-delà de la fiscalité ordinaire.	-3	3	Désaccord fort par analogie : le gouvernement Sánchez défend l’impôt sur le patrimoine et l’impôt de solidarité sur les grandes fortunes comme instruments de redistribution.	https://www.lamoncloa.gob.es/presidente/actividades/paginas/2026/200226-sanchez-seminario-desigualdad.aspx
government	Espagne	44	Fiscalité / patrimoine	L'héritage devrait être davantage taxé au-delà d'un certain seuil de patrimoine transmis, même si cela conduit certaines familles à transmettre moins de patrimoine à leurs enfants.	1	3	Accord modéré : La coalition PSOE–Sumar défend un État social renforcé, la redistribution, les droits du travail et une intervention publique active. Position directement documentée.	https://www.lamoncloa.gob.es/Documents/2025/appendix-II-map-of-commitments-december.pdf
government	Espagne	45	Fiscalité / patrimoine	Les très grandes fortunes devraient être imposées sur leur patrimoine mondial, même lorsqu'elles quittent la France.	1	1	Accord modéré : La coalition PSOE–Sumar défend un État social renforcé, la redistribution, les droits du travail et une intervention publique active. Comparabilité limitée ou position peu explicite.	https://www.lamoncloa.gob.es/Documents/2025/appendix-II-map-of-commitments-december.pdf
government	Espagne	46	Travail / chômage	Un chômeur devrait pouvoir perdre une partie significative de ses allocations s'il refuse plusieurs emplois raisonnablement adaptés à ses compétences.	3	3	Accord fort : en Espagne, le refus injustifié d’une offre d’emploi adéquate peut entraîner trois mois de suspension des prestations, puis six mois et enfin leur extinction en cas de récidive. C’est un équivalent direct de la proposition : +3.	https://www.sepe.es/HomeSepe/prestaciones-desempleo/quiero-cobrar-el-paro/obligaciones-infracciones-sanciones
government	Espagne	47	Outre-mer / vie chère	L’État devrait garantir que les produits essentiels ne coûtent pas beaucoup plus cher dans les DOM/TOM que dans l’Hexagone, quitte à subventionner durablement leur transport ou leur prix avec l’argent public national.	3	3	L’État espagnol compense directement des surcoûts liés à l’insularité canarienne et finance des aides au transport maritime de marchandises : équivalent très proche de la proposition, +3.	https://www.lamoncloa.gob.es/serviciosdeprensa/notasprensa/politica-territorial-memoria-democratica/Paginas/2026/300326-torres-gobierno-canarias-medidas-anticrisis.aspx
government	Espagne	48	Travail / chômage	Le CDI protège trop fortement les salariés déjà en poste et peut rendre plus difficile l’accès à l’emploi stable, au détriment des jeunes, chômeurs ou travailleurs en contrats précaires.	-2	3	Désaccord net : les réformes du marché du travail du gouvernement Sánchez ont cherché à réduire fortement la précarité et à généraliser les contrats permanents. La ligne suivie renforce donc le CDI plutôt qu’elle ne considère sa protection comme excessive : -2.	https://www.lamoncloa.gob.es/serviciosdeprensa/notasprensa/inclusion/Paginas/2026/020726-afiliados-junio.aspx
government	Espagne	49	Retraites	Les retraites devraient être progressivement réformées vers un système combinant répartition et capitalisation, même si cela implique une période de transition coûteuse.	1	3	Accord modéré : le gouvernement Sánchez a développé un deuxième pilier de fonds de pension professionnels capitalisés, mais la retraite publique par répartition demeure très largement centrale. Il existe donc une ouverture réelle à la capitalisation, sans basculement structurel du système : +1.	https://www.lamoncloa.gob.es/lang/en/gobierno/news/paginas/2026/20260511-open-government-week.aspx
government	Espagne	50	Retraites	L'âge légal de départ à la retraite devrait être automatiquement indexé sur l'espérance de vie nationale.	0	1	Position de compromis : La coalition PSOE–Sumar défend un État social renforcé, la redistribution, les droits du travail et une intervention publique active. Comparabilité limitée ou position peu explicite.	https://www.lamoncloa.gob.es/Documents/2025/appendix-II-map-of-commitments-december.pdf
government	Espagne	51	Protection sociale	Les prestations sociales devraient être fortement conditionnées à la durée de cotisation et de participation au marché du travail.	0	2	Position de compromis : La coalition PSOE–Sumar défend un État social renforcé, la redistribution, les droits du travail et une intervention publique active. Transposition ou inférence prudente.	https://www.lamoncloa.gob.es/Documents/2025/appendix-II-map-of-commitments-december.pdf
government	Espagne	53	État / entreprises	Une entreprise qui reçoit plusieurs milliards d'euros d'aides publiques devrait pouvoir être contrainte de limiter ses dividendes et les rémunérations de ses dirigeants tant que l'aide n'est pas remboursée.	3	3	Accord fort : La coalition PSOE–Sumar défend un État social renforcé, la redistribution, les droits du travail et une intervention publique active. Position directement documentée.	https://www.lamoncloa.gob.es/Documents/2025/appendix-II-map-of-commitments-december.pdf
government	Espagne	54	État / entreprises	L'État devrait davantage utiliser son pouvoir d'actionnaire pour orienter les grandes entreprises françaises vers des objectifs industriels de long terme.	2	3	Accord net : La coalition PSOE–Sumar défend un État social renforcé, la redistribution, les droits du travail et une intervention publique active. Position directement documentée.	https://www.lamoncloa.gob.es/Documents/2025/appendix-II-map-of-commitments-december.pdf
government	Espagne	55	État / entreprises	Il faudrait réduire fortement les normes administratives pesant sur les entreprises, même si certaines protections environnementales ou sociales deviennent moins strictes.	-2	2	Désaccord net : La coalition PSOE–Sumar défend un État social renforcé, la redistribution, les droits du travail et une intervention publique active. Transposition ou inférence prudente.	https://www.lamoncloa.gob.es/Documents/2025/appendix-II-map-of-commitments-december.pdf
government	Espagne	56	Immigration / régularisation	Un étranger en situation irrégulière qui travaille de façon stable en France depuis plusieurs années et n’a commis aucun délit devrait pouvoir être régularisé, même s’il est entré ou est resté sur le territoire sans autorisation.	3	3	Accord fort : en 2026, le gouvernement Sánchez a mis en œuvre une régularisation extraordinaire accessible notamment aux personnes en situation irrégulière présentes depuis au moins cinq mois, sans antécédents pénaux, avec une voie liée au travail ; le dispositif est au moins aussi ouvert que la question.	https://www.lamoncloa.gob.es/serviciosdeprensa/notasprensa/inclusion/paginas/2026/proceso-regularizacion-migratoria.aspx
government	Espagne	57	Immigration / assimilation	L'accès à certaines prestations sociales devrait être beaucoup plus limité pendant les premières années suivant l'arrivée d'un immigré.	-2	2	Désaccord net : La ligne est relativement ouverte et fondée sur les droits, avec maintien des expulsions en cas de criminalité grave. Transposition ou inférence prudente.	https://www.lamoncloa.gob.es/Documents/2025/appendix-II-map-of-commitments-december.pdf
government	Espagne	58	Immigration / assimilation	La France devrait privilégier l'immigration économique qualifiée, même si cela signifie accueillir moins de personnes peu qualifiées.	1	2	Accord modéré : La ligne est relativement ouverte et fondée sur les droits, avec maintien des expulsions en cas de criminalité grave. Transposition ou inférence prudente.	https://www.lamoncloa.gob.es/Documents/2025/appendix-II-map-of-commitments-december.pdf
government	Espagne	59	Immigration / assimilation	Une personne née en France de parents étrangers devrait automatiquement devenir française à sa majorité si elle y a grandi, même si elle ne manifeste pas particulièrement d'attachement à la France.	-2	3	Désaccord net : la naissance en Espagne de parents étrangers ne confère la nationalité d’origine que dans des cas limités ; les autres personnes nées dans le pays doivent engager une procédure de nationalité par résidence, sans acquisition automatique à la majorité.	https://www.mjusticia.gob.es/es/ciudadania/nacionalidad/que-es-nacionalidad/como-adquiere-nacionalidad/espanoles-origen
government	Espagne	60	Immigration / assimilation	La France devrait pouvoir refuser l'entrée à un immigré légalement admissible lorsqu'il existe de fortes raisons de penser qu'il ne souhaite pas s'intégrer culturellement à la société française.	-1	2	Réserve : La ligne est relativement ouverte et fondée sur les droits, avec maintien des expulsions en cas de criminalité grave. Transposition ou inférence prudente.	https://www.lamoncloa.gob.es/Documents/2025/appendix-II-map-of-commitments-december.pdf
government	Espagne	61	Immigration / assimilation	Le fait de conserver des pratiques culturelles ou religieuses très différentes de celles de la majorité française n'est pas en soi un problème tant que les lois françaises sont respectées.	2	2	Accord net : La ligne est relativement ouverte et fondée sur les droits, avec maintien des expulsions en cas de criminalité grave. Transposition ou inférence prudente.	https://www.lamoncloa.gob.es/Documents/2025/appendix-II-map-of-commitments-december.pdf
government	Espagne	63	Libertés / sécurité	Pour lutter contre le terrorisme, l'État devrait pouvoir surveiller préventivement une personne considérée comme présentant un risque sérieux, même sans preuve suffisante pour engager des poursuites pénales.	1	2	Accord modéré : La priorité est davantage donnée à la prévention, aux garanties juridiques et à la réinsertion qu’au durcissement pénal. Transposition ou inférence prudente.	https://www.lamoncloa.gob.es/lang/en/presidente/intervenciones/paginas/2025/20250728-political-year-assessment-speech.aspx
government	Espagne	64	Libertés / expression	Une personne qui tient publiquement des propos profondément offensants mais qui n'appelle ni à la violence ni à commettre une infraction devrait être protégée par la liberté d'expression.	1	2	Accord modéré : La priorité est davantage donnée à la prévention, aux garanties juridiques et à la réinsertion qu’au durcissement pénal. Transposition ou inférence prudente.	https://www.lamoncloa.gob.es/lang/en/presidente/intervenciones/paginas/2025/20250728-political-year-assessment-speech.aspx
government	Espagne	66	Sécurité	Lorsqu’un conducteur refuse d’obtempérer et prend la fuite, les policiers devraient pouvoir utiliser leur arme à feu même si le danger pour leur vie n’est pas immédiat.	-2	3	Désaccord net par analogie : la loi espagnole n’autorise les armes qu’en présence d’un risque rationnellement grave pour la vie, l’intégrité physique ou la sécurité publique, sous contrôle de proportionnalité.	https://www.boe.es/buscar/act.php?id=BOE-A-1986-6859
government	Espagne	67	Écologie	Une taxe carbone qui réduit les émissions de CO₂ devrait être maintenue même si elle diminue le pouvoir d’achat des ménages modestes, à condition de compenser ces derniers par des aides ciblées.	3	3	Accord fort : le gouvernement Sánchez maintient la tarification carbone tout en prévoyant des compensations substantielles et ciblées pour les ménages vulnérables ; la logique correspond presque exactement à la question.	https://www.lamoncloa.gob.es/Documents/2025/appendix-II-map-of-commitments-december.pdf
government	Espagne	68	Écologie	La France devrait interdire progressivement la vente de voitures thermiques même si cela augmente temporairement le prix moyen des véhicules.	2	3	Accord net : La transition écologique, les renouvelables et la réglementation climatique sont des priorités gouvernementales. Position directement documentée.	https://www.lamoncloa.gob.es/Documents/2025/appendix-II-map-of-commitments-december.pdf
government	Espagne	69	Écologie	Il faut privilégier le nucléaire même si cela conduit à réduire certains investissements dans les renouvelables.	-2	2	Désaccord net : La transition écologique, les renouvelables et la réglementation climatique sont des priorités gouvernementales. Transposition ou inférence prudente.	https://www.lamoncloa.gob.es/Documents/2025/appendix-II-map-of-commitments-december.pdf
government	Espagne	71	Écologie / croissance	Si la France pouvait réduire ses émissions de 20 % mais que cela réduisait son PIB de 3 %, alors que les autres pays ne faisaient aucun effort comparable, il faudrait quand même le faire.	1	2	Accord modéré : La transition écologique, les renouvelables et la réglementation climatique sont des priorités gouvernementales. Transposition ou inférence prudente.	https://www.lamoncloa.gob.es/Documents/2025/appendix-II-map-of-commitments-december.pdf
government	Espagne	72	Institutions	Pour certaines décisions économiques complexes, il serait préférable de confier davantage de pouvoir à des institutions indépendantes composées d'experts plutôt qu'aux responsables politiques élus.	1	1	Accord modéré : La coalition minoritaire valorise le parlementarisme, la proportionnelle et la négociation entre groupes. Comparabilité limitée ou position peu explicite.	https://www.lamoncloa.gob.es/lang/en/presidente/intervenciones/paginas/2025/20250728-political-year-assessment-speech.aspx
government	Espagne	73	Institutions	Un gouvernement devrait pouvoir prendre une décision économiquement nécessaire mais très impopulaire sans chercher à obtenir l'approbation immédiate de la population.	1	1	Accord modéré : La coalition minoritaire valorise le parlementarisme, la proportionnelle et la négociation entre groupes. Comparabilité limitée ou position peu explicite.	https://www.lamoncloa.gob.es/lang/en/presidente/intervenciones/paginas/2025/20250728-political-year-assessment-speech.aspx
government	Espagne	74	Institutions	Le référendum devrait être beaucoup plus utilisé, même lorsque les citoyens votent sur des sujets dont ils maîtrisent mal les aspects techniques.	0	1	Position de compromis : La coalition minoritaire valorise le parlementarisme, la proportionnelle et la négociation entre groupes. Comparabilité limitée ou position peu explicite.	https://www.lamoncloa.gob.es/lang/en/presidente/intervenciones/paginas/2025/20250728-political-year-assessment-speech.aspx
government	Espagne	75	Institutions	Il serait acceptable de donner davantage de poids politique aux citoyens qui démontrent un niveau élevé de connaissance du fonctionnement des institutions et de l'économie.	-1	1	Réserve : La coalition minoritaire valorise le parlementarisme, la proportionnelle et la négociation entre groupes. Comparabilité limitée ou position peu explicite.	https://www.lamoncloa.gob.es/lang/en/presidente/intervenciones/paginas/2025/20250728-political-year-assessment-speech.aspx
government	Espagne	76	Institutions	Le président de la République devrait disposer de davantage de pouvoirs pour pouvoir mettre en œuvre un programme pendant cinq ans sans être constamment bloqué par le Parlement.	-1	1	Réserve : La coalition minoritaire valorise le parlementarisme, la proportionnelle et la négociation entre groupes. Comparabilité limitée ou position peu explicite.	https://www.lamoncloa.gob.es/lang/en/presidente/intervenciones/paginas/2025/20250728-political-year-assessment-speech.aspx
government	Espagne	77	Institutions	La proportionnelle intégrale serait préférable au système actuel, même si elle rendait plus fréquentes les coalitions et les gouvernements instables.	2	3	Accord net : La coalition minoritaire valorise le parlementarisme, la proportionnelle et la négociation entre groupes. Position directement documentée.	https://www.lamoncloa.gob.es/lang/en/presidente/intervenciones/paginas/2025/20250728-political-year-assessment-speech.aspx
government	Espagne	78	Immigration / assimilation	Le droit de séjour durable en France devrait dépendre, sauf impossibilité particulière, d’efforts concrets pour apprendre le français, comprendre les règles et usages du pays et participer à la vie collective.	-1	3	Désaccord modéré : la résidence de longue durée s’acquiert normalement après cinq ans de résidence régulière et n’est pas conditionnée de manière générale à une maîtrise linguistique ou à une assimilation culturelle. L’Espagne encourage l’intégration sans en faire une condition générale du séjour durable : -1.	https://www.inclusion.gob.es/fr/web/migraciones/w/49.-autorizacion-de-residencia-de-larga-duracion-nacional
government	Espagne	79	Immigration / délinquance	Les différences de délinquance observées s’expliquent davantage par les inégalités sociales et économiques que par la culture d’origine des personnes concernées.	1	1	Accord modéré : La ligne est relativement ouverte et fondée sur les droits, avec maintien des expulsions en cas de criminalité grave. Comparabilité limitée ou position peu explicite.	https://www.lamoncloa.gob.es/Documents/2025/appendix-II-map-of-commitments-december.pdf
government	Espagne	80	Écologie / agriculture	La France devrait interdire aux agriculteurs l’usage d’un produit jugé trop polluant, même si cette interdiction les désavantage face à des concurrents étrangers qui peuvent encore l’utiliser.	-1	2	Réserve : le gouvernement Sánchez défend simultanément durabilité et compétitivité et demande à l’Union européenne d’assouplir et d’actualiser le cadre des produits phytosanitaires, jugé trop lent et insuffisant pour donner des solutions aux agriculteurs. Cela suggère une préférence pour une réponse européenne plutôt qu’une interdiction nationale pénalisante.	https://www.lamoncloa.gob.es/serviciosdeprensa/notasprensa/agricultura/Paginas/2026/270326-planas-sanidad-vegetal.aspx
government	Espagne	81	Santé / accès aux soins	Dans les zones où l'accès aux soins est insuffisant, l'Assurance maladie devrait pouvoir limiter le conventionnement de nouveaux médecins dans les zones déjà bien dotées afin d'encourager leur installation dans les déserts médicaux.	1	2	Accord modéré : l’Espagne planifie les effectifs et soutient les postes difficiles à pourvoir, mais il n’existe pas de mécanisme national directement équivalent à une limitation du conventionnement dans les zones déjà bien dotées.	https://www.lamoncloa.gob.es/Documents/2025/appendix-II-map-of-commitments-december.pdf
government	Espagne	82	Santé / assurance maladie	L'Assurance maladie devrait rembourser intégralement les soins essentiels, quitte à réduire fortement le rôle des complémentaires santé.	3	3	Accord fort : le système national de santé espagnol finance publiquement l’essentiel du panier commun de soins, avec un rôle beaucoup plus limité des assurances complémentaires que dans le modèle français. La logique de la question est très directement réalisée : +3.	https://www.sanidad.gob.es/profesionales/prestacionesSanitarias/CarteraDeServicios/home.htm
government	Espagne	83	Santé / hôpital	Il faut accepter de fermer ou regrouper certaines petites maternités et certains services d'urgence afin de concentrer les équipes et les équipements dans des établissements plus importants.	-2	2	Désaccord net : le document retenu permet d'arbitrer entre maintien de la proximité hospitalière et concentration des moyens. Niveau de preuve : faisceau d’indices cohérent, sans équivalent toujours parfaitement identique.	https://www.lamoncloa.gob.es/Documents/2025/appendix-II-map-of-commitments-december.pdf
government	Espagne	84	Éducation / autonomie	Les chefs d'établissement scolaire devraient pouvoir recruter eux-même une partie de leurs enseignants et peser davantage dans leur évaluation.	-1	1	Réserve : la position est estimée à partir des propositions d'autonomie des établissements, de recrutement et de gestion des enseignants. Niveau de preuve : estimation prudente à partir de la ligne générale.	https://www.lamoncloa.gob.es/Documents/2025/appendix-II-map-of-commitments-december.pdf
government	Espagne	85	Éducation / mixité sociale	Le financement public des établissements privés sous contrat devrait être conditionné à des objectifs mesurables de mixité sociale.	2	2	Accord net : la position est estimée à partir des propositions sur l'enseignement privé, son financement et la mixité sociale. Niveau de preuve : faisceau d’indices cohérent, sans équivalent toujours parfaitement identique.	https://www.lamoncloa.gob.es/Documents/2025/appendix-II-map-of-commitments-december.pdf
government	Espagne	86	Logement / locations touristiques	Dans les zones où le logement manque, une commune devrait pouvoir interdire la location touristique régulière d'un logement qui n'est pas la résidence principale de son propriétaire.	3	3	Accord fort : la source retenue précise le degré de régulation souhaité pour les meublés touristiques et les pouvoirs locaux. Niveau de preuve : preuve directe ou politique explicitement documentée.	https://www.lamoncloa.gob.es/serviciosdeprensa/notasprensa/vivienda-agenda-urbana/paginas/2025/070425-rodriguez-alquiler-turistico.aspx
government	Espagne	87	Défense / Ukraine	La France devrait continuer à fournir une aide militaire et financière importante à l'Ukraine tant que son territoire reste occupé, même si la guerre se prolonge.	3	3	Accord fort : le vote ou la politique officielle sur le soutien durable à l'Ukraine constitue l'indicateur principal. Niveau de preuve : preuve directe ou politique explicitement documentée.	https://www.lamoncloa.gob.es/presidente/actividades/paginas/2026/200226-sanchez-seminario-desigualdad.aspx
government	Espagne	88	Défense / dissuasion nucléaire	La dissuasion nucléaire française devrait aussi protéger les partenaires européens, tout en laissant à la France seule la décision finale de l'employer.	-2	3	Désaccord net : la source retenue porte sur l'extension européenne de la dissuasion ou, pour les pays non dotés, sur la protection nucléaire alliée. Niveau de preuve : preuve directe ou politique explicitement documentée.	https://www.lamoncloa.gob.es/presidente/intervenciones/paginas/2026/20260214-transcripcion-sanchez-seguridad-munich.aspx
government	Espagne	89	Santé / fin de vie	Une personne majeure atteinte d'une maladie grave et incurable provoquant des souffrances insupportables devrait pouvoir recevoir une aide médicale à mourir dans un cadre strictement contrôlé.	3	3	Accord fort : le vote, la loi ou la position gouvernementale sur l'aide à mourir fournit un équivalent direct ou très proche. Niveau de preuve : preuve directe ou politique explicitement documentée.	https://www.boe.es/buscar/act.php?id=BOE-A-2021-4628
government	Espagne	90	Dépendance / EHPAD	Les groupes privés à but lucratif ne devraient plus pouvoir gérer d'EHPAD. Les établissements existants devraient progressivement devenir publics ou non lucratifs.	1	1	Accord modéré : le programme social et sanitaire permet d'estimer la place laissée aux opérateurs lucratifs dans la dépendance. Niveau de preuve : estimation prudente à partir de la ligne générale.	https://www.lamoncloa.gob.es/Documents/2025/appendix-II-map-of-commitments-december.pdf
government	Espagne	91	Famille / prestations	Les allocations familiales devraient être versées à toutes les familles selon le nombre d'enfants, sans diminuer lorsque les revenus augmentent.	-2	2	Désaccord net : le modèle de prestations familiales et la ligne programmatique permettent d'estimer la préférence pour l'universalité ou le ciblage. Niveau de preuve : faisceau d’indices cohérent, sans équivalent toujours parfaitement identique.	https://www.lamoncloa.gob.es/Documents/2025/appendix-II-map-of-commitments-december.pdf
government	Espagne	92	Numérique / mineurs	L'accès aux réseaux sociaux devrait être interdit aux moins de 15 ans, même avec l'accord de leurs parents.	3	3	Accord fort : le vote ou la politique publique sur l'âge d'accès aux réseaux sociaux permet de distinguer interdiction stricte, autorisation parentale et régulation plus souple. Niveau de preuve : preuve directe ou politique explicitement documentée.	https://www.lamoncloa.gob.es/presidente/actividades/paginas/2026/030226-sanchez-cumbre-gobiernos-dubai.aspx
government	Espagne	93	Numérique / intelligence artificielle	Les administrations publiques devraient privilégier des modèles d'intelligence artificielle hébergés en Europe, même s'ils sont temporairement moins performants ou plus coûteux que leurs concurrents étrangers.	2	3	Accord net : la stratégie numérique permet d'estimer la priorité accordée à la souveraineté européenne par rapport au coût et à la performance. Niveau de preuve : preuve directe ou politique explicitement documentée.	https://www.lamoncloa.gob.es/consejodeministros/resumenes/Documents/2026/240226-soberania-digital.pdf
government	Suisse	1	Économie	Il faut réduire les impôts sur le travail et le capital, même si cela implique de réduire certaines dépenses publiques.	2	3	Accord net : Le Conseil fédéral suit une économie sociale de marché relativement libérale, avec discipline budgétaire et protection sociale multipiliers. Position directement documentée.	https://www.bfs.admin.ch/bfs/en/home/statistics/cross-sectional-topics/monitoring-legislature-plan.html
government	Suisse	2	Économie	Les inégalités économiques sont acceptables tant qu'elles résultent principalement du travail ou de la prise de risque.	1	2	Accord modéré : Le Conseil fédéral suit une économie sociale de marché relativement libérale, avec discipline budgétaire et protection sociale multipiliers. Transposition ou inférence prudente.	https://www.bfs.admin.ch/bfs/en/home/statistics/cross-sectional-topics/monitoring-legislature-plan.html
government	Suisse	3	Économie	L'État devrait davantage taxer les hauts revenus et les gros patrimoines afin de réduire les inégalités.	-1	2	Réserve : Le Conseil fédéral suit une économie sociale de marché relativement libérale, avec discipline budgétaire et protection sociale multipiliers. Transposition ou inférence prudente.	https://www.bfs.admin.ch/bfs/en/home/statistics/cross-sectional-topics/monitoring-legislature-plan.html
government	Suisse	4	Économie	Les entreprises devraient être obligées de limiter l’écart entre la rémunération de leurs dirigeants et celle de leurs salariés les moins bien payés.	-2	3	Désaccord net : le Conseil fédéral a explicitement recommandé de rejeter l’initiative 1:12 qui aurait interdit qu’un salaire dépasse douze fois le salaire le plus bas d’une même entreprise, préférant d’autres mécanismes de gouvernance et de redistribution.	https://www.admin.ch/fr/nsb?id=43067
government	Suisse	5	Économie	Le salaire minimum devrait être augmenté significativement.	-2	2	Désaccord net : Le Conseil fédéral suit une économie sociale de marché relativement libérale, avec discipline budgétaire et protection sociale multipiliers. Transposition ou inférence prudente.	https://www.bfs.admin.ch/bfs/en/home/statistics/cross-sectional-topics/monitoring-legislature-plan.html
government	Suisse	6	Économie	Les entreprises privées sont généralement plus efficaces que l'État pour fournir des biens et services, même dans certains secteurs essentiels.	2	2	Accord net : Le Conseil fédéral suit une économie sociale de marché relativement libérale, avec discipline budgétaire et protection sociale multipiliers. Transposition ou inférence prudente.	https://www.bfs.admin.ch/bfs/en/home/statistics/cross-sectional-topics/monitoring-legislature-plan.html
government	Suisse	7	Économie	L'État devrait pouvoir nationaliser temporairement ou durablement une entreprise privée lorsqu'elle contrôle une activité stratégique pour le pays.	-2	2	Désaccord net : Le Conseil fédéral suit une économie sociale de marché relativement libérale, avec discipline budgétaire et protection sociale multipiliers. Transposition ou inférence prudente.	https://www.bfs.admin.ch/bfs/en/home/statistics/cross-sectional-topics/monitoring-legislature-plan.html
government	Suisse	8	Économie	La concurrence est généralement préférable à la réglementation pour améliorer les prix, la qualité et l'innovation.	2	3	Accord net : Le Conseil fédéral suit une économie sociale de marché relativement libérale, avec discipline budgétaire et protection sociale multipiliers. Position directement documentée.	https://www.bfs.admin.ch/bfs/en/home/statistics/cross-sectional-topics/monitoring-legislature-plan.html
government	Suisse	9	État	La France dépense trop d'argent public et devrait accepter de réduire certaines politiques sociales pour revenir à l'équilibre budgétaire.	2	3	Accord net : Le Conseil fédéral suit une économie sociale de marché relativement libérale, avec discipline budgétaire et protection sociale multipiliers. Position directement documentée.	https://www.bfs.admin.ch/bfs/en/home/statistics/cross-sectional-topics/monitoring-legislature-plan.html
government	Suisse	10	État	L'État devrait garantir un niveau élevé de protection sociale, même si cela implique une fiscalité importante.	1	3	Accord modéré : Le Conseil fédéral suit une économie sociale de marché relativement libérale, avec discipline budgétaire et protection sociale multipiliers. Position directement documentée.	https://www.bfs.admin.ch/bfs/en/home/statistics/cross-sectional-topics/monitoring-legislature-plan.html
government	Suisse	12	État	L'État devrait intervenir beaucoup plus fortement dans l'économie lorsque le marché produit des résultats jugés socialement indésirables.	0	2	Position de compromis : Le Conseil fédéral suit une économie sociale de marché relativement libérale, avec discipline budgétaire et protection sociale multipiliers. Transposition ou inférence prudente.	https://www.bfs.admin.ch/bfs/en/home/statistics/cross-sectional-topics/monitoring-legislature-plan.html
government	Suisse	13	État	Les citoyens devraient avoir davantage de liberté pour choisir eux-mêmes comment utiliser leur argent plutôt que de passer par des systèmes publics obligatoires.	2	2	Accord net : Le Conseil fédéral suit une économie sociale de marché relativement libérale, avec discipline budgétaire et protection sociale multipiliers. Transposition ou inférence prudente.	https://www.bfs.admin.ch/bfs/en/home/statistics/cross-sectional-topics/monitoring-legislature-plan.html
government	Suisse	14	Social / société	La société devrait accepter beaucoup plus largement les différents modes de vie, même lorsqu'ils s'éloignent des normes traditionnelles.	1	2	Accord modéré : Le consensus gouvernemental est modérément libéral sur les droits individuels, tout en restant prudent sur les transformations sociales. Transposition ou inférence prudente.	https://www.bfs.admin.ch/bfs/en/home/statistics/cross-sectional-topics/monitoring-legislature-plan.html
government	Suisse	15	Démocratie	Un gouvernement devrait pouvoir faire adopter le budget sans vote de l’Assemblée nationale lorsqu’aucune majorité stable ne se dégage, afin d’éviter un blocage institutionnel.	-2	2	Désaccord net : l’Assemblée fédérale décide du budget de la Confédération ; le Conseil fédéral ne peut pas mettre en vigueur seul un nouveau budget faute de majorité parlementaire.	https://www.parlament.ch/fr/services/news/Pages/2025/20251219100842017194158159026_bsf060.aspx
government	Suisse	16	Social / société	Réduire les inégalités peut parfois justifier de restreindre certaines libertés individuelles.	-1	1	Réserve : Le consensus gouvernemental est modérément libéral sur les droits individuels, tout en restant prudent sur les transformations sociales. Comparabilité limitée ou position peu explicite.	https://www.bfs.admin.ch/bfs/en/home/statistics/cross-sectional-topics/monitoring-legislature-plan.html
government	Suisse	17	Social / société	Les politiques publiques devraient chercher à corriger activement les discriminations historiques ou structurelles entre groupes sociaux.	1	2	Accord modéré : Le consensus gouvernemental est modérément libéral sur les droits individuels, tout en restant prudent sur les transformations sociales. Transposition ou inférence prudente.	https://www.bfs.admin.ch/bfs/en/home/statistics/cross-sectional-topics/monitoring-legislature-plan.html
government	Suisse	18	Institutions / territoires	Les régions devraient pouvoir adopter des règles différentes en matière économique, sociale ou environnementale plutôt que d’appliquer partout les mêmes règles nationales.	3	3	Accord fort : le fédéralisme suisse répartit les pouvoirs politiques et législatifs entre Confédération, cantons et communes afin de leur laisser une large autonomie ; les cantons ont leurs propres constitutions, parlements et gouvernements.	https://www.aboutswitzerland.eda.admin.ch/en/federalism
government	Suisse	19	Social / société	Certaines traditions et valeurs culturelles méritent d'être préservées même si elles évoluent moins vite que la société.	2	2	Accord net : Le consensus gouvernemental est modérément libéral sur les droits individuels, tout en restant prudent sur les transformations sociales. Transposition ou inférence prudente.	https://www.bfs.admin.ch/bfs/en/home/statistics/cross-sectional-topics/monitoring-legislature-plan.html
government	Suisse	20	Immigration	La France devrait réduire le nombre d'immigrants qu'elle accueille chaque année.	1	2	Accord modéré : La Suisse privilégie l’immigration économique contrôlée, l’intégration et des conditions strictes de séjour durable. Transposition ou inférence prudente.	https://www.bfs.admin.ch/bfs/en/home/statistics/cross-sectional-topics/monitoring-legislature-plan.html
government	Suisse	21	Immigration	L'immigration économique est globalement bénéfique pour l'économie française.	2	3	Accord net : La Suisse privilégie l’immigration économique contrôlée, l’intégration et des conditions strictes de séjour durable. Position directement documentée.	https://www.bfs.admin.ch/bfs/en/home/statistics/cross-sectional-topics/monitoring-legislature-plan.html
government	Suisse	22	Immigration / droits sociaux	Un étranger installé légalement en France depuis de nombreuses années devrait, à situation économique comparable, bénéficier des mêmes prestations sociales et du même accès au logement social qu’un citoyen français, sans priorité fondée sur la nationalité.	1	2	Les étrangers titulaires de statuts durables peuvent accéder à l’aide sociale, mais les conditions de séjour et d’intégration restent plus restrictives et peuvent avoir des conséquences sur le statut : accord modéré.	https://www.ch.ch/en/foreign-nationals-in-switzerland/living-in-switzerland/social-assistance/
government	Suisse	23	Immigration	L'accès à la nationalité française devrait être rendu plus exigeant.	2	2	Accord net : La Suisse privilégie l’immigration économique contrôlée, l’intégration et des conditions strictes de séjour durable. Transposition ou inférence prudente.	https://www.bfs.admin.ch/bfs/en/home/statistics/cross-sectional-topics/monitoring-legislature-plan.html
government	Suisse	24	Immigration	La France devrait être beaucoup plus stricte concernant l'expulsion des étrangers condamnés pour des crimes graves.	3	2	Accord fort : La Suisse privilégie l’immigration économique contrôlée, l’intégration et des conditions strictes de séjour durable. Transposition ou inférence prudente.	https://www.bfs.admin.ch/bfs/en/home/statistics/cross-sectional-topics/monitoring-legislature-plan.html
government	Suisse	25	Immigration	Même lorsque l'immigration est économiquement bénéfique, elle peut être légitimement limitée pour préserver la cohésion culturelle du pays.	2	2	Accord net : La Suisse privilégie l’immigration économique contrôlée, l’intégration et des conditions strictes de séjour durable. Transposition ou inférence prudente.	https://www.bfs.admin.ch/bfs/en/home/statistics/cross-sectional-topics/monitoring-legislature-plan.html
government	Suisse	26	Immigration	La France devrait accueillir davantage de réfugiés lorsqu'ils fuient une guerre ou une persécution, même si cela représente un coût économique.	0	1	Position de compromis : La Suisse privilégie l’immigration économique contrôlée, l’intégration et des conditions strictes de séjour durable. Comparabilité limitée ou position peu explicite.	https://www.bfs.admin.ch/bfs/en/home/statistics/cross-sectional-topics/monitoring-legislature-plan.html
government	Suisse	27	Sécurité / justice	Les peines de prison effectives devraient être plus sévères, même si cela augmente fortement la population carcérale.	0	1	Position de compromis : La politique combine prévention, police efficace et fortes garanties de l’État de droit. Comparabilité limitée ou position peu explicite.	https://www.bfs.admin.ch/bfs/en/home/statistics/cross-sectional-topics/monitoring-legislature-plan.html
government	Suisse	28	Sécurité / justice	Il vaut mieux investir dans la prévention et la réinsertion que dans l'augmentation des sanctions.	2	2	Accord net : La politique combine prévention, police efficace et fortes garanties de l’État de droit. Transposition ou inférence prudente.	https://www.bfs.admin.ch/bfs/en/home/statistics/cross-sectional-topics/monitoring-legislature-plan.html
government	Suisse	29	Sécurité / justice	La police devrait disposer de pouvoirs plus importants pour lutter contre la criminalité, quitte à accepter davantage de contrôles sur certaines libertés individuelles.	1	2	Accord modéré : La politique combine prévention, police efficace et fortes garanties de l’État de droit. Transposition ou inférence prudente.	https://www.bfs.admin.ch/bfs/en/home/statistics/cross-sectional-topics/monitoring-legislature-plan.html
government	Suisse	30	Agriculture / commerce	La France devrait pouvoir interdire l’importation de produits agricoles fabriqués selon des normes qu’elle interdit à ses propres agriculteurs, même si cela faisait disparaître des rayons les produits alimentaires les moins chers.	-2	3	Désaccord net : lorsqu'une méthode de production est interdite en Suisse, la politique suisse privilégie souvent l'étiquetage obligatoire et l'information du consommateur plutôt qu'une interdiction générale des importations correspondantes. Le Conseil fédéral reste également attentif aux prix et au choix des consommateurs. La forte protection agricole suisse empêche toutefois de retenir un désaccord maximal.	https://www.blw.admin.ch/fr/ordonnance-agricole-declaration
government	Suisse	32	Écologie	La lutte contre le changement climatique doit rester prioritaire même lorsqu'elle réduit la croissance économique à court terme.	1	2	Accord modéré : La stratégie climatique repose largement sur la technologie, les incitations économiques et une mise en œuvre compatible avec la compétitivité. Transposition ou inférence prudente.	https://www.bfs.admin.ch/bfs/en/home/statistics/cross-sectional-topics/monitoring-legislature-plan.html
government	Suisse	33	Écologie	Il faut accepter une hausse importante du prix des énergies fossiles pour accélérer la transition écologique.	1	2	Accord modéré : La stratégie climatique repose largement sur la technologie, les incitations économiques et une mise en œuvre compatible avec la compétitivité. Transposition ou inférence prudente.	https://www.bfs.admin.ch/bfs/en/home/statistics/cross-sectional-topics/monitoring-legislature-plan.html
government	Suisse	34	Economie	Une partie des cotisations sociales sur les salaires devrait être remplacée par une hausse de la TVA afin d’augmenter les salaires nets et de réduire le coût du travail, même si cela augmente le prix des biens et services consommés	0	2	Position neutre, partagée ou non arrêtée : la Suisse utilise bien la TVA pour financer une partie de l’AVS, mais il ne s’agit pas d’un remplacement explicite des cotisations sociales par la TVA afin d’augmenter le salaire net et de réduire le coût du travail. Le mécanisme est donc seulement partiellement comparable : 0.	https://www.bsv.admin.ch/fr/avs-21
government	Suisse	35	Écologie	Les politiques écologiques devraient reposer principalement sur des mécanismes de marché comme la taxe carbone plutôt que sur des interdictions.	2	3	Accord net : La stratégie climatique repose largement sur la technologie, les incitations économiques et une mise en œuvre compatible avec la compétitivité. Position directement documentée.	https://www.bfs.admin.ch/bfs/en/home/statistics/cross-sectional-topics/monitoring-legislature-plan.html
government	Suisse	36	Écologie	Il est justifié d'interdire certains produits ou comportements très polluants même lorsque les consommateurs les souhaitent.	0	2	Position de compromis : La stratégie climatique repose largement sur la technologie, les incitations économiques et une mise en œuvre compatible avec la compétitivité. Transposition ou inférence prudente.	https://www.bfs.admin.ch/bfs/en/home/statistics/cross-sectional-topics/monitoring-legislature-plan.html
government	Suisse	37	Écologie	Les pays riches devraient supporter une part prépondérante du coût de la transition écologique mondiale.	0	2	Position de compromis : La stratégie climatique repose largement sur la technologie, les incitations économiques et une mise en œuvre compatible avec la compétitivité. Transposition ou inférence prudente.	https://www.bfs.admin.ch/bfs/en/home/statistics/cross-sectional-topics/monitoring-legislature-plan.html
government	Suisse	38	Europe	La France devrait transférer davantage de compétences à l'Union européenne afin de renforcer son poids économique et géopolitique.	-2	2	Désaccord net : La Suisse recherche des accords étroits avec l’Europe tout en maintenant sa souveraineté et son statut hors UE. Transposition ou inférence prudente.	https://www.eda.admin.ch/en/foreign-policy-strategy-2024-27
government	Suisse	39	Europe	La France devrait conserver autant que possible sa souveraineté nationale, même si cela réduit son influence au niveau européen.	3	3	Accord fort : La Suisse recherche des accords étroits avec l’Europe tout en maintenant sa souveraineté et son statut hors UE. Position directement documentée.	https://www.eda.admin.ch/en/foreign-policy-strategy-2024-27
government	Suisse	40	Europe	L'euro est globalement bénéfique pour la France malgré la perte de certains instruments de politique économique.	0	1	Position de compromis : La Suisse recherche des accords étroits avec l’Europe tout en maintenant sa souveraineté et son statut hors UE. Comparabilité limitée ou position peu explicite.	https://www.eda.admin.ch/en/foreign-policy-strategy-2024-27
government	Suisse	41	Europe	L'Union européenne devrait pouvoir imposer davantage de règles communes aux États membres.	-1	1	Réserve : La Suisse recherche des accords étroits avec l’Europe tout en maintenant sa souveraineté et son statut hors UE. Comparabilité limitée ou position peu explicite.	https://www.eda.admin.ch/en/foreign-policy-strategy-2024-27
government	Suisse	42	Europe	En cas de conflit entre les intérêts économiques français et les règles européennes, la France devrait pouvoir désobéir à certaines règles européennes.	0	1	Position de compromis : La Suisse recherche des accords étroits avec l’Europe tout en maintenant sa souveraineté et son statut hors UE. Comparabilité limitée ou position peu explicite.	https://www.eda.admin.ch/en/foreign-policy-strategy-2024-27
government	Suisse	43	Fiscalité / patrimoine	Il faudrait supprimer l'IFI et ne plus taxer spécifiquement le patrimoine immobilier au-delà de la fiscalité ordinaire.	-2	2	Désaccord net par analogie : les biens immobiliers sont intégrés à l’impôt cantonal sur la fortune et plus de la moitié des cantons prélèvent aussi un impôt foncier.	https://www.ch.ch/fr/impots-et-finances/types-d-impots/imposition-des-biens-immobiliers/
government	Suisse	44	Fiscalité / patrimoine	L'héritage devrait être davantage taxé au-delà d'un certain seuil de patrimoine transmis, même si cela conduit certaines familles à transmettre moins de patrimoine à leurs enfants.	-2	2	Désaccord net : Le Conseil fédéral suit une économie sociale de marché relativement libérale, avec discipline budgétaire et protection sociale multipiliers. Transposition ou inférence prudente.	https://www.bfs.admin.ch/bfs/en/home/statistics/cross-sectional-topics/monitoring-legislature-plan.html
government	Suisse	45	Fiscalité / patrimoine	Les très grandes fortunes devraient être imposées sur leur patrimoine mondial, même lorsqu'elles quittent la France.	-1	1	Réserve : Le Conseil fédéral suit une économie sociale de marché relativement libérale, avec discipline budgétaire et protection sociale multipiliers. Comparabilité limitée ou position peu explicite.	https://www.bfs.admin.ch/bfs/en/home/statistics/cross-sectional-topics/monitoring-legislature-plan.html
government	Suisse	46	Travail / chômage	Un chômeur devrait pouvoir perdre une partie significative de ses allocations s'il refuse plusieurs emplois raisonnablement adaptés à ses compétences.	2	3	Accord net : Le Conseil fédéral suit une économie sociale de marché relativement libérale, avec discipline budgétaire et protection sociale multipiliers. Position directement documentée.	https://www.bfs.admin.ch/bfs/en/home/statistics/cross-sectional-topics/monitoring-legislature-plan.html
government	Suisse	47	Outre-mer / vie chère	L’État devrait garantir que les produits essentiels ne coûtent pas beaucoup plus cher dans les DOM/TOM que dans l’Hexagone, quitte à subventionner durablement leur transport ou leur prix avec l’argent public national.	1	2	La Confédération verse des contributions supplémentaires pour maintenir la production alimentaire dans les régions de montagne et à conditions difficiles, sans objectif d’égalisation directe des prix à la consommation : +1.	https://www.blw.admin.ch/fr/contributions-securite-approvisionnement
government	Suisse	48	Travail / chômage	Le CDI protège trop fortement les salariés déjà en poste et peut rendre plus difficile l’accès à l’emploi stable, au détriment des jeunes, chômeurs ou travailleurs en contrats précaires.	2	3	Accord net : le droit suisse du travail repose sur une liberté de résiliation relativement large, avec délais de préavis et protections ciblées plutôt qu’une forte protection générale de l’emploi comparable au CDI français. La proposition correspond assez bien au modèle suisse : +2.	https://www.seco.admin.ch/fr/faq-resiliation-du-contrat
government	Suisse	49	Retraites	Les retraites devraient être progressivement réformées vers un système combinant répartition et capitalisation, même si cela implique une période de transition coûteuse.	3	3	Accord fort : Le Conseil fédéral suit une économie sociale de marché relativement libérale, avec discipline budgétaire et protection sociale multipiliers. Position directement documentée.	https://www.bfs.admin.ch/bfs/en/home/statistics/cross-sectional-topics/monitoring-legislature-plan.html
government	Suisse	50	Retraites	L'âge légal de départ à la retraite devrait être automatiquement indexé sur l'espérance de vie nationale.	-2	3	Désaccord net : dans la réforme AVS 2030 mise en consultation en 2026, le Conseil fédéral indique qu’un relèvement de l’âge de référence n’est pas envisagé. Une indexation automatique sur l’espérance de vie n’est donc pas la ligne actuelle : -2.	https://www.bsv.admin.ch/fr/avs-2030-fr
government	Suisse	51	Protection sociale	Les prestations sociales devraient être fortement conditionnées à la durée de cotisation et de participation au marché du travail.	2	3	Accord net : Le Conseil fédéral suit une économie sociale de marché relativement libérale, avec discipline budgétaire et protection sociale multipiliers. Position directement documentée.	https://www.bfs.admin.ch/bfs/en/home/statistics/cross-sectional-topics/monitoring-legislature-plan.html
government	Suisse	53	État / entreprises	Une entreprise qui reçoit plusieurs milliards d'euros d'aides publiques devrait pouvoir être contrainte de limiter ses dividendes et les rémunérations de ses dirigeants tant que l'aide n'est pas remboursée.	1	1	Accord modéré : Le Conseil fédéral suit une économie sociale de marché relativement libérale, avec discipline budgétaire et protection sociale multipiliers. Comparabilité limitée ou position peu explicite.	https://www.bfs.admin.ch/bfs/en/home/statistics/cross-sectional-topics/monitoring-legislature-plan.html
government	Suisse	54	État / entreprises	L'État devrait davantage utiliser son pouvoir d'actionnaire pour orienter les grandes entreprises françaises vers des objectifs industriels de long terme.	1	1	Accord modéré : Le Conseil fédéral suit une économie sociale de marché relativement libérale, avec discipline budgétaire et protection sociale multipiliers. Comparabilité limitée ou position peu explicite.	https://www.bfs.admin.ch/bfs/en/home/statistics/cross-sectional-topics/monitoring-legislature-plan.html
government	Suisse	55	État / entreprises	Il faudrait réduire fortement les normes administratives pesant sur les entreprises, même si certaines protections environnementales ou sociales deviennent moins strictes.	2	3	Accord net : Le Conseil fédéral suit une économie sociale de marché relativement libérale, avec discipline budgétaire et protection sociale multipiliers. Position directement documentée.	https://www.bfs.admin.ch/bfs/en/home/statistics/cross-sectional-topics/monitoring-legislature-plan.html
government	Suisse	56	Immigration / régularisation	Un étranger en situation irrégulière qui travaille de façon stable en France depuis plusieurs années et n’a commis aucun délit devrait pouvoir être régularisé, même s’il est entré ou est resté sur le territoire sans autorisation.	1	3	Accord modéré : la Suisse permet, notamment dans les cas individuels de rigueur, la régularisation de personnes sans statut durablement intégrées et respectant des critères stricts ; il s'agit d'une possibilité encadrée plutôt que d'un droit général.	https://www.sem.admin.ch/sem/fr/home/themen/aufenthalt/sans-papiers/papyrus.html
government	Suisse	57	Immigration / assimilation	L'accès à certaines prestations sociales devrait être beaucoup plus limité pendant les premières années suivant l'arrivée d'un immigré.	0	3	Position neutre : les personnes séjournant légalement et durablement en Suisse peuvent recevoir l’aide sociale lorsqu’elles sont dans le besoin. Cette aide peut avoir des conséquences sur certains titres ou la naturalisation, mais il n’existe pas de limitation générale de plusieurs années correspondant à la proposition : 0.	https://www.sem.admin.ch/sem/fr/home/themen/aufenthalt/faq.html
government	Suisse	58	Immigration / assimilation	La France devrait privilégier l'immigration économique qualifiée, même si cela signifie accueillir moins de personnes peu qualifiées.	3	3	Accord fort : La Suisse privilégie l’immigration économique contrôlée, l’intégration et des conditions strictes de séjour durable. Position directement documentée.	https://www.bfs.admin.ch/bfs/en/home/statistics/cross-sectional-topics/monitoring-legislature-plan.html
government	Suisse	59	Immigration / assimilation	Une personne née en France de parents étrangers devrait automatiquement devenir française à sa majorité si elle y a grandi, même si elle ne manifeste pas particulièrement d'attachement à la France.	-3	3	Désaccord fort : la Suisse applique principalement le droit du sang et exige une demande de naturalisation ainsi que des conditions de résidence et d’intégration ; naître et grandir dans le pays ne rend pas automatiquement suisse à la majorité.	https://www.sem.admin.ch/sem/en/home/integration-einbuergerung/schweizer-werden.html
government	Suisse	60	Immigration / assimilation	La France devrait pouvoir refuser l'entrée à un immigré légalement admissible lorsqu'il existe de fortes raisons de penser qu'il ne souhaite pas s'intégrer culturellement à la société française.	1	1	Accord modéré : La Suisse privilégie l’immigration économique contrôlée, l’intégration et des conditions strictes de séjour durable. Comparabilité limitée ou position peu explicite.	https://www.bfs.admin.ch/bfs/en/home/statistics/cross-sectional-topics/monitoring-legislature-plan.html
government	Suisse	61	Immigration / assimilation	Le fait de conserver des pratiques culturelles ou religieuses très différentes de celles de la majorité française n'est pas en soi un problème tant que les lois françaises sont respectées.	2	2	Accord net : La Suisse privilégie l’immigration économique contrôlée, l’intégration et des conditions strictes de séjour durable. Transposition ou inférence prudente.	https://www.bfs.admin.ch/bfs/en/home/statistics/cross-sectional-topics/monitoring-legislature-plan.html
government	Suisse	63	Libertés / sécurité	Pour lutter contre le terrorisme, l'État devrait pouvoir surveiller préventivement une personne considérée comme présentant un risque sérieux, même sans preuve suffisante pour engager des poursuites pénales.	1	1	Accord modéré : La politique combine prévention, police efficace et fortes garanties de l’État de droit. Comparabilité limitée ou position peu explicite.	https://www.bfs.admin.ch/bfs/en/home/statistics/cross-sectional-topics/monitoring-legislature-plan.html
government	Suisse	64	Libertés / expression	Une personne qui tient publiquement des propos profondément offensants mais qui n'appelle ni à la violence ni à commettre une infraction devrait être protégée par la liberté d'expression.	2	2	Accord net : La politique combine prévention, police efficace et fortes garanties de l’État de droit. Transposition ou inférence prudente.	https://www.bfs.admin.ch/bfs/en/home/statistics/cross-sectional-topics/monitoring-legislature-plan.html
government	Suisse	66	Sécurité	Lorsqu’un conducteur refuse d’obtempérer et prend la fuite, les policiers devraient pouvoir utiliser leur arme à feu même si le danger pour leur vie n’est pas immédiat.	0	1	Non codable au niveau fédéral : la Suisse n’a pas de police nationale et chaque police cantonale dispose de sa propre loi ; aucune position uniforme du Conseil fédéral ne peut être déduite.	https://www.fedpol.admin.ch/fr/polizeikooperation-fr
government	Suisse	67	Écologie	Une taxe carbone qui réduit les émissions de CO₂ devrait être maintenue même si elle diminue le pouvoir d’achat des ménages modestes, à condition de compenser ces derniers par des aides ciblées.	2	2	Accord net : La stratégie climatique repose largement sur la technologie, les incitations économiques et une mise en œuvre compatible avec la compétitivité. Transposition ou inférence prudente.	https://www.bfs.admin.ch/bfs/en/home/statistics/cross-sectional-topics/monitoring-legislature-plan.html
government	Suisse	68	Écologie	La France devrait interdire progressivement la vente de voitures thermiques même si cela augmente temporairement le prix moyen des véhicules.	1	1	Accord modéré : La stratégie climatique repose largement sur la technologie, les incitations économiques et une mise en œuvre compatible avec la compétitivité. Comparabilité limitée ou position peu explicite.	https://www.bfs.admin.ch/bfs/en/home/statistics/cross-sectional-topics/monitoring-legislature-plan.html
government	Suisse	69	Écologie	Il faut privilégier le nucléaire même si cela conduit à réduire certains investissements dans les renouvelables.	0	2	Position neutre : le Conseil fédéral est ouvert à un rôle accru du nucléaire mais défend simultanément un développement important des renouvelables ; il ne soutient pas clairement leur réduction au profit du nucléaire.	https://www.bfs.admin.ch/bfs/en/home/statistics/cross-sectional-topics/monitoring-legislature-plan.html
government	Suisse	71	Écologie / croissance	Si la France pouvait réduire ses émissions de 20 % mais que cela réduisait son PIB de 3 %, alors que les autres pays ne faisaient aucun effort comparable, il faudrait quand même le faire.	-1	1	Réserve : La stratégie climatique repose largement sur la technologie, les incitations économiques et une mise en œuvre compatible avec la compétitivité. Comparabilité limitée ou position peu explicite.	https://www.bfs.admin.ch/bfs/en/home/statistics/cross-sectional-topics/monitoring-legislature-plan.html
government	Suisse	72	Institutions	Pour certaines décisions économiques complexes, il serait préférable de confier davantage de pouvoir à des institutions indépendantes composées d'experts plutôt qu'aux responsables politiques élus.	-1	2	Réserve : La démocratie directe, le fédéralisme, la proportionnelle et le gouvernement collégial structurent fortement le système suisse. Transposition ou inférence prudente.	https://www.aboutswitzerland.eda.admin.ch/en/political-system
government	Suisse	73	Institutions	Un gouvernement devrait pouvoir prendre une décision économiquement nécessaire mais très impopulaire sans chercher à obtenir l'approbation immédiate de la population.	-1	2	Réserve : La démocratie directe, le fédéralisme, la proportionnelle et le gouvernement collégial structurent fortement le système suisse. Transposition ou inférence prudente.	https://www.aboutswitzerland.eda.admin.ch/en/political-system
government	Suisse	74	Institutions	Le référendum devrait être beaucoup plus utilisé, même lorsque les citoyens votent sur des sujets dont ils maîtrisent mal les aspects techniques.	3	3	Accord fort : La démocratie directe, le fédéralisme, la proportionnelle et le gouvernement collégial structurent fortement le système suisse. Position directement documentée.	https://www.aboutswitzerland.eda.admin.ch/en/political-system
government	Suisse	75	Institutions	Il serait acceptable de donner davantage de poids politique aux citoyens qui démontrent un niveau élevé de connaissance du fonctionnement des institutions et de l'économie.	-2	2	Désaccord net : La démocratie directe, le fédéralisme, la proportionnelle et le gouvernement collégial structurent fortement le système suisse. Transposition ou inférence prudente.	https://www.aboutswitzerland.eda.admin.ch/en/political-system
government	Suisse	76	Institutions	Le président de la République devrait disposer de davantage de pouvoirs pour pouvoir mettre en œuvre un programme pendant cinq ans sans être constamment bloqué par le Parlement.	-2	2	Désaccord net : La démocratie directe, le fédéralisme, la proportionnelle et le gouvernement collégial structurent fortement le système suisse. Transposition ou inférence prudente.	https://www.aboutswitzerland.eda.admin.ch/en/political-system
government	Suisse	77	Institutions	La proportionnelle intégrale serait préférable au système actuel, même si elle rendait plus fréquentes les coalitions et les gouvernements instables.	3	3	Accord fort : La démocratie directe, le fédéralisme, la proportionnelle et le gouvernement collégial structurent fortement le système suisse. Position directement documentée.	https://www.aboutswitzerland.eda.admin.ch/en/political-system
government	Suisse	78	Immigration / assimilation	Le droit de séjour durable en France devrait dépendre, sauf impossibilité particulière, d’efforts concrets pour apprendre le français, comprendre les règles et usages du pays et participer à la vie collective.	3	2	Accord fort : La Suisse privilégie l’immigration économique contrôlée, l’intégration et des conditions strictes de séjour durable. Transposition ou inférence prudente.	https://www.bfs.admin.ch/bfs/en/home/statistics/cross-sectional-topics/monitoring-legislature-plan.html
government	Suisse	79	Immigration / délinquance	Les différences de délinquance observées s’expliquent davantage par les inégalités sociales et économiques que par la culture d’origine des personnes concernées.	1	1	Accord modéré : La Suisse privilégie l’immigration économique contrôlée, l’intégration et des conditions strictes de séjour durable. Comparabilité limitée ou position peu explicite.	https://www.bfs.admin.ch/bfs/en/home/statistics/cross-sectional-topics/monitoring-legislature-plan.html
government	Suisse	80	Écologie / agriculture	La France devrait interdire aux agriculteurs l’usage d’un produit jugé trop polluant, même si cette interdiction les désavantage face à des concurrents étrangers qui peuvent encore l’utiliser.	1	2	Accord modéré : la Suisse poursuit une réduction des risques liés aux produits phytosanitaires et retire des usages lorsque les risques l’exigent, mais sa stratégie 2035 souligne aussi le manque croissant de solutions de protection des cultures. Elle accepte donc la contrainte environnementale tout en cherchant à préserver des alternatives agronomiques.	https://www.blw.admin.ch/fr/plan-daction-produits-phytosanitaires
government	Suisse	81	Santé / accès aux soins	Dans les zones où l'accès aux soins est insuffisant, l'Assurance maladie devrait pouvoir limiter le conventionnement de nouveaux médecins dans les zones déjà bien dotées afin d'encourager leur installation dans les déserts médicaux.	3	3	Accord fort : les cantons peuvent fixer, par région et spécialité, un nombre maximal de médecins admis à facturer à l’assurance obligatoire ; le mécanisme est directement comparable à une limitation du conventionnement dans les zones surdotées.	https://www.bag.admin.ch/de/hoechstzahlen-fuer-arztinnen-und-aerzte
government	Suisse	82	Santé / assurance maladie	L'Assurance maladie devrait rembourser intégralement les soins essentiels, quitte à réduire fortement le rôle des complémentaires santé.	-3	3	Désaccord fort : le programme de santé retenu permet d'estimer la place accordée à l'assurance publique et aux complémentaires. Niveau de preuve : preuve directe ou politique explicitement documentée.	https://www.bag.admin.ch/fr/assurance-maladie
government	Suisse	83	Santé / hôpital	Il faut accepter de fermer ou regrouper certaines petites maternités et certains services d'urgence afin de concentrer les équipes et les équipements dans des établissements plus importants.	1	1	Accord modéré : le document retenu permet d'arbitrer entre maintien de la proximité hospitalière et concentration des moyens. Niveau de preuve : estimation prudente à partir de la ligne générale.	https://www.bag.admin.ch/fr/hopitaux
government	Suisse	84	Éducation / autonomie	Les chefs d'établissement scolaire devraient pouvoir recruter eux-même une partie de leurs enseignants et peser davantage dans leur évaluation.	2	2	Accord net : la position est estimée à partir des propositions d'autonomie des établissements, de recrutement et de gestion des enseignants. Niveau de preuve : faisceau d’indices cohérent, sans équivalent toujours parfaitement identique.	https://www.aboutswitzerland.eda.admin.ch/en/education
government	Suisse	85	Éducation / mixité sociale	Le financement public des établissements privés sous contrat devrait être conditionné à des objectifs mesurables de mixité sociale.	-1	1	Réserve : la position est estimée à partir des propositions sur l'enseignement privé, son financement et la mixité sociale. Niveau de preuve : estimation prudente à partir de la ligne générale.	https://www.aboutswitzerland.eda.admin.ch/en/education
government	Suisse	86	Logement / locations touristiques	Dans les zones où le logement manque, une commune devrait pouvoir interdire la location touristique régulière d'un logement qui n'est pas la résidence principale de son propriétaire.	1	1	Accord modéré : la source retenue précise le degré de régulation souhaité pour les meublés touristiques et les pouvoirs locaux. Niveau de preuve : estimation prudente à partir de la ligne générale.	https://www.aboutswitzerland.eda.admin.ch/en/political-system
government	Suisse	87	Défense / Ukraine	La France devrait continuer à fournir une aide militaire et financière importante à l'Ukraine tant que son territoire reste occupé, même si la guerre se prolonge.	-2	3	Désaccord net : la neutralité suisse exclut l’aide militaire directe demandée par la question, mais la Confédération fournit une aide financière, humanitaire et de reconstruction très importante à l’Ukraine et condamne l’agression russe. Le désaccord porte donc surtout sur la composante militaire : -2 plutôt que -3.	https://www.eda.admin.ch/en/support-of-the-confederation-for-the-people-affected-by-the-war-in-ukraine
government	Suisse	88	Défense / dissuasion nucléaire	La dissuasion nucléaire française devrait aussi protéger les partenaires européens, tout en laissant à la France seule la décision finale de l'employer.	-3	3	Désaccord fort : la source retenue porte sur l'extension européenne de la dissuasion ou, pour les pays non dotés, sur la protection nucléaire alliée. Niveau de preuve : preuve directe ou politique explicitement documentée.	https://www.eda.admin.ch/en/foreign-policy-strategy-2024-27
government	Suisse	89	Santé / fin de vie	Une personne majeure atteinte d'une maladie grave et incurable provoquant des souffrances insupportables devrait pouvoir recevoir une aide médicale à mourir dans un cadre strictement contrôlé.	2	3	Accord net : le vote, la loi ou la position gouvernementale sur l'aide à mourir fournit un équivalent direct ou très proche. Niveau de preuve : preuve directe ou politique explicitement documentée.	https://www.bag.admin.ch/fr/suicide-assiste
government	Suisse	90	Dépendance / EHPAD	Les groupes privés à but lucratif ne devraient plus pouvoir gérer d'EHPAD. Les établissements existants devraient progressivement devenir publics ou non lucratifs.	-2	2	Désaccord net : le programme social et sanitaire permet d'estimer la place laissée aux opérateurs lucratifs dans la dépendance. Niveau de preuve : faisceau d’indices cohérent, sans équivalent toujours parfaitement identique.	https://www.bag.admin.ch/fr/soins-de-longue-duree
government	Suisse	91	Famille / prestations	Les allocations familiales devraient être versées à toutes les familles selon le nombre d'enfants, sans diminuer lorsque les revenus augmentent.	2	2	Accord net : le modèle de prestations familiales et la ligne programmatique permettent d'estimer la préférence pour l'universalité ou le ciblage. Niveau de preuve : faisceau d’indices cohérent, sans équivalent toujours parfaitement identique.	https://www.bsv.admin.ch/bsv/fr/home/assurances-sociales/famz.html
government	Suisse	92	Numérique / mineurs	L'accès aux réseaux sociaux devrait être interdit aux moins de 15 ans, même avec l'accord de leurs parents.	-1	1	Réserve : le vote ou la politique publique sur l'âge d'accès aux réseaux sociaux permet de distinguer interdiction stricte, autorisation parentale et régulation plus souple. Niveau de preuve : estimation prudente à partir de la ligne générale.	https://www.admin.ch/gov/fr/accueil/documentation/communiques.msg-id-104729.html
government	Suisse	93	Numérique / intelligence artificielle	Les administrations publiques devraient privilégier des modèles d'intelligence artificielle hébergés en Europe, même s'ils sont temporairement moins performants ou plus coûteux que leurs concurrents étrangers.	0	2	Position neutre ou conditionnelle : la Confédération recherche une forte souveraineté numérique pour les usages sensibles, tout en appliquant une stratégie hybride multi-cloud qui autorise aussi le recours à des fournisseurs publics étrangers lorsque c’est la solution la plus adaptée. Elle ne privilégie donc pas systématiquement l’hébergement européen au prix d’une moindre performance ou d’un surcoût : 0.	https://www.bk.admin.ch/en/cloud-6
government	Finlande	1	Économie	Il faut réduire les impôts sur le travail et le capital, même si cela implique de réduire certaines dépenses publiques.	3	3	Accord fort : Le programme Orpo privilégie le travail, l’entrepreneuriat, la réduction du déficit, les réformes du marché du travail et la baisse des obstacles réglementaires. Position directement documentée.	https://valtioneuvosto.fi/en/governments/government-programme
government	Finlande	2	Économie	Les inégalités économiques sont acceptables tant qu'elles résultent principalement du travail ou de la prise de risque.	2	2	Accord net : Le programme Orpo privilégie le travail, l’entrepreneuriat, la réduction du déficit, les réformes du marché du travail et la baisse des obstacles réglementaires. Transposition ou inférence prudente.	https://valtioneuvosto.fi/en/governments/government-programme
government	Finlande	3	Économie	L'État devrait davantage taxer les hauts revenus et les gros patrimoines afin de réduire les inégalités.	-2	2	Désaccord net : Le programme Orpo privilégie le travail, l’entrepreneuriat, la réduction du déficit, les réformes du marché du travail et la baisse des obstacles réglementaires. Transposition ou inférence prudente.	https://valtioneuvosto.fi/en/governments/government-programme
government	Finlande	4	Économie	Les entreprises devraient être obligées de limiter l’écart entre la rémunération de leurs dirigeants et celle de leurs salariés les moins bien payés.	-1	3	Désaccord modéré : l’État finlandais exige des rémunérations raisonnables et transparentes dans les entreprises qu’il contrôle et peut s’opposer à des packages jugés excessifs, mais le gouvernement Orpo a aussi relevé les plafonds de rémunération variable afin de rester compétitif pour recruter des dirigeants. La ligne est donc opposée à un ratio salarial rigide sans rejeter toute modération des hauts salaires.	https://valtioneuvosto.fi/en/-/sustainable-growth-through-state-ownership-government-adopts-resolution-on-state-ownership-policy
government	Finlande	5	Économie	Le salaire minimum devrait être augmenté significativement.	-2	2	Désaccord net : Le programme Orpo privilégie le travail, l’entrepreneuriat, la réduction du déficit, les réformes du marché du travail et la baisse des obstacles réglementaires. Transposition ou inférence prudente.	https://valtioneuvosto.fi/en/governments/government-programme
government	Finlande	6	Économie	Les entreprises privées sont généralement plus efficaces que l'État pour fournir des biens et services, même dans certains secteurs essentiels.	2	3	Accord net : Le programme Orpo privilégie le travail, l’entrepreneuriat, la réduction du déficit, les réformes du marché du travail et la baisse des obstacles réglementaires. Position directement documentée.	https://valtioneuvosto.fi/en/governments/government-programme
government	Finlande	7	Économie	L'État devrait pouvoir nationaliser temporairement ou durablement une entreprise privée lorsqu'elle contrôle une activité stratégique pour le pays.	2	3	Accord net : l’État finlandais conserve des participations importantes, parfois majoritaires, dans des entreprises stratégiques comme Finnair, Fortum, Neste ou Posti afin de protéger des intérêts nationaux essentiels. Cela valide clairement le principe d’un contrôle public stratégique : +2.	https://valtioneuvosto.fi/government-ownership-steering/companies
government	Finlande	8	Économie	La concurrence est généralement préférable à la réglementation pour améliorer les prix, la qualité et l'innovation.	2	2	Accord net : Le programme Orpo privilégie le travail, l’entrepreneuriat, la réduction du déficit, les réformes du marché du travail et la baisse des obstacles réglementaires. Transposition ou inférence prudente.	https://valtioneuvosto.fi/en/governments/government-programme
government	Finlande	9	État	La France dépense trop d'argent public et devrait accepter de réduire certaines politiques sociales pour revenir à l'équilibre budgétaire.	3	3	Accord fort : Le programme Orpo privilégie le travail, l’entrepreneuriat, la réduction du déficit, les réformes du marché du travail et la baisse des obstacles réglementaires. Position directement documentée.	https://valtioneuvosto.fi/en/governments/government-programme
government	Finlande	10	État	L'État devrait garantir un niveau élevé de protection sociale, même si cela implique une fiscalité importante.	1	3	Accord modéré : Le programme Orpo privilégie le travail, l’entrepreneuriat, la réduction du déficit, les réformes du marché du travail et la baisse des obstacles réglementaires. Position directement documentée.	https://valtioneuvosto.fi/en/governments/government-programme
government	Finlande	12	État	L'État devrait intervenir beaucoup plus fortement dans l'économie lorsque le marché produit des résultats jugés socialement indésirables.	-1	2	Réserve : Le programme Orpo privilégie le travail, l’entrepreneuriat, la réduction du déficit, les réformes du marché du travail et la baisse des obstacles réglementaires. Transposition ou inférence prudente.	https://valtioneuvosto.fi/en/governments/government-programme
government	Finlande	13	État	Les citoyens devraient avoir davantage de liberté pour choisir eux-mêmes comment utiliser leur argent plutôt que de passer par des systèmes publics obligatoires.	2	2	Accord net : Le programme Orpo privilégie le travail, l’entrepreneuriat, la réduction du déficit, les réformes du marché du travail et la baisse des obstacles réglementaires. Transposition ou inférence prudente.	https://valtioneuvosto.fi/en/governments/government-programme
government	Finlande	14	Social / société	La société devrait accepter beaucoup plus largement les différents modes de vie, même lorsqu'ils s'éloignent des normes traditionnelles.	0	1	Position de compromis : La coalition est modérément conservatrice, mais reste encadrée par les partis libéraux et suédophones de la coalition. Comparabilité limitée ou position peu explicite.	https://valtioneuvosto.fi/en/-/outcome-of-the-negotiations-on-the-new-government-programme-a-strong-and-committed-finland
government	Finlande	15	Démocratie	Un gouvernement devrait pouvoir faire adopter le budget sans vote de l’Assemblée nationale lorsqu’aucune majorité stable ne se dégage, afin d’éviter un blocage institutionnel.	-2	2	Désaccord net : le budget de l’État relève de l’approbation du Parlement ; l’exécutif ne dispose pas d’un équivalent permettant d’imposer seul un nouveau budget en cas d’absence de majorité.	https://www.finlex.fi/en/government-proposals/2025/99
government	Finlande	16	Social / société	Réduire les inégalités peut parfois justifier de restreindre certaines libertés individuelles.	-1	1	Réserve : La coalition est modérément conservatrice, mais reste encadrée par les partis libéraux et suédophones de la coalition. Comparabilité limitée ou position peu explicite.	https://valtioneuvosto.fi/en/-/outcome-of-the-negotiations-on-the-new-government-programme-a-strong-and-committed-finland
government	Finlande	17	Social / société	Les politiques publiques devraient chercher à corriger activement les discriminations historiques ou structurelles entre groupes sociaux.	1	1	Accord modéré : La coalition est modérément conservatrice, mais reste encadrée par les partis libéraux et suédophones de la coalition. Comparabilité limitée ou position peu explicite.	https://valtioneuvosto.fi/en/-/outcome-of-the-negotiations-on-the-new-government-programme-a-strong-and-committed-finland
government	Finlande	18	Institutions / territoires	Les régions devraient pouvoir adopter des règles différentes en matière économique, sociale ou environnementale plutôt que d’appliquer partout les mêmes règles nationales.	1	3	Accord modéré : la Finlande dispose d'une administration territoriale décentralisée, mais les régions de bien-être appliquent principalement des missions définies par la loi nationale et ne disposent pas d'une large autonomie législative comparable à un État fédéral.	https://valtioneuvosto.fi/-/10623/kuntien-erilaiset-lahtokohdat-nakyvat-tehtavien-eriytymisena-
government	Finlande	19	Social / société	Certaines traditions et valeurs culturelles méritent d'être préservées même si elles évoluent moins vite que la société.	2	2	Accord net : La coalition est modérément conservatrice, mais reste encadrée par les partis libéraux et suédophones de la coalition. Transposition ou inférence prudente.	https://valtioneuvosto.fi/en/-/outcome-of-the-negotiations-on-the-new-government-programme-a-strong-and-committed-finland
government	Finlande	20	Immigration	La France devrait réduire le nombre d'immigrants qu'elle accueille chaque année.	2	3	Accord net : le gouvernement Orpo veut réduire et mieux contrôler plusieurs flux migratoires, mais reconnaît parallèlement le besoin d’immigration de travail, notamment qualifiée. La volonté de diminution globale existe sans être absolue : +2.	https://valtioneuvosto.fi/en/-/1410877/report-points-based-labour-migration-system-can-be-used-for-different-purposes
government	Finlande	21	Immigration	L'immigration économique est globalement bénéfique pour l'économie française.	2	2	Accord net : Le gouvernement conduit une politique migratoire restrictive, sélective et fortement centrée sur l’intégration et l’emploi. Transposition ou inférence prudente.	https://valtioneuvosto.fi/en/governments/government-programme
government	Finlande	22	Immigration / droits sociaux	Un étranger installé légalement en France depuis de nombreuses années devrait, à situation économique comparable, bénéficier des mêmes prestations sociales et du même accès au logement social qu’un citoyen français, sans priorité fondée sur la nationalité.	2	3	La Finlande applique des dispositifs spécifiques aux nouveaux arrivants pendant une période limitée, puis les intègre au système général ; cela correspond à l’égalité après installation durable : +2.	https://valtioneuvosto.fi/en/-/1271139/new-integration-assistance-to-improve-incentives-to-work-and-strengthen-language-skills
government	Finlande	23	Immigration	L'accès à la nationalité française devrait être rendu plus exigeant.	3	3	Accord fort : le gouvernement Orpo a successivement renforcé la durée de résidence, les critères d’intégrité et de ressources et prévoit un test de citoyenneté. Le durcissement de l’accès à la nationalité est explicite et systématique : +3.	https://valtioneuvosto.fi/en/-/1410869/citizenship-test-to-be-introduced-in-early-2027?languageId=en_US
government	Finlande	24	Immigration	La France devrait être beaucoup plus stricte concernant l'expulsion des étrangers condamnés pour des crimes graves.	3	3	Accord fort : Le gouvernement conduit une politique migratoire restrictive, sélective et fortement centrée sur l’intégration et l’emploi. Position directement documentée.	https://valtioneuvosto.fi/en/governments/government-programme
government	Finlande	25	Immigration	Même lorsque l'immigration est économiquement bénéfique, elle peut être légitimement limitée pour préserver la cohésion culturelle du pays.	2	2	Accord net : Le gouvernement conduit une politique migratoire restrictive, sélective et fortement centrée sur l’intégration et l’emploi. Transposition ou inférence prudente.	https://valtioneuvosto.fi/en/governments/government-programme
government	Finlande	26	Immigration	La France devrait accueillir davantage de réfugiés lorsqu'ils fuient une guerre ou une persécution, même si cela représente un coût économique.	-2	2	Désaccord net : Le gouvernement conduit une politique migratoire restrictive, sélective et fortement centrée sur l’intégration et l’emploi. Transposition ou inférence prudente.	https://valtioneuvosto.fi/en/governments/government-programme
government	Finlande	27	Sécurité / justice	Les peines de prison effectives devraient être plus sévères, même si cela augmente fortement la population carcérale.	2	2	Accord net : La coalition augmente les moyens policiers et les pouvoirs de sécurité dans un contexte géopolitique dégradé. Transposition ou inférence prudente.	https://valtioneuvosto.fi/en/governments/government-programme
government	Finlande	28	Sécurité / justice	Il vaut mieux investir dans la prévention et la réinsertion que dans l'augmentation des sanctions.	1	1	Accord modéré : La coalition augmente les moyens policiers et les pouvoirs de sécurité dans un contexte géopolitique dégradé. Comparabilité limitée ou position peu explicite.	https://valtioneuvosto.fi/en/governments/government-programme
government	Finlande	29	Sécurité / justice	La police devrait disposer de pouvoirs plus importants pour lutter contre la criminalité, quitte à accepter davantage de contrôles sur certaines libertés individuelles.	2	3	Accord net : La coalition augmente les moyens policiers et les pouvoirs de sécurité dans un contexte géopolitique dégradé. Position directement documentée.	https://valtioneuvosto.fi/en/governments/government-programme
government	Finlande	30	Agriculture / commerce	La France devrait pouvoir interdire l’importation de produits agricoles fabriqués selon des normes qu’elle interdit à ses propres agriculteurs, même si cela faisait disparaître des rayons les produits alimentaires les moins chers.	-1	3	Désaccord modéré : le gouvernement finlandais met fortement l’accent sur la libéralisation des échanges et le démantèlement des droits de douane et soutient les nouveaux accords commerciaux. Les contrôles sanitaires demeurent, mais aucune ligne générale de clauses miroir sur les méthodes de production n’est défendue.	https://valtioneuvosto.fi/en/-/progress-in-trade-liberalisation-where-to-find-information-on-dismantling-of-tariffs
government	Finlande	32	Écologie	La lutte contre le changement climatique doit rester prioritaire même lorsqu'elle réduit la croissance économique à court terme.	1	3	Accord modéré : La Finlande poursuit la neutralité carbone en privilégiant la technologie, le nucléaire, les renouvelables et la compétitivité. Position directement documentée.	https://valtioneuvosto.fi/en/governments/government-programme
government	Finlande	33	Écologie	Il faut accepter une hausse importante du prix des énergies fossiles pour accélérer la transition écologique.	0	2	Position de compromis : La Finlande poursuit la neutralité carbone en privilégiant la technologie, le nucléaire, les renouvelables et la compétitivité. Transposition ou inférence prudente.	https://valtioneuvosto.fi/en/governments/government-programme
government	Finlande	34	Economie	Une partie des cotisations sociales sur les salaires devrait être remplacée par une hausse de la TVA afin d’augmenter les salaires nets et de réduire le coût du travail, même si cela augmente le prix des biens et services consommés	2	3	Le gouvernement Orpo a explicitement déplacé la fiscalité du revenu vers la consommation tout en allégeant la fiscalité du travail. Logique proche de la proposition : +2, source gouvernementale directe.	https://valtioneuvosto.fi/en/-/orpo-government-uncertain-times-call-for-measures-to-build-confidence-and-boost-growth-1
government	Finlande	35	Écologie	Les politiques écologiques devraient reposer principalement sur des mécanismes de marché comme la taxe carbone plutôt que sur des interdictions.	2	2	Accord net : La Finlande poursuit la neutralité carbone en privilégiant la technologie, le nucléaire, les renouvelables et la compétitivité. Transposition ou inférence prudente.	https://valtioneuvosto.fi/en/governments/government-programme
government	Finlande	36	Écologie	Il est justifié d'interdire certains produits ou comportements très polluants même lorsque les consommateurs les souhaitent.	0	2	Position de compromis : La Finlande poursuit la neutralité carbone en privilégiant la technologie, le nucléaire, les renouvelables et la compétitivité. Transposition ou inférence prudente.	https://valtioneuvosto.fi/en/governments/government-programme
government	Finlande	37	Écologie	Les pays riches devraient supporter une part prépondérante du coût de la transition écologique mondiale.	0	2	Position de compromis : La Finlande poursuit la neutralité carbone en privilégiant la technologie, le nucléaire, les renouvelables et la compétitivité. Transposition ou inférence prudente.	https://valtioneuvosto.fi/en/governments/government-programme
government	Finlande	38	Europe	La France devrait transférer davantage de compétences à l'Union européenne afin de renforcer son poids économique et géopolitique.	1	3	Accord modéré : la Finlande veut une Union européenne forte et capable d’agir, mais sa doctrine officielle demande que l’UE soit grande sur les grands sujets et petite sur les petits, respecte la subsidiarité et conserve une division claire des compétences entre Union et États membres. Elle soutient donc des transferts ciblés plutôt qu’une extension générale des compétences : +1.	https://valtioneuvosto.fi/en/finlands-eu-policy/finland-in-the-european-union
government	Finlande	39	Europe	La France devrait conserver autant que possible sa souveraineté nationale, même si cela réduit son influence au niveau européen.	-1	2	Réserve : La Finlande est pro-UE et pro-euro, tout en demandant une responsabilité budgétaire accrue des États membres. Transposition ou inférence prudente.	https://valtioneuvosto.fi/en/governments/government-programme
government	Finlande	40	Europe	L'euro est globalement bénéfique pour la France malgré la perte de certains instruments de politique économique.	3	3	Accord fort : La Finlande est pro-UE et pro-euro, tout en demandant une responsabilité budgétaire accrue des États membres. Position directement documentée.	https://valtioneuvosto.fi/en/governments/government-programme
government	Finlande	41	Europe	L'Union européenne devrait pouvoir imposer davantage de règles communes aux États membres.	1	3	Accord modéré : la Finlande accepte des règles communes lorsque l’échelle européenne apporte une vraie valeur ajoutée, mais insiste officiellement sur la subsidiarité, la proportionnalité, une division claire des compétences et la simplification de la réglementation européenne. Cela justifie +1 plutôt que +2.	https://valtioneuvosto.fi/en/finlands-eu-policy/finland-in-the-european-union
government	Finlande	42	Europe	En cas de conflit entre les intérêts économiques français et les règles européennes, la France devrait pouvoir désobéir à certaines règles européennes.	-2	2	Désaccord net : La Finlande est pro-UE et pro-euro, tout en demandant une responsabilité budgétaire accrue des États membres. Transposition ou inférence prudente.	https://valtioneuvosto.fi/en/governments/government-programme
government	Finlande	43	Fiscalité / patrimoine	Il faudrait supprimer l'IFI et ne plus taxer spécifiquement le patrimoine immobilier au-delà de la fiscalité ordinaire.	2	2	Accord net par analogie : la Finlande repose sur une fiscalité immobilière ordinaire ; le programme Orpo prévoit d’en réformer les valeurs fiscales, sans impôt spécifique sur les hauts patrimoines immobiliers.	https://valtioneuvosto.fi/en/governments/government-programme
government	Finlande	44	Fiscalité / patrimoine	L'héritage devrait être davantage taxé au-delà d'un certain seuil de patrimoine transmis, même si cela conduit certaines familles à transmettre moins de patrimoine à leurs enfants.	-1	1	Réserve : Le programme Orpo privilégie le travail, l’entrepreneuriat, la réduction du déficit, les réformes du marché du travail et la baisse des obstacles réglementaires. Comparabilité limitée ou position peu explicite.	https://valtioneuvosto.fi/en/governments/government-programme
government	Finlande	45	Fiscalité / patrimoine	Les très grandes fortunes devraient être imposées sur leur patrimoine mondial, même lorsqu'elles quittent la France.	-1	1	Réserve : Le programme Orpo privilégie le travail, l’entrepreneuriat, la réduction du déficit, les réformes du marché du travail et la baisse des obstacles réglementaires. Comparabilité limitée ou position peu explicite.	https://valtioneuvosto.fi/en/governments/government-programme
government	Finlande	46	Travail / chômage	Un chômeur devrait pouvoir perdre une partie significative de ses allocations s'il refuse plusieurs emplois raisonnablement adaptés à ses compétences.	3	3	Accord fort : Le programme Orpo privilégie le travail, l’entrepreneuriat, la réduction du déficit, les réformes du marché du travail et la baisse des obstacles réglementaires. Position directement documentée.	https://valtioneuvosto.fi/en/governments/government-programme
government	Finlande	47	Outre-mer / vie chère	L’État devrait garantir que les produits essentiels ne coûtent pas beaucoup plus cher dans les DOM/TOM que dans l’Hexagone, quitte à subventionner durablement leur transport ou leur prix avec l’argent public national.	2	3	La Finlande maintient en 2026-2028 une subvention nationale compensant 7 à 15 % des coûts de fret dus aux longues distances dans les régions peu peuplées : principe directement comparable, +2.	https://valtioneuvosto.fi/en/-/1410877/regional-transport-subsidies-to-continue-in-2026-2028-aim-is-to-keep-all-of-finland-viable
government	Finlande	48	Travail / chômage	Le CDI protège trop fortement les salariés déjà en poste et peut rendre plus difficile l’accès à l’emploi stable, au détriment des jeunes, chômeurs ou travailleurs en contrats précaires.	2	2	Accord net : Le programme Orpo privilégie le travail, l’entrepreneuriat, la réduction du déficit, les réformes du marché du travail et la baisse des obstacles réglementaires. Transposition ou inférence prudente.	https://valtioneuvosto.fi/en/governments/government-programme
government	Finlande	49	Retraites	Les retraites devraient être progressivement réformées vers un système combinant répartition et capitalisation, même si cela implique une période de transition coûteuse.	3	3	Accord fort : le système finlandais de retraites professionnelles combine structurellement répartition et capitalisation partielle obligatoire. La proposition correspond donc directement au fonctionnement existant : +3.	https://www.etk.fi/en/finnish-pension-system/financing-and-investments/financing-principles/
government	Finlande	50	Retraites	L'âge légal de départ à la retraite devrait être automatiquement indexé sur l'espérance de vie nationale.	3	3	Accord fort : pour les générations nées à partir de 1965, l’âge de la retraite en Finlande est légalement lié à l’évolution de l’espérance de vie. C’est pratiquement la formulation exacte de la question : +3.	https://www.etk.fi/en/research-statistics-and-projections/projections/long-term-projections/latest-projections/
government	Finlande	51	Protection sociale	Les prestations sociales devraient être fortement conditionnées à la durée de cotisation et de participation au marché du travail.	3	3	Accord fort : Le programme Orpo privilégie le travail, l’entrepreneuriat, la réduction du déficit, les réformes du marché du travail et la baisse des obstacles réglementaires. Position directement documentée.	https://valtioneuvosto.fi/en/governments/government-programme
government	Finlande	53	État / entreprises	Une entreprise qui reçoit plusieurs milliards d'euros d'aides publiques devrait pouvoir être contrainte de limiter ses dividendes et les rémunérations de ses dirigeants tant que l'aide n'est pas remboursée.	0	1	Position de compromis : Le programme Orpo privilégie le travail, l’entrepreneuriat, la réduction du déficit, les réformes du marché du travail et la baisse des obstacles réglementaires. Comparabilité limitée ou position peu explicite.	https://valtioneuvosto.fi/en/governments/government-programme
government	Finlande	54	État / entreprises	L'État devrait davantage utiliser son pouvoir d'actionnaire pour orienter les grandes entreprises françaises vers des objectifs industriels de long terme.	3	3	Accord fort : la Finlande dispose d’une politique explicite d’État actionnaire et utilise ses participations publiques pour fixer des objectifs de long terme dans des entreprises jugées stratégiques. C’est un équivalent direct de la proposition : +3.	https://valtioneuvosto.fi/government-ownership-steering/companies
government	Finlande	55	État / entreprises	Il faudrait réduire fortement les normes administratives pesant sur les entreprises, même si certaines protections environnementales ou sociales deviennent moins strictes.	2	3	Accord net : Le programme Orpo privilégie le travail, l’entrepreneuriat, la réduction du déficit, les réformes du marché du travail et la baisse des obstacles réglementaires. Position directement documentée.	https://valtioneuvosto.fi/en/governments/government-programme
government	Finlande	56	Immigration / régularisation	Un étranger en situation irrégulière qui travaille de façon stable en France depuis plusieurs années et n’a commis aucun délit devrait pouvoir être régularisé, même s’il est entré ou est resté sur le territoire sans autorisation.	-3	3	Désaccord fort : le gouvernement Orpo a explicitement renforcé l’exécution des expulsions et fait de l’éloignement rapide des personnes en séjour illégal un objectif de sa politique migratoire ; un emploi stable ne fonde pas une régularisation générale.	https://valtioneuvosto.fi/en/-/1410869/legislative-amendments-on-removal-from-the-country-and-entry-bans-to-enter-into-force
government	Finlande	57	Immigration / assimilation	L'accès à certaines prestations sociales devrait être beaucoup plus limité pendant les premières années suivant l'arrivée d'un immigré.	3	3	Accord fort : Le gouvernement conduit une politique migratoire restrictive, sélective et fortement centrée sur l’intégration et l’emploi. Position directement documentée.	https://valtioneuvosto.fi/en/governments/government-programme
government	Finlande	58	Immigration / assimilation	La France devrait privilégier l'immigration économique qualifiée, même si cela signifie accueillir moins de personnes peu qualifiées.	3	3	Accord fort : Le gouvernement conduit une politique migratoire restrictive, sélective et fortement centrée sur l’intégration et l’emploi. Position directement documentée.	https://valtioneuvosto.fi/en/governments/government-programme
government	Finlande	59	Immigration / assimilation	Une personne née en France de parents étrangers devrait automatiquement devenir française à sa majorité si elle y a grandi, même si elle ne manifeste pas particulièrement d'attachement à la France.	-3	3	Désaccord fort : un enfant né en Finlande de parents étrangers n’acquiert la nationalité par le lieu de naissance que dans des cas exceptionnels, notamment pour éviter l’apatridie ; aucune automaticité générale n’existe à la majorité.	https://migri.fi/en/child-born-in-finland
government	Finlande	60	Immigration / assimilation	La France devrait pouvoir refuser l'entrée à un immigré légalement admissible lorsqu'il existe de fortes raisons de penser qu'il ne souhaite pas s'intégrer culturellement à la société française.	2	2	Accord net : Le gouvernement conduit une politique migratoire restrictive, sélective et fortement centrée sur l’intégration et l’emploi. Transposition ou inférence prudente.	https://valtioneuvosto.fi/en/governments/government-programme
government	Finlande	61	Immigration / assimilation	Le fait de conserver des pratiques culturelles ou religieuses très différentes de celles de la majorité française n'est pas en soi un problème tant que les lois françaises sont respectées.	1	2	Accord modéré : Le gouvernement conduit une politique migratoire restrictive, sélective et fortement centrée sur l’intégration et l’emploi. Transposition ou inférence prudente.	https://valtioneuvosto.fi/en/governments/government-programme
government	Finlande	63	Libertés / sécurité	Pour lutter contre le terrorisme, l'État devrait pouvoir surveiller préventivement une personne considérée comme présentant un risque sérieux, même sans preuve suffisante pour engager des poursuites pénales.	2	3	Accord net : La coalition augmente les moyens policiers et les pouvoirs de sécurité dans un contexte géopolitique dégradé. Position directement documentée.	https://valtioneuvosto.fi/en/governments/government-programme
government	Finlande	64	Libertés / expression	Une personne qui tient publiquement des propos profondément offensants mais qui n'appelle ni à la violence ni à commettre une infraction devrait être protégée par la liberté d'expression.	1	1	Accord modéré : La coalition augmente les moyens policiers et les pouvoirs de sécurité dans un contexte géopolitique dégradé. Comparabilité limitée ou position peu explicite.	https://valtioneuvosto.fi/en/governments/government-programme
government	Finlande	66	Sécurité	Lorsqu’un conducteur refuse d’obtempérer et prend la fuite, les policiers devraient pouvoir utiliser leur arme à feu même si le danger pour leur vie n’est pas immédiat.	-2	3	Désaccord net par analogie : la loi finlandaise limite l’arme à feu à l’arrêt d’une personne créant un danger immédiat et grave pour la vie ou la santé, sans moyen moins sévère disponible.	https://www.finlex.fi/api/media/statute-foreign-language-translation/688066/mainPdf/main.pdf
government	Finlande	67	Écologie	Une taxe carbone qui réduit les émissions de CO₂ devrait être maintenue même si elle diminue le pouvoir d’achat des ménages modestes, à condition de compenser ces derniers par des aides ciblées.	1	2	Accord modéré : La Finlande poursuit la neutralité carbone en privilégiant la technologie, le nucléaire, les renouvelables et la compétitivité. Transposition ou inférence prudente.	https://valtioneuvosto.fi/en/governments/government-programme
government	Finlande	68	Écologie	La France devrait interdire progressivement la vente de voitures thermiques même si cela augmente temporairement le prix moyen des véhicules.	1	2	Accord modéré : La Finlande poursuit la neutralité carbone en privilégiant la technologie, le nucléaire, les renouvelables et la compétitivité. Transposition ou inférence prudente.	https://valtioneuvosto.fi/en/governments/government-programme
government	Finlande	69	Écologie	Il faut privilégier le nucléaire même si cela conduit à réduire certains investissements dans les renouvelables.	1	2	Accord modéré : la Finlande est fortement favorable au nucléaire mais développe en parallèle l'éolien et les autres renouvelables ; +1 reflète une préférence nucléaire sans valider un arbitrage net contre les renouvelables.	https://valtioneuvosto.fi/en/governments/government-programme
government	Finlande	71	Écologie / croissance	Si la France pouvait réduire ses émissions de 20 % mais que cela réduisait son PIB de 3 %, alors que les autres pays ne faisaient aucun effort comparable, il faudrait quand même le faire.	-2	2	Désaccord net : La Finlande poursuit la neutralité carbone en privilégiant la technologie, le nucléaire, les renouvelables et la compétitivité. Transposition ou inférence prudente.	https://valtioneuvosto.fi/en/governments/government-programme
government	Finlande	72	Institutions	Pour certaines décisions économiques complexes, il serait préférable de confier davantage de pouvoir à des institutions indépendantes composées d'experts plutôt qu'aux responsables politiques élus.	1	1	Accord modéré : Le système parlementaire finlandais maintient des contre-pouvoirs forts et une culture de coalition. Comparabilité limitée ou position peu explicite.	https://valtioneuvosto.fi/en/-/outcome-of-the-negotiations-on-the-new-government-programme-a-strong-and-committed-finland
government	Finlande	73	Institutions	Un gouvernement devrait pouvoir prendre une décision économiquement nécessaire mais très impopulaire sans chercher à obtenir l'approbation immédiate de la population.	1	1	Accord modéré : Le système parlementaire finlandais maintient des contre-pouvoirs forts et une culture de coalition. Comparabilité limitée ou position peu explicite.	https://valtioneuvosto.fi/en/-/outcome-of-the-negotiations-on-the-new-government-programme-a-strong-and-committed-finland
government	Finlande	74	Institutions	Le référendum devrait être beaucoup plus utilisé, même lorsque les citoyens votent sur des sujets dont ils maîtrisent mal les aspects techniques.	-1	1	Réserve : Le système parlementaire finlandais maintient des contre-pouvoirs forts et une culture de coalition. Comparabilité limitée ou position peu explicite.	https://valtioneuvosto.fi/en/-/outcome-of-the-negotiations-on-the-new-government-programme-a-strong-and-committed-finland
government	Finlande	75	Institutions	Il serait acceptable de donner davantage de poids politique aux citoyens qui démontrent un niveau élevé de connaissance du fonctionnement des institutions et de l'économie.	-1	1	Réserve : Le système parlementaire finlandais maintient des contre-pouvoirs forts et une culture de coalition. Comparabilité limitée ou position peu explicite.	https://valtioneuvosto.fi/en/-/outcome-of-the-negotiations-on-the-new-government-programme-a-strong-and-committed-finland
government	Finlande	76	Institutions	Le président de la République devrait disposer de davantage de pouvoirs pour pouvoir mettre en œuvre un programme pendant cinq ans sans être constamment bloqué par le Parlement.	-1	1	Réserve : Le système parlementaire finlandais maintient des contre-pouvoirs forts et une culture de coalition. Comparabilité limitée ou position peu explicite.	https://valtioneuvosto.fi/en/-/outcome-of-the-negotiations-on-the-new-government-programme-a-strong-and-committed-finland
government	Finlande	77	Institutions	La proportionnelle intégrale serait préférable au système actuel, même si elle rendait plus fréquentes les coalitions et les gouvernements instables.	2	2	Accord net : Le système parlementaire finlandais maintient des contre-pouvoirs forts et une culture de coalition. Transposition ou inférence prudente.	https://valtioneuvosto.fi/en/-/outcome-of-the-negotiations-on-the-new-government-programme-a-strong-and-committed-finland
government	Finlande	78	Immigration / assimilation	Le droit de séjour durable en France devrait dépendre, sauf impossibilité particulière, d’efforts concrets pour apprendre le français, comprendre les règles et usages du pays et participer à la vie collective.	3	3	Accord fort : depuis janvier 2026, le permis de résidence permanente exige en règle générale six ans de résidence, une maîtrise suffisante du finnois ou du suédois et une participation professionnelle. Cela correspond presque exactement à la proposition : +3.	https://valtioneuvosto.fi/en/-/1410869/stricter-conditions-for-permanent-residence-permits-as-of-8-january
government	Finlande	79	Immigration / délinquance	Les différences de délinquance observées s’expliquent davantage par les inégalités sociales et économiques que par la culture d’origine des personnes concernées.	0	1	Position de compromis : Le gouvernement conduit une politique migratoire restrictive, sélective et fortement centrée sur l’intégration et l’emploi. Comparabilité limitée ou position peu explicite.	https://valtioneuvosto.fi/en/governments/government-programme
government	Finlande	80	Écologie / agriculture	La France devrait interdire aux agriculteurs l’usage d’un produit jugé trop polluant, même si cette interdiction les désavantage face à des concurrents étrangers qui peuvent encore l’utiliser.	-2	2	Désaccord net mais inféré : le gouvernement Orpo soutient l’allègement du cadre européen des produits phytosanitaires pour renforcer la compétitivité agricole et privilégie la disponibilité des intrants et les conditions de production. Il n’existe pas dans les sources retenues de déclaration exactement identique à l’énoncé, d’où une confiance limitée à 2.	https://valtioneuvosto.fi/-/1410837/valtioneuvosto-linjasi-kantansa-komission-ehdotuksiin-elintarvike-ja-rehulainsaadannon-yksinkertaistamisesta
government	Finlande	81	Santé / accès aux soins	Dans les zones où l'accès aux soins est insuffisant, l'Assurance maladie devrait pouvoir limiter le conventionnement de nouveaux médecins dans les zones déjà bien dotées afin d'encourager leur installation dans les déserts médicaux.	1	1	Accord modéré : le scrutin sur la régulation du conventionnement médical fournit la position parlementaire la plus proche ; pour les formations non représentées, le codage est déduit de leur ligne sur la liberté d'installation. Niveau de preuve : estimation prudente à partir de la ligne générale.	https://valtioneuvosto.fi/en/governments/government-programme
government	Finlande	82	Santé / assurance maladie	L'Assurance maladie devrait rembourser intégralement les soins essentiels, quitte à réduire fortement le rôle des complémentaires santé.	-1	2	Réserve : le programme de santé retenu permet d'estimer la place accordée à l'assurance publique et aux complémentaires. Niveau de preuve : faisceau d’indices cohérent, sans équivalent toujours parfaitement identique.	https://valtioneuvosto.fi/en/governments/government-programme
government	Finlande	83	Santé / hôpital	Il faut accepter de fermer ou regrouper certaines petites maternités et certains services d'urgence afin de concentrer les équipes et les équipements dans des établissements plus importants.	2	2	Accord net : le document retenu permet d'arbitrer entre maintien de la proximité hospitalière et concentration des moyens. Niveau de preuve : faisceau d’indices cohérent, sans équivalent toujours parfaitement identique.	https://julkaisut.valtioneuvosto.fi/bitstreams/5dde1895-fdb4-43d3-92d8-cef8db1de92d/download
government	Finlande	84	Éducation / autonomie	Les chefs d'établissement scolaire devraient pouvoir recruter eux-même une partie de leurs enseignants et peser davantage dans leur évaluation.	2	2	Accord net : la position est estimée à partir des propositions d'autonomie des établissements, de recrutement et de gestion des enseignants. Niveau de preuve : faisceau d’indices cohérent, sans équivalent toujours parfaitement identique.	https://valtioneuvosto.fi/en/governments/government-programme
government	Finlande	85	Éducation / mixité sociale	Le financement public des établissements privés sous contrat devrait être conditionné à des objectifs mesurables de mixité sociale.	1	1	Accord modéré : la position est estimée à partir des propositions sur l'enseignement privé, son financement et la mixité sociale. Niveau de preuve : estimation prudente à partir de la ligne générale.	https://valtioneuvosto.fi/en/governments/government-programme
government	Finlande	86	Logement / locations touristiques	Dans les zones où le logement manque, une commune devrait pouvoir interdire la location touristique régulière d'un logement qui n'est pas la résidence principale de son propriétaire.	1	1	Accord modéré : la source retenue précise le degré de régulation souhaité pour les meublés touristiques et les pouvoirs locaux. Niveau de preuve : estimation prudente à partir de la ligne générale.	https://valtioneuvosto.fi/en/governments/government-programme
government	Finlande	87	Défense / Ukraine	La France devrait continuer à fournir une aide militaire et financière importante à l'Ukraine tant que son territoire reste occupé, même si la guerre se prolonge.	3	3	Accord fort : le vote ou la politique officielle sur le soutien durable à l'Ukraine constitue l'indicateur principal. Niveau de preuve : preuve directe ou politique explicitement documentée.	https://valtioneuvosto.fi/en/-/236553176/finland-to-fund-additional-eur-40-million-purl-package-for-ukraine
government	Finlande	88	Défense / dissuasion nucléaire	La dissuasion nucléaire française devrait aussi protéger les partenaires européens, tout en laissant à la France seule la décision finale de l'employer.	2	2	Accord net : la source retenue porte sur l'extension européenne de la dissuasion ou, pour les pays non dotés, sur la protection nucléaire alliée. Niveau de preuve : faisceau d’indices cohérent, sans équivalent toujours parfaitement identique.	https://valtioneuvosto.fi/en/-/236553176/finland-to-participate-in-nato-s-annual-nuclear-deterrence-exercise
government	Finlande	89	Santé / fin de vie	Une personne majeure atteinte d'une maladie grave et incurable provoquant des souffrances insupportables devrait pouvoir recevoir une aide médicale à mourir dans un cadre strictement contrôlé.	-2	2	Désaccord net : le vote, la loi ou la position gouvernementale sur l'aide à mourir fournit un équivalent direct ou très proche. Niveau de preuve : faisceau d’indices cohérent, sans équivalent toujours parfaitement identique.	https://valtioneuvosto.fi/en/governments/government-programme
government	Finlande	90	Dépendance / EHPAD	Les groupes privés à but lucratif ne devraient plus pouvoir gérer d'EHPAD. Les établissements existants devraient progressivement devenir publics ou non lucratifs.	-2	2	Désaccord net : le programme social et sanitaire permet d'estimer la place laissée aux opérateurs lucratifs dans la dépendance. Niveau de preuve : faisceau d’indices cohérent, sans équivalent toujours parfaitement identique.	https://valtioneuvosto.fi/en/governments/government-programme
government	Finlande	91	Famille / prestations	Les allocations familiales devraient être versées à toutes les familles selon le nombre d'enfants, sans diminuer lorsque les revenus augmentent.	3	3	Accord fort : le modèle de prestations familiales et la ligne programmatique permettent d'estimer la préférence pour l'universalité ou le ciblage. Niveau de preuve : preuve directe ou politique explicitement documentée.	https://valtioneuvosto.fi/en/governments/government-programme
government	Finlande	92	Numérique / mineurs	L'accès aux réseaux sociaux devrait être interdit aux moins de 15 ans, même avec l'accord de leurs parents.	1	2	Accord modéré : le vote ou la politique publique sur l'âge d'accès aux réseaux sociaux permet de distinguer interdiction stricte, autorisation parentale et régulation plus souple. Niveau de preuve : faisceau d’indices cohérent, sans équivalent toujours parfaitement identique.	https://valtioneuvosto.fi/-/1271139/stm-keraa-lasten-ja-nuorten-nakemyksia-ja-kokemuksia-sosiaalisen-median-kaytosta
government	Finlande	93	Numérique / intelligence artificielle	Les administrations publiques devraient privilégier des modèles d'intelligence artificielle hébergés en Europe, même s'ils sont temporairement moins performants ou plus coûteux que leurs concurrents étrangers.	2	2	Accord net : la stratégie numérique permet d'estimer la priorité accordée à la souveraineté européenne par rapport au coût et à la performance. Niveau de preuve : faisceau d’indices cohérent, sans équivalent toujours parfaitement identique.	https://valtioneuvosto.fi/en/-/1410829/finland-among-top-eu-countries-in-digitalisation
government	Royaume-Uni	1	Économie	Il faut réduire les impôts sur le travail et le capital, même si cela implique de réduire certaines dépenses publiques.	0	2	Position de compromis : Le gouvernement Labour combine croissance, investissement public, renforcement des droits du travail et discipline budgétaire modérée. Transposition ou inférence prudente.	https://www.gov.uk/government/publications/plan-for-change
government	Royaume-Uni	2	Économie	Les inégalités économiques sont acceptables tant qu'elles résultent principalement du travail ou de la prise de risque.	-1	2	Réserve : Le gouvernement Labour combine croissance, investissement public, renforcement des droits du travail et discipline budgétaire modérée. Transposition ou inférence prudente.	https://www.gov.uk/government/publications/plan-for-change
government	Royaume-Uni	3	Économie	L'État devrait davantage taxer les hauts revenus et les gros patrimoines afin de réduire les inégalités.	1	2	Accord modéré : Le gouvernement Labour combine croissance, investissement public, renforcement des droits du travail et discipline budgétaire modérée. Transposition ou inférence prudente.	https://www.gov.uk/government/publications/plan-for-change
government	Royaume-Uni	4	Économie	Les entreprises devraient être obligées de limiter l’écart entre la rémunération de leurs dirigeants et celle de leurs salariés les moins bien payés.	-1	2	Désaccord modéré : le Royaume-Uni impose la transparence des ratios entre rémunération du dirigeant et rémunération des salariés, mais n’impose pas de plafond général et la ligne gouvernementale actuelle privilégie la transparence et le fair pay plutôt qu’un ratio salarial légal obligatoire.	https://www.gov.uk/government/news/new-executive-pay-transparency-measures-come-into-force
government	Royaume-Uni	5	Économie	Le salaire minimum devrait être augmenté significativement.	2	3	Accord net : Le gouvernement Labour combine croissance, investissement public, renforcement des droits du travail et discipline budgétaire modérée. Position directement documentée.	https://www.gov.uk/government/publications/plan-for-change
government	Royaume-Uni	6	Économie	Les entreprises privées sont généralement plus efficaces que l'État pour fournir des biens et services, même dans certains secteurs essentiels.	0	2	Position de compromis : Le gouvernement Labour combine croissance, investissement public, renforcement des droits du travail et discipline budgétaire modérée. Transposition ou inférence prudente.	https://www.gov.uk/government/publications/plan-for-change
government	Royaume-Uni	7	Économie	L'État devrait pouvoir nationaliser temporairement ou durablement une entreprise privée lorsqu'elle contrôle une activité stratégique pour le pays.	2	3	Accord net : le gouvernement Labour accepte explicitement la prise de contrôle public d’entreprises stratégiques, notamment avec le retour de British Steel dans le secteur public et la renationalisation ferroviaire. La pratique est nette, mais le recours reste ciblé : +2.	https://www.gov.uk/government/news/government-brings-british-steel-into-public-ownership-to-protect-uk-steelmaking
government	Royaume-Uni	8	Économie	La concurrence est généralement préférable à la réglementation pour améliorer les prix, la qualité et l'innovation.	0	2	Position de compromis : Le gouvernement Labour combine croissance, investissement public, renforcement des droits du travail et discipline budgétaire modérée. Transposition ou inférence prudente.	https://www.gov.uk/government/publications/plan-for-change
government	Royaume-Uni	9	État	La France dépense trop d'argent public et devrait accepter de réduire certaines politiques sociales pour revenir à l'équilibre budgétaire.	0	2	Position de compromis : Le gouvernement Labour combine croissance, investissement public, renforcement des droits du travail et discipline budgétaire modérée. Transposition ou inférence prudente.	https://www.gov.uk/government/publications/plan-for-change
government	Royaume-Uni	10	État	L'État devrait garantir un niveau élevé de protection sociale, même si cela implique une fiscalité importante.	2	3	Accord net : Le gouvernement Labour combine croissance, investissement public, renforcement des droits du travail et discipline budgétaire modérée. Position directement documentée.	https://www.gov.uk/government/publications/plan-for-change
government	Royaume-Uni	12	État	L'État devrait intervenir beaucoup plus fortement dans l'économie lorsque le marché produit des résultats jugés socialement indésirables.	1	3	Accord modéré : Le gouvernement Labour combine croissance, investissement public, renforcement des droits du travail et discipline budgétaire modérée. Position directement documentée.	https://www.gov.uk/government/publications/plan-for-change
government	Royaume-Uni	13	État	Les citoyens devraient avoir davantage de liberté pour choisir eux-mêmes comment utiliser leur argent plutôt que de passer par des systèmes publics obligatoires.	-1	2	Réserve : Le gouvernement Labour combine croissance, investissement public, renforcement des droits du travail et discipline budgétaire modérée. Transposition ou inférence prudente.	https://www.gov.uk/government/publications/plan-for-change
government	Royaume-Uni	14	Social / société	La société devrait accepter beaucoup plus largement les différents modes de vie, même lorsqu'ils s'éloignent des normes traditionnelles.	2	2	Accord net : La ligne Labour est progressiste sur les droits et les discriminations, avec un discours plus communautaire et territorial sous Andy Burnham. Transposition ou inférence prudente.	https://www.gov.uk/government/publications/plan-for-change
government	Royaume-Uni	15	Démocratie	Un gouvernement devrait pouvoir faire adopter le budget sans vote de l’Assemblée nationale lorsqu’aucune majorité stable ne se dégage, afin d’éviter un blocage institutionnel.	-2	2	Désaccord net : les dépenses et recettes publiques nécessitent l’autorisation du Parlement ; le gouvernement ne peut pas substituer un nouveau budget unilatéral à l’approbation parlementaire.	https://commonslibrary.parliament.uk/research-briefings/cbp-10647/
government	Royaume-Uni	16	Social / société	Réduire les inégalités peut parfois justifier de restreindre certaines libertés individuelles.	-1	1	Réserve : La ligne Labour est progressiste sur les droits et les discriminations, avec un discours plus communautaire et territorial sous Andy Burnham. Comparabilité limitée ou position peu explicite.	https://www.gov.uk/government/publications/plan-for-change
government	Royaume-Uni	17	Social / société	Les politiques publiques devraient chercher à corriger activement les discriminations historiques ou structurelles entre groupes sociaux.	2	2	Accord net : La ligne Labour est progressiste sur les droits et les discriminations, avec un discours plus communautaire et territorial sous Andy Burnham. Transposition ou inférence prudente.	https://www.gov.uk/government/publications/plan-for-change
government	Royaume-Uni	18	Institutions / territoires	Les régions devraient pouvoir adopter des règles différentes en matière économique, sociale ou environnementale plutôt que d’appliquer partout les mêmes règles nationales.	3	3	Accord fort : le Royaume-Uni a transféré par la dévolution de larges compétences législatives et exécutives à l’Écosse, au pays de Galles et à l’Irlande du Nord, ce qui produit volontairement des règles différentes selon les nations.	https://www.deliveringforscotland.gov.uk/scotland-in-the-uk/devolution/
government	Royaume-Uni	19	Social / société	Certaines traditions et valeurs culturelles méritent d'être préservées même si elles évoluent moins vite que la société.	0	2	Position de compromis : La ligne Labour est progressiste sur les droits et les discriminations, avec un discours plus communautaire et territorial sous Andy Burnham. Transposition ou inférence prudente.	https://www.gov.uk/government/publications/plan-for-change
government	Royaume-Uni	20	Immigration	La France devrait réduire le nombre d'immigrants qu'elle accueille chaque année.	2	3	Accord net : Le gouvernement veut réduire l’immigration légale et irrégulière, tout en maintenant une approche relativement inclusive de l’intégration. Position directement documentée.	https://www.gov.uk/government/news/kings-speech-to-build-a-stronger-and-fairer-britain
government	Royaume-Uni	21	Immigration	L'immigration économique est globalement bénéfique pour l'économie française.	2	2	Accord net : Le gouvernement veut réduire l’immigration légale et irrégulière, tout en maintenant une approche relativement inclusive de l’intégration. Transposition ou inférence prudente.	https://www.gov.uk/government/news/kings-speech-to-build-a-stronger-and-fairer-britain
government	Royaume-Uni	22	Immigration / droits sociaux	Un étranger installé légalement en France depuis de nombreuses années devrait, à situation économique comparable, bénéficier des mêmes prestations sociales et du même accès au logement social qu’un citoyen français, sans priorité fondée sur la nationalité.	2	2	Les restrictions britanniques dépendent surtout du statut migratoire et cessent pour les statuts de résidence durable ; il n’existe pas de préférence citoyenne permanente comparable : +2.	https://www.gov.uk/government/publications/public-funds
government	Royaume-Uni	23	Immigration	L'accès à la nationalité française devrait être rendu plus exigeant.	2	3	Accord net : la politique britannique évolue vers une logique de citoyenneté et d’installation davantage « earned », fondée sur la contribution, la conduite, le travail et l’intégration. Le durcissement est clair mais une partie du dispositif reste en cours de mise en œuvre : +2.	https://www.gov.uk/government/speeches/home-secretarys-speech-on-immigration-5-march-2026
government	Royaume-Uni	24	Immigration	La France devrait être beaucoup plus stricte concernant l'expulsion des étrangers condamnés pour des crimes graves.	3	3	Accord fort : Le gouvernement veut réduire l’immigration légale et irrégulière, tout en maintenant une approche relativement inclusive de l’intégration. Position directement documentée.	https://www.gov.uk/government/news/kings-speech-to-build-a-stronger-and-fairer-britain
government	Royaume-Uni	25	Immigration	Même lorsque l'immigration est économiquement bénéfique, elle peut être légitimement limitée pour préserver la cohésion culturelle du pays.	1	2	Accord modéré : Le gouvernement veut réduire l’immigration légale et irrégulière, tout en maintenant une approche relativement inclusive de l’intégration. Transposition ou inférence prudente.	https://www.gov.uk/government/news/kings-speech-to-build-a-stronger-and-fairer-britain
government	Royaume-Uni	26	Immigration	La France devrait accueillir davantage de réfugiés lorsqu'ils fuient une guerre ou une persécution, même si cela représente un coût économique.	1	2	Accord modéré : Le gouvernement veut réduire l’immigration légale et irrégulière, tout en maintenant une approche relativement inclusive de l’intégration. Transposition ou inférence prudente.	https://www.gov.uk/government/news/kings-speech-to-build-a-stronger-and-fairer-britain
government	Royaume-Uni	27	Sécurité / justice	Les peines de prison effectives devraient être plus sévères, même si cela augmente fortement la population carcérale.	1	3	Accord modéré : Les missions gouvernementales mettent l’accent sur la sécurité des rues, la prévention et l’efficacité de la police. Position directement documentée.	https://www.gov.uk/government/news/kings-speech-to-build-a-stronger-and-fairer-britain
government	Royaume-Uni	28	Sécurité / justice	Il vaut mieux investir dans la prévention et la réinsertion que dans l'augmentation des sanctions.	2	3	Accord net : Les missions gouvernementales mettent l’accent sur la sécurité des rues, la prévention et l’efficacité de la police. Position directement documentée.	https://www.gov.uk/government/news/kings-speech-to-build-a-stronger-and-fairer-britain
government	Royaume-Uni	29	Sécurité / justice	La police devrait disposer de pouvoirs plus importants pour lutter contre la criminalité, quitte à accepter davantage de contrôles sur certaines libertés individuelles.	2	3	Accord net : Les missions gouvernementales mettent l’accent sur la sécurité des rues, la prévention et l’efficacité de la police. Position directement documentée.	https://www.gov.uk/government/news/kings-speech-to-build-a-stronger-and-fairer-britain
government	Royaume-Uni	30	Agriculture / commerce	La France devrait pouvoir interdire l’importation de produits agricoles fabriqués selon des normes qu’elle interdit à ses propres agriculteurs, même si cela faisait disparaître des rayons les produits alimentaires les moins chers.	0	3	Position équilibrée : le Royaume-Uni défend ses standards sanitaires et des garanties dans ses accords, mais ne porte pas une interdiction générale fondée sur l'équivalence de toutes les normes de production lorsque cela réduirait l'offre bon marché.	https://www.gov.uk/government/publications/importing-fruit-and-vegetables/importing-fruit-and-vegetables
government	Royaume-Uni	32	Écologie	La lutte contre le changement climatique doit rester prioritaire même lorsqu'elle réduit la croissance économique à court terme.	1	3	Accord modéré : le gouvernement britannique poursuit des objectifs climatiques ambitieux mais les présente comme devant soutenir la croissance, l'emploi et la baisse des factures ; il ne documente pas une priorité climatique assumée malgré une baisse de croissance.	https://www.gov.uk/government/publications/plan-for-change
government	Royaume-Uni	33	Écologie	Il faut accepter une hausse importante du prix des énergies fossiles pour accélérer la transition écologique.	1	2	Accord modéré : le Royaume-Uni conserve des instruments de tarification carbone, mais les mesures récentes sur carburants et énergie cherchent aussi à contenir les prix ; l'acceptation d'une hausse importante des fossiles n'est donc que partielle.	https://www.gov.uk/government/publications/plan-for-change
government	Royaume-Uni	34	Economie	Une partie des cotisations sociales sur les salaires devrait être remplacée par une hausse de la TVA afin d’augmenter les salaires nets et de réduire le coût du travail, même si cela augmente le prix des biens et services consommés	-2	3	Le gouvernement a augmenté les cotisations patronales de National Insurance, soit l’inverse d’une baisse financée par la consommation : -2, politique explicite.	https://www.gov.uk/government/publications/changes-to-the-class-1-national-insurance-contributions-secondary-threshold-the-secondary-class-1-national-insurance-contributions-rate-and-the-empl
government	Royaume-Uni	35	Écologie	Les politiques écologiques devraient reposer principalement sur des mécanismes de marché comme la taxe carbone plutôt que sur des interdictions.	1	2	Accord modéré : Le gouvernement poursuit une transition énergétique ambitieuse, avec Great British Energy, le nucléaire et les renouvelables. Transposition ou inférence prudente.	https://www.gov.uk/government/publications/plan-for-change
government	Royaume-Uni	36	Écologie	Il est justifié d'interdire certains produits ou comportements très polluants même lorsque les consommateurs les souhaitent.	2	2	Accord net : Le gouvernement poursuit une transition énergétique ambitieuse, avec Great British Energy, le nucléaire et les renouvelables. Transposition ou inférence prudente.	https://www.gov.uk/government/publications/plan-for-change
government	Royaume-Uni	37	Écologie	Les pays riches devraient supporter une part prépondérante du coût de la transition écologique mondiale.	2	2	Accord net : Le gouvernement poursuit une transition énergétique ambitieuse, avec Great British Energy, le nucléaire et les renouvelables. Transposition ou inférence prudente.	https://www.gov.uk/government/publications/plan-for-change
government	Royaume-Uni	38	Europe	La France devrait transférer davantage de compétences à l'Union européenne afin de renforcer son poids économique et géopolitique.	0	1	Position de compromis : Le Royaume-Uni reste hors UE ; le gouvernement Labour recherche cependant des relations plus étroites avec l’Europe. Comparabilité limitée ou position peu explicite.	https://www.gov.uk/government/publications/plan-for-change
government	Royaume-Uni	39	Europe	La France devrait conserver autant que possible sa souveraineté nationale, même si cela réduit son influence au niveau européen.	1	2	Accord modéré : Le Royaume-Uni reste hors UE ; le gouvernement Labour recherche cependant des relations plus étroites avec l’Europe. Transposition ou inférence prudente.	https://www.gov.uk/government/publications/plan-for-change
government	Royaume-Uni	40	Europe	L'euro est globalement bénéfique pour la France malgré la perte de certains instruments de politique économique.	-3	1	Désaccord fort : le Royaume-Uni conserve la livre sterling et n'a jamais adopté l'euro ; sa ligne gouvernementale ne vise pas à rejoindre la monnaie unique européenne. Pour cette question normative sur le bénéfice de l'euro malgré la perte d'instruments nationaux, le choix britannique correspond à un désaccord maximal.	https://www.gov.uk/government/publications/plan-for-change
government	Royaume-Uni	41	Europe	L'Union européenne devrait pouvoir imposer davantage de règles communes aux États membres.	0	1	Position de compromis : Le Royaume-Uni reste hors UE ; le gouvernement Labour recherche cependant des relations plus étroites avec l’Europe. Comparabilité limitée ou position peu explicite.	https://www.gov.uk/government/publications/plan-for-change
government	Royaume-Uni	42	Europe	En cas de conflit entre les intérêts économiques français et les règles européennes, la France devrait pouvoir désobéir à certaines règles européennes.	1	1	Accord modéré : Le Royaume-Uni reste hors UE ; le gouvernement Labour recherche cependant des relations plus étroites avec l’Europe. Comparabilité limitée ou position peu explicite.	https://www.gov.uk/government/publications/plan-for-change
government	Royaume-Uni	43	Fiscalité / patrimoine	Il faudrait supprimer l'IFI et ne plus taxer spécifiquement le patrimoine immobilier au-delà de la fiscalité ordinaire.	-2	3	Désaccord net par analogie : le gouvernement a créé une surtaxe de Council Tax sur les 1 % de logements les plus chers, au-dessus de 2 millions de livres.	https://www.gov.uk/government/consultations/high-value-council-tax-surcharge/high-value-council-tax-surcharge
government	Royaume-Uni	44	Fiscalité / patrimoine	L'héritage devrait être davantage taxé au-delà d'un certain seuil de patrimoine transmis, même si cela conduit certaines familles à transmettre moins de patrimoine à leurs enfants.	1	1	Accord modéré : Le gouvernement Labour combine croissance, investissement public, renforcement des droits du travail et discipline budgétaire modérée. Comparabilité limitée ou position peu explicite.	https://www.gov.uk/government/publications/plan-for-change
government	Royaume-Uni	45	Fiscalité / patrimoine	Les très grandes fortunes devraient être imposées sur leur patrimoine mondial, même lorsqu'elles quittent la France.	1	1	Accord modéré : Le gouvernement Labour combine croissance, investissement public, renforcement des droits du travail et discipline budgétaire modérée. Comparabilité limitée ou position peu explicite.	https://www.gov.uk/government/publications/plan-for-change
government	Royaume-Uni	46	Travail / chômage	Un chômeur devrait pouvoir perdre une partie significative de ses allocations s'il refuse plusieurs emplois raisonnablement adaptés à ses compétences.	2	3	Accord net : Universal Credit prévoit des sanctions longues après refus injustifié d’un emploi ou non-respect d’obligations de recherche d’emploi. Le principe de réduction substantielle des prestations est bien appliqué, mais avec des garanties et procédures : +2.	https://www.gov.uk/guidance/universal-credit-sanctions
government	Royaume-Uni	47	Outre-mer / vie chère	L’État devrait garantir que les produits essentiels ne coûtent pas beaucoup plus cher dans les DOM/TOM que dans l’Hexagone, quitte à subventionner durablement leur transport ou leur prix avec l’argent public national.	2	3	Le Rural Fuel Duty Relief compense les détaillants des régions isolées où le carburant est plus cher à cause des coûts de transport, avec répercussion au consommateur : analogue direct mais limité au carburant, +2.	https://www.gov.uk/guidance/rural-duty-relief-scheme-notice-2001
government	Royaume-Uni	48	Travail / chômage	Le CDI protège trop fortement les salariés déjà en poste et peut rendre plus difficile l’accès à l’emploi stable, au détriment des jeunes, chômeurs ou travailleurs en contrats précaires.	-2	3	Désaccord net : le Labour renforce les protections contre le licenciement, notamment en réduisant à six mois la durée nécessaire pour bénéficier de la protection ordinaire contre le licenciement abusif. La réforme va dans le sens opposé à l’énoncé : -2.	https://www.business.gov.uk/campaign/employment-changes/employers/unfair-dismissal-rights/
government	Royaume-Uni	49	Retraites	Les retraites devraient être progressivement réformées vers un système combinant répartition et capitalisation, même si cela implique une période de transition coûteuse.	2	3	Accord net : l’auto-enrolment inscrit automatiquement les salariés éligibles dans une retraite professionnelle capitalisée avec contribution de l’employeur. Comme le salarié peut sortir du dispositif, le modèle n’est pas entièrement obligatoire : +2.	https://www.gov.uk/workplace-pensions/joining-a-workplace-pension
government	Royaume-Uni	50	Retraites	L'âge légal de départ à la retraite devrait être automatiquement indexé sur l'espérance de vie nationale.	1	1	Accord modéré : Le gouvernement Labour combine croissance, investissement public, renforcement des droits du travail et discipline budgétaire modérée. Comparabilité limitée ou position peu explicite.	https://www.gov.uk/government/publications/plan-for-change
government	Royaume-Uni	51	Protection sociale	Les prestations sociales devraient être fortement conditionnées à la durée de cotisation et de participation au marché du travail.	2	3	Accord net : une part importante des prestations britanniques destinées aux personnes en âge de travailler est soumise à des obligations de recherche d’emploi, d’activité ou de disponibilité. Cette conditionnalité est forte mais ne concerne pas toutes les prestations sociales : +2.	https://www.gov.uk/guidance/universal-credit-sanctions
government	Royaume-Uni	53	État / entreprises	Une entreprise qui reçoit plusieurs milliards d'euros d'aides publiques devrait pouvoir être contrainte de limiter ses dividendes et les rémunérations de ses dirigeants tant que l'aide n'est pas remboursée.	2	3	Accord net : Le gouvernement Labour combine croissance, investissement public, renforcement des droits du travail et discipline budgétaire modérée. Position directement documentée.	https://www.gov.uk/government/publications/plan-for-change
government	Royaume-Uni	54	État / entreprises	L'État devrait davantage utiliser son pouvoir d'actionnaire pour orienter les grandes entreprises françaises vers des objectifs industriels de long terme.	2	3	Accord net : Le gouvernement Labour combine croissance, investissement public, renforcement des droits du travail et discipline budgétaire modérée. Position directement documentée.	https://www.gov.uk/government/publications/plan-for-change
government	Royaume-Uni	55	État / entreprises	Il faudrait réduire fortement les normes administratives pesant sur les entreprises, même si certaines protections environnementales ou sociales deviennent moins strictes.	-1	2	Réserve : Le gouvernement Labour combine croissance, investissement public, renforcement des droits du travail et discipline budgétaire modérée. Transposition ou inférence prudente.	https://www.gov.uk/government/publications/plan-for-change
government	Royaume-Uni	56	Immigration / régularisation	Un étranger en situation irrégulière qui travaille de façon stable en France depuis plusieurs années et n’a commis aucun délit devrait pouvoir être régularisé, même s’il est entré ou est resté sur le territoire sans autorisation.	-2	3	Désaccord net : la politique britannique actuelle renforce la lutte contre le travail illégal et l’éloignement des personnes sans droit au séjour ; le gouvernement ne reconnaît pas le travail stable et l’ancienneté comme voie générale de régularisation, même si des exceptions juridiques individuelles subsistent.	https://questions-statements.parliament.uk/written-statements/detail/2026-06-30/hcws159
government	Royaume-Uni	57	Immigration / assimilation	L'accès à certaines prestations sociales devrait être beaucoup plus limité pendant les premières années suivant l'arrivée d'un immigré.	3	3	Accord fort : la majorité des migrants temporaires sont soumis à la condition No Recourse to Public Funds, qui exclut l’accès à de nombreuses prestations jusqu’à l’obtention d’un statut permettant l’accès aux fonds publics. La logique correspond directement à la proposition : +3.	https://www.gov.uk/government/publications/public-funds/public-funds-accessible
government	Royaume-Uni	58	Immigration / assimilation	La France devrait privilégier l'immigration économique qualifiée, même si cela signifie accueillir moins de personnes peu qualifiées.	2	3	Accord net : Le gouvernement veut réduire l’immigration légale et irrégulière, tout en maintenant une approche relativement inclusive de l’intégration. Position directement documentée.	https://www.gov.uk/government/news/kings-speech-to-build-a-stronger-and-fairer-britain
government	Royaume-Uni	59	Immigration / assimilation	Une personne née en France de parents étrangers devrait automatiquement devenir française à sa majorité si elle y a grandi, même si elle ne manifeste pas particulièrement d'attachement à la France.	-1	3	Désaccord modéré : depuis 1983, naître au Royaume-Uni de parents étrangers ne donne pas automatiquement la citoyenneté si aucun parent n’est britannique ou settled. Des voies d’enregistrement ultérieures existent toutefois, ce qui justifie -1 plutôt qu’un désaccord plus fort.	https://www.gov.uk/check-british-citizenship/your-parents-immigration-status-when-you-were-born
government	Royaume-Uni	60	Immigration / assimilation	La France devrait pouvoir refuser l'entrée à un immigré légalement admissible lorsqu'il existe de fortes raisons de penser qu'il ne souhaite pas s'intégrer culturellement à la société française.	1	2	Accord modéré : Le gouvernement veut réduire l’immigration légale et irrégulière, tout en maintenant une approche relativement inclusive de l’intégration. Transposition ou inférence prudente.	https://www.gov.uk/government/news/kings-speech-to-build-a-stronger-and-fairer-britain
government	Royaume-Uni	61	Immigration / assimilation	Le fait de conserver des pratiques culturelles ou religieuses très différentes de celles de la majorité française n'est pas en soi un problème tant que les lois françaises sont respectées.	2	2	Accord net : Le gouvernement veut réduire l’immigration légale et irrégulière, tout en maintenant une approche relativement inclusive de l’intégration. Transposition ou inférence prudente.	https://www.gov.uk/government/news/kings-speech-to-build-a-stronger-and-fairer-britain
government	Royaume-Uni	63	Libertés / sécurité	Pour lutter contre le terrorisme, l'État devrait pouvoir surveiller préventivement une personne considérée comme présentant un risque sérieux, même sans preuve suffisante pour engager des poursuites pénales.	2	3	Accord net : Les missions gouvernementales mettent l’accent sur la sécurité des rues, la prévention et l’efficacité de la police. Position directement documentée.	https://www.gov.uk/government/news/kings-speech-to-build-a-stronger-and-fairer-britain
government	Royaume-Uni	64	Libertés / expression	Une personne qui tient publiquement des propos profondément offensants mais qui n'appelle ni à la violence ni à commettre une infraction devrait être protégée par la liberté d'expression.	1	1	Accord modéré : Les missions gouvernementales mettent l’accent sur la sécurité des rues, la prévention et l’efficacité de la police. Comparabilité limitée ou position peu explicite.	https://www.gov.uk/government/news/kings-speech-to-build-a-stronger-and-fairer-britain
government	Royaume-Uni	66	Sécurité	Lorsqu’un conducteur refuse d’obtempérer et prend la fuite, les policiers devraient pouvoir utiliser leur arme à feu même si le danger pour leur vie n’est pas immédiat.	-2	3	Désaccord net par analogie : la doctrine britannique précise qu’une arme ne doit pas être tirée sur un véhicule en mouvement au seul motif qu’il a refusé de s’arrêter.	https://www.college.police.uk/print/pdf/node/2500
government	Royaume-Uni	67	Écologie	Une taxe carbone qui réduit les émissions de CO₂ devrait être maintenue même si elle diminue le pouvoir d’achat des ménages modestes, à condition de compenser ces derniers par des aides ciblées.	1	3	Accord modéré : le Royaume-Uni conserve une tarification carbone, mais sa politique récente accorde une forte priorité au coût de la vie et à la baisse des factures énergétiques ; le soutien à une taxe diminuant le pouvoir d'achat reste donc limité.	https://www.gov.uk/government/publications/plan-for-change
government	Royaume-Uni	68	Écologie	La France devrait interdire progressivement la vente de voitures thermiques même si cela augmente temporairement le prix moyen des véhicules.	2	3	Accord net : Le gouvernement poursuit une transition énergétique ambitieuse, avec Great British Energy, le nucléaire et les renouvelables. Position directement documentée.	https://www.gov.uk/government/publications/plan-for-change
government	Royaume-Uni	69	Écologie	Il faut privilégier le nucléaire même si cela conduit à réduire certains investissements dans les renouvelables.	1	2	Accord modéré : le gouvernement relance fortement le nucléaire tout en investissant massivement dans les renouvelables ; il ne soutient pas clairement une baisse des investissements renouvelables au profit du nucléaire.	https://www.gov.uk/government/publications/plan-for-change
government	Royaume-Uni	71	Écologie / croissance	Si la France pouvait réduire ses émissions de 20 % mais que cela réduisait son PIB de 3 %, alors que les autres pays ne faisaient aucun effort comparable, il faudrait quand même le faire.	1	2	Accord modéré : Le gouvernement poursuit une transition énergétique ambitieuse, avec Great British Energy, le nucléaire et les renouvelables. Transposition ou inférence prudente.	https://www.gov.uk/government/publications/plan-for-change
government	Royaume-Uni	72	Institutions	Pour certaines décisions économiques complexes, il serait préférable de confier davantage de pouvoir à des institutions indépendantes composées d'experts plutôt qu'aux responsables politiques élus.	1	1	Accord modéré : Le système britannique conserve un exécutif fort, tout en développant la décentralisation et les pouvoirs locaux. Comparabilité limitée ou position peu explicite.	https://www.gov.uk/government/news/prime-minister-pledges-growth-in-every-postcode-across-whole-of-uk-as-he-visits-scotland
government	Royaume-Uni	73	Institutions	Un gouvernement devrait pouvoir prendre une décision économiquement nécessaire mais très impopulaire sans chercher à obtenir l'approbation immédiate de la population.	1	1	Accord modéré : Le système britannique conserve un exécutif fort, tout en développant la décentralisation et les pouvoirs locaux. Comparabilité limitée ou position peu explicite.	https://www.gov.uk/government/news/prime-minister-pledges-growth-in-every-postcode-across-whole-of-uk-as-he-visits-scotland
government	Royaume-Uni	74	Institutions	Le référendum devrait être beaucoup plus utilisé, même lorsque les citoyens votent sur des sujets dont ils maîtrisent mal les aspects techniques.	-1	1	Réserve : Le système britannique conserve un exécutif fort, tout en développant la décentralisation et les pouvoirs locaux. Comparabilité limitée ou position peu explicite.	https://www.gov.uk/government/news/prime-minister-pledges-growth-in-every-postcode-across-whole-of-uk-as-he-visits-scotland
government	Royaume-Uni	75	Institutions	Il serait acceptable de donner davantage de poids politique aux citoyens qui démontrent un niveau élevé de connaissance du fonctionnement des institutions et de l'économie.	-1	1	Réserve : Le système britannique conserve un exécutif fort, tout en développant la décentralisation et les pouvoirs locaux. Comparabilité limitée ou position peu explicite.	https://www.gov.uk/government/news/prime-minister-pledges-growth-in-every-postcode-across-whole-of-uk-as-he-visits-scotland
government	Royaume-Uni	76	Institutions	Le président de la République devrait disposer de davantage de pouvoirs pour pouvoir mettre en œuvre un programme pendant cinq ans sans être constamment bloqué par le Parlement.	1	1	Accord modéré : Le système britannique conserve un exécutif fort, tout en développant la décentralisation et les pouvoirs locaux. Comparabilité limitée ou position peu explicite.	https://www.gov.uk/government/news/prime-minister-pledges-growth-in-every-postcode-across-whole-of-uk-as-he-visits-scotland
government	Royaume-Uni	77	Institutions	La proportionnelle intégrale serait préférable au système actuel, même si elle rendait plus fréquentes les coalitions et les gouvernements instables.	1	1	Accord modéré : Le système britannique conserve un exécutif fort, tout en développant la décentralisation et les pouvoirs locaux. Comparabilité limitée ou position peu explicite.	https://www.gov.uk/government/news/prime-minister-pledges-growth-in-every-postcode-across-whole-of-uk-as-he-visits-scotland
government	Royaume-Uni	78	Immigration / assimilation	Le droit de séjour durable en France devrait dépendre, sauf impossibilité particulière, d’efforts concrets pour apprendre le français, comprendre les règles et usages du pays et participer à la vie collective.	2	3	Accord net : le Royaume-Uni lie de plus en plus l’installation durable à la maîtrise de l’anglais, au travail, à la contribution et au respect des règles. La réforme earned settlement va directement dans ce sens, sans être encore intégralement mise en œuvre : +2.	https://www.gov.uk/government/speeches/home-secretarys-speech-on-immigration-5-march-2026
government	Royaume-Uni	79	Immigration / délinquance	Les différences de délinquance observées s’expliquent davantage par les inégalités sociales et économiques que par la culture d’origine des personnes concernées.	1	1	Accord modéré : Le gouvernement veut réduire l’immigration légale et irrégulière, tout en maintenant une approche relativement inclusive de l’intégration. Comparabilité limitée ou position peu explicite.	https://www.gov.uk/government/news/kings-speech-to-build-a-stronger-and-fairer-britain
government	Royaume-Uni	80	Écologie / agriculture	La France devrait interdire aux agriculteurs l’usage d’un produit jugé trop polluant, même si cette interdiction les désavantage face à des concurrents étrangers qui peuvent encore l’utiliser.	2	2	Accord net : la politique gouvernementale britannique a refusé en 2025 une autorisation d’urgence d’un néonicotinoïde demandée par la filière betteravière afin de protéger les pollinisateurs, tout en finançant des alternatives. Le gouvernement Burnham étant très récent, le codage suppose la continuité de cette politique Labour et conserve une confiance de 2.	https://www.gov.uk/government/news/pesticide-emergency-authorisation-denied-for-2025-to-protect-bees
government	Royaume-Uni	81	Santé / accès aux soins	Dans les zones où l'accès aux soins est insuffisant, l'Assurance maladie devrait pouvoir limiter le conventionnement de nouveaux médecins dans les zones déjà bien dotées afin d'encourager leur installation dans les déserts médicaux.	1	2	Accord modéré : le NHS contrôle les contrats et la répartition des ressources médicales, mais le mécanisme n’est pas directement équivalent à une interdiction de nouveau conventionnement dans les zones surdotées.	https://www.gov.uk/government/publications/plan-for-change
government	Royaume-Uni	82	Santé / assurance maladie	L'Assurance maladie devrait rembourser intégralement les soins essentiels, quitte à réduire fortement le rôle des complémentaires santé.	3	3	Accord fort : le programme de santé retenu permet d'estimer la place accordée à l'assurance publique et aux complémentaires. Niveau de preuve : preuve directe ou politique explicitement documentée.	https://www.gov.uk/government/publications/plan-for-change
government	Royaume-Uni	83	Santé / hôpital	Il faut accepter de fermer ou regrouper certaines petites maternités et certains services d'urgence afin de concentrer les équipes et les équipements dans des établissements plus importants.	1	1	Accord modéré : le document retenu permet d'arbitrer entre maintien de la proximité hospitalière et concentration des moyens. Niveau de preuve : estimation prudente à partir de la ligne générale.	https://www.gov.uk/government/publications/plan-for-change
government	Royaume-Uni	84	Éducation / autonomie	Les chefs d'établissement scolaire devraient pouvoir recruter eux-même une partie de leurs enseignants et peser davantage dans leur évaluation.	3	3	Accord fort : la position est estimée à partir des propositions d'autonomie des établissements, de recrutement et de gestion des enseignants. Niveau de preuve : preuve directe ou politique explicitement documentée.	https://www.gov.uk/government/news/kings-speech-to-build-a-stronger-and-fairer-britain
government	Royaume-Uni	85	Éducation / mixité sociale	Le financement public des établissements privés sous contrat devrait être conditionné à des objectifs mesurables de mixité sociale.	0	1	Position neutre, partagée ou non arrêtée : la position est estimée à partir des propositions sur l'enseignement privé, son financement et la mixité sociale. Niveau de preuve : estimation prudente à partir de la ligne générale.	https://www.gov.uk/government/news/kings-speech-to-build-a-stronger-and-fairer-britain
government	Royaume-Uni	86	Logement / locations touristiques	Dans les zones où le logement manque, une commune devrait pouvoir interdire la location touristique régulière d'un logement qui n'est pas la résidence principale de son propriétaire.	2	2	Accord net : la source retenue précise le degré de régulation souhaité pour les meublés touristiques et les pouvoirs locaux. Niveau de preuve : faisceau d’indices cohérent, sans équivalent toujours parfaitement identique.	https://www.gov.uk/government/publications/plan-for-change
government	Royaume-Uni	87	Défense / Ukraine	La France devrait continuer à fournir une aide militaire et financière importante à l'Ukraine tant que son territoire reste occupé, même si la guerre se prolonge.	3	3	Accord fort : le vote ou la politique officielle sur le soutien durable à l'Ukraine constitue l'indicateur principal. Niveau de preuve : preuve directe ou politique explicitement documentée.	https://www.gov.uk/government/news/unbreakable-bond-between-uk-and-ukraine-will-continue-under-my-government-26-july-2026
government	Royaume-Uni	88	Défense / dissuasion nucléaire	La dissuasion nucléaire française devrait aussi protéger les partenaires européens, tout en laissant à la France seule la décision finale de l'employer.	2	2	Accord net : la source retenue porte sur l'extension européenne de la dissuasion ou, pour les pays non dotés, sur la protection nucléaire alliée. Niveau de preuve : faisceau d’indices cohérent, sans équivalent toujours parfaitement identique.	https://www.gov.uk/government/news/unbreakable-bond-between-uk-and-ukraine-will-continue-under-my-government-26-july-2026
government	Royaume-Uni	89	Santé / fin de vie	Une personne majeure atteinte d'une maladie grave et incurable provoquant des souffrances insupportables devrait pouvoir recevoir une aide médicale à mourir dans un cadre strictement contrôlé.	0	3	Position neutre, partagée ou non arrêtée : le vote, la loi ou la position gouvernementale sur l'aide à mourir fournit un équivalent direct ou très proche. Niveau de preuve : preuve directe ou politique explicitement documentée.	https://www.gov.uk/government/collections/terminally-ill-adults-end-of-life-bill
government	Royaume-Uni	90	Dépendance / EHPAD	Les groupes privés à but lucratif ne devraient plus pouvoir gérer d'EHPAD. Les établissements existants devraient progressivement devenir publics ou non lucratifs.	-2	2	Désaccord net : le programme social et sanitaire permet d'estimer la place laissée aux opérateurs lucratifs dans la dépendance. Niveau de preuve : faisceau d’indices cohérent, sans équivalent toujours parfaitement identique.	https://www.gov.uk/government/publications/plan-for-change
government	Royaume-Uni	91	Famille / prestations	Les allocations familiales devraient être versées à toutes les familles selon le nombre d'enfants, sans diminuer lorsque les revenus augmentent.	-2	3	Désaccord net : le Child Benefit est juridiquement universel, mais son montant est progressivement récupéré par l’impôt pour les revenus individuels élevés et peut être entièrement repris. Il n’est donc pas réellement indépendant du revenu : -2.	https://www.gov.uk/child-benefit-tax-charge
government	Royaume-Uni	92	Numérique / mineurs	L'accès aux réseaux sociaux devrait être interdit aux moins de 15 ans, même avec l'accord de leurs parents.	3	3	Accord fort : le vote ou la politique publique sur l'âge d'accès aux réseaux sociaux permet de distinguer interdiction stricte, autorisation parentale et régulation plus souple. Niveau de preuve : preuve directe ou politique explicitement documentée.	https://www.gov.uk/government/news/social-media-to-be-banned-for-under-16s-in-landmark-government-move-to-givekids-their-childhood-back
government	Royaume-Uni	93	Numérique / intelligence artificielle	Les administrations publiques devraient privilégier des modèles d'intelligence artificielle hébergés en Europe, même s'ils sont temporairement moins performants ou plus coûteux que leurs concurrents étrangers.	0	2	Position neutre : le gouvernement britannique développe explicitement des capacités d’IA souveraines et une infrastructure nationale de calcul, ce qui contredit une préférence pour la dépendance technologique étrangère. Mais cette stratégie est britannique, pas spécifiquement européenne, et n’établit pas qu’il accepterait une solution européenne moins performante ou plus coûteuse : 0.	https://www.gov.uk/government/publications/expression-of-interest-airr-heterogeneous-supercomputer-host-site-selection
government	Danemark	1	Économie	Il faut réduire les impôts sur le travail et le capital, même si cela implique de réduire certaines dépenses publiques.	1	3	Accord modéré : Le programme combine baisse de l’impôt sur les sociétés et de certains impôts supérieurs, soutien aux entreprises, plein emploi et renforcement de prestations universelles. Position directement documentée.	https://stm.dk/media/rc1ktdmg/det-politiske-grundlag-for-firkloeverregeringen.pdf
government	Danemark	2	Économie	Les inégalités économiques sont acceptables tant qu'elles résultent principalement du travail ou de la prise de risque.	0	2	Position de compromis : Le programme combine baisse de l’impôt sur les sociétés et de certains impôts supérieurs, soutien aux entreprises, plein emploi et renforcement de prestations universelles. Transposition ou inférence prudente.	https://stm.dk/media/rc1ktdmg/det-politiske-grundlag-for-firkloeverregeringen.pdf
government	Danemark	3	Économie	L'État devrait davantage taxer les hauts revenus et les gros patrimoines afin de réduire les inégalités.	0	2	Position de compromis : Le programme combine baisse de l’impôt sur les sociétés et de certains impôts supérieurs, soutien aux entreprises, plein emploi et renforcement de prestations universelles. Transposition ou inférence prudente.	https://stm.dk/media/rc1ktdmg/det-politiske-grundlag-for-firkloeverregeringen.pdf
government	Danemark	4	Économie	Les entreprises devraient être obligées de limiter l’écart entre la rémunération de leurs dirigeants et celle de leurs salariés les moins bien payés.	0	2	Position équilibrée : les sociétés cotées danoises doivent publier une politique et un rapport de rémunération, mais aucune règle générale ne lie la rémunération maximale au salaire le plus faible et le gouvernement n’a pas proposé de ratio légal comparable.	https://erhvervsstyrelsen.dk/vejledning-selskabslovens-krav-til-boersnoterede-selskabers-vederlagspolitik-og-vederlagsrapport
government	Danemark	5	Économie	Le salaire minimum devrait être augmenté significativement.	-2	1	Désaccord net : le Danemark ne fixe pas de salaire minimum légal national et défend la détermination des salaires par les partenaires sociaux plutôt que par une hausse décidée par la loi.	https://stm.dk/media/rc1ktdmg/det-politiske-grundlag-for-firkloeverregeringen.pdf
government	Danemark	6	Économie	Les entreprises privées sont généralement plus efficaces que l'État pour fournir des biens et services, même dans certains secteurs essentiels.	1	2	Accord modéré : Le programme combine baisse de l’impôt sur les sociétés et de certains impôts supérieurs, soutien aux entreprises, plein emploi et renforcement de prestations universelles. Transposition ou inférence prudente.	https://stm.dk/media/rc1ktdmg/det-politiske-grundlag-for-firkloeverregeringen.pdf
government	Danemark	7	Économie	L'État devrait pouvoir nationaliser temporairement ou durablement une entreprise privée lorsqu'elle contrôle une activité stratégique pour le pays.	-1	1	Réserve : Le programme combine baisse de l’impôt sur les sociétés et de certains impôts supérieurs, soutien aux entreprises, plein emploi et renforcement de prestations universelles. Position peu explicite ou comparaison institutionnelle limitée.	https://stm.dk/media/rc1ktdmg/det-politiske-grundlag-for-firkloeverregeringen.pdf
government	Danemark	8	Économie	La concurrence est généralement préférable à la réglementation pour améliorer les prix, la qualité et l'innovation.	1	2	Accord modéré : Le programme combine baisse de l’impôt sur les sociétés et de certains impôts supérieurs, soutien aux entreprises, plein emploi et renforcement de prestations universelles. Transposition ou inférence prudente.	https://stm.dk/media/rc1ktdmg/det-politiske-grundlag-for-firkloeverregeringen.pdf
government	Danemark	9	État	La France dépense trop d'argent public et devrait accepter de réduire certaines politiques sociales pour revenir à l'équilibre budgétaire.	-1	3	Réserve : Le programme combine baisse de l’impôt sur les sociétés et de certains impôts supérieurs, soutien aux entreprises, plein emploi et renforcement de prestations universelles. Position directement documentée.	https://stm.dk/media/rc1ktdmg/det-politiske-grundlag-for-firkloeverregeringen.pdf
government	Danemark	10	État	L'État devrait garantir un niveau élevé de protection sociale, même si cela implique une fiscalité importante.	3	3	Accord fort : Le programme combine baisse de l’impôt sur les sociétés et de certains impôts supérieurs, soutien aux entreprises, plein emploi et renforcement de prestations universelles. Position directement documentée.	https://stm.dk/media/rc1ktdmg/det-politiske-grundlag-for-firkloeverregeringen.pdf
government	Danemark	12	État	L'État devrait intervenir beaucoup plus fortement dans l'économie lorsque le marché produit des résultats jugés socialement indésirables.	1	2	Accord modéré : Le programme combine baisse de l’impôt sur les sociétés et de certains impôts supérieurs, soutien aux entreprises, plein emploi et renforcement de prestations universelles. Transposition ou inférence prudente.	https://stm.dk/media/rc1ktdmg/det-politiske-grundlag-for-firkloeverregeringen.pdf
government	Danemark	13	État	Les citoyens devraient avoir davantage de liberté pour choisir eux-mêmes comment utiliser leur argent plutôt que de passer par des systèmes publics obligatoires.	-1	2	Réserve : Le programme combine baisse de l’impôt sur les sociétés et de certains impôts supérieurs, soutien aux entreprises, plein emploi et renforcement de prestations universelles. Transposition ou inférence prudente.	https://stm.dk/media/rc1ktdmg/det-politiske-grundlag-for-firkloeverregeringen.pdf
government	Danemark	14	Social / société	La société devrait accepter beaucoup plus largement les différents modes de vie, même lorsqu'ils s'éloignent des normes traditionnelles.	2	2	Accord net : La coalition est socialement progressiste, mais insiste aussi sur la culture commune, la cohésion et les institutions collectives. Transposition ou inférence prudente.	https://stm.dk/media/rc1ktdmg/det-politiske-grundlag-for-firkloeverregeringen.pdf
government	Danemark	15	Démocratie	Un gouvernement devrait pouvoir faire adopter le budget sans vote de l’Assemblée nationale lorsqu’aucune majorité stable ne se dégage, afin d’éviter un blocage institutionnel.	-2	2	Désaccord net : la loi de finances doit être adoptée par le Folketing ; le gouvernement ne peut pas mettre en vigueur seul un nouveau budget pour contourner une absence de majorité.	https://www.ft.dk/samling/20251/lovforslag/L1/27/afstemninger.htm
government	Danemark	16	Social / société	Réduire les inégalités peut parfois justifier de restreindre certaines libertés individuelles.	-1	1	Réserve : La coalition est socialement progressiste, mais insiste aussi sur la culture commune, la cohésion et les institutions collectives. Position peu explicite ou comparaison institutionnelle limitée.	https://stm.dk/media/rc1ktdmg/det-politiske-grundlag-for-firkloeverregeringen.pdf
government	Danemark	17	Social / société	Les politiques publiques devraient chercher à corriger activement les discriminations historiques ou structurelles entre groupes sociaux.	2	2	Accord net : La coalition est socialement progressiste, mais insiste aussi sur la culture commune, la cohésion et les institutions collectives. Transposition ou inférence prudente.	https://stm.dk/media/rc1ktdmg/det-politiske-grundlag-for-firkloeverregeringen.pdf
government	Danemark	18	Institutions / territoires	Les régions devraient pouvoir adopter des règles différentes en matière économique, sociale ou environnementale plutôt que d’appliquer partout les mêmes règles nationales.	1	3	Accord modéré : le Danemark accorde une autonomie importante aux communes et régions dans l’organisation et la mise en œuvre de nombreux services publics et recherche des solutions adaptées localement, mais l’essentiel du pouvoir législatif reste national.	https://stm.dk/media/rc1ktdmg/det-politiske-grundlag-for-firkloeverregeringen.pdf
government	Danemark	19	Social / société	Certaines traditions et valeurs culturelles méritent d'être préservées même si elles évoluent moins vite que la société.	1	2	Accord modéré : La coalition est socialement progressiste, mais insiste aussi sur la culture commune, la cohésion et les institutions collectives. Transposition ou inférence prudente.	https://stm.dk/media/rc1ktdmg/det-politiske-grundlag-for-firkloeverregeringen.pdf
government	Danemark	20	Immigration	La France devrait réduire le nombre d'immigrants qu'elle accueille chaque année.	2	3	Accord net : Le gouvernement maintient une politique migratoire ferme, l’intégration et les retours, tout en respectant les conventions internationales et l’aide au développement. Position directement documentée.	https://stm.dk/media/rc1ktdmg/det-politiske-grundlag-for-firkloeverregeringen.pdf
government	Danemark	21	Immigration	L'immigration économique est globalement bénéfique pour l'économie française.	2	2	Accord net : Le gouvernement maintient une politique migratoire ferme, l’intégration et les retours, tout en respectant les conventions internationales et l’aide au développement. Transposition ou inférence prudente.	https://stm.dk/media/rc1ktdmg/det-politiske-grundlag-for-firkloeverregeringen.pdf
government	Danemark	22	Immigration / droits sociaux	Un étranger installé légalement en France depuis de nombreuses années devrait, à situation économique comparable, bénéficier des mêmes prestations sociales et du même accès au logement social qu’un citoyen français, sans priorité fondée sur la nationalité.	1	2	Le Danemark impose des conditions exigeantes de résidence et d’emploi avant plusieurs prestations ; après installation durable, l’accès s’élargit, mais la politique reste sensiblement restrictive : +1.	https://stm.dk/media/rc1ktdmg/det-politiske-grundlag-for-firkloeverregeringen.pdf
government	Danemark	23	Immigration	L'accès à la nationalité française devrait être rendu plus exigeant.	2	2	Accord net : Le gouvernement maintient une politique migratoire ferme, l’intégration et les retours, tout en respectant les conventions internationales et l’aide au développement. Transposition ou inférence prudente.	https://stm.dk/media/rc1ktdmg/det-politiske-grundlag-for-firkloeverregeringen.pdf
government	Danemark	24	Immigration	La France devrait être beaucoup plus stricte concernant l'expulsion des étrangers condamnés pour des crimes graves.	3	3	Accord fort : Le gouvernement maintient une politique migratoire ferme, l’intégration et les retours, tout en respectant les conventions internationales et l’aide au développement. Position directement documentée.	https://stm.dk/media/rc1ktdmg/det-politiske-grundlag-for-firkloeverregeringen.pdf
government	Danemark	25	Immigration	Même lorsque l'immigration est économiquement bénéfique, elle peut être légitimement limitée pour préserver la cohésion culturelle du pays.	2	2	Accord net : Le gouvernement maintient une politique migratoire ferme, l’intégration et les retours, tout en respectant les conventions internationales et l’aide au développement. Transposition ou inférence prudente.	https://stm.dk/media/rc1ktdmg/det-politiske-grundlag-for-firkloeverregeringen.pdf
government	Danemark	26	Immigration	La France devrait accueillir davantage de réfugiés lorsqu'ils fuient une guerre ou une persécution, même si cela représente un coût économique.	-2	3	Désaccord net : le gouvernement maintient une ligne restrictive sur l’asile, cherche à réduire les arrivées et soutient des dispositifs de traitement ou de retour hors d’Europe, tout en respectant les obligations internationales.	https://stm.dk/presse/pressemeddelelser/2026/danmark-og-et-flertal-af-eu-lande-presser-paa-for-udrejse-og-modtagecentre-uden-for-europa/
government	Danemark	27	Sécurité / justice	Les peines de prison effectives devraient être plus sévères, même si cela augmente fortement la population carcérale.	2	2	Accord net : le gouvernement prévoit des peines plus lourdes pour les crimes violents et renforce les capacités carcérales, tout en maintenant des politiques de prévention et de réinsertion.	https://stm.dk/media/rc1ktdmg/det-politiske-grundlag-for-firkloeverregeringen.pdf
government	Danemark	28	Sécurité / justice	Il vaut mieux investir dans la prévention et la réinsertion que dans l'augmentation des sanctions.	2	2	Accord net : La ligne associe sécurité renforcée, État de droit, prévention et protection de la cohésion sociale. Transposition ou inférence prudente.	https://stm.dk/media/rc1ktdmg/det-politiske-grundlag-for-firkloeverregeringen.pdf
government	Danemark	29	Sécurité / justice	La police devrait disposer de pouvoirs plus importants pour lutter contre la criminalité, quitte à accepter davantage de contrôles sur certaines libertés individuelles.	2	2	Accord net : La ligne associe sécurité renforcée, État de droit, prévention et protection de la cohésion sociale. Transposition ou inférence prudente.	https://stm.dk/media/rc1ktdmg/det-politiske-grundlag-for-firkloeverregeringen.pdf
government	Danemark	30	Agriculture / commerce	La France devrait pouvoir interdire l’importation de produits agricoles fabriqués selon des normes qu’elle interdit à ses propres agriculteurs, même si cela faisait disparaître des rayons les produits alimentaires les moins chers.	0	2	Position non tranchée : le gouvernement danois combine des normes agricoles et environnementales élevées avec une priorité récente donnée à la baisse du prix de l’alimentation. Aucune proposition directe de principe général interdisant les importations produites sous des normes différentes n’a été identifiée.	https://stm.dk/media/rc1ktdmg/det-politiske-grundlag-for-firkloeverregeringen.pdf
government	Danemark	32	Écologie	La lutte contre le changement climatique doit rester prioritaire même lorsqu'elle réduit la croissance économique à court terme.	1	3	Accord modéré : le gouvernement Frederiksen mène une politique climatique ambitieuse mais présente la transition comme compatible avec la croissance et la compétitivité ; +2 serait trop fort pour une baisse explicite de croissance.	https://stm.dk/media/rc1ktdmg/det-politiske-grundlag-for-firkloeverregeringen.pdf
government	Danemark	33	Écologie	Il faut accepter une hausse importante du prix des énergies fossiles pour accélérer la transition écologique.	1	3	Accord modéré : le gouvernement accepte une tarification du carbone et une transition climatique ambitieuse, mais cherche aussi à préserver le pouvoir d’achat et la compétitivité ; il ne défend pas sans réserve une forte hausse du prix des énergies fossiles.	https://stm.dk/media/rc1ktdmg/det-politiske-grundlag-for-firkloeverregeringen.pdf
government	Danemark	34	Economie	Une partie des cotisations sociales sur les salaires devrait être remplacée par une hausse de la TVA afin d’augmenter les salaires nets et de réduire le coût du travail, même si cela augmente le prix des biens et services consommés	1	1	Le modèle danois finance une part importante de la protection sociale par l’impôt sur la consommation plutôt que par de lourdes cotisations, ce qui va dans le sens de la proposition. Aucune réforme actuelle exactement équivalente identifiée : +1, confiance 1.	https://stm.dk/media/rc1ktdmg/det-politiske-grundlag-for-firkloeverregeringen.pdf
government	Danemark	35	Écologie	Les politiques écologiques devraient reposer principalement sur des mécanismes de marché comme la taxe carbone plutôt que sur des interdictions.	0	3	Position équilibrée : la politique climatique danoise combine taxe carbone, mécanismes de marché, subventions, normes et interdictions ; aucune préférence générale pour le marché plutôt que pour la réglementation ne se dégage.	https://stm.dk/media/rc1ktdmg/det-politiske-grundlag-for-firkloeverregeringen.pdf
government	Danemark	36	Écologie	Il est justifié d'interdire certains produits ou comportements très polluants même lorsque les consommateurs les souhaitent.	2	2	Accord net : Le gouvernement se présente comme très vert, accélère l’électrification et les renouvelables et accepte des instruments fiscaux et réglementaires. Transposition ou inférence prudente.	https://stm.dk/media/rc1ktdmg/det-politiske-grundlag-for-firkloeverregeringen.pdf
government	Danemark	37	Écologie	Les pays riches devraient supporter une part prépondérante du coût de la transition écologique mondiale.	2	2	Accord net : Le gouvernement se présente comme très vert, accélère l’électrification et les renouvelables et accepte des instruments fiscaux et réglementaires. Transposition ou inférence prudente.	https://stm.dk/media/rc1ktdmg/det-politiske-grundlag-for-firkloeverregeringen.pdf
government	Danemark	38	Europe	La France devrait transférer davantage de compétences à l'Union européenne afin de renforcer son poids économique et géopolitique.	2	3	Accord net : Le programme place l’UE au cœur de la politique danoise et défend une Europe plus intégrée et capable d’agir, tout en conservant la monnaie danoise. Position directement documentée.	https://stm.dk/media/rc1ktdmg/det-politiske-grundlag-for-firkloeverregeringen.pdf
government	Danemark	39	Europe	La France devrait conserver autant que possible sa souveraineté nationale, même si cela réduit son influence au niveau européen.	-2	2	Désaccord net : Le programme place l’UE au cœur de la politique danoise et défend une Europe plus intégrée et capable d’agir, tout en conservant la monnaie danoise. Transposition ou inférence prudente.	https://stm.dk/media/rc1ktdmg/det-politiske-grundlag-for-firkloeverregeringen.pdf
government	Danemark	40	Europe	L'euro est globalement bénéfique pour la France malgré la perte de certains instruments de politique économique.	-2	1	Désaccord net : le Danemark conserve volontairement la couronne danoise et bénéficie d'une dérogation permanente à l'euro. Le choix de rester hors de la monnaie unique indique un désaccord clair avec l'idée que l'euro serait globalement bénéfique malgré la perte d'instruments nationaux, sans pour autant traduire une hostilité générale à l'intégration européenne.	https://stm.dk/media/rc1ktdmg/det-politiske-grundlag-for-firkloeverregeringen.pdf
government	Danemark	41	Europe	L'Union européenne devrait pouvoir imposer davantage de règles communes aux États membres.	2	2	Accord net mais non maximal : le Danemark soutient une Union capable d’agir davantage dans des domaines communs comme la sécurité, le climat ou la compétitivité, mais cela ne revient pas à souhaiter systématiquement davantage de réglementation européenne dans tous les domaines. La formulation générale de la question justifie +2 plutôt que +3.	https://regeringen.dk/om-regeringen/regeringer-siden-1848/regeringen-mette-frederiksen-iii/
government	Danemark	42	Europe	En cas de conflit entre les intérêts économiques français et les règles européennes, la France devrait pouvoir désobéir à certaines règles européennes.	-3	3	Désaccord fort : Le programme place l’UE au cœur de la politique danoise et défend une Europe plus intégrée et capable d’agir, tout en conservant la monnaie danoise. Position directement documentée.	https://stm.dk/media/rc1ktdmg/det-politiske-grundlag-for-firkloeverregeringen.pdf
government	Danemark	43	Fiscalité / patrimoine	Il faudrait supprimer l'IFI et ne plus taxer spécifiquement le patrimoine immobilier au-delà de la fiscalité ordinaire.	-2	3	Désaccord net par analogie : la taxe danoise sur la valeur immobilière applique un taux supérieur à la fraction de valeur dépassant 9,2 millions de couronnes.	https://skat.dk/en-us/individuals/property/introduction-to-property-in-denmark
government	Danemark	44	Fiscalité / patrimoine	L'héritage devrait être davantage taxé au-delà d'un certain seuil de patrimoine transmis, même si cela conduit certaines familles à transmettre moins de patrimoine à leurs enfants.	1	1	Accord modéré : le gouvernement relève l’abattement successoral mais augmente aussi la taxation des héritages les plus élevés ; cela va dans le sens d’une taxation accrue au-delà d’un seuil, avec une intensité limitée par le ciblage de la mesure.	https://stm.dk/media/rc1ktdmg/det-politiske-grundlag-for-firkloeverregeringen.pdf
government	Danemark	45	Fiscalité / patrimoine	Les très grandes fortunes devraient être imposées sur leur patrimoine mondial, même lorsqu'elles quittent la France.	-1	1	Réserve : Le programme combine baisse de l’impôt sur les sociétés et de certains impôts supérieurs, soutien aux entreprises, plein emploi et renforcement de prestations universelles. Position peu explicite ou comparaison institutionnelle limitée.	https://stm.dk/media/rc1ktdmg/det-politiske-grundlag-for-firkloeverregeringen.pdf
government	Danemark	46	Travail / chômage	Un chômeur devrait pouvoir perdre une partie significative de ses allocations s'il refuse plusieurs emplois raisonnablement adaptés à ses compétences.	2	3	Accord net : Le programme combine baisse de l’impôt sur les sociétés et de certains impôts supérieurs, soutien aux entreprises, plein emploi et renforcement de prestations universelles. Position directement documentée.	https://stm.dk/media/rc1ktdmg/det-politiske-grundlag-for-firkloeverregeringen.pdf
government	Danemark	47	Outre-mer / vie chère	L’État devrait garantir que les produits essentiels ne coûtent pas beaucoup plus cher dans les DOM/TOM que dans l’Hexagone, quitte à subventionner durablement leur transport ou leur prix avec l’argent public national.	2	2	Le Danemark finance massivement au Groenland des mesures de bien-être et d’infrastructure pour compenser des handicaps structurels d’éloignement ; l’analogie avec une garantie directe des prix reste partielle : +2.	https://stm.dk/presse/pressemeddelelser/2025/groenland-og-danmark-styrker-med-ny-aftale-samarbejdet-om-velfaerd-og-oekonomisk-udvikling-i-groenland/
government	Danemark	48	Travail / chômage	Le CDI protège trop fortement les salariés déjà en poste et peut rendre plus difficile l’accès à l’emploi stable, au détriment des jeunes, chômeurs ou travailleurs en contrats précaires.	1	1	Accord modéré : le modèle danois de flexicurité repose sur une protection de l’emploi permanent plus flexible qu’en France, tout en conservant des préavis et des garanties contre les licenciements injustifiés.	https://stm.dk/media/rc1ktdmg/det-politiske-grundlag-for-firkloeverregeringen.pdf
government	Danemark	49	Retraites	Les retraites devraient être progressivement réformées vers un système combinant répartition et capitalisation, même si cela implique une période de transition coûteuse.	3	3	Accord fort : le système danois combine pension publique, ATP obligatoire capitalisé et pensions professionnelles collectives largement généralisées. La combinaison structurelle entre répartition et capitalisation correspond directement à la question : +3.	https://www.atp.dk/en/our-tasks/atp-livslang-pension-lifelong-pension/pay-slip-payment
government	Danemark	50	Retraites	L'âge légal de départ à la retraite devrait être automatiquement indexé sur l'espérance de vie nationale.	1	3	Accord modéré : le Danemark conserve un mécanisme liant l’évolution de l’âge de la retraite à l’espérance de vie, mais les relèvements restent validés politiquement et ne relèvent pas d’une automaticité pure.	https://stm.dk/media/rc1ktdmg/det-politiske-grundlag-for-firkloeverregeringen.pdf
government	Danemark	51	Protection sociale	Les prestations sociales devraient être fortement conditionnées à la durée de cotisation et de participation au marché du travail.	2	3	Accord net : Le programme combine baisse de l’impôt sur les sociétés et de certains impôts supérieurs, soutien aux entreprises, plein emploi et renforcement de prestations universelles. Position directement documentée.	https://stm.dk/media/rc1ktdmg/det-politiske-grundlag-for-firkloeverregeringen.pdf
government	Danemark	53	État / entreprises	Une entreprise qui reçoit plusieurs milliards d'euros d'aides publiques devrait pouvoir être contrainte de limiter ses dividendes et les rémunérations de ses dirigeants tant que l'aide n'est pas remboursée.	2	2	Accord net : Le programme combine baisse de l’impôt sur les sociétés et de certains impôts supérieurs, soutien aux entreprises, plein emploi et renforcement de prestations universelles. Transposition ou inférence prudente.	https://stm.dk/media/rc1ktdmg/det-politiske-grundlag-for-firkloeverregeringen.pdf
government	Danemark	54	État / entreprises	L'État devrait davantage utiliser son pouvoir d'actionnaire pour orienter les grandes entreprises françaises vers des objectifs industriels de long terme.	1	1	Accord modéré : Le programme combine baisse de l’impôt sur les sociétés et de certains impôts supérieurs, soutien aux entreprises, plein emploi et renforcement de prestations universelles. Position peu explicite ou comparaison institutionnelle limitée.	https://stm.dk/media/rc1ktdmg/det-politiske-grundlag-for-firkloeverregeringen.pdf
government	Danemark	55	État / entreprises	Il faudrait réduire fortement les normes administratives pesant sur les entreprises, même si certaines protections environnementales ou sociales deviennent moins strictes.	0	3	Position équilibrée : le gouvernement veut réduire fortement les charges réglementaires des entreprises, mais précise que cette simplification ne doit pas affaiblir les protections fondamentales sociales, environnementales ou des consommateurs.	https://stm.dk/media/rc1ktdmg/det-politiske-grundlag-for-firkloeverregeringen.pdf
government	Danemark	56	Immigration / régularisation	Un étranger en situation irrégulière qui travaille de façon stable en France depuis plusieurs années et n’a commis aucun délit devrait pouvoir être régularisé, même s’il est entré ou est resté sur le territoire sans autorisation.	-3	3	Désaccord fort : le gouvernement Frederiksen III veut réduire les flux irréguliers et augmenter les retours, en affirmant que le maintien sur le territoire doit relever d’une décision démocratique et d’un séjour légal ; la proposition de régularisation par le seul ancrage professionnel est contraire à cette ligne.	https://stm.dk/statsministeriet/publikationer/faelles-brev-om-udrejse-og-modtagecentre-uden-for-europa/
government	Danemark	57	Immigration / assimilation	L'accès à certaines prestations sociales devrait être beaucoup plus limité pendant les premières années suivant l'arrivée d'un immigré.	3	3	Accord fort : pour accéder aux taux ordinaires de l’aide sociale, les nouveaux arrivants concernés doivent notamment satisfaire de longues conditions de résidence et de travail. Le système danois correspond très directement à une limitation importante des prestations pendant les premières années : +3.	https://lifeindenmark.borger.dk/money-and-tax/social-benefits/social-assistance
government	Danemark	58	Immigration / assimilation	La France devrait privilégier l'immigration économique qualifiée, même si cela signifie accueillir moins de personnes peu qualifiées.	3	3	Accord fort : Le gouvernement maintient une politique migratoire ferme, l’intégration et les retours, tout en respectant les conventions internationales et l’aide au développement. Position directement documentée.	https://stm.dk/media/rc1ktdmg/det-politiske-grundlag-for-firkloeverregeringen.pdf
government	Danemark	59	Immigration / assimilation	Une personne née en France de parents étrangers devrait automatiquement devenir française à sa majorité si elle y a grandi, même si elle ne manifeste pas particulièrement d'attachement à la France.	-3	3	Désaccord fort : la naissance et l’enfance au Danemark ne suffisent pas ; l’acquisition ordinaire exige une naturalisation et, en principe, neuf années de résidence ainsi que d’autres conditions.	https://lifeindenmark.borger.dk/settle-in-denmark/danish-citizenship/conditions-for-foreign-citizens--acquisition-of-danish-citizenship
government	Danemark	60	Immigration / assimilation	La France devrait pouvoir refuser l'entrée à un immigré légalement admissible lorsqu'il existe de fortes raisons de penser qu'il ne souhaite pas s'intégrer culturellement à la société française.	2	2	Accord net : Le gouvernement maintient une politique migratoire ferme, l’intégration et les retours, tout en respectant les conventions internationales et l’aide au développement. Transposition ou inférence prudente.	https://stm.dk/media/rc1ktdmg/det-politiske-grundlag-for-firkloeverregeringen.pdf
government	Danemark	61	Immigration / assimilation	Le fait de conserver des pratiques culturelles ou religieuses très différentes de celles de la majorité française n'est pas en soi un problème tant que les lois françaises sont respectées.	2	2	Accord net : Le gouvernement maintient une politique migratoire ferme, l’intégration et les retours, tout en respectant les conventions internationales et l’aide au développement. Transposition ou inférence prudente.	https://stm.dk/media/rc1ktdmg/det-politiske-grundlag-for-firkloeverregeringen.pdf
government	Danemark	63	Libertés / sécurité	Pour lutter contre le terrorisme, l'État devrait pouvoir surveiller préventivement une personne considérée comme présentant un risque sérieux, même sans preuve suffisante pour engager des poursuites pénales.	2	2	Accord net : La ligne associe sécurité renforcée, État de droit, prévention et protection de la cohésion sociale. Transposition ou inférence prudente.	https://stm.dk/media/rc1ktdmg/det-politiske-grundlag-for-firkloeverregeringen.pdf
government	Danemark	64	Libertés / expression	Une personne qui tient publiquement des propos profondément offensants mais qui n'appelle ni à la violence ni à commettre une infraction devrait être protégée par la liberté d'expression.	1	1	Accord modéré : La ligne associe sécurité renforcée, État de droit, prévention et protection de la cohésion sociale. Position peu explicite ou comparaison institutionnelle limitée.	https://stm.dk/media/rc1ktdmg/det-politiske-grundlag-for-firkloeverregeringen.pdf
government	Danemark	66	Sécurité	Lorsqu’un conducteur refuse d’obtempérer et prend la fuite, les policiers devraient pouvoir utiliser leur arme à feu même si le danger pour leur vie n’est pas immédiat.	-2	3	Désaccord net par analogie : la réglementation danoise réserve l’arme à feu notamment aux attaques dangereuses et aux dangers imminents pour la vie ou la santé ; la fuite seule ne suffit pas.	https://www.retsinformation.dk/eli/lta/2024/825
government	Danemark	67	Écologie	Une taxe carbone qui réduit les émissions de CO₂ devrait être maintenue même si elle diminue le pouvoir d’achat des ménages modestes, à condition de compenser ces derniers par des aides ciblées.	2	3	Accord net : Le gouvernement se présente comme très vert, accélère l’électrification et les renouvelables et accepte des instruments fiscaux et réglementaires. Position directement documentée.	https://stm.dk/media/rc1ktdmg/det-politiske-grundlag-for-firkloeverregeringen.pdf
government	Danemark	68	Écologie	La France devrait interdire progressivement la vente de voitures thermiques même si cela augmente temporairement le prix moyen des véhicules.	2	3	Accord net : Le gouvernement se présente comme très vert, accélère l’électrification et les renouvelables et accepte des instruments fiscaux et réglementaires. Position directement documentée.	https://stm.dk/media/rc1ktdmg/det-politiske-grundlag-for-firkloeverregeringen.pdf
government	Danemark	69	Écologie	Il faut privilégier le nucléaire même si cela conduit à réduire certains investissements dans les renouvelables.	-2	2	Désaccord net : Le gouvernement se présente comme très vert, accélère l’électrification et les renouvelables et accepte des instruments fiscaux et réglementaires. Transposition ou inférence prudente.	https://stm.dk/media/rc1ktdmg/det-politiske-grundlag-for-firkloeverregeringen.pdf
government	Danemark	71	Écologie / croissance	Si la France pouvait réduire ses émissions de 20 % mais que cela réduisait son PIB de 3 %, alors que les autres pays ne faisaient aucun effort comparable, il faudrait quand même le faire.	1	2	Accord modéré : le volontarisme climatique danois justifie une note positive, mais aucune position suffisamment directe n'établit l'acceptation d'une perte de 3 % de PIB en l'absence d'effort comparable des autres pays.	https://stm.dk/media/rc1ktdmg/det-politiske-grundlag-for-firkloeverregeringen.pdf
government	Danemark	72	Institutions	Pour certaines décisions économiques complexes, il serait préférable de confier davantage de pouvoir à des institutions indépendantes composées d'experts plutôt qu'aux responsables politiques élus.	1	1	Accord modéré : Le système parlementaire danois privilégie les coalitions, les compromis, les partenaires sociaux et la représentation proportionnelle. Position peu explicite ou comparaison institutionnelle limitée.	https://stm.dk/media/rc1ktdmg/det-politiske-grundlag-for-firkloeverregeringen.pdf
government	Danemark	73	Institutions	Un gouvernement devrait pouvoir prendre une décision économiquement nécessaire mais très impopulaire sans chercher à obtenir l'approbation immédiate de la population.	1	1	Accord modéré : Le système parlementaire danois privilégie les coalitions, les compromis, les partenaires sociaux et la représentation proportionnelle. Position peu explicite ou comparaison institutionnelle limitée.	https://stm.dk/media/rc1ktdmg/det-politiske-grundlag-for-firkloeverregeringen.pdf
government	Danemark	74	Institutions	Le référendum devrait être beaucoup plus utilisé, même lorsque les citoyens votent sur des sujets dont ils maîtrisent mal les aspects techniques.	0	1	Position de compromis : Le système parlementaire danois privilégie les coalitions, les compromis, les partenaires sociaux et la représentation proportionnelle. Position peu explicite ou comparaison institutionnelle limitée.	https://stm.dk/media/rc1ktdmg/det-politiske-grundlag-for-firkloeverregeringen.pdf
government	Danemark	75	Institutions	Il serait acceptable de donner davantage de poids politique aux citoyens qui démontrent un niveau élevé de connaissance du fonctionnement des institutions et de l'économie.	-2	1	Désaccord net : le système politique danois repose sur l’égalité du suffrage et ne prévoit pas de donner davantage de poids politique aux citoyens selon leur niveau de connaissance.	https://stm.dk/media/rc1ktdmg/det-politiske-grundlag-for-firkloeverregeringen.pdf
government	Danemark	76	Institutions	Le président de la République devrait disposer de davantage de pouvoirs pour pouvoir mettre en œuvre un programme pendant cinq ans sans être constamment bloqué par le Parlement.	-2	1	Désaccord net : le gouvernement dépend en permanence du Folketing et ne peut pas gouverner durablement contre une majorité parlementaire ; le modèle danois ne va pas dans le sens d’un exécutif renforcé afin de contourner le Parlement.	https://stm.dk/media/rc1ktdmg/det-politiske-grundlag-for-firkloeverregeringen.pdf
government	Danemark	77	Institutions	La proportionnelle intégrale serait préférable au système actuel, même si elle rendait plus fréquentes les coalitions et les gouvernements instables.	2	3	Accord net : Le système parlementaire danois privilégie les coalitions, les compromis, les partenaires sociaux et la représentation proportionnelle. Position directement documentée.	https://stm.dk/media/rc1ktdmg/det-politiske-grundlag-for-firkloeverregeringen.pdf
government	Danemark	78	Immigration / assimilation	Le droit de séjour durable en France devrait dépendre, sauf impossibilité particulière, d’efforts concrets pour apprendre le français, comprendre les règles et usages du pays et participer à la vie collective.	3	3	Accord fort : Le gouvernement maintient une politique migratoire ferme, l’intégration et les retours, tout en respectant les conventions internationales et l’aide au développement. Position directement documentée.	https://stm.dk/media/rc1ktdmg/det-politiske-grundlag-for-firkloeverregeringen.pdf
government	Danemark	79	Immigration / délinquance	Les différences de délinquance observées s’expliquent davantage par les inégalités sociales et économiques que par la culture d’origine des personnes concernées.	-1	1	Réserve : Le gouvernement maintient une politique migratoire ferme, l’intégration et les retours, tout en respectant les conventions internationales et l’aide au développement. Position peu explicite ou comparaison institutionnelle limitée.	https://stm.dk/media/rc1ktdmg/det-politiske-grundlag-for-firkloeverregeringen.pdf
government	Danemark	80	Écologie / agriculture	La France devrait interdire aux agriculteurs l’usage d’un produit jugé trop polluant, même si cette interdiction les désavantage face à des concurrents étrangers qui peuvent encore l’utiliser.	2	3	Accord net : l’autorité environnementale danoise a retiré en 2026 l’autorisation de deux produits à base de propyzamide en raison du risque de pollution des eaux souterraines. Le Danemark accepte donc concrètement des interdictions agricoles pour motif environnemental, même si la question de l’écart de compétitivité n’est pas formulée explicitement.	https://mst.dk/nyheder/2026/april/miljoestyrelsen-forbyder-to-pesticidmidler-med-propyzamid
government	Danemark	81	Santé / accès aux soins	Dans les zones où l'accès aux soins est insuffisant, l'Assurance maladie devrait pouvoir limiter le conventionnement de nouveaux médecins dans les zones déjà bien dotées afin d'encourager leur installation dans les déserts médicaux.	3	2	Accord fort : la planification de la médecine générale répartit les capacités et autorisations d’exercice financées par le système public selon les besoins territoriaux afin de mieux distribuer les médecins.	https://stm.dk/media/rc1ktdmg/det-politiske-grundlag-for-firkloeverregeringen.pdf
government	Danemark	82	Santé / assurance maladie	L'Assurance maladie devrait rembourser intégralement les soins essentiels, quitte à réduire fortement le rôle des complémentaires santé.	3	3	Accord fort : le programme de santé retenu permet d'estimer la place accordée à l'assurance publique et aux complémentaires. Niveau de preuve : preuve directe ou politique explicitement documentée.	https://stm.dk/media/rc1ktdmg/det-politiske-grundlag-for-firkloeverregeringen.pdf
government	Danemark	83	Santé / hôpital	Il faut accepter de fermer ou regrouper certaines petites maternités et certains services d'urgence afin de concentrer les équipes et les équipements dans des établissements plus importants.	2	3	Accord net : le Danemark accepte la concentration de certains soins hospitaliers et services spécialisés, mais la réforme actuelle cherche aussi à rapprocher une partie des soins des habitants ; le soutien au regroupement n’est donc pas absolu.	https://stm.dk/media/rc1ktdmg/det-politiske-grundlag-for-firkloeverregeringen.pdf
government	Danemark	84	Éducation / autonomie	Les chefs d'établissement scolaire devraient pouvoir recruter eux-même une partie de leurs enseignants et peser davantage dans leur évaluation.	2	2	Accord net : la position est estimée à partir des propositions d'autonomie des établissements, de recrutement et de gestion des enseignants. Niveau de preuve : faisceau d’indices cohérent, sans équivalent toujours parfaitement identique.	https://stm.dk/media/rc1ktdmg/det-politiske-grundlag-for-firkloeverregeringen.pdf
government	Danemark	85	Éducation / mixité sociale	Le financement public des établissements privés sous contrat devrait être conditionné à des objectifs mesurables de mixité sociale.	1	1	Accord modéré : la position est estimée à partir des propositions sur l'enseignement privé, son financement et la mixité sociale. Niveau de preuve : estimation prudente à partir de la ligne générale.	https://stm.dk/media/rc1ktdmg/det-politiske-grundlag-for-firkloeverregeringen.pdf
government	Danemark	86	Logement / locations touristiques	Dans les zones où le logement manque, une commune devrait pouvoir interdire la location touristique régulière d'un logement qui n'est pas la résidence principale de son propriétaire.	2	2	Accord net : la source retenue précise le degré de régulation souhaité pour les meublés touristiques et les pouvoirs locaux. Niveau de preuve : faisceau d’indices cohérent, sans équivalent toujours parfaitement identique.	https://stm.dk/media/rc1ktdmg/det-politiske-grundlag-for-firkloeverregeringen.pdf
government	Danemark	87	Défense / Ukraine	La France devrait continuer à fournir une aide militaire et financière importante à l'Ukraine tant que son territoire reste occupé, même si la guerre se prolonge.	3	3	Accord fort : le vote ou la politique officielle sur le soutien durable à l'Ukraine constitue l'indicateur principal. Niveau de preuve : preuve directe ou politique explicitement documentée.	https://regeringen.dk/aktuelt/nyheder/2025/pressemoede-med-costa-von-der-leyen-og-zelenskyy-den-3-juli-2025/
government	Danemark	88	Défense / dissuasion nucléaire	La dissuasion nucléaire française devrait aussi protéger les partenaires européens, tout en laissant à la France seule la décision finale de l'employer.	3	3	Accord fort : en mars 2026, le gouvernement Frederiksen a rejoint le dialogue stratégique français sur la dissuasion nucléaire européenne, en acceptant consultations et participation à des exercices tout en laissant inchangée la maîtrise française de sa dissuasion ; la correspondance avec la question est presque exacte.	https://stm.dk/presse/pressemoedearkiv/2026/pressemoede-den-2-marts-2026/
government	Danemark	89	Santé / fin de vie	Une personne majeure atteinte d'une maladie grave et incurable provoquant des souffrances insupportables devrait pouvoir recevoir une aide médicale à mourir dans un cadre strictement contrôlé.	0	1	Position neutre, partagée ou non arrêtée : le vote, la loi ou la position gouvernementale sur l'aide à mourir fournit un équivalent direct ou très proche. Niveau de preuve : estimation prudente à partir de la ligne générale.	https://regeringen.dk/aktuelt/statsministerens-aabningstale/statsministerens-aabningstale-2023/
government	Danemark	90	Dépendance / EHPAD	Les groupes privés à but lucratif ne devraient plus pouvoir gérer d'EHPAD. Les établissements existants devraient progressivement devenir publics ou non lucratifs.	-3	2	Désaccord fort : la politique danoise de la dépendance maintient et organise la coexistence de prestataires publics et privés, avec libre choix et égalité de traitement ; elle est à l’opposé d’une interdiction des gestionnaires privés lucratifs.	https://stm.dk/media/rc1ktdmg/det-politiske-grundlag-for-firkloeverregeringen.pdf
government	Danemark	91	Famille / prestations	Les allocations familiales devraient être versées à toutes les familles selon le nombre d'enfants, sans diminuer lorsque les revenus augmentent.	-1	2	Réserve : le modèle de prestations familiales et la ligne programmatique permettent d'estimer la préférence pour l'universalité ou le ciblage. Niveau de preuve : faisceau d’indices cohérent, sans équivalent toujours parfaitement identique.	https://stm.dk/media/rc1ktdmg/det-politiske-grundlag-for-firkloeverregeringen.pdf
government	Danemark	92	Numérique / mineurs	L'accès aux réseaux sociaux devrait être interdit aux moins de 15 ans, même avec l'accord de leurs parents.	3	3	Accord fort : le gouvernement met en œuvre une limite de 15 ans pour l’accès aux réseaux sociaux et veut supprimer la dérogation parentale permettant actuellement un accès plus précoce.	https://www.digmin.dk/Media/638981156766342129/Aftaletekst%20om%20digital%20brnebeskyttelse.pdf
government	Danemark	93	Numérique / intelligence artificielle	Les administrations publiques devraient privilégier des modèles d'intelligence artificielle hébergés en Europe, même s'ils sont temporairement moins performants ou plus coûteux que leurs concurrents étrangers.	2	2	Accord net : la stratégie numérique permet d'estimer la priorité accordée à la souveraineté européenne par rapport au coût et à la performance. Niveau de preuve : faisceau d’indices cohérent, sans équivalent toujours parfaitement identique.	https://regeringen.dk/media/ohljoptp/digitaliseringspartnerskabets-rapport.pdf
government	Pays-Bas	1	Économie	Il faut réduire les impôts sur le travail et le capital, même si cela implique de réduire certaines dépenses publiques.	2	3	Accord net : codage fondé sur les documents officiels retenus pour le thème « Économie ». Niveau de preuve : position ou mesure explicitement documentée.	https://www.government.nl/site/binaries/site-content/collections/documents/2026/02/23/2026-2030-coalition-agreement-lets-get-to-work---building-a-better-netherlands/2026-2030-coalition-agreement-let%E2%80%99s-get-to-work-building-a-better-netherlands.pdf
government	Pays-Bas	2	Économie	Les inégalités économiques sont acceptables tant qu'elles résultent principalement du travail ou de la prise de risque.	1	1	Accord modéré : codage fondé sur les documents officiels retenus pour le thème « Économie ». Niveau de preuve : analogie prudente, sans proposition parfaitement équivalente.	https://www.government.nl/site/binaries/site-content/collections/documents/2026/02/23/2026-2030-coalition-agreement-lets-get-to-work---building-a-better-netherlands/2026-2030-coalition-agreement-let%E2%80%99s-get-to-work-building-a-better-netherlands.pdf
government	Pays-Bas	3	Économie	L'État devrait davantage taxer les hauts revenus et les gros patrimoines afin de réduire les inégalités.	-1	1	Réserve : codage fondé sur les documents officiels retenus pour le thème « Économie ». Niveau de preuve : analogie prudente, sans proposition parfaitement équivalente.	https://www.government.nl/site/binaries/site-content/collections/documents/2026/02/23/2026-2030-coalition-agreement-lets-get-to-work---building-a-better-netherlands/2026-2030-coalition-agreement-let%E2%80%99s-get-to-work-building-a-better-netherlands.pdf
government	Pays-Bas	4	Économie	Les entreprises devraient être obligées de limiter l’écart entre la rémunération de leurs dirigeants et celle de leurs salariés les moins bien payés.	0	3	Position équilibrée : les Pays-Bas plafonnent fortement certaines rémunérations dans le secteur public et semi-public, mais n’imposent pas de ratio général entre dirigeants et salariés dans les entreprises privées. Le système combine donc encadrement ciblé et liberté salariale dans le privé.	https://www.rijksoverheid.nl/themas/overheid-en-democratie/beloningen-bestuurders/topinkomens-overheid
government	Pays-Bas	5	Économie	Le salaire minimum devrait être augmenté significativement.	1	1	Accord modéré : codage fondé sur les documents officiels retenus pour le thème « Économie ». Niveau de preuve : analogie prudente, sans proposition parfaitement équivalente.	https://www.government.nl/site/binaries/site-content/collections/documents/2026/02/23/2026-2030-coalition-agreement-lets-get-to-work---building-a-better-netherlands/2026-2030-coalition-agreement-let%E2%80%99s-get-to-work-building-a-better-netherlands.pdf
government	Pays-Bas	6	Économie	Les entreprises privées sont généralement plus efficaces que l'État pour fournir des biens et services, même dans certains secteurs essentiels.	2	1	Accord net : codage fondé sur les documents officiels retenus pour le thème « Économie ». Niveau de preuve : analogie prudente, sans proposition parfaitement équivalente.	https://www.government.nl/site/binaries/site-content/collections/documents/2026/02/23/2026-2030-coalition-agreement-lets-get-to-work---building-a-better-netherlands/2026-2030-coalition-agreement-let%E2%80%99s-get-to-work-building-a-better-netherlands.pdf
government	Pays-Bas	7	Économie	L'État devrait pouvoir nationaliser temporairement ou durablement une entreprise privée lorsqu'elle contrôle une activité stratégique pour le pays.	1	1	Accord modéré : codage fondé sur les documents officiels retenus pour le thème « Économie ». Niveau de preuve : analogie prudente, sans proposition parfaitement équivalente.	https://www.government.nl/site/binaries/site-content/collections/documents/2026/02/23/2026-2030-coalition-agreement-lets-get-to-work---building-a-better-netherlands/2026-2030-coalition-agreement-let%E2%80%99s-get-to-work-building-a-better-netherlands.pdf
government	Pays-Bas	8	Économie	La concurrence est généralement préférable à la réglementation pour améliorer les prix, la qualité et l'innovation.	2	1	Accord net : codage fondé sur les documents officiels retenus pour le thème « Économie ». Niveau de preuve : analogie prudente, sans proposition parfaitement équivalente.	https://www.government.nl/site/binaries/site-content/collections/documents/2026/02/23/2026-2030-coalition-agreement-lets-get-to-work---building-a-better-netherlands/2026-2030-coalition-agreement-let%E2%80%99s-get-to-work-building-a-better-netherlands.pdf
government	Pays-Bas	9	État	La France dépense trop d'argent public et devrait accepter de réduire certaines politiques sociales pour revenir à l'équilibre budgétaire.	2	3	Accord net : codage fondé sur les documents officiels retenus pour le thème « État ». Niveau de preuve : position ou mesure explicitement documentée.	https://www.government.nl/site/binaries/site-content/collections/documents/2026/02/23/2026-2030-coalition-agreement-lets-get-to-work---building-a-better-netherlands/2026-2030-coalition-agreement-let%E2%80%99s-get-to-work-building-a-better-netherlands.pdf
government	Pays-Bas	10	État	L'État devrait garantir un niveau élevé de protection sociale, même si cela implique une fiscalité importante.	1	1	Accord modéré : codage fondé sur les documents officiels retenus pour le thème « État ». Niveau de preuve : analogie prudente, sans proposition parfaitement équivalente.	https://www.government.nl/site/binaries/site-content/collections/documents/2026/02/23/2026-2030-coalition-agreement-lets-get-to-work---building-a-better-netherlands/2026-2030-coalition-agreement-let%E2%80%99s-get-to-work-building-a-better-netherlands.pdf
government	Pays-Bas	12	État	L'État devrait intervenir beaucoup plus fortement dans l'économie lorsque le marché produit des résultats jugés socialement indésirables.	1	1	Accord modéré : codage fondé sur les documents officiels retenus pour le thème « État ». Niveau de preuve : analogie prudente, sans proposition parfaitement équivalente.	https://www.government.nl/site/binaries/site-content/collections/documents/2026/02/23/2026-2030-coalition-agreement-lets-get-to-work---building-a-better-netherlands/2026-2030-coalition-agreement-let%E2%80%99s-get-to-work-building-a-better-netherlands.pdf
government	Pays-Bas	13	État	Les citoyens devraient avoir davantage de liberté pour choisir eux-mêmes comment utiliser leur argent plutôt que de passer par des systèmes publics obligatoires.	1	1	Accord modéré : codage fondé sur les documents officiels retenus pour le thème « État ». Niveau de preuve : analogie prudente, sans proposition parfaitement équivalente.	https://www.government.nl/site/binaries/site-content/collections/documents/2026/02/23/2026-2030-coalition-agreement-lets-get-to-work---building-a-better-netherlands/2026-2030-coalition-agreement-let%E2%80%99s-get-to-work-building-a-better-netherlands.pdf
government	Pays-Bas	14	Social / société	La société devrait accepter beaucoup plus largement les différents modes de vie, même lorsqu'ils s'éloignent des normes traditionnelles.	2	3	Accord net : codage fondé sur les documents officiels retenus pour le thème « Social / société ». Niveau de preuve : position ou mesure explicitement documentée.	https://www.government.nl/site/binaries/site-content/collections/documents/2026/02/23/2026-2030-coalition-agreement-lets-get-to-work---building-a-better-netherlands/2026-2030-coalition-agreement-let%E2%80%99s-get-to-work-building-a-better-netherlands.pdf
government	Pays-Bas	15	Démocratie	Un gouvernement devrait pouvoir faire adopter le budget sans vote de l’Assemblée nationale lorsqu’aucune majorité stable ne se dégage, afin d’éviter un blocage institutionnel.	-2	2	Désaccord net : les budgets ministériels sont approuvés par les États généraux ; l’exécutif ne dispose pas d’un mécanisme lui permettant d’imposer seul un nouveau budget en cas de blocage.	https://www.government.nl/topics/budget-day/budget-process
government	Pays-Bas	16	Social / société	Réduire les inégalités peut parfois justifier de restreindre certaines libertés individuelles.	-2	1	Désaccord net : codage fondé sur les documents officiels retenus pour le thème « Social / société ». Niveau de preuve : analogie prudente, sans proposition parfaitement équivalente.	https://www.government.nl/site/binaries/site-content/collections/documents/2026/02/23/2026-2030-coalition-agreement-lets-get-to-work---building-a-better-netherlands/2026-2030-coalition-agreement-let%E2%80%99s-get-to-work-building-a-better-netherlands.pdf
government	Pays-Bas	17	Social / société	Les politiques publiques devraient chercher à corriger activement les discriminations historiques ou structurelles entre groupes sociaux.	2	3	Accord net : codage fondé sur les documents officiels retenus pour le thème « Social / société ». Niveau de preuve : position ou mesure explicitement documentée.	https://www.government.nl/site/binaries/site-content/collections/documents/2026/02/23/2026-2030-coalition-agreement-lets-get-to-work---building-a-better-netherlands/2026-2030-coalition-agreement-let%E2%80%99s-get-to-work-building-a-better-netherlands.pdf
government	Pays-Bas	18	Institutions / territoires	Les régions devraient pouvoir adopter des règles différentes en matière économique, sociale ou environnementale plutôt que d’appliquer partout les mêmes règles nationales.	2	3	Accord net : les provinces néerlandaises ont des pouvoirs autonomes dans plusieurs domaines, notamment l’aménagement, l’économie régionale, les infrastructures et la nature, mais une grande partie du cadre juridique demeure fixé nationalement.	https://www.government.nl/themes/government-and-democracy/provinces/provincial-tasks
government	Pays-Bas	19	Social / société	Certaines traditions et valeurs culturelles méritent d'être préservées même si elles évoluent moins vite que la société.	1	1	Accord modéré : codage fondé sur les documents officiels retenus pour le thème « Social / société ». Niveau de preuve : analogie prudente, sans proposition parfaitement équivalente.	https://www.government.nl/site/binaries/site-content/collections/documents/2026/02/23/2026-2030-coalition-agreement-lets-get-to-work---building-a-better-netherlands/2026-2030-coalition-agreement-let%E2%80%99s-get-to-work-building-a-better-netherlands.pdf
government	Pays-Bas	20	Immigration	La France devrait réduire le nombre d'immigrants qu'elle accueille chaque année.	1	3	Accord modéré : le gouvernement Jetten veut reprendre le contrôle des flux en fonction de la capacité d’accueil et des besoins du pays, mais maintient l’immigration professionnelle utile et qualifiée. Une réduction générale est souhaitée de façon sélective plutôt qu’absolue : +1.	https://www.government.nl/government/coalition-agreement
government	Pays-Bas	21	Immigration	L'immigration économique est globalement bénéfique pour l'économie française.	2	3	Accord net : codage fondé sur les documents officiels retenus pour le thème « Immigration ». Niveau de preuve : position ou mesure explicitement documentée.	https://www.government.nl/site/binaries/site-content/collections/documents/2026/02/23/2026-2030-coalition-agreement-lets-get-to-work---building-a-better-netherlands/2026-2030-coalition-agreement-let%E2%80%99s-get-to-work-building-a-better-netherlands.pdf
government	Pays-Bas	22	Immigration / droits sociaux	Un étranger installé légalement en France depuis de nombreuses années devrait, à situation économique comparable, bénéficier des mêmes prestations sociales et du même accès au logement social qu’un citoyen français, sans priorité fondée sur la nationalité.	2	2	Le gouvernement néerlandais durcit les conditions d’immigration mais les droits sociaux des résidents légaux de longue durée ne reposent pas sur une priorité permanente réservée aux citoyens : +2.	https://www.government.nl/documents/publications/2026/02/23/2026-2030-coalition-agreement-lets-get-to-work-building-a-better-netherlands
government	Pays-Bas	23	Immigration	L'accès à la nationalité française devrait être rendu plus exigeant.	2	3	Accord net : codage fondé sur les documents officiels retenus pour le thème « Immigration ». Niveau de preuve : position ou mesure explicitement documentée.	https://www.government.nl/site/binaries/site-content/collections/documents/2026/02/23/2026-2030-coalition-agreement-lets-get-to-work---building-a-better-netherlands/2026-2030-coalition-agreement-let%E2%80%99s-get-to-work-building-a-better-netherlands.pdf
government	Pays-Bas	24	Immigration	La France devrait être beaucoup plus stricte concernant l'expulsion des étrangers condamnés pour des crimes graves.	3	3	Accord fort : codage fondé sur les documents officiels retenus pour le thème « Immigration ». Niveau de preuve : position ou mesure explicitement documentée.	https://www.government.nl/site/binaries/site-content/collections/documents/2026/02/23/2026-2030-coalition-agreement-lets-get-to-work---building-a-better-netherlands/2026-2030-coalition-agreement-let%E2%80%99s-get-to-work-building-a-better-netherlands.pdf
government	Pays-Bas	25	Immigration	Même lorsque l'immigration est économiquement bénéfique, elle peut être légitimement limitée pour préserver la cohésion culturelle du pays.	1	1	Accord modéré : codage fondé sur les documents officiels retenus pour le thème « Immigration ». Niveau de preuve : analogie prudente, sans proposition parfaitement équivalente.	https://www.government.nl/site/binaries/site-content/collections/documents/2026/02/23/2026-2030-coalition-agreement-lets-get-to-work---building-a-better-netherlands/2026-2030-coalition-agreement-let%E2%80%99s-get-to-work-building-a-better-netherlands.pdf
government	Pays-Bas	26	Immigration	La France devrait accueillir davantage de réfugiés lorsqu'ils fuient une guerre ou une persécution, même si cela représente un coût économique.	0	3	Position neutre, partagée ou non arrêtée : codage fondé sur les documents officiels retenus pour le thème « Immigration ». Niveau de preuve : position ou mesure explicitement documentée.	https://www.government.nl/site/binaries/site-content/collections/documents/2026/02/23/2026-2030-coalition-agreement-lets-get-to-work---building-a-better-netherlands/2026-2030-coalition-agreement-let%E2%80%99s-get-to-work-building-a-better-netherlands.pdf
government	Pays-Bas	27	Sécurité / justice	Les peines de prison effectives devraient être plus sévères, même si cela augmente fortement la population carcérale.	1	1	Accord modéré : codage fondé sur les documents officiels retenus pour le thème « Sécurité / justice ». Niveau de preuve : analogie prudente, sans proposition parfaitement équivalente.	https://www.government.nl/site/binaries/site-content/collections/documents/2026/02/23/2026-2030-coalition-agreement-lets-get-to-work---building-a-better-netherlands/2026-2030-coalition-agreement-let%E2%80%99s-get-to-work-building-a-better-netherlands.pdf
government	Pays-Bas	28	Sécurité / justice	Il vaut mieux investir dans la prévention et la réinsertion que dans l'augmentation des sanctions.	2	1	Accord net : codage fondé sur les documents officiels retenus pour le thème « Sécurité / justice ». Niveau de preuve : analogie prudente, sans proposition parfaitement équivalente.	https://www.government.nl/site/binaries/site-content/collections/documents/2026/02/23/2026-2030-coalition-agreement-lets-get-to-work---building-a-better-netherlands/2026-2030-coalition-agreement-let%E2%80%99s-get-to-work-building-a-better-netherlands.pdf
government	Pays-Bas	29	Sécurité / justice	La police devrait disposer de pouvoirs plus importants pour lutter contre la criminalité, quitte à accepter davantage de contrôles sur certaines libertés individuelles.	2	3	Accord net : codage fondé sur les documents officiels retenus pour le thème « Sécurité / justice ». Niveau de preuve : position ou mesure explicitement documentée.	https://www.government.nl/site/binaries/site-content/collections/documents/2026/02/23/2026-2030-coalition-agreement-lets-get-to-work---building-a-better-netherlands/2026-2030-coalition-agreement-let%E2%80%99s-get-to-work-building-a-better-netherlands.pdf
government	Pays-Bas	30	Agriculture / commerce	La France devrait pouvoir interdire l’importation de produits agricoles fabriqués selon des normes qu’elle interdit à ses propres agriculteurs, même si cela faisait disparaître des rayons les produits alimentaires les moins chers.	-1	3	Désaccord modéré : le gouvernement néerlandais défend des standards élevés et un commerce équitable, mais reste fortement attaché à l'ouverture commerciale et veut éviter les surtranspositions nationales. Face à une asymétrie de normes, sa ligne consiste donc aussi à harmoniser ou alléger certaines contraintes plutôt qu'à interdire systématiquement les importations au prix d'un renchérissement alimentaire.	https://www.government.nl/government/coalition-agreement/big-choices-facing-the-netherlands
government	Pays-Bas	32	Écologie	La lutte contre le changement climatique doit rester prioritaire même lorsqu'elle réduit la croissance économique à court terme.	1	3	Accord modéré : le gouvernement Jetten lie explicitement ambition climatique et croissance durable et fixe aussi des objectifs de croissance ; il n'assume pas clairement la priorité climatique en cas de baisse de croissance.	https://www.government.nl/site/binaries/site-content/collections/documents/2026/02/23/2026-2030-coalition-agreement-lets-get-to-work---building-a-better-netherlands/2026-2030-coalition-agreement-let%E2%80%99s-get-to-work-building-a-better-netherlands.pdf
government	Pays-Bas	33	Écologie	Il faut accepter une hausse importante du prix des énergies fossiles pour accélérer la transition écologique.	1	3	Accord modéré : le gouvernement néerlandais poursuit la décarbonation mais insiste sur une énergie abordable et supprime certains surcoûts carbone nationaux ; il ne soutient donc pas fortement une hausse importante du prix des fossiles.	https://www.government.nl/site/binaries/site-content/collections/documents/2026/02/23/2026-2030-coalition-agreement-lets-get-to-work---building-a-better-netherlands/2026-2030-coalition-agreement-let%E2%80%99s-get-to-work-building-a-better-netherlands.pdf
government	Pays-Bas	34	Economie	Une partie des cotisations sociales sur les salaires devrait être remplacée par une hausse de la TVA afin d’augmenter les salaires nets et de réduire le coût du travail, même si cela augmente le prix des biens et services consommés	0	1	Le programme de coalition actuel ne fournit pas de position suffisamment précise sur une substitution de cotisations sociales par la TVA. Score neutre, confiance 1.	https://www.government.nl/documents/publications/2026/02/23/2026-2030-coalition-agreement-lets-get-to-work-building-a-better-netherlands
government	Pays-Bas	35	Écologie	Les politiques écologiques devraient reposer principalement sur des mécanismes de marché comme la taxe carbone plutôt que sur des interdictions.	0	3	Position neutre : la politique climatique néerlandaise combine prix du carbone, subventions, normes et contraintes réglementaires ; elle ne repose pas principalement sur les mécanismes de marché plutôt que sur la réglementation.	https://www.government.nl/site/binaries/site-content/collections/documents/2026/02/23/2026-2030-coalition-agreement-lets-get-to-work---building-a-better-netherlands/2026-2030-coalition-agreement-let%E2%80%99s-get-to-work-building-a-better-netherlands.pdf
government	Pays-Bas	36	Écologie	Il est justifié d'interdire certains produits ou comportements très polluants même lorsque les consommateurs les souhaitent.	2	3	Accord net : codage fondé sur les documents officiels retenus pour le thème « Écologie ». Niveau de preuve : position ou mesure explicitement documentée.	https://www.government.nl/site/binaries/site-content/collections/documents/2026/02/23/2026-2030-coalition-agreement-lets-get-to-work---building-a-better-netherlands/2026-2030-coalition-agreement-let%E2%80%99s-get-to-work-building-a-better-netherlands.pdf
government	Pays-Bas	37	Écologie	Les pays riches devraient supporter une part prépondérante du coût de la transition écologique mondiale.	2	1	Accord net : codage fondé sur les documents officiels retenus pour le thème « Écologie ». Niveau de preuve : analogie prudente, sans proposition parfaitement équivalente.	https://www.government.nl/site/binaries/site-content/collections/documents/2026/02/23/2026-2030-coalition-agreement-lets-get-to-work---building-a-better-netherlands/2026-2030-coalition-agreement-let%E2%80%99s-get-to-work-building-a-better-netherlands.pdf
government	Pays-Bas	38	Europe	La France devrait transférer davantage de compétences à l'Union européenne afin de renforcer son poids économique et géopolitique.	2	3	Accord net : codage fondé sur les documents officiels retenus pour le thème « Europe ». Niveau de preuve : position ou mesure explicitement documentée.	https://www.government.nl/site/binaries/site-content/collections/documents/2026/02/23/2026-2030-coalition-agreement-lets-get-to-work---building-a-better-netherlands/2026-2030-coalition-agreement-let%E2%80%99s-get-to-work-building-a-better-netherlands.pdf
government	Pays-Bas	39	Europe	La France devrait conserver autant que possible sa souveraineté nationale, même si cela réduit son influence au niveau européen.	-2	2	Désaccord net : codage fondé sur les documents officiels retenus pour le thème « Europe ». Niveau de preuve : orientation cohérente étayée par plusieurs éléments.	https://www.government.nl/site/binaries/site-content/collections/documents/2026/02/23/2026-2030-coalition-agreement-lets-get-to-work---building-a-better-netherlands/2026-2030-coalition-agreement-let%E2%80%99s-get-to-work-building-a-better-netherlands.pdf
government	Pays-Bas	40	Europe	L'euro est globalement bénéfique pour la France malgré la perte de certains instruments de politique économique.	3	3	Accord fort : codage fondé sur les documents officiels retenus pour le thème « Europe ». Niveau de preuve : position ou mesure explicitement documentée.	https://www.government.nl/site/binaries/site-content/collections/documents/2026/02/23/2026-2030-coalition-agreement-lets-get-to-work---building-a-better-netherlands/2026-2030-coalition-agreement-let%E2%80%99s-get-to-work-building-a-better-netherlands.pdf
government	Pays-Bas	41	Europe	L'Union européenne devrait pouvoir imposer davantage de règles communes aux États membres.	2	3	Accord net : codage fondé sur les documents officiels retenus pour le thème « Europe ». Niveau de preuve : position ou mesure explicitement documentée.	https://www.government.nl/site/binaries/site-content/collections/documents/2026/02/23/2026-2030-coalition-agreement-lets-get-to-work---building-a-better-netherlands/2026-2030-coalition-agreement-let%E2%80%99s-get-to-work-building-a-better-netherlands.pdf
government	Pays-Bas	42	Europe	En cas de conflit entre les intérêts économiques français et les règles européennes, la France devrait pouvoir désobéir à certaines règles européennes.	-3	3	Désaccord fort : codage fondé sur les documents officiels retenus pour le thème « Europe ». Niveau de preuve : position ou mesure explicitement documentée.	https://www.government.nl/site/binaries/site-content/collections/documents/2026/02/23/2026-2030-coalition-agreement-lets-get-to-work---building-a-better-netherlands/2026-2030-coalition-agreement-let%E2%80%99s-get-to-work-building-a-better-netherlands.pdf
government	Pays-Bas	43	Fiscalité / patrimoine	Il faudrait supprimer l'IFI et ne plus taxer spécifiquement le patrimoine immobilier au-delà de la fiscalité ordinaire.	-1	2	Réserve : les résidences secondaires, logements loués et autres biens immobiliers sont déclarés comme actifs en Box 3 ; le système ne correspond toutefois pas exactement à un IFI ciblant le seul patrimoine immobilier élevé.	https://www.belastingdienst.nl/wps/wcm/connect/en/income-in-box-3/content/box-3-provisional-assessment-2026
government	Pays-Bas	44	Fiscalité / patrimoine	L'héritage devrait être davantage taxé au-delà d'un certain seuil de patrimoine transmis, même si cela conduit certaines familles à transmettre moins de patrimoine à leurs enfants.	0	1	Position neutre, partagée ou non arrêtée : codage fondé sur les documents officiels retenus pour le thème « Fiscalité / patrimoine ». Niveau de preuve : analogie prudente, sans proposition parfaitement équivalente.	https://www.government.nl/site/binaries/site-content/collections/documents/2026/02/23/2026-2030-coalition-agreement-lets-get-to-work---building-a-better-netherlands/2026-2030-coalition-agreement-let%E2%80%99s-get-to-work-building-a-better-netherlands.pdf
government	Pays-Bas	45	Fiscalité / patrimoine	Les très grandes fortunes devraient être imposées sur leur patrimoine mondial, même lorsqu'elles quittent la France.	0	1	Position neutre, partagée ou non arrêtée : codage fondé sur les documents officiels retenus pour le thème « Fiscalité / patrimoine ». Niveau de preuve : analogie prudente, sans proposition parfaitement équivalente.	https://www.government.nl/site/binaries/site-content/collections/documents/2026/02/23/2026-2030-coalition-agreement-lets-get-to-work---building-a-better-netherlands/2026-2030-coalition-agreement-let%E2%80%99s-get-to-work-building-a-better-netherlands.pdf
government	Pays-Bas	46	Travail / chômage	Un chômeur devrait pouvoir perdre une partie significative de ses allocations s'il refuse plusieurs emplois raisonnablement adaptés à ses compétences.	2	3	Accord net : codage fondé sur les documents officiels retenus pour le thème « Travail / chômage ». Niveau de preuve : position ou mesure explicitement documentée.	https://www.government.nl/site/binaries/site-content/collections/documents/2026/02/23/2026-2030-coalition-agreement-lets-get-to-work---building-a-better-netherlands/2026-2030-coalition-agreement-let%E2%80%99s-get-to-work-building-a-better-netherlands.pdf
government	Pays-Bas	47	Outre-mer / vie chère	L’État devrait garantir que les produits essentiels ne coûtent pas beaucoup plus cher dans les DOM/TOM que dans l’Hexagone, quitte à subventionner durablement leur transport ou leur prix avec l’argent public national.	2	3	Le gouvernement néerlandais veut assurer l’accessibilité financière des besoins essentiels à Bonaire, Saba et Saint-Eustache et y consacre des moyens structurels : accord net par analogie, +2.	https://www.government.nl/government/coalition-agreement/a-secure-netherlands-and-a-strong-society
government	Pays-Bas	48	Travail / chômage	Le CDI protège trop fortement les salariés déjà en poste et peut rendre plus difficile l’accès à l’emploi stable, au détriment des jeunes, chômeurs ou travailleurs en contrats précaires.	1	2	Accord modéré : codage fondé sur les documents officiels retenus pour le thème « Travail / chômage ». Niveau de preuve : orientation cohérente étayée par plusieurs éléments.	https://www.government.nl/site/binaries/site-content/collections/documents/2026/02/23/2026-2030-coalition-agreement-lets-get-to-work---building-a-better-netherlands/2026-2030-coalition-agreement-let%E2%80%99s-get-to-work-building-a-better-netherlands.pdf
government	Pays-Bas	49	Retraites	Les retraites devraient être progressivement réformées vers un système combinant répartition et capitalisation, même si cela implique une période de transition coûteuse.	3	3	Accord fort : codage fondé sur les documents officiels retenus pour le thème « Retraites ». Niveau de preuve : position ou mesure explicitement documentée.	https://www.government.nl/site/binaries/site-content/collections/documents/2026/02/23/2026-2030-coalition-agreement-lets-get-to-work---building-a-better-netherlands/2026-2030-coalition-agreement-let%E2%80%99s-get-to-work-building-a-better-netherlands.pdf
government	Pays-Bas	50	Retraites	L'âge légal de départ à la retraite devrait être automatiquement indexé sur l'espérance de vie nationale.	3	3	Accord fort : codage fondé sur les documents officiels retenus pour le thème « Retraites ». Niveau de preuve : position ou mesure explicitement documentée.	https://www.government.nl/site/binaries/site-content/collections/documents/2026/02/23/2026-2030-coalition-agreement-lets-get-to-work---building-a-better-netherlands/2026-2030-coalition-agreement-let%E2%80%99s-get-to-work-building-a-better-netherlands.pdf
government	Pays-Bas	51	Protection sociale	Les prestations sociales devraient être fortement conditionnées à la durée de cotisation et de participation au marché du travail.	2	3	Accord net : codage fondé sur les documents officiels retenus pour le thème « Protection sociale ». Niveau de preuve : position ou mesure explicitement documentée.	https://www.government.nl/site/binaries/site-content/collections/documents/2026/02/23/2026-2030-coalition-agreement-lets-get-to-work---building-a-better-netherlands/2026-2030-coalition-agreement-let%E2%80%99s-get-to-work-building-a-better-netherlands.pdf
government	Pays-Bas	53	État / entreprises	Une entreprise qui reçoit plusieurs milliards d'euros d'aides publiques devrait pouvoir être contrainte de limiter ses dividendes et les rémunérations de ses dirigeants tant que l'aide n'est pas remboursée.	1	1	Accord modéré : codage fondé sur les documents officiels retenus pour le thème « État / entreprises ». Niveau de preuve : analogie prudente, sans proposition parfaitement équivalente.	https://www.government.nl/site/binaries/site-content/collections/documents/2026/02/23/2026-2030-coalition-agreement-lets-get-to-work---building-a-better-netherlands/2026-2030-coalition-agreement-let%E2%80%99s-get-to-work-building-a-better-netherlands.pdf
government	Pays-Bas	54	État / entreprises	L'État devrait davantage utiliser son pouvoir d'actionnaire pour orienter les grandes entreprises françaises vers des objectifs industriels de long terme.	1	1	Accord modéré : codage fondé sur les documents officiels retenus pour le thème « État / entreprises ». Niveau de preuve : analogie prudente, sans proposition parfaitement équivalente.	https://www.government.nl/site/binaries/site-content/collections/documents/2026/02/23/2026-2030-coalition-agreement-lets-get-to-work---building-a-better-netherlands/2026-2030-coalition-agreement-let%E2%80%99s-get-to-work-building-a-better-netherlands.pdf
government	Pays-Bas	55	État / entreprises	Il faudrait réduire fortement les normes administratives pesant sur les entreprises, même si certaines protections environnementales ou sociales deviennent moins strictes.	2	3	Accord net : codage fondé sur les documents officiels retenus pour le thème « État / entreprises ». Niveau de preuve : position ou mesure explicitement documentée.	https://www.government.nl/site/binaries/site-content/collections/documents/2026/02/23/2026-2030-coalition-agreement-lets-get-to-work---building-a-better-netherlands/2026-2030-coalition-agreement-let%E2%80%99s-get-to-work-building-a-better-netherlands.pdf
government	Pays-Bas	56	Immigration / régularisation	Un étranger en situation irrégulière qui travaille de façon stable en France depuis plusieurs années et n’a commis aucun délit devrait pouvoir être régularisé, même s’il est entré ou est resté sur le territoire sans autorisation.	-1	3	Désaccord modéré : la coalition néerlandaise actuelle veut réduire les abus et les flux irréguliers, soutenir les retours et réserver l’immigration de travail aux besoins identifiés ; elle ne défend pas une régularisation générale par l’ancienneté et le travail, tout en gardant des clauses humanitaires.	https://www.government.nl/government/coalition-agreement/the-netherlands-in-the-world
government	Pays-Bas	57	Immigration / assimilation	L'accès à certaines prestations sociales devrait être beaucoup plus limité pendant les premières années suivant l'arrivée d'un immigré.	2	3	Accord net : codage fondé sur les documents officiels retenus pour le thème « Immigration / assimilation ». Niveau de preuve : position ou mesure explicitement documentée.	https://www.government.nl/site/binaries/site-content/collections/documents/2026/02/23/2026-2030-coalition-agreement-lets-get-to-work---building-a-better-netherlands/2026-2030-coalition-agreement-let%E2%80%99s-get-to-work-building-a-better-netherlands.pdf
government	Pays-Bas	58	Immigration / assimilation	La France devrait privilégier l'immigration économique qualifiée, même si cela signifie accueillir moins de personnes peu qualifiées.	3	3	Accord fort : codage fondé sur les documents officiels retenus pour le thème « Immigration / assimilation ». Niveau de preuve : position ou mesure explicitement documentée.	https://www.government.nl/site/binaries/site-content/collections/documents/2026/02/23/2026-2030-coalition-agreement-lets-get-to-work---building-a-better-netherlands/2026-2030-coalition-agreement-let%E2%80%99s-get-to-work-building-a-better-netherlands.pdf
government	Pays-Bas	59	Immigration / assimilation	Une personne née en France de parents étrangers devrait automatiquement devenir française à sa majorité si elle y a grandi, même si elle ne manifeste pas particulièrement d'attachement à la France.	-3	3	Désaccord fort : la nationalité est automatique à la naissance lorsqu’un parent est néerlandais ; les autres personnes doivent relever d’une procédure d’option ou de naturalisation.	https://www.government.nl/themes/migration-and-travel/dutch-citizenship/becoming-a-dutch-citizen
government	Pays-Bas	60	Immigration / assimilation	La France devrait pouvoir refuser l'entrée à un immigré légalement admissible lorsqu'il existe de fortes raisons de penser qu'il ne souhaite pas s'intégrer culturellement à la société française.	1	3	Accord modéré : les Pays-Bas imposent de réelles obligations d’intégration et de connaissance de la société, mais cela ne constitue pas une règle générale permettant de refuser l’entrée à toute personne légalement admissible sur la seule anticipation d’une mauvaise intégration culturelle : +1.	https://www.government.nl/themes/migration-and-travel/integration-in-the-netherlands/civic-integration-in-the-netherlands
government	Pays-Bas	61	Immigration / assimilation	Le fait de conserver des pratiques culturelles ou religieuses très différentes de celles de la majorité française n'est pas en soi un problème tant que les lois françaises sont respectées.	2	1	Accord net : codage fondé sur les documents officiels retenus pour le thème « Immigration / assimilation ». Niveau de preuve : analogie prudente, sans proposition parfaitement équivalente.	https://www.government.nl/site/binaries/site-content/collections/documents/2026/02/23/2026-2030-coalition-agreement-lets-get-to-work---building-a-better-netherlands/2026-2030-coalition-agreement-let%E2%80%99s-get-to-work-building-a-better-netherlands.pdf
government	Pays-Bas	63	Libertés / sécurité	Pour lutter contre le terrorisme, l'État devrait pouvoir surveiller préventivement une personne considérée comme présentant un risque sérieux, même sans preuve suffisante pour engager des poursuites pénales.	2	3	Accord net : codage fondé sur les documents officiels retenus pour le thème « Libertés / sécurité ». Niveau de preuve : position ou mesure explicitement documentée.	https://www.government.nl/site/binaries/site-content/collections/documents/2026/02/23/2026-2030-coalition-agreement-lets-get-to-work---building-a-better-netherlands/2026-2030-coalition-agreement-let%E2%80%99s-get-to-work-building-a-better-netherlands.pdf
government	Pays-Bas	64	Libertés / expression	Une personne qui tient publiquement des propos profondément offensants mais qui n'appelle ni à la violence ni à commettre une infraction devrait être protégée par la liberté d'expression.	2	1	Accord net : codage fondé sur les documents officiels retenus pour le thème « Libertés / expression ». Niveau de preuve : analogie prudente, sans proposition parfaitement équivalente.	https://www.government.nl/site/binaries/site-content/collections/documents/2026/02/23/2026-2030-coalition-agreement-lets-get-to-work---building-a-better-netherlands/2026-2030-coalition-agreement-let%E2%80%99s-get-to-work-building-a-better-netherlands.pdf
government	Pays-Bas	66	Sécurité	Lorsqu’un conducteur refuse d’obtempérer et prend la fuite, les policiers devraient pouvoir utiliser leur arme à feu même si le danger pour leur vie n’est pas immédiat.	-2	1	Désaccord net : codage fondé sur les documents officiels retenus pour le thème « Sécurité ». Niveau de preuve : analogie prudente, sans proposition parfaitement équivalente.	https://www.government.nl/site/binaries/site-content/collections/documents/2026/02/23/2026-2030-coalition-agreement-lets-get-to-work---building-a-better-netherlands/2026-2030-coalition-agreement-let%E2%80%99s-get-to-work-building-a-better-netherlands.pdf
government	Pays-Bas	67	Écologie	Une taxe carbone qui réduit les émissions de CO₂ devrait être maintenue même si elle diminue le pouvoir d’achat des ménages modestes, à condition de compenser ces derniers par des aides ciblées.	2	3	Accord net : codage fondé sur les documents officiels retenus pour le thème « Écologie ». Niveau de preuve : position ou mesure explicitement documentée.	https://www.government.nl/site/binaries/site-content/collections/documents/2026/02/23/2026-2030-coalition-agreement-lets-get-to-work---building-a-better-netherlands/2026-2030-coalition-agreement-let%E2%80%99s-get-to-work-building-a-better-netherlands.pdf
government	Pays-Bas	68	Écologie	La France devrait interdire progressivement la vente de voitures thermiques même si cela augmente temporairement le prix moyen des véhicules.	2	3	Accord net : codage fondé sur les documents officiels retenus pour le thème « Écologie ». Niveau de preuve : position ou mesure explicitement documentée.	https://www.government.nl/site/binaries/site-content/collections/documents/2026/02/23/2026-2030-coalition-agreement-lets-get-to-work---building-a-better-netherlands/2026-2030-coalition-agreement-let%E2%80%99s-get-to-work-building-a-better-netherlands.pdf
government	Pays-Bas	69	Écologie	Il faut privilégier le nucléaire même si cela conduit à réduire certains investissements dans les renouvelables.	0	1	Position neutre, partagée ou non arrêtée : codage fondé sur les documents officiels retenus pour le thème « Écologie ». Niveau de preuve : analogie prudente, sans proposition parfaitement équivalente.	https://www.government.nl/site/binaries/site-content/collections/documents/2026/02/23/2026-2030-coalition-agreement-lets-get-to-work---building-a-better-netherlands/2026-2030-coalition-agreement-let%E2%80%99s-get-to-work-building-a-better-netherlands.pdf
government	Pays-Bas	71	Écologie / croissance	Si la France pouvait réduire ses émissions de 20 % mais que cela réduisait son PIB de 3 %, alors que les autres pays ne faisaient aucun effort comparable, il faudrait quand même le faire.	1	2	Accord modéré : codage fondé sur les documents officiels retenus pour le thème « Écologie / croissance ». Niveau de preuve : orientation cohérente étayée par plusieurs éléments.	https://www.government.nl/site/binaries/site-content/collections/documents/2026/02/23/2026-2030-coalition-agreement-lets-get-to-work---building-a-better-netherlands/2026-2030-coalition-agreement-let%E2%80%99s-get-to-work-building-a-better-netherlands.pdf
government	Pays-Bas	72	Institutions	Pour certaines décisions économiques complexes, il serait préférable de confier davantage de pouvoir à des institutions indépendantes composées d'experts plutôt qu'aux responsables politiques élus.	1	1	Accord modéré : codage fondé sur les documents officiels retenus pour le thème « Institutions ». Niveau de preuve : analogie prudente, sans proposition parfaitement équivalente.	https://www.government.nl/site/binaries/site-content/collections/documents/2026/02/23/2026-2030-coalition-agreement-lets-get-to-work---building-a-better-netherlands/2026-2030-coalition-agreement-let%E2%80%99s-get-to-work-building-a-better-netherlands.pdf
government	Pays-Bas	73	Institutions	Un gouvernement devrait pouvoir prendre une décision économiquement nécessaire mais très impopulaire sans chercher à obtenir l'approbation immédiate de la population.	1	1	Accord modéré : codage fondé sur les documents officiels retenus pour le thème « Institutions ». Niveau de preuve : analogie prudente, sans proposition parfaitement équivalente.	https://www.government.nl/site/binaries/site-content/collections/documents/2026/02/23/2026-2030-coalition-agreement-lets-get-to-work---building-a-better-netherlands/2026-2030-coalition-agreement-let%E2%80%99s-get-to-work-building-a-better-netherlands.pdf
government	Pays-Bas	74	Institutions	Le référendum devrait être beaucoup plus utilisé, même lorsque les citoyens votent sur des sujets dont ils maîtrisent mal les aspects techniques.	-1	1	Réserve : codage fondé sur les documents officiels retenus pour le thème « Institutions ». Niveau de preuve : analogie prudente, sans proposition parfaitement équivalente.	https://www.government.nl/site/binaries/site-content/collections/documents/2026/02/23/2026-2030-coalition-agreement-lets-get-to-work---building-a-better-netherlands/2026-2030-coalition-agreement-let%E2%80%99s-get-to-work-building-a-better-netherlands.pdf
government	Pays-Bas	75	Institutions	Il serait acceptable de donner davantage de poids politique aux citoyens qui démontrent un niveau élevé de connaissance du fonctionnement des institutions et de l'économie.	-2	1	Désaccord net : codage fondé sur les documents officiels retenus pour le thème « Institutions ». Niveau de preuve : analogie prudente, sans proposition parfaitement équivalente.	https://www.government.nl/site/binaries/site-content/collections/documents/2026/02/23/2026-2030-coalition-agreement-lets-get-to-work---building-a-better-netherlands/2026-2030-coalition-agreement-let%E2%80%99s-get-to-work-building-a-better-netherlands.pdf
government	Pays-Bas	76	Institutions	Le président de la République devrait disposer de davantage de pouvoirs pour pouvoir mettre en œuvre un programme pendant cinq ans sans être constamment bloqué par le Parlement.	-2	3	Désaccord net : codage fondé sur les documents officiels retenus pour le thème « Institutions ». Niveau de preuve : position ou mesure explicitement documentée.	https://www.government.nl/site/binaries/site-content/collections/documents/2026/02/23/2026-2030-coalition-agreement-lets-get-to-work---building-a-better-netherlands/2026-2030-coalition-agreement-let%E2%80%99s-get-to-work-building-a-better-netherlands.pdf
government	Pays-Bas	77	Institutions	La proportionnelle intégrale serait préférable au système actuel, même si elle rendait plus fréquentes les coalitions et les gouvernements instables.	3	3	Accord fort : codage fondé sur les documents officiels retenus pour le thème « Institutions ». Niveau de preuve : position ou mesure explicitement documentée.	https://www.government.nl/site/binaries/site-content/collections/documents/2026/02/23/2026-2030-coalition-agreement-lets-get-to-work---building-a-better-netherlands/2026-2030-coalition-agreement-let%E2%80%99s-get-to-work-building-a-better-netherlands.pdf
government	Pays-Bas	78	Immigration / assimilation	Le droit de séjour durable en France devrait dépendre, sauf impossibilité particulière, d’efforts concrets pour apprendre le français, comprendre les règles et usages du pays et participer à la vie collective.	3	3	Accord fort : codage fondé sur les documents officiels retenus pour le thème « Immigration / assimilation ». Niveau de preuve : position ou mesure explicitement documentée.	https://www.government.nl/site/binaries/site-content/collections/documents/2026/02/23/2026-2030-coalition-agreement-lets-get-to-work---building-a-better-netherlands/2026-2030-coalition-agreement-let%E2%80%99s-get-to-work-building-a-better-netherlands.pdf
government	Pays-Bas	79	Immigration / délinquance	Les différences de délinquance observées s’expliquent davantage par les inégalités sociales et économiques que par la culture d’origine des personnes concernées.	1	1	Accord modéré : codage fondé sur les documents officiels retenus pour le thème « Immigration / délinquance ». Niveau de preuve : analogie prudente, sans proposition parfaitement équivalente.	https://www.government.nl/site/binaries/site-content/collections/documents/2026/02/23/2026-2030-coalition-agreement-lets-get-to-work---building-a-better-netherlands/2026-2030-coalition-agreement-let%E2%80%99s-get-to-work-building-a-better-netherlands.pdf
government	Pays-Bas	80	Écologie / agriculture	La France devrait interdire aux agriculteurs l’usage d’un produit jugé trop polluant, même si cette interdiction les désavantage face à des concurrents étrangers qui peuvent encore l’utiliser.	1	1	Accord modéré : le gouvernement veut réduire l'usage des produits polluants mais défend aussi l'harmonisation européenne et la compétitivité agricole ; il accepte donc la contrainte sans soutenir clairement un désavantage national marqué.	https://www.government.nl/site/binaries/site-content/collections/documents/2026/02/23/2026-2030-coalition-agreement-lets-get-to-work---building-a-better-netherlands/2026-2030-coalition-agreement-let%E2%80%99s-get-to-work-building-a-better-netherlands.pdf
government	Pays-Bas	81	Santé / accès aux soins	Dans les zones où l'accès aux soins est insuffisant, l'Assurance maladie devrait pouvoir limiter le conventionnement de nouveaux médecins dans les zones déjà bien dotées afin d'encourager leur installation dans les déserts médicaux.	1	1	Accord modéré : codage fondé sur les documents officiels retenus pour le thème « Santé / accès aux soins ». Niveau de preuve : analogie prudente, sans proposition parfaitement équivalente.	https://www.government.nl/site/binaries/site-content/collections/documents/2026/02/23/2026-2030-coalition-agreement-lets-get-to-work---building-a-better-netherlands/2026-2030-coalition-agreement-let%E2%80%99s-get-to-work-building-a-better-netherlands.pdf
government	Pays-Bas	82	Santé / assurance maladie	L'Assurance maladie devrait rembourser intégralement les soins essentiels, quitte à réduire fortement le rôle des complémentaires santé.	-3	3	Désaccord fort : l’accord maintient un rôle structurant pour les assureurs santé et augmente la franchise obligatoire, à l’opposé d’une réduction forte du rôle des complémentaires.	https://www.government.nl/site/binaries/site-content/collections/documents/2026/02/23/2026-2030-coalition-agreement-lets-get-to-work---building-a-better-netherlands/2026-2030-coalition-agreement-let%E2%80%99s-get-to-work-building-a-better-netherlands.pdf
government	Pays-Bas	83	Santé / hôpital	Il faut accepter de fermer ou regrouper certaines petites maternités et certains services d'urgence afin de concentrer les équipes et les équipements dans des établissements plus importants.	2	1	Accord net : codage fondé sur les documents officiels retenus pour le thème « Santé / hôpital ». Niveau de preuve : analogie prudente, sans proposition parfaitement équivalente.	https://www.government.nl/site/binaries/site-content/collections/documents/2026/02/23/2026-2030-coalition-agreement-lets-get-to-work---building-a-better-netherlands/2026-2030-coalition-agreement-let%E2%80%99s-get-to-work-building-a-better-netherlands.pdf
government	Pays-Bas	84	Éducation / autonomie	Les chefs d'établissement scolaire devraient pouvoir recruter eux-même une partie de leurs enseignants et peser davantage dans leur évaluation.	2	3	Accord net : codage fondé sur les documents officiels retenus pour le thème « Éducation / autonomie ». Niveau de preuve : position ou mesure explicitement documentée.	https://www.government.nl/site/binaries/site-content/collections/documents/2026/02/23/2026-2030-coalition-agreement-lets-get-to-work---building-a-better-netherlands/2026-2030-coalition-agreement-let%E2%80%99s-get-to-work-building-a-better-netherlands.pdf
government	Pays-Bas	85	Éducation / mixité sociale	Le financement public des établissements privés sous contrat devrait être conditionné à des objectifs mesurables de mixité sociale.	0	1	Position neutre : les écoles privées peuvent recevoir un financement public sous des conditions générales de qualité et de fonctionnement, mais aucun objectif national directement comparable de mixité sociale conditionnant ce financement n’est établi.	https://www.government.nl/site/binaries/site-content/collections/documents/2026/02/23/2026-2030-coalition-agreement-lets-get-to-work---building-a-better-netherlands/2026-2030-coalition-agreement-let%E2%80%99s-get-to-work-building-a-better-netherlands.pdf
government	Pays-Bas	86	Logement / locations touristiques	Dans les zones où le logement manque, une commune devrait pouvoir interdire la location touristique régulière d'un logement qui n'est pas la résidence principale de son propriétaire.	2	1	Accord net : note conservée comme estimation, mais aucune interdiction municipale directement équivalente des locations touristiques n’est formulée dans l’accord de coalition.	https://www.government.nl/site/binaries/site-content/collections/documents/2026/02/23/2026-2030-coalition-agreement-lets-get-to-work---building-a-better-netherlands/2026-2030-coalition-agreement-let%E2%80%99s-get-to-work-building-a-better-netherlands.pdf
government	Pays-Bas	87	Défense / Ukraine	La France devrait continuer à fournir une aide militaire et financière importante à l'Ukraine tant que son territoire reste occupé, même si la guerre se prolonge.	3	3	Accord fort : codage fondé sur les documents officiels retenus pour le thème « Défense / Ukraine ». Niveau de preuve : position ou mesure explicitement documentée.	https://www.government.nl/site/binaries/site-content/collections/documents/2026/02/23/2026-2030-coalition-agreement-lets-get-to-work---building-a-better-netherlands/2026-2030-coalition-agreement-let%E2%80%99s-get-to-work-building-a-better-netherlands.pdf
government	Pays-Bas	88	Défense / dissuasion nucléaire	La dissuasion nucléaire française devrait aussi protéger les partenaires européens, tout en laissant à la France seule la décision finale de l'employer.	2	3	Accord net : codage fondé sur les documents officiels retenus pour le thème « Défense / dissuasion nucléaire ». Niveau de preuve : position ou mesure explicitement documentée.	https://www.government.nl/site/binaries/site-content/collections/documents/2026/02/23/2026-2030-coalition-agreement-lets-get-to-work---building-a-better-netherlands/2026-2030-coalition-agreement-let%E2%80%99s-get-to-work-building-a-better-netherlands.pdf
government	Pays-Bas	89	Santé / fin de vie	Une personne majeure atteinte d'une maladie grave et incurable provoquant des souffrances insupportables devrait pouvoir recevoir une aide médicale à mourir dans un cadre strictement contrôlé.	3	3	Accord fort : l’euthanasie est permise lorsque la souffrance est insupportable, sans perspective d’amélioration, et que le médecin respecte les critères légaux de diligence.	https://www.government.nl/themes/family-health-and-care/euthanasia/is-euthanasia-allowed
government	Pays-Bas	90	Dépendance / EHPAD	Les groupes privés à but lucratif ne devraient plus pouvoir gérer d'EHPAD. Les établissements existants devraient progressivement devenir publics ou non lucratifs.	-2	3	Désaccord net : codage fondé sur les documents officiels retenus pour le thème « Dépendance / EHPAD ». Niveau de preuve : position ou mesure explicitement documentée.	https://www.government.nl/site/binaries/site-content/collections/documents/2026/02/23/2026-2030-coalition-agreement-lets-get-to-work---building-a-better-netherlands/2026-2030-coalition-agreement-let%E2%80%99s-get-to-work-building-a-better-netherlands.pdf
government	Pays-Bas	91	Famille / prestations	Les allocations familiales devraient être versées à toutes les familles selon le nombre d'enfants, sans diminuer lorsque les revenus augmentent.	1	3	Accord modéré : codage fondé sur les documents officiels retenus pour le thème « Famille / prestations ». Niveau de preuve : position ou mesure explicitement documentée.	https://www.government.nl/site/binaries/site-content/collections/documents/2026/02/23/2026-2030-coalition-agreement-lets-get-to-work---building-a-better-netherlands/2026-2030-coalition-agreement-let%E2%80%99s-get-to-work-building-a-better-netherlands.pdf
government	Pays-Bas	92	Numérique / mineurs	L'accès aux réseaux sociaux devrait être interdit aux moins de 15 ans, même avec l'accord de leurs parents.	3	3	Accord fort : codage fondé sur les documents officiels retenus pour le thème « Numérique / mineurs ». Niveau de preuve : position ou mesure explicitement documentée.	https://www.government.nl/site/binaries/site-content/collections/documents/2026/02/23/2026-2030-coalition-agreement-lets-get-to-work---building-a-better-netherlands/2026-2030-coalition-agreement-let%E2%80%99s-get-to-work-building-a-better-netherlands.pdf
government	Pays-Bas	93	Numérique / intelligence artificielle	Les administrations publiques devraient privilégier des modèles d'intelligence artificielle hébergés en Europe, même s'ils sont temporairement moins performants ou plus coûteux que leurs concurrents étrangers.	2	3	Accord net : codage fondé sur les documents officiels retenus pour le thème « Numérique / intelligence artificielle ». Niveau de preuve : position ou mesure explicitement documentée.	https://www.government.nl/site/binaries/site-content/collections/documents/2026/02/23/2026-2030-coalition-agreement-lets-get-to-work---building-a-better-netherlands/2026-2030-coalition-agreement-let%E2%80%99s-get-to-work-building-a-better-netherlands.pdf
government	Pologne	1	Économie	Il faut réduire les impôts sur le travail et le capital, même si cela implique de réduire certaines dépenses publiques.	1	2	Accord modéré : codage fondé sur les documents officiels retenus pour le thème « Économie ». Niveau de preuve : orientation cohérente étayée par plusieurs éléments.	https://www.gov.pl/web/primeminister/poland-a-year-of-breakthrough---the-prime-minister-unveils-polands-2025-economic-plan
government	Pologne	2	Économie	Les inégalités économiques sont acceptables tant qu'elles résultent principalement du travail ou de la prise de risque.	1	1	Accord modéré : codage fondé sur les documents officiels retenus pour le thème « Économie ». Niveau de preuve : analogie prudente, sans proposition parfaitement équivalente.	https://www.gov.pl/web/primeminister/poland-a-year-of-breakthrough---the-prime-minister-unveils-polands-2025-economic-plan
government	Pologne	3	Économie	L'État devrait davantage taxer les hauts revenus et les gros patrimoines afin de réduire les inégalités.	0	1	Position neutre, partagée ou non arrêtée : codage fondé sur les documents officiels retenus pour le thème « Économie ». Niveau de preuve : analogie prudente, sans proposition parfaitement équivalente.	https://www.gov.pl/web/primeminister/poland-a-year-of-breakthrough---the-prime-minister-unveils-polands-2025-economic-plan
government	Pologne	4	Économie	Les entreprises devraient être obligées de limiter l’écart entre la rémunération de leurs dirigeants et celle de leurs salariés les moins bien payés.	0	2	Position équilibrée : les sociétés cotées doivent expliquer comment les conditions salariales des employés ont été prises en compte et comparer l’évolution de la rémunération des dirigeants à celle des salariés, mais aucun plafond légal général de ratio salarial n’est établi.	https://eli.gov.pl/api/acts/DU/2024/620/text.html
government	Pologne	5	Économie	Le salaire minimum devrait être augmenté significativement.	1	3	Accord modéré : le salaire minimum polonais augmente encore en 2026, mais la hausse est d’environ 3 %, proche de l’inflation prévue. Il s’agit d’une revalorisation réelle mais pas d’une augmentation particulièrement forte : +1.	https://www.gov.pl/web/premier/propozycja-wysokosci-minimalnego-wynagrodzenia-za-prace-oraz-minimalnej-stawki-godzinowej-w-2026-r
government	Pologne	6	Économie	Les entreprises privées sont généralement plus efficaces que l'État pour fournir des biens et services, même dans certains secteurs essentiels.	1	1	Accord modéré : codage fondé sur les documents officiels retenus pour le thème « Économie ». Niveau de preuve : analogie prudente, sans proposition parfaitement équivalente.	https://www.gov.pl/web/primeminister/poland-a-year-of-breakthrough---the-prime-minister-unveils-polands-2025-economic-plan
government	Pologne	7	Économie	L'État devrait pouvoir nationaliser temporairement ou durablement une entreprise privée lorsqu'elle contrôle une activité stratégique pour le pays.	1	1	Accord modéré : codage fondé sur les documents officiels retenus pour le thème « Économie ». Niveau de preuve : analogie prudente, sans proposition parfaitement équivalente.	https://www.gov.pl/web/primeminister/poland-a-year-of-breakthrough---the-prime-minister-unveils-polands-2025-economic-plan
government	Pologne	8	Économie	La concurrence est généralement préférable à la réglementation pour améliorer les prix, la qualité et l'innovation.	2	1	Accord net : codage fondé sur les documents officiels retenus pour le thème « Économie ». Niveau de preuve : analogie prudente, sans proposition parfaitement équivalente.	https://www.gov.pl/web/primeminister/poland-a-year-of-breakthrough---the-prime-minister-unveils-polands-2025-economic-plan
government	Pologne	9	État	La France dépense trop d'argent public et devrait accepter de réduire certaines politiques sociales pour revenir à l'équilibre budgétaire.	0	2	Position neutre, partagée ou non arrêtée : codage fondé sur les documents officiels retenus pour le thème « État ». Niveau de preuve : orientation cohérente étayée par plusieurs éléments.	https://www.gov.pl/web/primeminister/poland-a-year-of-breakthrough---the-prime-minister-unveils-polands-2025-economic-plan
government	Pologne	10	État	L'État devrait garantir un niveau élevé de protection sociale, même si cela implique une fiscalité importante.	2	3	Accord net : codage fondé sur les documents officiels retenus pour le thème « État ». Niveau de preuve : position ou mesure explicitement documentée.	https://www.gov.pl/web/primeminister/poland-a-year-of-breakthrough---the-prime-minister-unveils-polands-2025-economic-plan
government	Pologne	12	État	L'État devrait intervenir beaucoup plus fortement dans l'économie lorsque le marché produit des résultats jugés socialement indésirables.	1	1	Accord modéré : codage fondé sur les documents officiels retenus pour le thème « État ». Niveau de preuve : analogie prudente, sans proposition parfaitement équivalente.	https://www.gov.pl/web/primeminister/poland-a-year-of-breakthrough---the-prime-minister-unveils-polands-2025-economic-plan
government	Pologne	13	État	Les citoyens devraient avoir davantage de liberté pour choisir eux-mêmes comment utiliser leur argent plutôt que de passer par des systèmes publics obligatoires.	0	1	Position neutre, partagée ou non arrêtée : codage fondé sur les documents officiels retenus pour le thème « État ». Niveau de preuve : analogie prudente, sans proposition parfaitement équivalente.	https://www.gov.pl/web/primeminister/poland-a-year-of-breakthrough---the-prime-minister-unveils-polands-2025-economic-plan
government	Pologne	14	Social / société	La société devrait accepter beaucoup plus largement les différents modes de vie, même lorsqu'ils s'éloignent des normes traditionnelles.	1	1	Accord modéré : codage fondé sur les documents officiels retenus pour le thème « Social / société ». Niveau de preuve : analogie prudente, sans proposition parfaitement équivalente.	https://www.gov.pl/web/primeminister/expose
government	Pologne	15	Démocratie	Un gouvernement devrait pouvoir faire adopter le budget sans vote de l’Assemblée nationale lorsqu’aucune majorité stable ne se dégage, afin d’éviter un blocage institutionnel.	-2	2	Désaccord net : le budget prend la forme d’une loi adoptée par le Sejm ; le gouvernement ne peut pas faire entrer en vigueur seul un nouveau budget sans approbation parlementaire.	https://eli.sejm.gov.pl/eli/DU/2026/62/ogl
government	Pologne	16	Social / société	Réduire les inégalités peut parfois justifier de restreindre certaines libertés individuelles.	-1	1	Réserve : codage fondé sur les documents officiels retenus pour le thème « Social / société ». Niveau de preuve : analogie prudente, sans proposition parfaitement équivalente.	https://www.gov.pl/web/primeminister/expose
government	Pologne	17	Social / société	Les politiques publiques devraient chercher à corriger activement les discriminations historiques ou structurelles entre groupes sociaux.	1	1	Accord modéré : codage fondé sur les documents officiels retenus pour le thème « Social / société ». Niveau de preuve : analogie prudente, sans proposition parfaitement équivalente.	https://www.gov.pl/web/primeminister/expose
government	Pologne	18	Institutions / territoires	Les régions devraient pouvoir adopter des règles différentes en matière économique, sociale ou environnementale plutôt que d’appliquer partout les mêmes règles nationales.	1	3	Accord modéré : les voïvodies polonaises disposent d’une autonomie régionale et peuvent adopter des actes de droit local dans les domaines confiés par la loi, mais leur pouvoir normatif reste nettement encadré par la législation nationale.	https://eli.gov.pl/eli/DU/1998/576
government	Pologne	19	Social / société	Certaines traditions et valeurs culturelles méritent d'être préservées même si elles évoluent moins vite que la société.	2	1	Accord net : codage fondé sur les documents officiels retenus pour le thème « Social / société ». Niveau de preuve : analogie prudente, sans proposition parfaitement équivalente.	https://www.gov.pl/web/primeminister/expose
government	Pologne	20	Immigration	La France devrait réduire le nombre d'immigrants qu'elle accueille chaque année.	3	3	Accord fort : codage fondé sur les documents officiels retenus pour le thème « Immigration ». Niveau de preuve : position ou mesure explicitement documentée.	https://www.gov.pl/web/primeminister/taking-back-control-ensuring-security
government	Pologne	21	Immigration	L'immigration économique est globalement bénéfique pour l'économie française.	2	1	Accord net : codage fondé sur les documents officiels retenus pour le thème « Immigration ». Niveau de preuve : analogie prudente, sans proposition parfaitement équivalente.	https://www.gov.pl/web/primeminister/taking-back-control-ensuring-security
government	Pologne	22	Immigration / droits sociaux	Un étranger installé légalement en France depuis de nombreuses années devrait, à situation économique comparable, bénéficier des mêmes prestations sociales et du même accès au logement social qu’un citoyen français, sans priorité fondée sur la nationalité.	2	3	Les règles polonaises ouvrent l’aide sociale notamment aux titulaires d’un permis permanent ou de résident UE de longue durée, ce qui contredit une préférence durable aux seuls citoyens : +2.	https://www.gov.pl/web/family/social-assistance-principles
government	Pologne	23	Immigration	L'accès à la nationalité française devrait être rendu plus exigeant.	2	3	Accord net : codage fondé sur les documents officiels retenus pour le thème « Immigration ». Niveau de preuve : position ou mesure explicitement documentée.	https://www.gov.pl/web/primeminister/taking-back-control-ensuring-security
government	Pologne	24	Immigration	La France devrait être beaucoup plus stricte concernant l'expulsion des étrangers condamnés pour des crimes graves.	3	3	Accord fort : codage fondé sur les documents officiels retenus pour le thème « Immigration ». Niveau de preuve : position ou mesure explicitement documentée.	https://www.gov.pl/web/primeminister/taking-back-control-ensuring-security
government	Pologne	25	Immigration	Même lorsque l'immigration est économiquement bénéfique, elle peut être légitimement limitée pour préserver la cohésion culturelle du pays.	3	3	Accord fort : le gouvernement Tusk affirme explicitement que l’immigration doit apporter des bénéfices tangibles, rester compatible avec les capacités de l’État et ne pas nuire à la cohésion sociale. La formulation correspond directement à la proposition : +3.	https://www.gov.pl/web/mswia-en/eight-times-fewer-visas-to-poland-for-foreign-nationals--we-have-regained-control-over-immigration-the-governments-migration-policy-is-proving-effective
government	Pologne	26	Immigration	La France devrait accueillir davantage de réfugiés lorsqu'ils fuient une guerre ou une persécution, même si cela représente un coût économique.	0	1	Position neutre, partagée ou non arrêtée : codage fondé sur les documents officiels retenus pour le thème « Immigration ». Niveau de preuve : analogie prudente, sans proposition parfaitement équivalente.	https://www.gov.pl/web/primeminister/taking-back-control-ensuring-security
government	Pologne	27	Sécurité / justice	Les peines de prison effectives devraient être plus sévères, même si cela augmente fortement la population carcérale.	2	1	Accord net : codage fondé sur les documents officiels retenus pour le thème « Sécurité / justice ». Niveau de preuve : analogie prudente, sans proposition parfaitement équivalente.	https://www.gov.pl/web/primeminister/expose
government	Pologne	28	Sécurité / justice	Il vaut mieux investir dans la prévention et la réinsertion que dans l'augmentation des sanctions.	1	1	Accord modéré : codage fondé sur les documents officiels retenus pour le thème « Sécurité / justice ». Niveau de preuve : analogie prudente, sans proposition parfaitement équivalente.	https://www.gov.pl/web/primeminister/expose
government	Pologne	29	Sécurité / justice	La police devrait disposer de pouvoirs plus importants pour lutter contre la criminalité, quitte à accepter davantage de contrôles sur certaines libertés individuelles.	2	3	Accord net : codage fondé sur les documents officiels retenus pour le thème « Sécurité / justice ». Niveau de preuve : position ou mesure explicitement documentée.	https://www.gov.pl/web/primeminister/expose
government	Pologne	30	Agriculture / commerce	La France devrait pouvoir interdire l’importation de produits agricoles fabriqués selon des normes qu’elle interdit à ses propres agriculteurs, même si cela faisait disparaître des rayons les produits alimentaires les moins chers.	2	3	Accord net : la Pologne a engagé des interdictions ciblées contre des produits contenant des substances phytosanitaires non admises dans l'Union et réclame la réciprocité des normes ; l'acceptation explicite d'un renchérissement alimentaire généralisé n'est toutefois pas assez établie pour +3.	https://www.gov.pl/web/agriculture/the-ban-on-the-import-of-products-containing-harmful-substances-will-soon-be-implemented-in-poland-as-well
government	Pologne	32	Écologie	La lutte contre le changement climatique doit rester prioritaire même lorsqu'elle réduit la croissance économique à court terme.	-1	1	Désaccord modéré : le gouvernement Tusk présente la transition climatique comme devant améliorer compétitivité, modernisation et prix de l'énergie ; il ne place pas le climat au-dessus de la croissance lorsque les deux entrent en conflit.	https://www.gov.pl/web/primeminister/poland-a-year-of-breakthrough---the-prime-minister-unveils-polands-2025-economic-plan
government	Pologne	33	Écologie	Il faut accepter une hausse importante du prix des énergies fossiles pour accélérer la transition écologique.	-2	3	Désaccord net : codage fondé sur les documents officiels retenus pour le thème « Écologie ». Niveau de preuve : position ou mesure explicitement documentée.	https://www.gov.pl/web/primeminister/poland-a-year-of-breakthrough---the-prime-minister-unveils-polands-2025-economic-plan
government	Pologne	34	Economie	Une partie des cotisations sociales sur les salaires devrait être remplacée par une hausse de la TVA afin d’augmenter les salaires nets et de réduire le coût du travail, même si cela augmente le prix des biens et services consommés	0	1	Le gouvernement Tusk cherche à soutenir salaires et compétitivité, mais aucune bascule explicite des cotisations vers la TVA n’a été identifiée. Score neutre, confiance 1.	https://www.gov.pl/web/primeminister/poland-a-year-of-breakthrough---the-prime-minister-unveils-polands-2025-economic-plan
government	Pologne	35	Écologie	Les politiques écologiques devraient reposer principalement sur des mécanismes de marché comme la taxe carbone plutôt que sur des interdictions.	0	1	Position neutre : la Pologne demande une réforme de l'ETS et davantage de protections contre ses coûts ; elle ne peut pas être décrite comme privilégiant clairement une taxe carbone de marché aux interdictions ou autres instruments.	https://www.gov.pl/web/primeminister/poland-a-year-of-breakthrough---the-prime-minister-unveils-polands-2025-economic-plan
government	Pologne	36	Écologie	Il est justifié d'interdire certains produits ou comportements très polluants même lorsque les consommateurs les souhaitent.	0	1	Position neutre, partagée ou non arrêtée : codage fondé sur les documents officiels retenus pour le thème « Écologie ». Niveau de preuve : analogie prudente, sans proposition parfaitement équivalente.	https://www.gov.pl/web/primeminister/poland-a-year-of-breakthrough---the-prime-minister-unveils-polands-2025-economic-plan
government	Pologne	37	Écologie	Les pays riches devraient supporter une part prépondérante du coût de la transition écologique mondiale.	0	1	Position neutre, partagée ou non arrêtée : codage fondé sur les documents officiels retenus pour le thème « Écologie ». Niveau de preuve : analogie prudente, sans proposition parfaitement équivalente.	https://www.gov.pl/web/primeminister/poland-a-year-of-breakthrough---the-prime-minister-unveils-polands-2025-economic-plan
government	Pologne	38	Europe	La France devrait transférer davantage de compétences à l'Union européenne afin de renforcer son poids économique et géopolitique.	1	3	Accord modéré : le gouvernement Tusk veut une Europe beaucoup plus capable d’agir, notamment en défense, mais présente les instruments européens comme SAFE comme des moyens de renforcer simultanément la souveraineté polonaise. La ligne est donc celle d’une coopération européenne ambitieuse plus que d’un transfert général de compétences : +1.	https://www.gov.pl/web/primeminister/safe-polands-blueprint-for-european-security-and-domestic-defence-growth
government	Pologne	39	Europe	La France devrait conserver autant que possible sa souveraineté nationale, même si cela réduit son influence au niveau européen.	0	2	Position neutre : Donald Tusk défend à la fois une Pologne souveraine et une Europe capable d’agir de manière autonome, en rejetant explicitement le repli derrière les frontières nationales. Sa doctrine ne consiste donc pas à privilégier la souveraineté nationale même au prix d’une influence européenne moindre : 0.	https://www.gov.pl/web/primeminister/poland-can-stand-as-europes-beacon-of-hope
government	Pologne	40	Europe	L'euro est globalement bénéfique pour la France malgré la perte de certains instruments de politique économique.	-1	1	Réserve : codage fondé sur les documents officiels retenus pour le thème « Europe ». Niveau de preuve : analogie prudente, sans proposition parfaitement équivalente.	https://www.gov.pl/web/primeminister/poland-doubles-down-on-alliances-as-pm-tusk-returns-from-epc-summit
government	Pologne	41	Europe	L'Union européenne devrait pouvoir imposer davantage de règles communes aux États membres.	1	1	Accord modéré : codage fondé sur les documents officiels retenus pour le thème « Europe ». Niveau de preuve : analogie prudente, sans proposition parfaitement équivalente.	https://www.gov.pl/web/primeminister/poland-doubles-down-on-alliances-as-pm-tusk-returns-from-epc-summit
government	Pologne	42	Europe	En cas de conflit entre les intérêts économiques français et les règles européennes, la France devrait pouvoir désobéir à certaines règles européennes.	-2	3	Désaccord net : le gouvernement Tusk a fait du rétablissement de l’État de droit et du respect des obligations découlant du droit de l’Union et de la jurisprudence de la CJUE une priorité, ce qui a permis la clôture de la procédure de l’article 7. Il peut contester politiquement certaines règles européennes, mais pas défendre comme principe la désobéissance nationale : -2.	https://www.gov.pl/web/justice/the-european-commission-intends-to-close-article-7-procedure-against-poland
government	Pologne	43	Fiscalité / patrimoine	Il faudrait supprimer l'IFI et ne plus taxer spécifiquement le patrimoine immobilier au-delà de la fiscalité ordinaire.	2	1	Accord net : codage fondé sur les documents officiels retenus pour le thème « Fiscalité / patrimoine ». Niveau de preuve : analogie prudente, sans proposition parfaitement équivalente.	https://www.gov.pl/web/primeminister/poland-a-year-of-breakthrough---the-prime-minister-unveils-polands-2025-economic-plan
government	Pologne	44	Fiscalité / patrimoine	L'héritage devrait être davantage taxé au-delà d'un certain seuil de patrimoine transmis, même si cela conduit certaines familles à transmettre moins de patrimoine à leurs enfants.	-2	1	Désaccord net : codage fondé sur les documents officiels retenus pour le thème « Fiscalité / patrimoine ». Niveau de preuve : analogie prudente, sans proposition parfaitement équivalente.	https://www.gov.pl/web/primeminister/poland-a-year-of-breakthrough---the-prime-minister-unveils-polands-2025-economic-plan
government	Pologne	45	Fiscalité / patrimoine	Les très grandes fortunes devraient être imposées sur leur patrimoine mondial, même lorsqu'elles quittent la France.	-1	1	Réserve : codage fondé sur les documents officiels retenus pour le thème « Fiscalité / patrimoine ». Niveau de preuve : analogie prudente, sans proposition parfaitement équivalente.	https://www.gov.pl/web/primeminister/poland-a-year-of-breakthrough---the-prime-minister-unveils-polands-2025-economic-plan
government	Pologne	46	Travail / chômage	Un chômeur devrait pouvoir perdre une partie significative de ses allocations s'il refuse plusieurs emplois raisonnablement adaptés à ses compétences.	2	3	Accord net : codage fondé sur les documents officiels retenus pour le thème « Travail / chômage ». Niveau de preuve : position ou mesure explicitement documentée.	https://www.gov.pl/web/primeminister/poland-a-year-of-breakthrough---the-prime-minister-unveils-polands-2025-economic-plan
government	Pologne	47	Outre-mer / vie chère	L’État devrait garantir que les produits essentiels ne coûtent pas beaucoup plus cher dans les DOM/TOM que dans l’Hexagone, quitte à subventionner durablement leur transport ou leur prix avec l’argent public national.	1	2	La Pologne compense par des paiements publics une partie des coûts supplémentaires supportés dans les zones montagneuses ou à contraintes naturelles ; le soutien vise les producteurs plutôt que le prix final : +1.	https://www.gov.pl/web/rolnictwo/platnosci-onw2
government	Pologne	48	Travail / chômage	Le CDI protège trop fortement les salariés déjà en poste et peut rendre plus difficile l’accès à l’emploi stable, au détriment des jeunes, chômeurs ou travailleurs en contrats précaires.	1	1	Accord modéré : codage fondé sur les documents officiels retenus pour le thème « Travail / chômage ». Niveau de preuve : analogie prudente, sans proposition parfaitement équivalente.	https://www.gov.pl/web/primeminister/poland-a-year-of-breakthrough---the-prime-minister-unveils-polands-2025-economic-plan
government	Pologne	49	Retraites	Les retraites devraient être progressivement réformées vers un système combinant répartition et capitalisation, même si cela implique une période de transition coûteuse.	2	1	Accord net : codage fondé sur les documents officiels retenus pour le thème « Retraites ». Niveau de preuve : analogie prudente, sans proposition parfaitement équivalente.	https://www.gov.pl/web/primeminister/poland-a-year-of-breakthrough---the-prime-minister-unveils-polands-2025-economic-plan
government	Pologne	50	Retraites	L'âge légal de départ à la retraite devrait être automatiquement indexé sur l'espérance de vie nationale.	-2	1	Désaccord net : codage fondé sur les documents officiels retenus pour le thème « Retraites ». Niveau de preuve : analogie prudente, sans proposition parfaitement équivalente.	https://www.gov.pl/web/primeminister/poland-a-year-of-breakthrough---the-prime-minister-unveils-polands-2025-economic-plan
government	Pologne	51	Protection sociale	Les prestations sociales devraient être fortement conditionnées à la durée de cotisation et de participation au marché du travail.	1	1	Accord modéré : codage fondé sur les documents officiels retenus pour le thème « Protection sociale ». Niveau de preuve : analogie prudente, sans proposition parfaitement équivalente.	https://www.gov.pl/web/primeminister/expose
government	Pologne	53	État / entreprises	Une entreprise qui reçoit plusieurs milliards d'euros d'aides publiques devrait pouvoir être contrainte de limiter ses dividendes et les rémunérations de ses dirigeants tant que l'aide n'est pas remboursée.	1	1	Accord modéré : codage fondé sur les documents officiels retenus pour le thème « État / entreprises ». Niveau de preuve : analogie prudente, sans proposition parfaitement équivalente.	https://www.gov.pl/web/primeminister/poland-a-year-of-breakthrough---the-prime-minister-unveils-polands-2025-economic-plan
government	Pologne	54	État / entreprises	L'État devrait davantage utiliser son pouvoir d'actionnaire pour orienter les grandes entreprises françaises vers des objectifs industriels de long terme.	2	1	Accord net : codage fondé sur les documents officiels retenus pour le thème « État / entreprises ». Niveau de preuve : analogie prudente, sans proposition parfaitement équivalente.	https://www.gov.pl/web/primeminister/poland-a-year-of-breakthrough---the-prime-minister-unveils-polands-2025-economic-plan
government	Pologne	55	État / entreprises	Il faudrait réduire fortement les normes administratives pesant sur les entreprises, même si certaines protections environnementales ou sociales deviennent moins strictes.	2	3	Accord net : codage fondé sur les documents officiels retenus pour le thème « État / entreprises ». Niveau de preuve : position ou mesure explicitement documentée.	https://www.gov.pl/web/primeminister/poland-a-year-of-breakthrough---the-prime-minister-unveils-polands-2025-economic-plan
government	Pologne	56	Immigration / régularisation	Un étranger en situation irrégulière qui travaille de façon stable en France depuis plusieurs années et n’a commis aucun délit devrait pouvoir être régularisé, même s’il est entré ou est resté sur le territoire sans autorisation.	-2	3	Désaccord net : le gouvernement polonais revendique en 2026 une politique migratoire plus sélective, une forte réduction des visas et permis ainsi qu’une hausse des expulsions ; le séjour et le travail doivent être régularisés par les voies légales plutôt qu’après une présence irrégulière prolongée.	https://www.gov.pl/web/mswia-en/eight-times-fewer-visas-to-poland-for-foreign-nationals--we-have-regained-control-over-immigration-the-governments-migration-policy-is-proving-effective
government	Pologne	57	Immigration / assimilation	L'accès à certaines prestations sociales devrait être beaucoup plus limité pendant les premières années suivant l'arrivée d'un immigré.	2	3	Accord net : codage fondé sur les documents officiels retenus pour le thème « Immigration / assimilation ». Niveau de preuve : position ou mesure explicitement documentée.	https://www.gov.pl/web/primeminister/taking-back-control-ensuring-security
government	Pologne	58	Immigration / assimilation	La France devrait privilégier l'immigration économique qualifiée, même si cela signifie accueillir moins de personnes peu qualifiées.	2	3	Accord net : codage fondé sur les documents officiels retenus pour le thème « Immigration / assimilation ». Niveau de preuve : position ou mesure explicitement documentée.	https://www.gov.pl/web/primeminister/taking-back-control-ensuring-security
government	Pologne	59	Immigration / assimilation	Une personne née en France de parents étrangers devrait automatiquement devenir française à sa majorité si elle y a grandi, même si elle ne manifeste pas particulièrement d'attachement à la France.	-3	3	Désaccord fort : un enfant acquiert la nationalité polonaise par filiation lorsqu’au moins un parent est polonais ; la naissance et la croissance dans le pays ne suffisent pas à une acquisition automatique à la majorité.	https://archiwum.mswia.gov.pl/en/document/ways-of-acquiring-poli/793%2CWays-of-acquiring-Polish-citizenship.html
government	Pologne	60	Immigration / assimilation	La France devrait pouvoir refuser l'entrée à un immigré légalement admissible lorsqu'il existe de fortes raisons de penser qu'il ne souhaite pas s'intégrer culturellement à la société française.	2	3	Accord net : codage fondé sur les documents officiels retenus pour le thème « Immigration / assimilation ». Niveau de preuve : position ou mesure explicitement documentée.	https://www.gov.pl/web/primeminister/taking-back-control-ensuring-security
government	Pologne	61	Immigration / assimilation	Le fait de conserver des pratiques culturelles ou religieuses très différentes de celles de la majorité française n'est pas en soi un problème tant que les lois françaises sont respectées.	-2	3	Désaccord net : le gouvernement exige des nouveaux arrivants qu’ils respectent les usages polonais et s’intègrent ; le seul respect formel des lois n’est donc pas présenté comme suffisant.	https://www.gov.pl/web/primeminister/taking-back-control-ensuring-security
government	Pologne	63	Libertés / sécurité	Pour lutter contre le terrorisme, l'État devrait pouvoir surveiller préventivement une personne considérée comme présentant un risque sérieux, même sans preuve suffisante pour engager des poursuites pénales.	2	3	Accord net : codage fondé sur les documents officiels retenus pour le thème « Libertés / sécurité ». Niveau de preuve : position ou mesure explicitement documentée.	https://www.gov.pl/web/primeminister/expose
government	Pologne	64	Libertés / expression	Une personne qui tient publiquement des propos profondément offensants mais qui n'appelle ni à la violence ni à commettre une infraction devrait être protégée par la liberté d'expression.	2	1	Accord net : codage fondé sur les documents officiels retenus pour le thème « Libertés / expression ». Niveau de preuve : analogie prudente, sans proposition parfaitement équivalente.	https://www.gov.pl/web/primeminister/expose
government	Pologne	66	Sécurité	Lorsqu’un conducteur refuse d’obtempérer et prend la fuite, les policiers devraient pouvoir utiliser leur arme à feu même si le danger pour leur vie n’est pas immédiat.	-2	1	Désaccord net : codage fondé sur les documents officiels retenus pour le thème « Sécurité ». Niveau de preuve : analogie prudente, sans proposition parfaitement équivalente.	https://www.gov.pl/web/primeminister/expose
government	Pologne	67	Écologie	Une taxe carbone qui réduit les émissions de CO₂ devrait être maintenue même si elle diminue le pouvoir d’achat des ménages modestes, à condition de compenser ces derniers par des aides ciblées.	-2	1	Désaccord net : le gouvernement polonais cherche explicitement à retarder ou atténuer les dispositifs carbone lorsqu'ils pèsent sur les ménages et les prix de l'énergie ; même compensée, une taxe réduisant le pouvoir d'achat ne correspond pas à sa ligne actuelle.	https://www.gov.pl/web/primeminister/poland-a-year-of-breakthrough---the-prime-minister-unveils-polands-2025-economic-plan
government	Pologne	68	Écologie	La France devrait interdire progressivement la vente de voitures thermiques même si cela augmente temporairement le prix moyen des véhicules.	-1	3	Désaccord modéré : la Pologne soutient l'électromobilité mais refuse les mesures coercitives ou fiscales jugées pénalisantes pour les véhicules thermiques ; elle reste donc réservée sur une interdiction progressive stricte.	https://www.gov.pl/web/primeminister/poland-a-year-of-breakthrough---the-prime-minister-unveils-polands-2025-economic-plan
government	Pologne	69	Écologie	Il faut privilégier le nucléaire même si cela conduit à réduire certains investissements dans les renouvelables.	1	3	Accord modéré : la Pologne investit fortement dans le nucléaire mais développe aussi rapidement les renouvelables ; la préférence nucléaire existe sans volonté claire de réduire les investissements renouvelables.	https://www.gov.pl/web/primeminister/poland-a-year-of-breakthrough---the-prime-minister-unveils-polands-2025-economic-plan
government	Pologne	71	Écologie / croissance	Si la France pouvait réduire ses émissions de 20 % mais que cela réduisait son PIB de 3 %, alors que les autres pays ne faisaient aucun effort comparable, il faudrait quand même le faire.	-2	3	Désaccord net : codage fondé sur les documents officiels retenus pour le thème « Écologie / croissance ». Niveau de preuve : position ou mesure explicitement documentée.	https://www.gov.pl/web/primeminister/poland-a-year-of-breakthrough---the-prime-minister-unveils-polands-2025-economic-plan
government	Pologne	72	Institutions	Pour certaines décisions économiques complexes, il serait préférable de confier davantage de pouvoir à des institutions indépendantes composées d'experts plutôt qu'aux responsables politiques élus.	1	1	Accord modéré : codage fondé sur les documents officiels retenus pour le thème « Institutions ». Niveau de preuve : analogie prudente, sans proposition parfaitement équivalente.	https://www.gov.pl/web/primeminister/expose
government	Pologne	73	Institutions	Un gouvernement devrait pouvoir prendre une décision économiquement nécessaire mais très impopulaire sans chercher à obtenir l'approbation immédiate de la population.	1	1	Accord modéré : codage fondé sur les documents officiels retenus pour le thème « Institutions ». Niveau de preuve : analogie prudente, sans proposition parfaitement équivalente.	https://www.gov.pl/web/primeminister/expose
government	Pologne	74	Institutions	Le référendum devrait être beaucoup plus utilisé, même lorsque les citoyens votent sur des sujets dont ils maîtrisent mal les aspects techniques.	-1	1	Réserve : codage fondé sur les documents officiels retenus pour le thème « Institutions ». Niveau de preuve : analogie prudente, sans proposition parfaitement équivalente.	https://www.gov.pl/web/primeminister/expose
government	Pologne	75	Institutions	Il serait acceptable de donner davantage de poids politique aux citoyens qui démontrent un niveau élevé de connaissance du fonctionnement des institutions et de l'économie.	-2	1	Désaccord net : codage fondé sur les documents officiels retenus pour le thème « Institutions ». Niveau de preuve : analogie prudente, sans proposition parfaitement équivalente.	https://www.gov.pl/web/primeminister/expose
government	Pologne	76	Institutions	Le président de la République devrait disposer de davantage de pouvoirs pour pouvoir mettre en œuvre un programme pendant cinq ans sans être constamment bloqué par le Parlement.	-2	3	Désaccord net : codage fondé sur les documents officiels retenus pour le thème « Institutions ». Niveau de preuve : position ou mesure explicitement documentée.	https://www.gov.pl/web/primeminister/expose
government	Pologne	77	Institutions	La proportionnelle intégrale serait préférable au système actuel, même si elle rendait plus fréquentes les coalitions et les gouvernements instables.	2	3	Accord net : codage fondé sur les documents officiels retenus pour le thème « Institutions ». Niveau de preuve : position ou mesure explicitement documentée.	https://www.gov.pl/web/primeminister/expose
government	Pologne	78	Immigration / assimilation	Le droit de séjour durable en France devrait dépendre, sauf impossibilité particulière, d’efforts concrets pour apprendre le français, comprendre les règles et usages du pays et participer à la vie collective.	3	3	Accord fort : codage fondé sur les documents officiels retenus pour le thème « Immigration / assimilation ». Niveau de preuve : position ou mesure explicitement documentée.	https://www.gov.pl/web/primeminister/taking-back-control-ensuring-security
government	Pologne	79	Immigration / délinquance	Les différences de délinquance observées s’expliquent davantage par les inégalités sociales et économiques que par la culture d’origine des personnes concernées.	0	1	Position neutre, partagée ou non arrêtée : codage fondé sur les documents officiels retenus pour le thème « Immigration / délinquance ». Niveau de preuve : analogie prudente, sans proposition parfaitement équivalente.	https://www.gov.pl/web/primeminister/taking-back-control-ensuring-security
government	Pologne	80	Écologie / agriculture	La France devrait interdire aux agriculteurs l’usage d’un produit jugé trop polluant, même si cette interdiction les désavantage face à des concurrents étrangers qui peuvent encore l’utiliser.	-1	1	Réserve : codage fondé sur les documents officiels retenus pour le thème « Écologie / agriculture ». Niveau de preuve : analogie prudente, sans proposition parfaitement équivalente.	https://www.gov.pl/web/primeminister/poland-a-year-of-breakthrough---the-prime-minister-unveils-polands-2025-economic-plan
government	Pologne	81	Santé / accès aux soins	Dans les zones où l'accès aux soins est insuffisant, l'Assurance maladie devrait pouvoir limiter le conventionnement de nouveaux médecins dans les zones déjà bien dotées afin d'encourager leur installation dans les déserts médicaux.	1	1	Accord modéré : codage fondé sur les documents officiels retenus pour le thème « Santé / accès aux soins ». Niveau de preuve : analogie prudente, sans proposition parfaitement équivalente.	https://www.gov.pl/web/primeminister/expose
government	Pologne	82	Santé / assurance maladie	L'Assurance maladie devrait rembourser intégralement les soins essentiels, quitte à réduire fortement le rôle des complémentaires santé.	2	3	Accord net : codage fondé sur les documents officiels retenus pour le thème « Santé / assurance maladie ». Niveau de preuve : position ou mesure explicitement documentée.	https://www.gov.pl/web/primeminister/expose
government	Pologne	83	Santé / hôpital	Il faut accepter de fermer ou regrouper certaines petites maternités et certains services d'urgence afin de concentrer les équipes et les équipements dans des établissements plus importants.	1	1	Accord modéré : codage fondé sur les documents officiels retenus pour le thème « Santé / hôpital ». Niveau de preuve : analogie prudente, sans proposition parfaitement équivalente.	https://www.gov.pl/web/primeminister/expose
government	Pologne	84	Éducation / autonomie	Les chefs d'établissement scolaire devraient pouvoir recruter eux-même une partie de leurs enseignants et peser davantage dans leur évaluation.	-1	1	Réserve : codage fondé sur les documents officiels retenus pour le thème « Éducation / autonomie ». Niveau de preuve : analogie prudente, sans proposition parfaitement équivalente.	https://www.gov.pl/web/primeminister/expose
government	Pologne	85	Éducation / mixité sociale	Le financement public des établissements privés sous contrat devrait être conditionné à des objectifs mesurables de mixité sociale.	1	1	Accord modéré : codage fondé sur les documents officiels retenus pour le thème « Éducation / mixité sociale ». Niveau de preuve : analogie prudente, sans proposition parfaitement équivalente.	https://www.gov.pl/web/primeminister/expose
government	Pologne	86	Logement / locations touristiques	Dans les zones où le logement manque, une commune devrait pouvoir interdire la location touristique régulière d'un logement qui n'est pas la résidence principale de son propriétaire.	1	1	Accord modéré : codage fondé sur les documents officiels retenus pour le thème « Logement / locations touristiques ». Niveau de preuve : analogie prudente, sans proposition parfaitement équivalente.	https://www.gov.pl/web/primeminister/expose
government	Pologne	87	Défense / Ukraine	La France devrait continuer à fournir une aide militaire et financière importante à l'Ukraine tant que son territoire reste occupé, même si la guerre se prolonge.	3	3	Accord fort : codage fondé sur les documents officiels retenus pour le thème « Défense / Ukraine ». Niveau de preuve : position ou mesure explicitement documentée.	https://www.gov.pl/web/primeminister/safe-polands-blueprint-for-european-security-and-domestic-defence-growth
government	Pologne	88	Défense / dissuasion nucléaire	La dissuasion nucléaire française devrait aussi protéger les partenaires européens, tout en laissant à la France seule la décision finale de l'employer.	2	3	Accord net : la Pologne et la France ont créé en juillet 2026 un groupe de pilotage pour des consultations sur la coopération nucléaire et la dissuasion avancée française, avec l’objectif explicite de renforcer la sécurité de la Pologne, de la France et de l’Europe. La coopération est substantielle mais encore en phase de consultation : +2.	https://www.gov.pl/web/diplomacy/first-meeting-of-polishfrench-steering-group-for-nuclear-cooperation
government	Pologne	89	Santé / fin de vie	Une personne majeure atteinte d'une maladie grave et incurable provoquant des souffrances insupportables devrait pouvoir recevoir une aide médicale à mourir dans un cadre strictement contrôlé.	-2	1	Désaccord net : codage fondé sur les documents officiels retenus pour le thème « Santé / fin de vie ». Niveau de preuve : analogie prudente, sans proposition parfaitement équivalente.	https://www.gov.pl/web/primeminister/expose
government	Pologne	90	Dépendance / EHPAD	Les groupes privés à but lucratif ne devraient plus pouvoir gérer d'EHPAD. Les établissements existants devraient progressivement devenir publics ou non lucratifs.	-1	1	Réserve : codage fondé sur les documents officiels retenus pour le thème « Dépendance / EHPAD ». Niveau de preuve : analogie prudente, sans proposition parfaitement équivalente.	https://www.gov.pl/web/primeminister/expose
government	Pologne	91	Famille / prestations	Les allocations familiales devraient être versées à toutes les familles selon le nombre d'enfants, sans diminuer lorsque les revenus augmentent.	3	3	Accord fort : codage fondé sur les documents officiels retenus pour le thème « Famille / prestations ». Niveau de preuve : position ou mesure explicitement documentée.	https://www.gov.pl/web/primeminister/expose
government	Pologne	92	Numérique / mineurs	L'accès aux réseaux sociaux devrait être interdit aux moins de 15 ans, même avec l'accord de leurs parents.	1	1	Accord modéré : codage fondé sur les documents officiels retenus pour le thème « Numérique / mineurs ». Niveau de preuve : analogie prudente, sans proposition parfaitement équivalente.	https://www.gov.pl/web/primeminister/poland-a-year-of-breakthrough---the-prime-minister-unveils-polands-2025-economic-plan
government	Pologne	93	Numérique / intelligence artificielle	Les administrations publiques devraient privilégier des modèles d'intelligence artificielle hébergés en Europe, même s'ils sont temporairement moins performants ou plus coûteux que leurs concurrents étrangers.	2	3	Accord net : codage fondé sur les documents officiels retenus pour le thème « Numérique / intelligence artificielle ». Niveau de preuve : position ou mesure explicitement documentée.	https://www.gov.pl/web/primeminister/poland-a-year-of-breakthrough---the-prime-minister-unveils-polands-2025-economic-plan
