bucket	category	entity_id	entity	qid	score	confidence	source	justification
ORI	party	lfi	LFI	1	-3	2	https://lafranceinsoumise.fr/europeennes-2024/programme-de-lunion-populaire/chapitre-1-sortir-de-lausterite-et-partager-les-richesses/	Désaccord fort : orientation cohérente avec le document officiel retenu, sans passage isolé directement équivalent à la question.
CONF	party	lfi	LFI	2	-1	2	https://lafranceinsoumise.fr/	Réserve : sources officielles et prises de position convergentes ; le niveau de confiance documentaire a été réévalué indépendamment de l’intensité de la réponse.
CONF	party	lfi	LFI	3	3	3	https://lafranceinsoumise.fr/	Accord fort : preuve primaire directe ou proposition officielle très proche ; le niveau de confiance documentaire a été réévalué indépendamment de l’intensité de la réponse.
CONF	party	lfi	LFI	5	3	3	https://lafranceinsoumise.fr/	Accord fort : preuve primaire directe ou proposition officielle très proche ; le niveau de confiance documentaire a été réévalué indépendamment de l’intensité de la réponse.
CONF	party	lfi	LFI	6	-3	2	https://lafranceinsoumise.fr/	Désaccord fort : sources officielles et prises de position convergentes ; le niveau de confiance documentaire a été réévalué indépendamment de l’intensité de la réponse.
CONF	party	lfi	LFI	7	3	3	https://lafranceinsoumise.fr/europeennes-2024/programme-de-lunion-populaire/chapitre-1-sortir-de-lausterite-et-partager-les-richesses/	Accord fort : preuve primaire directe ou proposition officielle très proche ; le niveau de confiance documentaire a été réévalué indépendamment de l’intensité de la réponse.
CONF	party	lfi	LFI	8	-3	2	https://lafranceinsoumise.fr/	Désaccord fort : sources officielles et prises de position convergentes ; le niveau de confiance documentaire a été réévalué indépendamment de l’intensité de la réponse.
CONF	party	lfi	LFI	9	-3	3	https://lafranceinsoumise.fr/	Désaccord fort : preuve primaire directe ou proposition officielle très proche ; le niveau de confiance documentaire a été réévalué indépendamment de l’intensité de la réponse.
CONF	party	lfi	LFI	10	3	3	https://lafranceinsoumise.fr/	Accord fort : preuve primaire directe ou proposition officielle très proche ; le niveau de confiance documentaire a été réévalué indépendamment de l’intensité de la réponse.
CONF	party	lfi	LFI	12	3	3	https://lafranceinsoumise.fr/	Accord fort : preuve primaire directe ou proposition officielle très proche ; le niveau de confiance documentaire a été réévalué indépendamment de l’intensité de la réponse.
CONF	party	lfi	LFI	13	-3	2	https://lafranceinsoumise.fr/	Désaccord fort : sources officielles et prises de position convergentes ; le niveau de confiance documentaire a été réévalué indépendamment de l’intensité de la réponse.
CONF	party	lfi	LFI	16	2	2	https://lafranceinsoumise.fr/wp-content/uploads/2024/06/Programme-nouveaufrontpopulaire.pdf	Accord modéré : sources officielles et prises de position convergentes ; le niveau de confiance documentaire a été réévalué indépendamment de l’intensité de la réponse.
CONF	party	lfi	LFI	20	-3	3	https://lafranceinsoumise.fr/wp-content/uploads/2024/06/Programme-nouveaufrontpopulaire.pdf	Désaccord fort : preuve primaire directe ou proposition officielle très proche ; le niveau de confiance documentaire a été réévalué indépendamment de l’intensité de la réponse.
CONF	party	lfi	LFI	21	3	2	https://lafranceinsoumise.fr/wp-content/uploads/2024/06/Programme-nouveaufrontpopulaire.pdf	Accord net : sources officielles et prises de position convergentes ; le niveau de confiance documentaire a été réévalué indépendamment de l’intensité de la réponse.
CONF	party	lfi	LFI	23	-3	3	https://lafranceinsoumise.fr/wp-content/uploads/2024/06/Programme-nouveaufrontpopulaire.pdf	Désaccord fort : preuve primaire directe ou proposition officielle très proche ; le niveau de confiance documentaire a été réévalué indépendamment de l’intensité de la réponse.
ORI	party	lfi	LFI	25	-3	2	https://lafranceinsoumise.fr/wp-content/uploads/2024/06/Programme-nouveaufrontpopulaire.pdf	Désaccord fort : orientation cohérente avec le document officiel retenu, sans passage isolé directement équivalent à la question.
CONF	party	lfi	LFI	26	3	3	https://lafranceinsoumise.fr/wp-content/uploads/2024/06/Programme-nouveaufrontpopulaire.pdf	Accord fort : preuve primaire directe ou proposition officielle très proche ; le niveau de confiance documentaire a été réévalué indépendamment de l’intensité de la réponse.
ORI	party	lfi	LFI	27	-2	2	https://lafranceinsoumise.fr/wp-content/uploads/2024/06/Programme-nouveaufrontpopulaire.pdf	Désaccord net : orientation cohérente avec le document officiel retenu, sans passage isolé directement équivalent à la question.
CONF	party	lfi	LFI	28	3	2	https://lafranceinsoumise.fr/wp-content/uploads/2024/06/Programme-nouveaufrontpopulaire.pdf	Accord fort : sources officielles et prises de position convergentes ; le niveau de confiance documentaire a été réévalué indépendamment de l’intensité de la réponse.
ORI	party	lfi	LFI	29	-3	2	https://lafranceinsoumise.fr/wp-content/uploads/2024/06/Programme-nouveaufrontpopulaire.pdf	Désaccord fort : orientation cohérente avec le document officiel retenu, sans passage isolé directement équivalent à la question.
ORI	party	lfi	LFI	32	3	2	https://lafranceinsoumise.fr/wp-content/uploads/2024/06/Programme-nouveaufrontpopulaire.pdf	Accord fort : orientation cohérente avec le document officiel retenu, sans passage isolé directement équivalent à la question.
CONF	party	lfi	LFI	37	3	2	https://lafranceinsoumise.fr/wp-content/uploads/2024/06/Programme-nouveaufrontpopulaire.pdf	Accord fort : sources officielles et prises de position convergentes ; le niveau de confiance documentaire a été réévalué indépendamment de l’intensité de la réponse.
ORI	party	lfi	LFI	38	-1	2	https://lafranceinsoumise.fr/wp-content/uploads/2024/05/PROGRAMME-UNION-POPULAIRE_EURO-2024.pdf	Réserve : orientation cohérente avec le document officiel retenu, sans passage isolé directement équivalent à la question.
ORI	party	lfi	LFI	39	2	2	https://lafranceinsoumise.fr/wp-content/uploads/2024/05/PROGRAMME-UNION-POPULAIRE_EURO-2024.pdf	Accord net : orientation cohérente avec le document officiel retenu, sans passage isolé directement équivalent à la question.
ORI	party	lfi	LFI	40	0	2	https://lafranceinsoumise.fr/wp-content/uploads/2024/05/PROGRAMME-UNION-POPULAIRE_EURO-2024.pdf	Position équilibrée ou non tranchée : orientation cohérente avec le document officiel retenu, sans passage isolé directement équivalent à la question.
ORI	party	lfi	LFI	41	0	2	https://lafranceinsoumise.fr/wp-content/uploads/2024/05/PROGRAMME-UNION-POPULAIRE_EURO-2024.pdf	Position équilibrée ou non tranchée : orientation cohérente avec le document officiel retenu, sans passage isolé directement équivalent à la question.
ORI	party	lfi	LFI	42	3	2	https://lafranceinsoumise.fr/wp-content/uploads/2024/05/PROGRAMME-UNION-POPULAIRE_EURO-2024.pdf	Accord fort : orientation cohérente avec le document officiel retenu, sans passage isolé directement équivalent à la question.
CONF	party	lfi	LFI	43	-3	3	https://lafranceinsoumise.fr/	Désaccord fort : preuve primaire directe ou proposition officielle très proche ; le niveau de confiance documentaire a été réévalué indépendamment de l’intensité de la réponse.
ORI	party	lfi	LFI	44	2	2	https://lafranceinsoumise.fr/europeennes-2024/programme-de-lunion-populaire/chapitre-1-sortir-de-lausterite-et-partager-les-richesses/	Accord fort : orientation cohérente avec le document officiel retenu, sans passage isolé directement équivalent à la question.
ORI	party	lfi	LFI	45	2	2	https://lafranceinsoumise.fr/europeennes-2024/programme-de-lunion-populaire/chapitre-1-sortir-de-lausterite-et-partager-les-richesses/	Accord fort : orientation cohérente avec le document officiel retenu, sans passage isolé directement équivalent à la question.
ORI	party	lfi	LFI	46	-2	2	https://lafranceinsoumise.fr/europeennes-2024/programme-de-lunion-populaire/chapitre-1-sortir-de-lausterite-et-partager-les-richesses/	Désaccord fort : orientation cohérente avec le document officiel retenu, sans passage isolé directement équivalent à la question.
PRUD	party	lfi	LFI	48	-2	1	https://lafranceinsoumise.fr/europeennes-2024/programme-de-lunion-populaire/chapitre-1-sortir-de-lausterite-et-partager-les-richesses/	Désaccord net : estimation prudente ; aucune formulation parfaitement équivalente à la question n’a été identifiée.
ORI	party	lfi	LFI	49	-3	2	https://lafranceinsoumise.fr/europeennes-2024/programme-de-lunion-populaire/chapitre-1-sortir-de-lausterite-et-partager-les-richesses/	Désaccord fort : orientation cohérente avec le document officiel retenu, sans passage isolé directement équivalent à la question.
CONF	party	lfi	LFI	50	-3	2	https://lafranceinsoumise.fr/	Désaccord fort : sources officielles et prises de position convergentes ; le niveau de confiance documentaire a été réévalué indépendamment de l’intensité de la réponse.
ORI	party	lfi	LFI	51	-3	2	https://lafranceinsoumise.fr/europeennes-2024/programme-de-lunion-populaire/chapitre-1-sortir-de-lausterite-et-partager-les-richesses/	Désaccord fort : orientation cohérente avec le document officiel retenu, sans passage isolé directement équivalent à la question.
CONF	party	lfi	LFI	53	3	3	https://lafranceinsoumise.fr/europeennes-2024/programme-de-lunion-populaire/chapitre-1-sortir-de-lausterite-et-partager-les-richesses/	Accord fort : preuve primaire directe ou proposition officielle très proche ; le niveau de confiance documentaire a été réévalué indépendamment de l’intensité de la réponse.
CONF	party	lfi	LFI	54	3	2	https://lafranceinsoumise.fr/	Accord fort : sources officielles et prises de position convergentes ; le niveau de confiance documentaire a été réévalué indépendamment de l’intensité de la réponse.
ORI	party	lfi	LFI	55	-3	2	https://lafranceinsoumise.fr/europeennes-2024/programme-de-lunion-populaire/chapitre-1-sortir-de-lausterite-et-partager-les-richesses/	Désaccord fort : orientation cohérente avec le document officiel retenu, sans passage isolé directement équivalent à la question.
ORI	party	lfi	LFI	57	-3	2	https://lafranceinsoumise.fr/wp-content/uploads/2024/06/Programme-nouveaufrontpopulaire.pdf	Désaccord fort : orientation cohérente avec le document officiel retenu, sans passage isolé directement équivalent à la question.
PRUD	party	lfi	LFI	58	-1	1	https://lafranceinsoumise.fr/wp-content/uploads/2024/06/Programme-nouveaufrontpopulaire.pdf	Réserve : estimation prudente ; aucune formulation parfaitement équivalente à la question n’a été identifiée.
ORI	party	lfi	LFI	59	3	2	https://lafranceinsoumise.fr/wp-content/uploads/2024/06/Programme-nouveaufrontpopulaire.pdf	Accord fort : orientation cohérente avec le document officiel retenu, sans passage isolé directement équivalent à la question.
ORI	party	lfi	LFI	60	-3	2	https://lafranceinsoumise.fr/wp-content/uploads/2024/06/Programme-nouveaufrontpopulaire.pdf	Désaccord fort : orientation cohérente avec le document officiel retenu, sans passage isolé directement équivalent à la question.
CONF	party	lfi	LFI	61	3	2	https://lafranceinsoumise.fr/wp-content/uploads/2024/06/Programme-nouveaufrontpopulaire.pdf	Accord fort : sources officielles et prises de position convergentes ; le niveau de confiance documentaire a été réévalué indépendamment de l’intensité de la réponse.
ORI	party	lfi	LFI	63	-1	2	https://lafranceinsoumise.fr/wp-content/uploads/2024/06/Programme-nouveaufrontpopulaire.pdf	Réserve : orientation cohérente avec le document officiel retenu, sans passage isolé directement équivalent à la question.
CONF	party	lfi	LFI	64	2	2	https://lafranceinsoumise.fr/wp-content/uploads/2024/06/Programme-nouveaufrontpopulaire.pdf	Accord net : sources officielles et prises de position convergentes ; le niveau de confiance documentaire a été réévalué indépendamment de l’intensité de la réponse.
ORI	party	lfi	LFI	68	3	2	https://lafranceinsoumise.fr/wp-content/uploads/2024/06/Programme-nouveaufrontpopulaire.pdf	Accord fort : orientation cohérente avec le document officiel retenu, sans passage isolé directement équivalent à la question.
ORI	party	lfi	LFI	69	-3	2	https://lafranceinsoumise.fr/wp-content/uploads/2024/06/Programme-nouveaufrontpopulaire.pdf	Désaccord fort : orientation cohérente avec le document officiel retenu, sans passage isolé directement équivalent à la question.
PRUD	party	lfi	LFI	71	2	1	https://lafranceinsoumise.fr/wp-content/uploads/2024/06/Programme-nouveaufrontpopulaire.pdf	Accord net : estimation prudente ; aucune formulation parfaitement équivalente à la question n’a été identifiée.
PRUD	party	lfi	LFI	72	-2	2	https://lafranceinsoumise.fr/europeennes-2024/programme-de-lunion-populaire/chapitre-1-sortir-de-lausterite-et-partager-les-richesses/	Désaccord net : estimation prudente ; aucune formulation parfaitement équivalente à la question n’a été identifiée.
PRUD	party	lfi	LFI	73	0	1	https://lafranceinsoumise.fr/europeennes-2024/programme-de-lunion-populaire/chapitre-1-sortir-de-lausterite-et-partager-les-richesses/	Position équilibrée ou non tranchée : estimation prudente ; aucune formulation parfaitement équivalente à la question n’a été identifiée.
ORI	party	lfi	LFI	74	2	2	https://lafranceinsoumise.fr/europeennes-2024/programme-de-lunion-populaire/chapitre-1-sortir-de-lausterite-et-partager-les-richesses/	Accord net : orientation cohérente avec le document officiel retenu, sans passage isolé directement équivalent à la question.
PRUD	party	lfi	LFI	75	-2	1	https://lafranceinsoumise.fr/europeennes-2024/programme-de-lunion-populaire/chapitre-1-sortir-de-lausterite-et-partager-les-richesses/	Désaccord net : estimation prudente ; aucune formulation parfaitement équivalente à la question n’a été identifiée.
ORI	party	lfi	LFI	77	3	2	https://lafranceinsoumise.fr/europeennes-2024/programme-de-lunion-populaire/chapitre-1-sortir-de-lausterite-et-partager-les-richesses/	Accord fort : orientation cohérente avec le document officiel retenu, sans passage isolé directement équivalent à la question.
ORI	party	lfi	LFI	78	0	2	https://lafranceinsoumise.fr/wp-content/uploads/2024/06/Programme-nouveaufrontpopulaire.pdf	Position équilibrée ou non tranchée : orientation cohérente avec le document officiel retenu, sans passage isolé directement équivalent à la question.
ORI	party	lfi	LFI	79	3	2	https://lafranceinsoumise.fr/wp-content/uploads/2024/06/Programme-nouveaufrontpopulaire.pdf	Accord fort : orientation cohérente avec le document officiel retenu, sans passage isolé directement équivalent à la question.
CONF	party	lfi	LFI	93	1	2	https://lafranceinsoumise.fr/wp-content/uploads/2024/06/Programme-nouveaufrontpopulaire.pdf	Accord modéré : sources officielles et prises de position convergentes ; le niveau de confiance documentaire a été réévalué indépendamment de l’intensité de la réponse.
ORI	party	pcf	PCF	1	-3	2	https://www.pcf.fr/feuille_de_route_confnat_pcf	Désaccord fort : orientation cohérente avec le document officiel retenu, sans passage isolé directement équivalent à la question.
CONF	party	pcf	PCF	2	-2	2	https://www.pcf.fr/feuille_de_route_confnat_pcf	Désaccord net : sources officielles et prises de position convergentes ; le niveau de confiance documentaire a été réévalué indépendamment de l’intensité de la réponse.
CONF	party	pcf	PCF	3	3	3	https://www.pcf.fr/contrat_de_legislature_projet_propos_par_le_pcf	Accord fort : preuve primaire directe ou proposition officielle très proche ; le niveau de confiance documentaire a été réévalué indépendamment de l’intensité de la réponse.
CONF	party	pcf	PCF	5	3	3	https://www.pcf.fr/contrat_de_legislature_projet_propos_par_le_pcf	Accord fort : preuve primaire directe ou proposition officielle très proche ; le niveau de confiance documentaire a été réévalué indépendamment de l’intensité de la réponse.
PRUD	party	pcf	PCF	6	-3	2	https://www.pcf.fr/feuille_de_route_confnat_pcf	Désaccord fort : estimation prudente ; aucune formulation parfaitement équivalente à la question n’a été identifiée.
CONF	party	pcf	PCF	7	3	3	https://www.pcf.fr/contrat_de_legislature_projet_propos_par_le_pcf	Accord fort : preuve primaire directe ou proposition officielle très proche ; le niveau de confiance documentaire a été réévalué indépendamment de l’intensité de la réponse.
PRUD	party	pcf	PCF	8	-3	2	https://www.pcf.fr/feuille_de_route_confnat_pcf	Désaccord fort : estimation prudente ; aucune formulation parfaitement équivalente à la question n’a été identifiée.
CONF	party	pcf	PCF	9	-3	3	https://www.pcf.fr/contrat_de_legislature_projet_propos_par_le_pcf	Désaccord fort : preuve primaire directe ou proposition officielle très proche ; le niveau de confiance documentaire a été réévalué indépendamment de l’intensité de la réponse.
CONF	party	pcf	PCF	10	3	3	https://www.pcf.fr/contrat_de_legislature_projet_propos_par_le_pcf	Accord fort : preuve primaire directe ou proposition officielle très proche ; le niveau de confiance documentaire a été réévalué indépendamment de l’intensité de la réponse.
CONF	party	pcf	PCF	12	3	3	https://www.pcf.fr/contrat_de_legislature_projet_propos_par_le_pcf	Accord fort : preuve primaire directe ou proposition officielle très proche ; le niveau de confiance documentaire a été réévalué indépendamment de l’intensité de la réponse.
PRUD	party	pcf	PCF	13	-3	2	https://www.pcf.fr/feuille_de_route_confnat_pcf	Désaccord fort : estimation prudente ; aucune formulation parfaitement équivalente à la question n’a été identifiée.
CONF	party	pcf	PCF	16	1	2	https://www.pcf.fr/immigration_est_un_enjeu_de_classe	Accord modéré : sources officielles et prises de position convergentes ; le niveau de confiance documentaire a été réévalué indépendamment de l’intensité de la réponse.
CONF	party	pcf	PCF	20	-3	3	https://www.pcf.fr/immigration_est_un_enjeu_de_classe	Désaccord fort : preuve primaire directe ou proposition officielle très proche ; le niveau de confiance documentaire a été réévalué indépendamment de l’intensité de la réponse.
ORI	party	pcf	PCF	23	-2	2	https://www.pcf.fr/immigration_est_un_enjeu_de_classe	Désaccord net : orientation cohérente avec le document officiel retenu, sans passage isolé directement équivalent à la question.
ORI	party	pcf	PCF	25	-2	2	https://www.pcf.fr/immigration_est_un_enjeu_de_classe	Désaccord net : orientation cohérente avec le document officiel retenu, sans passage isolé directement équivalent à la question.
CONF	party	pcf	PCF	26	3	3	https://www.pcf.fr/immigration_est_un_enjeu_de_classe	Accord fort : preuve primaire directe ou proposition officielle très proche ; le niveau de confiance documentaire a été réévalué indépendamment de l’intensité de la réponse.
ORI	party	pcf	PCF	27	-1	2	https://www.pcf.fr/immigration_est_un_enjeu_de_classe	Réserve : orientation cohérente avec le document officiel retenu, sans passage isolé directement équivalent à la question.
PRUD	party	pcf	PCF	28	2	2	https://www.pcf.fr/immigration_est_un_enjeu_de_classe	Accord fort : estimation prudente ; aucune formulation parfaitement équivalente à la question n’a été identifiée.
ORI	party	pcf	PCF	29	-2	2	https://www.pcf.fr/immigration_est_un_enjeu_de_classe	Désaccord net : orientation cohérente avec le document officiel retenu, sans passage isolé directement équivalent à la question.
ORI	party	pcf	PCF	32	2	2	https://www.pcf.fr/europe_le_programme_un_argumentaire_utile_aux_militants_et_un_outil_de_campagne_efficace	Accord fort : orientation cohérente avec le document officiel retenu, sans passage isolé directement équivalent à la question.
CONF	party	pcf	PCF	35	-2	2	https://www.pcf.fr/europe_le_programme_un_argumentaire_utile_aux_militants_et_un_outil_de_campagne_efficace	Désaccord net : sources officielles et prises de position convergentes ; le niveau de confiance documentaire a été réévalué indépendamment de l’intensité de la réponse.
CONF	party	pcf	PCF	37	3	2	https://www.pcf.fr/europe_le_programme_un_argumentaire_utile_aux_militants_et_un_outil_de_campagne_efficace	Accord fort : sources officielles et prises de position convergentes ; le niveau de confiance documentaire a été réévalué indépendamment de l’intensité de la réponse.
ORI	party	pcf	PCF	39	2	2	https://www.pcf.fr/europe_le_programme_un_argumentaire_utile_aux_militants_et_un_outil_de_campagne_efficace	Accord net : orientation cohérente avec le document officiel retenu, sans passage isolé directement équivalent à la question.
ORI	party	pcf	PCF	40	0	2	https://www.pcf.fr/europe_le_programme_un_argumentaire_utile_aux_militants_et_un_outil_de_campagne_efficace	Position équilibrée ou non tranchée : orientation cohérente avec le document officiel retenu, sans passage isolé directement équivalent à la question.
ORI	party	pcf	PCF	41	0	2	https://www.pcf.fr/europe_le_programme_un_argumentaire_utile_aux_militants_et_un_outil_de_campagne_efficace	Position équilibrée ou non tranchée : orientation cohérente avec le document officiel retenu, sans passage isolé directement équivalent à la question.
ORI	party	pcf	PCF	42	3	2	https://www.pcf.fr/europe_le_programme_un_argumentaire_utile_aux_militants_et_un_outil_de_campagne_efficace	Accord fort : orientation cohérente avec le document officiel retenu, sans passage isolé directement équivalent à la question.
CONF	party	pcf	PCF	43	-3	3	https://www.pcf.fr/contrat_de_legislature_projet_propos_par_le_pcf	Désaccord fort : preuve primaire directe ou proposition officielle très proche ; le niveau de confiance documentaire a été réévalué indépendamment de l’intensité de la réponse.
ORI	party	pcf	PCF	44	3	2	https://www.pcf.fr/feuille_de_route_confnat_pcf	Accord fort : orientation cohérente avec le document officiel retenu, sans passage isolé directement équivalent à la question.
ORI	party	pcf	PCF	45	2	2	https://www.pcf.fr/feuille_de_route_confnat_pcf	Accord fort : orientation cohérente avec le document officiel retenu, sans passage isolé directement équivalent à la question.
ORI	party	pcf	PCF	46	-3	2	https://www.pcf.fr/feuille_de_route_confnat_pcf	Désaccord fort : orientation cohérente avec le document officiel retenu, sans passage isolé directement équivalent à la question.
PRUD	party	pcf	PCF	48	-2	1	https://www.pcf.fr/feuille_de_route_confnat_pcf	Réserve : estimation prudente ; aucune formulation parfaitement équivalente à la question n’a été identifiée.
ORI	party	pcf	PCF	49	-3	2	https://www.pcf.fr/feuille_de_route_confnat_pcf	Désaccord fort : orientation cohérente avec le document officiel retenu, sans passage isolé directement équivalent à la question.
CONF	party	pcf	PCF	50	-3	2	https://www.pcf.fr/feuille_de_route_confnat_pcf	Désaccord fort : sources officielles et prises de position convergentes ; le niveau de confiance documentaire a été réévalué indépendamment de l’intensité de la réponse.
ORI	party	pcf	PCF	51	-2	2	https://www.pcf.fr/feuille_de_route_confnat_pcf	Désaccord net : orientation cohérente avec le document officiel retenu, sans passage isolé directement équivalent à la question.
CONF	party	pcf	PCF	54	3	3	https://www.pcf.fr/contrat_de_legislature_projet_propos_par_le_pcf	Accord fort : preuve primaire directe ou proposition officielle très proche ; le niveau de confiance documentaire a été réévalué indépendamment de l’intensité de la réponse.
ORI	party	pcf	PCF	55	-3	2	https://www.pcf.fr/feuille_de_route_confnat_pcf	Désaccord fort : orientation cohérente avec le document officiel retenu, sans passage isolé directement équivalent à la question.
PRUD	party	pcf	PCF	58	-2	1	https://www.pcf.fr/immigration_est_un_enjeu_de_classe	Désaccord net : estimation prudente ; aucune formulation parfaitement équivalente à la question n’a été identifiée.
CONF	party	pcf	PCF	61	3	2	https://www.pcf.fr/immigration_est_un_enjeu_de_classe	Accord fort : sources officielles et prises de position convergentes ; le niveau de confiance documentaire a été réévalué indépendamment de l’intensité de la réponse.
CONF	party	pcf	PCF	64	2	2	https://www.pcf.fr/immigration_est_un_enjeu_de_classe	Accord net : sources officielles et prises de position convergentes ; le niveau de confiance documentaire a été réévalué indépendamment de l’intensité de la réponse.
ORI	party	pcf	PCF	68	2	2	https://www.pcf.fr/europe_le_programme_un_argumentaire_utile_aux_militants_et_un_outil_de_campagne_efficace	Accord net : orientation cohérente avec le document officiel retenu, sans passage isolé directement équivalent à la question.
PRUD	party	pcf	PCF	71	2	2	https://www.pcf.fr/europe_le_programme_un_argumentaire_utile_aux_militants_et_un_outil_de_campagne_efficace	Accord fort : estimation prudente ; aucune formulation parfaitement équivalente à la question n’a été identifiée.
PRUD	party	pcf	PCF	73	0	1	https://www.pcf.fr/feuille_de_route_confnat_pcf	Position équilibrée ou non tranchée : estimation prudente ; aucune formulation parfaitement équivalente à la question n’a été identifiée.
ORI	party	pcf	PCF	74	3	2	https://www.pcf.fr/feuille_de_route_confnat_pcf	Accord fort : orientation cohérente avec le document officiel retenu, sans passage isolé directement équivalent à la question.
PRUD	party	pcf	PCF	75	-3	2	https://www.pcf.fr/feuille_de_route_confnat_pcf	Désaccord fort : estimation prudente ; aucune formulation parfaitement équivalente à la question n’a été identifiée.
ORI	party	pcf	PCF	77	3	2	https://www.pcf.fr/feuille_de_route_confnat_pcf	Accord fort : orientation cohérente avec le document officiel retenu, sans passage isolé directement équivalent à la question.
ORI	party	pcf	PCF	78	-1	2	https://www.pcf.fr/immigration_est_un_enjeu_de_classe	Réserve : orientation cohérente avec le document officiel retenu, sans passage isolé directement équivalent à la question.
ORI	party	pcf	PCF	79	3	2	https://www.pcf.fr/immigration_est_un_enjeu_de_classe	Accord fort : orientation cohérente avec le document officiel retenu, sans passage isolé directement équivalent à la question.
CONF	party	pcf	PCF	86	2	3	https://www.pcf.fr/feuille_de_route_confnat_pcf	Accord net : preuve primaire directe ou proposition officielle très proche ; le niveau de confiance documentaire a été réévalué indépendamment de l’intensité de la réponse.
CONF	party	pcf	PCF	93	2	2	https://www.pcf.fr/feuille_de_route_confnat_pcf	Accord net : sources officielles et prises de position convergentes ; le niveau de confiance documentaire a été réévalué indépendamment de l’intensité de la réponse.
ORI	party	les-ecologistes	Les Écologistes	1	-3	2	https://lesecologistes.fr/document/5ZhR2m5t2ZaGKqIdD1bJaD/vdef-programme-1.pdf	Désaccord fort : orientation cohérente avec le document officiel retenu, sans passage isolé directement équivalent à la question.
CONF	party	les-ecologistes	Les Écologistes	2	-1	2	https://lesecologistes.fr/document/5ZhR2m5t2ZaGKqIdD1bJaD/vdef-programme-1.pdf	Réserve : sources officielles et prises de position convergentes ; le niveau de confiance documentaire a été réévalué indépendamment de l’intensité de la réponse.
ORI	party	les-ecologistes	Les Écologistes	3	3	2	https://lesecologistes.fr/document/5ZhR2m5t2ZaGKqIdD1bJaD/vdef-programme-1.pdf	Accord fort : orientation cohérente avec le document officiel retenu, sans passage isolé directement équivalent à la question.
ORI	party	les-ecologistes	Les Écologistes	5	3	2	https://lesecologistes.fr/document/5ZhR2m5t2ZaGKqIdD1bJaD/vdef-programme-1.pdf	Accord fort : orientation cohérente avec le document officiel retenu, sans passage isolé directement équivalent à la question.
CONF	party	les-ecologistes	Les Écologistes	6	-2	2	https://lesecologistes.fr/document/5ZhR2m5t2ZaGKqIdD1bJaD/vdef-programme-1.pdf	Désaccord net : sources officielles et prises de position convergentes ; le niveau de confiance documentaire a été réévalué indépendamment de l’intensité de la réponse.
ORI	party	les-ecologistes	Les Écologistes	7	2	2	https://lesecologistes.fr/document/5ZhR2m5t2ZaGKqIdD1bJaD/vdef-programme-1.pdf	Accord net : orientation cohérente avec le document officiel retenu, sans passage isolé directement équivalent à la question.
CONF	party	les-ecologistes	Les Écologistes	8	-2	2	https://lesecologistes.fr/document/5ZhR2m5t2ZaGKqIdD1bJaD/vdef-programme-1.pdf	Désaccord net : sources officielles et prises de position convergentes ; le niveau de confiance documentaire a été réévalué indépendamment de l’intensité de la réponse.
ORI	party	les-ecologistes	Les Écologistes	9	-2	2	https://lesecologistes.fr/document/5ZhR2m5t2ZaGKqIdD1bJaD/vdef-programme-1.pdf	Désaccord net : orientation cohérente avec le document officiel retenu, sans passage isolé directement équivalent à la question.
ORI	party	les-ecologistes	Les Écologistes	10	3	2	https://lesecologistes.fr/document/5ZhR2m5t2ZaGKqIdD1bJaD/vdef-programme-1.pdf	Accord fort : orientation cohérente avec le document officiel retenu, sans passage isolé directement équivalent à la question.
ORI	party	les-ecologistes	Les Écologistes	12	3	2	https://lesecologistes.fr/document/5ZhR2m5t2ZaGKqIdD1bJaD/vdef-programme-1.pdf	Accord fort : orientation cohérente avec le document officiel retenu, sans passage isolé directement équivalent à la question.
CONF	party	les-ecologistes	Les Écologistes	13	-2	2	https://lesecologistes.fr/document/5ZhR2m5t2ZaGKqIdD1bJaD/vdef-programme-1.pdf	Désaccord net : sources officielles et prises de position convergentes ; le niveau de confiance documentaire a été réévalué indépendamment de l’intensité de la réponse.
CONF	party	les-ecologistes	Les Écologistes	16	1	2	https://lesecologistes.fr/pages/358vv7W974UgosGhCBbIPT/notre-projet	Accord modéré : sources officielles et prises de position convergentes ; le niveau de confiance documentaire a été réévalué indépendamment de l’intensité de la réponse.
CONF	party	les-ecologistes	Les Écologistes	20	-3	3	https://lesecologistes.fr/pages/358vv7W974UgosGhCBbIPT/notre-projet	Désaccord fort : preuve primaire directe ou proposition officielle très proche ; le niveau de confiance documentaire a été réévalué indépendamment de l’intensité de la réponse.
CONF	party	les-ecologistes	Les Écologistes	21	2	2	https://lesecologistes.fr/pages/358vv7W974UgosGhCBbIPT/notre-projet	Accord net : sources officielles et prises de position convergentes ; le niveau de confiance documentaire a été réévalué indépendamment de l’intensité de la réponse.
CONF	party	les-ecologistes	Les Écologistes	23	-3	3	https://lesecologistes.fr/pages/358vv7W974UgosGhCBbIPT/notre-projet	Désaccord fort : preuve primaire directe ou proposition officielle très proche ; le niveau de confiance documentaire a été réévalué indépendamment de l’intensité de la réponse.
ORI	party	les-ecologistes	Les Écologistes	25	-3	2	https://lesecologistes.fr/pages/358vv7W974UgosGhCBbIPT/notre-projet	Désaccord fort : orientation cohérente avec le document officiel retenu, sans passage isolé directement équivalent à la question.
CONF	party	les-ecologistes	Les Écologistes	26	3	3	https://lesecologistes.fr/pages/358vv7W974UgosGhCBbIPT/notre-projet	Accord fort : preuve primaire directe ou proposition officielle très proche ; le niveau de confiance documentaire a été réévalué indépendamment de l’intensité de la réponse.
ORI	party	les-ecologistes	Les Écologistes	27	-2	2	https://lesecologistes.fr/pages/358vv7W974UgosGhCBbIPT/notre-projet	Désaccord net : orientation cohérente avec le document officiel retenu, sans passage isolé directement équivalent à la question.
ORI	party	les-ecologistes	Les Écologistes	29	-3	2	https://lesecologistes.fr/pages/358vv7W974UgosGhCBbIPT/notre-projet	Désaccord fort : orientation cohérente avec le document officiel retenu, sans passage isolé directement équivalent à la question.
CONF	party	les-ecologistes	Les Écologistes	32	3	3	https://lesecologistes.fr/document/5ZhR2m5t2ZaGKqIdD1bJaD/vdef-programme-1.pdf	Accord fort : preuve primaire directe ou proposition officielle très proche ; le niveau de confiance documentaire a été réévalué indépendamment de l’intensité de la réponse.
CONF	party	les-ecologistes	Les Écologistes	33	3	3	https://lesecologistes.fr/document/5ZhR2m5t2ZaGKqIdD1bJaD/vdef-programme-1.pdf	Accord fort : preuve primaire directe ou proposition officielle très proche ; le niveau de confiance documentaire a été réévalué indépendamment de l’intensité de la réponse.
CONF	party	les-ecologistes	Les Écologistes	35	-1	2	https://lesecologistes.fr/document/5ZhR2m5t2ZaGKqIdD1bJaD/vdef-programme-1.pdf	Réserve : sources officielles et prises de position convergentes ; le niveau de confiance documentaire a été réévalué indépendamment de l’intensité de la réponse.
CONF	party	les-ecologistes	Les Écologistes	37	3	2	https://lesecologistes.fr/document/5ZhR2m5t2ZaGKqIdD1bJaD/vdef-programme-1.pdf	Accord fort : sources officielles et prises de position convergentes ; le niveau de confiance documentaire a été réévalué indépendamment de l’intensité de la réponse.
ORI	party	les-ecologistes	Les Écologistes	38	3	2	https://lesecologistes.fr/pages/358vv7W974UgosGhCBbIPT/notre-projet	Accord fort : orientation cohérente avec le document officiel retenu, sans passage isolé directement équivalent à la question.
ORI	party	les-ecologistes	Les Écologistes	39	-3	2	https://lesecologistes.fr/pages/358vv7W974UgosGhCBbIPT/notre-projet	Désaccord fort : orientation cohérente avec le document officiel retenu, sans passage isolé directement équivalent à la question.
ORI	party	les-ecologistes	Les Écologistes	40	3	2	https://lesecologistes.fr/pages/358vv7W974UgosGhCBbIPT/notre-projet	Accord fort : orientation cohérente avec le document officiel retenu, sans passage isolé directement équivalent à la question.
ORI	party	les-ecologistes	Les Écologistes	41	3	2	https://lesecologistes.fr/pages/358vv7W974UgosGhCBbIPT/notre-projet	Accord fort : orientation cohérente avec le document officiel retenu, sans passage isolé directement équivalent à la question.
ORI	party	les-ecologistes	Les Écologistes	42	-2	2	https://lesecologistes.fr/pages/358vv7W974UgosGhCBbIPT/notre-projet	Désaccord net : orientation cohérente avec le document officiel retenu, sans passage isolé directement équivalent à la question.
ORI	party	les-ecologistes	Les Écologistes	43	-3	2	https://lesecologistes.fr/document/5ZhR2m5t2ZaGKqIdD1bJaD/vdef-programme-1.pdf	Désaccord fort : orientation cohérente avec le document officiel retenu, sans passage isolé directement équivalent à la question.
ORI	party	les-ecologistes	Les Écologistes	44	2	2	https://lesecologistes.fr/document/5ZhR2m5t2ZaGKqIdD1bJaD/vdef-programme-1.pdf	Accord fort : orientation cohérente avec le document officiel retenu, sans passage isolé directement équivalent à la question.
ORI	party	les-ecologistes	Les Écologistes	45	2	2	https://lesecologistes.fr/document/5ZhR2m5t2ZaGKqIdD1bJaD/vdef-programme-1.pdf	Accord fort : orientation cohérente avec le document officiel retenu, sans passage isolé directement équivalent à la question.
ORI	party	les-ecologistes	Les Écologistes	46	-3	2	https://lesecologistes.fr/document/5ZhR2m5t2ZaGKqIdD1bJaD/vdef-programme-1.pdf	Désaccord fort : orientation cohérente avec le document officiel retenu, sans passage isolé directement équivalent à la question.
PRUD	party	les-ecologistes	Les Écologistes	48	-2	1	https://lesecologistes.fr/document/5ZhR2m5t2ZaGKqIdD1bJaD/vdef-programme-1.pdf	Désaccord net : estimation prudente ; aucune formulation parfaitement équivalente à la question n’a été identifiée.
ORI	party	les-ecologistes	Les Écologistes	49	-3	2	https://lesecologistes.fr/document/5ZhR2m5t2ZaGKqIdD1bJaD/vdef-programme-1.pdf	Désaccord fort : orientation cohérente avec le document officiel retenu, sans passage isolé directement équivalent à la question.
CONF	party	les-ecologistes	Les Écologistes	50	-2	2	https://lesecologistes.fr/document/5ZhR2m5t2ZaGKqIdD1bJaD/vdef-programme-1.pdf	Désaccord net : sources officielles et prises de position convergentes ; le niveau de confiance documentaire a été réévalué indépendamment de l’intensité de la réponse.
ORI	party	les-ecologistes	Les Écologistes	51	-3	2	https://lesecologistes.fr/document/5ZhR2m5t2ZaGKqIdD1bJaD/vdef-programme-1.pdf	Désaccord fort : orientation cohérente avec le document officiel retenu, sans passage isolé directement équivalent à la question.
CONF	party	les-ecologistes	Les Écologistes	54	2	2	https://lesecologistes.fr/document/5ZhR2m5t2ZaGKqIdD1bJaD/vdef-programme-1.pdf	Accord fort : sources officielles et prises de position convergentes ; le niveau de confiance documentaire a été réévalué indépendamment de l’intensité de la réponse.
ORI	party	les-ecologistes	Les Écologistes	55	-3	2	https://lesecologistes.fr/document/5ZhR2m5t2ZaGKqIdD1bJaD/vdef-programme-1.pdf	Désaccord fort : orientation cohérente avec le document officiel retenu, sans passage isolé directement équivalent à la question.
ORI	party	les-ecologistes	Les Écologistes	57	-3	2	https://lesecologistes.fr/pages/358vv7W974UgosGhCBbIPT/notre-projet	Désaccord fort : orientation cohérente avec le document officiel retenu, sans passage isolé directement équivalent à la question.
PRUD	party	les-ecologistes	Les Écologistes	58	0	1	https://lesecologistes.fr/pages/358vv7W974UgosGhCBbIPT/notre-projet	Position équilibrée ou non tranchée : estimation prudente ; aucune formulation parfaitement équivalente à la question n’a été identifiée.
ORI	party	les-ecologistes	Les Écologistes	60	-3	2	https://lesecologistes.fr/pages/358vv7W974UgosGhCBbIPT/notre-projet	Désaccord fort : orientation cohérente avec le document officiel retenu, sans passage isolé directement équivalent à la question.
CONF	party	les-ecologistes	Les Écologistes	61	3	2	https://lesecologistes.fr/pages/358vv7W974UgosGhCBbIPT/notre-projet	Accord fort : sources officielles et prises de position convergentes ; le niveau de confiance documentaire a été réévalué indépendamment de l’intensité de la réponse.
ORI	party	les-ecologistes	Les Écologistes	63	-1	2	https://lesecologistes.fr/pages/358vv7W974UgosGhCBbIPT/notre-projet	Réserve : orientation cohérente avec le document officiel retenu, sans passage isolé directement équivalent à la question.
CONF	party	les-ecologistes	Les Écologistes	64	2	2	https://lesecologistes.fr/pages/358vv7W974UgosGhCBbIPT/notre-projet	Accord net : sources officielles et prises de position convergentes ; le niveau de confiance documentaire a été réévalué indépendamment de l’intensité de la réponse.
ORI	party	les-ecologistes	Les Écologistes	67	3	2	https://lesecologistes.fr/document/5ZhR2m5t2ZaGKqIdD1bJaD/vdef-programme-1.pdf	Accord fort : orientation cohérente avec le document officiel retenu, sans passage isolé directement équivalent à la question.
CONF	party	les-ecologistes	Les Écologistes	68	3	3	https://lesecologistes.fr/document/5ZhR2m5t2ZaGKqIdD1bJaD/vdef-programme-1.pdf	Accord fort : preuve primaire directe ou proposition officielle très proche ; le niveau de confiance documentaire a été réévalué indépendamment de l’intensité de la réponse.
ORI	party	les-ecologistes	Les Écologistes	69	-3	2	https://lesecologistes.fr/document/5ZhR2m5t2ZaGKqIdD1bJaD/vdef-programme-1.pdf	Désaccord fort : orientation cohérente avec le document officiel retenu, sans passage isolé directement équivalent à la question.
CONF	party	les-ecologistes	Les Écologistes	71	2	2	https://lesecologistes.fr/document/5ZhR2m5t2ZaGKqIdD1bJaD/vdef-programme-1.pdf	Accord net : sources officielles et prises de position convergentes ; le niveau de confiance documentaire a été réévalué indépendamment de l’intensité de la réponse.
PRUD	party	les-ecologistes	Les Écologistes	72	-1	1	https://lesecologistes.fr/document/5ZhR2m5t2ZaGKqIdD1bJaD/vdef-programme-1.pdf	Réserve : estimation prudente ; aucune formulation parfaitement équivalente à la question n’a été identifiée.
PRUD	party	les-ecologistes	Les Écologistes	73	0	1	https://lesecologistes.fr/document/5ZhR2m5t2ZaGKqIdD1bJaD/vdef-programme-1.pdf	Position équilibrée ou non tranchée : estimation prudente ; aucune formulation parfaitement équivalente à la question n’a été identifiée.
ORI	party	les-ecologistes	Les Écologistes	74	2	2	https://lesecologistes.fr/document/5ZhR2m5t2ZaGKqIdD1bJaD/vdef-programme-1.pdf	Accord net : orientation cohérente avec le document officiel retenu, sans passage isolé directement équivalent à la question.
PRUD	party	les-ecologistes	Les Écologistes	75	-2	1	https://lesecologistes.fr/document/5ZhR2m5t2ZaGKqIdD1bJaD/vdef-programme-1.pdf	Désaccord net : estimation prudente ; aucune formulation parfaitement équivalente à la question n’a été identifiée.
CONF	party	les-ecologistes	Les Écologistes	76	-2	2	https://lesecologistes.fr/document/5ZhR2m5t2ZaGKqIdD1bJaD/vdef-programme-1.pdf	Désaccord net : sources officielles et prises de position convergentes ; le niveau de confiance documentaire a été réévalué indépendamment de l’intensité de la réponse.
ORI	party	les-ecologistes	Les Écologistes	77	2	2	https://lesecologistes.fr/document/5ZhR2m5t2ZaGKqIdD1bJaD/vdef-programme-1.pdf	Accord fort : orientation cohérente avec le document officiel retenu, sans passage isolé directement équivalent à la question.
ORI	party	les-ecologistes	Les Écologistes	78	-1	2	https://lesecologistes.fr/pages/358vv7W974UgosGhCBbIPT/notre-projet	Réserve : orientation cohérente avec le document officiel retenu, sans passage isolé directement équivalent à la question.
ORI	party	les-ecologistes	Les Écologistes	79	3	2	https://lesecologistes.fr/pages/358vv7W974UgosGhCBbIPT/notre-projet	Accord fort : orientation cohérente avec le document officiel retenu, sans passage isolé directement équivalent à la question.
ORI	party	ps	PS	1	-2	2	https://parti-socialiste.fr/vie-parlementaire/notre-declaration-politique-17eme-legislature/	Désaccord net : orientation cohérente avec le document officiel retenu, sans passage isolé directement équivalent à la question.
CONF	party	ps	PS	2	0	2	https://parti-socialiste.fr/vie-parlementaire/notre-declaration-politique-17eme-legislature/	Position équilibrée ou non tranchée : sources officielles et prises de position convergentes ; le niveau de confiance documentaire a été réévalué indépendamment de l’intensité de la réponse.
CONF	party	ps	PS	3	2	3	https://parti-socialiste.fr/vie-parlementaire/notre-declaration-politique-17eme-legislature/	Accord fort : preuve primaire directe ou proposition officielle très proche ; le niveau de confiance documentaire a été réévalué indépendamment de l’intensité de la réponse.
CONF	party	ps	PS	5	2	3	https://parti-socialiste.fr/vie-parlementaire/notre-declaration-politique-17eme-legislature/	Accord net : preuve primaire directe ou proposition officielle très proche ; le niveau de confiance documentaire a été réévalué indépendamment de l’intensité de la réponse.
CONF	party	ps	PS	6	-1	2	https://parti-socialiste.fr/vie-parlementaire/notre-declaration-politique-17eme-legislature/	Réserve : sources officielles et prises de position convergentes ; le niveau de confiance documentaire a été réévalué indépendamment de l’intensité de la réponse.
CONF	party	ps	PS	8	-1	2	https://parti-socialiste.fr/vie-parlementaire/notre-declaration-politique-17eme-legislature/	Réserve : sources officielles et prises de position convergentes ; le niveau de confiance documentaire a été réévalué indépendamment de l’intensité de la réponse.
ORI	party	ps	PS	9	-1	2	https://parti-socialiste.fr/vie-parlementaire/notre-declaration-politique-17eme-legislature/	Réserve : orientation cohérente avec le document officiel retenu, sans passage isolé directement équivalent à la question.
CONF	party	ps	PS	10	3	3	https://parti-socialiste.fr/vie-parlementaire/notre-declaration-politique-17eme-legislature/	Accord fort : preuve primaire directe ou proposition officielle très proche ; le niveau de confiance documentaire a été réévalué indépendamment de l’intensité de la réponse.
ORI	party	ps	PS	12	2	2	https://parti-socialiste.fr/vie-parlementaire/notre-declaration-politique-17eme-legislature/	Accord net : orientation cohérente avec le document officiel retenu, sans passage isolé directement équivalent à la question.
CONF	party	ps	PS	13	-2	2	https://parti-socialiste.fr/vie-parlementaire/notre-declaration-politique-17eme-legislature/	Désaccord net : sources officielles et prises de position convergentes ; le niveau de confiance documentaire a été réévalué indépendamment de l’intensité de la réponse.
CONF	party	ps	PS	16	0	2	https://www.parti-socialiste.fr/pour_une_politique_migratoire_internationale_et_europeenne	Position équilibrée ou non tranchée : sources officielles et prises de position convergentes ; le niveau de confiance documentaire a été réévalué indépendamment de l’intensité de la réponse.
ORI	party	ps	PS	20	-2	2	https://www.parti-socialiste.fr/pour_une_politique_migratoire_internationale_et_europeenne	Désaccord net : orientation cohérente avec le document officiel retenu, sans passage isolé directement équivalent à la question.
CONF	party	ps	PS	21	2	2	https://www.parti-socialiste.fr/pour_une_politique_migratoire_internationale_et_europeenne	Accord net : sources officielles et prises de position convergentes ; le niveau de confiance documentaire a été réévalué indépendamment de l’intensité de la réponse.
ORI	party	ps	PS	23	-2	2	https://www.parti-socialiste.fr/pour_une_politique_migratoire_internationale_et_europeenne	Désaccord net : orientation cohérente avec le document officiel retenu, sans passage isolé directement équivalent à la question.
ORI	party	ps	PS	24	-2	2	https://www.parti-socialiste.fr/pour_une_politique_migratoire_internationale_et_europeenne	Désaccord net : orientation cohérente avec le document officiel retenu, sans passage isolé directement équivalent à la question.
ORI	party	ps	PS	25	-2	2	https://www.parti-socialiste.fr/pour_une_politique_migratoire_internationale_et_europeenne	Désaccord net : orientation cohérente avec le document officiel retenu, sans passage isolé directement équivalent à la question.
ORI	party	ps	PS	26	3	2	https://www.parti-socialiste.fr/pour_une_politique_migratoire_internationale_et_europeenne	Accord fort : orientation cohérente avec le document officiel retenu, sans passage isolé directement équivalent à la question.
ORI	party	ps	PS	27	-1	2	https://www.parti-socialiste.fr/pour_une_politique_migratoire_internationale_et_europeenne	Réserve : orientation cohérente avec le document officiel retenu, sans passage isolé directement équivalent à la question.
CONF	party	ps	PS	28	2	2	https://www.parti-socialiste.fr/pour_une_politique_migratoire_internationale_et_europeenne	Accord net : sources officielles et prises de position convergentes ; le niveau de confiance documentaire a été réévalué indépendamment de l’intensité de la réponse.
ORI	party	ps	PS	29	-1	2	https://www.parti-socialiste.fr/pour_une_politique_migratoire_internationale_et_europeenne	Réserve : orientation cohérente avec le document officiel retenu, sans passage isolé directement équivalent à la question.
ORI	party	ps	PS	32	3	2	https://parti-socialiste.fr/vie-parlementaire/notre-declaration-politique-17eme-legislature/	Accord fort : orientation cohérente avec le document officiel retenu, sans passage isolé directement équivalent à la question.
CONF	party	ps	PS	35	0	2	https://parti-socialiste.fr/vie-parlementaire/notre-declaration-politique-17eme-legislature/	Position équilibrée ou non tranchée : sources officielles et prises de position convergentes ; le niveau de confiance documentaire a été réévalué indépendamment de l’intensité de la réponse.
CONF	party	ps	PS	37	2	2	https://parti-socialiste.fr/vie-parlementaire/notre-declaration-politique-17eme-legislature/	Accord net : sources officielles et prises de position convergentes ; le niveau de confiance documentaire a été réévalué indépendamment de l’intensité de la réponse.
ORI	party	ps	PS	38	3	2	https://www.parti-socialiste.fr/militantes_et_militants_de_l_europe	Accord fort : orientation cohérente avec le document officiel retenu, sans passage isolé directement équivalent à la question.
ORI	party	ps	PS	39	-3	2	https://www.parti-socialiste.fr/militantes_et_militants_de_l_europe	Désaccord fort : orientation cohérente avec le document officiel retenu, sans passage isolé directement équivalent à la question.
ORI	party	ps	PS	40	3	2	https://www.parti-socialiste.fr/militantes_et_militants_de_l_europe	Accord fort : orientation cohérente avec le document officiel retenu, sans passage isolé directement équivalent à la question.
ORI	party	ps	PS	41	3	2	https://www.parti-socialiste.fr/militantes_et_militants_de_l_europe	Accord fort : orientation cohérente avec le document officiel retenu, sans passage isolé directement équivalent à la question.
ORI	party	ps	PS	42	-2	2	https://www.parti-socialiste.fr/militantes_et_militants_de_l_europe	Désaccord net : orientation cohérente avec le document officiel retenu, sans passage isolé directement équivalent à la question.
CONF	party	ps	PS	43	-2	3	https://parti-socialiste.fr/vie-parlementaire/notre-declaration-politique-17eme-legislature/	Désaccord net : preuve primaire directe ou proposition officielle très proche ; le niveau de confiance documentaire a été réévalué indépendamment de l’intensité de la réponse.
ORI	party	ps	PS	44	1	2	https://parti-socialiste.fr/vie-parlementaire/notre-declaration-politique-17eme-legislature/	Accord fort : orientation cohérente avec le document officiel retenu, sans passage isolé directement équivalent à la question.
ORI	party	ps	PS	45	2	2	https://parti-socialiste.fr/vie-parlementaire/notre-declaration-politique-17eme-legislature/	Accord fort : orientation cohérente avec le document officiel retenu, sans passage isolé directement équivalent à la question.
ORI	party	ps	PS	46	-2	2	https://parti-socialiste.fr/vie-parlementaire/notre-declaration-politique-17eme-legislature/	Désaccord net : orientation cohérente avec le document officiel retenu, sans passage isolé directement équivalent à la question.
PRUD	party	ps	PS	48	-1	1	https://parti-socialiste.fr/vie-parlementaire/notre-declaration-politique-17eme-legislature/	Réserve : estimation prudente ; aucune formulation parfaitement équivalente à la question n’a été identifiée.
ORI	party	ps	PS	49	-2	2	https://parti-socialiste.fr/vie-parlementaire/notre-declaration-politique-17eme-legislature/	Désaccord net : orientation cohérente avec le document officiel retenu, sans passage isolé directement équivalent à la question.
PRUD	party	ps	PS	50	-2	1	https://parti-socialiste.fr/vie-parlementaire/notre-declaration-politique-17eme-legislature/	Désaccord net : estimation prudente ; aucune formulation parfaitement équivalente à la question n’a été identifiée.
ORI	party	ps	PS	51	-2	2	https://parti-socialiste.fr/vie-parlementaire/notre-declaration-politique-17eme-legislature/	Désaccord net : orientation cohérente avec le document officiel retenu, sans passage isolé directement équivalent à la question.
CONF	party	ps	PS	54	2	2	https://parti-socialiste.fr/vie-parlementaire/notre-declaration-politique-17eme-legislature/	Accord net : sources officielles et prises de position convergentes ; le niveau de confiance documentaire a été réévalué indépendamment de l’intensité de la réponse.
ORI	party	ps	PS	55	-2	2	https://parti-socialiste.fr/vie-parlementaire/notre-declaration-politique-17eme-legislature/	Désaccord net : orientation cohérente avec le document officiel retenu, sans passage isolé directement équivalent à la question.
ORI	party	ps	PS	57	-2	2	https://www.parti-socialiste.fr/pour_une_politique_migratoire_internationale_et_europeenne	Désaccord net : orientation cohérente avec le document officiel retenu, sans passage isolé directement équivalent à la question.
PRUD	party	ps	PS	58	1	1	https://www.parti-socialiste.fr/pour_une_politique_migratoire_internationale_et_europeenne	Accord modéré : estimation prudente ; aucune formulation parfaitement équivalente à la question n’a été identifiée.
ORI	party	ps	PS	59	3	2	https://www.parti-socialiste.fr/pour_une_politique_migratoire_internationale_et_europeenne	Accord fort : orientation cohérente avec le document officiel retenu, sans passage isolé directement équivalent à la question.
ORI	party	ps	PS	60	-2	2	https://www.parti-socialiste.fr/pour_une_politique_migratoire_internationale_et_europeenne	Désaccord net : orientation cohérente avec le document officiel retenu, sans passage isolé directement équivalent à la question.
CONF	party	ps	PS	61	2	2	https://www.parti-socialiste.fr/pour_une_politique_migratoire_internationale_et_europeenne	Accord net : sources officielles et prises de position convergentes ; le niveau de confiance documentaire a été réévalué indépendamment de l’intensité de la réponse.
ORI	party	ps	PS	63	0	2	https://www.parti-socialiste.fr/pour_une_politique_migratoire_internationale_et_europeenne	Position équilibrée ou non tranchée : orientation cohérente avec le document officiel retenu, sans passage isolé directement équivalent à la question.
CONF	party	ps	PS	64	2	2	https://www.parti-socialiste.fr/pour_une_politique_migratoire_internationale_et_europeenne	Accord net : sources officielles et prises de position convergentes ; le niveau de confiance documentaire a été réévalué indépendamment de l’intensité de la réponse.
ORI	party	ps	PS	67	3	2	https://parti-socialiste.fr/vie-parlementaire/notre-declaration-politique-17eme-legislature/	Accord fort : orientation cohérente avec le document officiel retenu, sans passage isolé directement équivalent à la question.
ORI	party	ps	PS	68	3	2	https://parti-socialiste.fr/vie-parlementaire/notre-declaration-politique-17eme-legislature/	Accord fort : orientation cohérente avec le document officiel retenu, sans passage isolé directement équivalent à la question.
ORI	party	ps	PS	69	0	2	https://parti-socialiste.fr/vie-parlementaire/notre-declaration-politique-17eme-legislature/	Position équilibrée ou non tranchée : orientation cohérente avec le document officiel retenu, sans passage isolé directement équivalent à la question.
CONF	party	ps	PS	71	2	2	https://parti-socialiste.fr/vie-parlementaire/notre-declaration-politique-17eme-legislature/	Accord net : sources officielles et prises de position convergentes ; le niveau de confiance documentaire a été réévalué indépendamment de l’intensité de la réponse.
PRUD	party	ps	PS	72	-1	1	https://parti-socialiste.fr/vie-parlementaire/notre-declaration-politique-17eme-legislature/	Réserve : estimation prudente ; aucune formulation parfaitement équivalente à la question n’a été identifiée.
PRUD	party	ps	PS	73	0	1	https://parti-socialiste.fr/vie-parlementaire/notre-declaration-politique-17eme-legislature/	Position équilibrée ou non tranchée : estimation prudente ; aucune formulation parfaitement équivalente à la question n’a été identifiée.
ORI	party	ps	PS	74	2	2	https://parti-socialiste.fr/vie-parlementaire/notre-declaration-politique-17eme-legislature/	Accord net : orientation cohérente avec le document officiel retenu, sans passage isolé directement équivalent à la question.
PRUD	party	ps	PS	75	-2	1	https://parti-socialiste.fr/vie-parlementaire/notre-declaration-politique-17eme-legislature/	Désaccord net : estimation prudente ; aucune formulation parfaitement équivalente à la question n’a été identifiée.
ORI	party	ps	PS	77	2	2	https://parti-socialiste.fr/vie-parlementaire/notre-declaration-politique-17eme-legislature/	Accord fort : orientation cohérente avec le document officiel retenu, sans passage isolé directement équivalent à la question.
ORI	party	ps	PS	78	1	2	https://www.parti-socialiste.fr/pour_une_politique_migratoire_internationale_et_europeenne	Accord modéré : orientation cohérente avec le document officiel retenu, sans passage isolé directement équivalent à la question.
ORI	party	ps	PS	79	3	2	https://www.parti-socialiste.fr/pour_une_politique_migratoire_internationale_et_europeenne	Accord fort : orientation cohérente avec le document officiel retenu, sans passage isolé directement équivalent à la question.
ORI	party	renaissance	Renaissance	1	2	2	https://parti-renaissance.fr/	Accord net : orientation cohérente avec le document officiel retenu, sans passage isolé directement équivalent à la question.
CONF	party	renaissance	Renaissance	2	2	2	https://parti-renaissance.fr/	Accord net : sources officielles et prises de position convergentes ; le niveau de confiance documentaire a été réévalué indépendamment de l’intensité de la réponse.
ORI	party	renaissance	Renaissance	3	-1	2	https://parti-renaissance.fr/	Réserve : orientation cohérente avec le document officiel retenu, sans passage isolé directement équivalent à la question.
ORI	party	renaissance	Renaissance	5	-1	2	https://parti-renaissance.fr/	Réserve : orientation cohérente avec le document officiel retenu, sans passage isolé directement équivalent à la question.
CONF	party	renaissance	Renaissance	6	2	2	https://parti-renaissance.fr/	Accord net : sources officielles et prises de position convergentes ; le niveau de confiance documentaire a été réévalué indépendamment de l’intensité de la réponse.
ORI	party	renaissance	Renaissance	7	-1	2	https://parti-renaissance.fr/	Réserve : orientation cohérente avec le document officiel retenu, sans passage isolé directement équivalent à la question.
CONF	party	renaissance	Renaissance	8	2	2	https://parti-renaissance.fr/	Accord net : sources officielles et prises de position convergentes ; le niveau de confiance documentaire a été réévalué indépendamment de l’intensité de la réponse.
ORI	party	renaissance	Renaissance	9	2	2	https://parti-renaissance.fr/	Accord net : orientation cohérente avec le document officiel retenu, sans passage isolé directement équivalent à la question.
ORI	party	renaissance	Renaissance	12	0	2	https://parti-renaissance.fr/	Position équilibrée ou non tranchée : orientation cohérente avec le document officiel retenu, sans passage isolé directement équivalent à la question.
CONF	party	renaissance	Renaissance	13	1	2	https://parti-renaissance.fr/	Accord modéré : sources officielles et prises de position convergentes ; le niveau de confiance documentaire a été réévalué indépendamment de l’intensité de la réponse.
CONF	party	renaissance	Renaissance	16	-2	2	https://parti-renaissance.fr/	Désaccord net : sources officielles et prises de position convergentes ; le niveau de confiance documentaire a été réévalué indépendamment de l’intensité de la réponse.
ORI	party	renaissance	Renaissance	20	1	2	https://parti-renaissance.fr/	Accord modéré : orientation cohérente avec le document officiel retenu, sans passage isolé directement équivalent à la question.
CONF	party	renaissance	Renaissance	21	2	2	https://parti-renaissance.fr/	Accord net : sources officielles et prises de position convergentes ; le niveau de confiance documentaire a été réévalué indépendamment de l’intensité de la réponse.
ORI	party	renaissance	Renaissance	23	1	2	https://parti-renaissance.fr/	Accord modéré : orientation cohérente avec le document officiel retenu, sans passage isolé directement équivalent à la question.
ORI	party	renaissance	Renaissance	24	3	2	https://parti-renaissance.fr/	Accord fort : orientation cohérente avec le document officiel retenu, sans passage isolé directement équivalent à la question.
ORI	party	renaissance	Renaissance	25	1	2	https://parti-renaissance.fr/	Accord modéré : orientation cohérente avec le document officiel retenu, sans passage isolé directement équivalent à la question.
ORI	party	renaissance	Renaissance	26	0	2	https://parti-renaissance.fr/	Position équilibrée ou non tranchée : orientation cohérente avec le document officiel retenu, sans passage isolé directement équivalent à la question.
ORI	party	renaissance	Renaissance	27	1	2	https://parti-renaissance.fr/	Accord modéré : orientation cohérente avec le document officiel retenu, sans passage isolé directement équivalent à la question.
ORI	party	renaissance	Renaissance	29	2	2	https://parti-renaissance.fr/	Accord net : orientation cohérente avec le document officiel retenu, sans passage isolé directement équivalent à la question.
ORI	party	renaissance	Renaissance	32	2	2	https://parti-renaissance.fr/	Accord net : orientation cohérente avec le document officiel retenu, sans passage isolé directement équivalent à la question.
CONF	party	renaissance	Renaissance	35	2	2	https://parti-renaissance.fr/	Accord net : sources officielles et prises de position convergentes ; le niveau de confiance documentaire a été réévalué indépendamment de l’intensité de la réponse.
CONF	party	renaissance	Renaissance	37	2	2	https://parti-renaissance.fr/	Accord net : sources officielles et prises de position convergentes ; le niveau de confiance documentaire a été réévalué indépendamment de l’intensité de la réponse.
ORI	party	renaissance	Renaissance	38	2	2	https://parti-renaissance.fr/	Accord net : orientation cohérente avec le document officiel retenu, sans passage isolé directement équivalent à la question.
ORI	party	renaissance	Renaissance	39	-2	2	https://parti-renaissance.fr/	Désaccord net : orientation cohérente avec le document officiel retenu, sans passage isolé directement équivalent à la question.
ORI	party	renaissance	Renaissance	40	3	2	https://parti-renaissance.fr/	Accord fort : orientation cohérente avec le document officiel retenu, sans passage isolé directement équivalent à la question.
ORI	party	renaissance	Renaissance	41	2	2	https://parti-renaissance.fr/	Accord net : orientation cohérente avec le document officiel retenu, sans passage isolé directement équivalent à la question.
ORI	party	renaissance	Renaissance	42	-3	2	https://parti-renaissance.fr/	Désaccord fort : orientation cohérente avec le document officiel retenu, sans passage isolé directement équivalent à la question.
ORI	party	renaissance	Renaissance	43	1	2	https://parti-renaissance.fr/	Accord modéré : orientation cohérente avec le document officiel retenu, sans passage isolé directement équivalent à la question.
ORI	party	renaissance	Renaissance	44	-1	2	https://parti-renaissance.fr/	Réserve : orientation cohérente avec le document officiel retenu, sans passage isolé directement équivalent à la question.
ORI	party	renaissance	Renaissance	45	0	2	https://parti-renaissance.fr/	Position équilibrée ou non tranchée : orientation cohérente avec le document officiel retenu, sans passage isolé directement équivalent à la question.
ORI	party	renaissance	Renaissance	46	2	2	https://parti-renaissance.fr/	Accord net : orientation cohérente avec le document officiel retenu, sans passage isolé directement équivalent à la question.
CONF	party	renaissance	Renaissance	48	2	2	https://parti-renaissance.fr/	Accord net : sources officielles et prises de position convergentes ; le niveau de confiance documentaire a été réévalué indépendamment de l’intensité de la réponse.
ORI	party	renaissance	Renaissance	51	2	2	https://parti-renaissance.fr/	Accord net : orientation cohérente avec le document officiel retenu, sans passage isolé directement équivalent à la question.
PRUD	party	renaissance	Renaissance	54	1	1	https://parti-renaissance.fr/	Accord modéré : estimation prudente ; aucune formulation parfaitement équivalente à la question n’a été identifiée.
ORI	party	renaissance	Renaissance	57	1	2	https://parti-renaissance.fr/	Accord modéré : orientation cohérente avec le document officiel retenu, sans passage isolé directement équivalent à la question.
CONF	party	renaissance	Renaissance	58	2	2	https://parti-renaissance.fr/	Accord net : sources officielles et prises de position convergentes ; le niveau de confiance documentaire a été réévalué indépendamment de l’intensité de la réponse.
ORI	party	renaissance	Renaissance	59	2	2	https://parti-renaissance.fr/	Accord net : orientation cohérente avec le document officiel retenu, sans passage isolé directement équivalent à la question.
ORI	party	renaissance	Renaissance	60	1	2	https://parti-renaissance.fr/	Accord modéré : orientation cohérente avec le document officiel retenu, sans passage isolé directement équivalent à la question.
PRUD	party	renaissance	Renaissance	61	2	1	https://parti-renaissance.fr/	Accord net : estimation prudente ; aucune formulation parfaitement équivalente à la question n’a été identifiée.
ORI	party	renaissance	Renaissance	63	2	2	https://parti-renaissance.fr/	Accord net : orientation cohérente avec le document officiel retenu, sans passage isolé directement équivalent à la question.
PRUD	party	renaissance	Renaissance	64	1	1	https://parti-renaissance.fr/	Accord modéré : estimation prudente ; aucune formulation parfaitement équivalente à la question n’a été identifiée.
ORI	party	renaissance	Renaissance	67	2	2	https://parti-renaissance.fr/	Accord net : orientation cohérente avec le document officiel retenu, sans passage isolé directement équivalent à la question.
ORI	party	renaissance	Renaissance	68	2	2	https://parti-renaissance.fr/	Accord net : orientation cohérente avec le document officiel retenu, sans passage isolé directement équivalent à la question.
PRUD	party	renaissance	Renaissance	71	0	1	https://parti-renaissance.fr/	Position équilibrée ou non tranchée : estimation prudente ; aucune formulation parfaitement équivalente à la question n’a été identifiée.
CONF	party	renaissance	Renaissance	72	2	2	https://parti-renaissance.fr/	Accord net : sources officielles et prises de position convergentes ; le niveau de confiance documentaire a été réévalué indépendamment de l’intensité de la réponse.
CONF	party	renaissance	Renaissance	73	2	2	https://parti-renaissance.fr/	Accord net : sources officielles et prises de position convergentes ; le niveau de confiance documentaire a été réévalué indépendamment de l’intensité de la réponse.
ORI	party	renaissance	Renaissance	74	0	2	https://parti-renaissance.fr/	Position équilibrée ou non tranchée : orientation cohérente avec le document officiel retenu, sans passage isolé directement équivalent à la question.
PRUD	party	renaissance	Renaissance	75	-2	1	https://parti-renaissance.fr/	Désaccord net : estimation prudente ; aucune formulation parfaitement équivalente à la question n’a été identifiée.
CONF	party	renaissance	Renaissance	76	2	2	https://parti-renaissance.fr/	Accord net : sources officielles et prises de position convergentes ; le niveau de confiance documentaire a été réévalué indépendamment de l’intensité de la réponse.
ORI	party	renaissance	Renaissance	77	-1	2	https://parti-renaissance.fr/	Réserve : orientation cohérente avec le document officiel retenu, sans passage isolé directement équivalent à la question.
ORI	party	renaissance	Renaissance	78	3	2	https://parti-renaissance.fr/	Accord fort : orientation cohérente avec le document officiel retenu, sans passage isolé directement équivalent à la question.
ORI	party	renaissance	Renaissance	79	1	2	https://parti-renaissance.fr/	Accord modéré : orientation cohérente avec le document officiel retenu, sans passage isolé directement équivalent à la question.
ORI	party	modem	MoDem	1	1	2	https://www.mouvementdemocrate.fr/actualites/marc-fesneau-un-chemin-vers-un-cap-collectif-et-vers-jose-le-mot-une-esperance-video	Accord modéré : orientation cohérente avec le document officiel retenu, sans passage isolé directement équivalent à la question.
PRUD	party	modem	MoDem	2	0	1	https://www.mouvementdemocrate.fr/actualites/marc-fesneau-un-chemin-vers-un-cap-collectif-et-vers-jose-le-mot-une-esperance-video	Position équilibrée ou non tranchée : estimation prudente ; aucune formulation parfaitement équivalente à la question n’a été identifiée.
PRUD	party	modem	MoDem	6	1	1	https://www.mouvementdemocrate.fr/actualites/marc-fesneau-un-chemin-vers-un-cap-collectif-et-vers-jose-le-mot-une-esperance-video	Accord modéré : estimation prudente ; aucune formulation parfaitement équivalente à la question n’a été identifiée.
CONF	party	modem	MoDem	8	1	2	https://www.mouvementdemocrate.fr/actualites/marc-fesneau-un-chemin-vers-un-cap-collectif-et-vers-jose-le-mot-une-esperance-video	Accord modéré : sources officielles et prises de position convergentes ; le niveau de confiance documentaire a été réévalué indépendamment de l’intensité de la réponse.
PRUD	party	modem	MoDem	13	1	1	https://www.mouvementdemocrate.fr/actualites/marc-fesneau-un-chemin-vers-un-cap-collectif-et-vers-jose-le-mot-une-esperance-video	Accord modéré : estimation prudente ; aucune formulation parfaitement équivalente à la question n’a été identifiée.
PRUD	party	modem	MoDem	16	-2	1	https://www.mouvementdemocrate.fr/	Désaccord net : estimation prudente ; aucune formulation parfaitement équivalente à la question n’a été identifiée.
ORI	party	modem	MoDem	20	0	2	https://www.mouvementdemocrate.fr/	Position équilibrée ou non tranchée : orientation cohérente avec le document officiel retenu, sans passage isolé directement équivalent à la question.
CONF	party	modem	MoDem	21	2	2	https://www.mouvementdemocrate.fr/	Accord net : sources officielles et prises de position convergentes ; le niveau de confiance documentaire a été réévalué indépendamment de l’intensité de la réponse.
ORI	party	modem	MoDem	24	2	2	https://www.mouvementdemocrate.fr/	Accord net : orientation cohérente avec le document officiel retenu, sans passage isolé directement équivalent à la question.
CONF	party	modem	MoDem	28	2	2	https://www.mouvementdemocrate.fr/	Accord net : sources officielles et prises de position convergentes ; le niveau de confiance documentaire a été réévalué indépendamment de l’intensité de la réponse.
ORI	party	modem	MoDem	29	1	2	https://www.mouvementdemocrate.fr/	Accord modéré : orientation cohérente avec le document officiel retenu, sans passage isolé directement équivalent à la question.
ORI	party	modem	MoDem	32	2	2	https://www.mouvementdemocrate.fr/vers-une-transition-ecologique-solidaire-7925	Accord fort : orientation cohérente avec le document officiel retenu, sans passage isolé directement équivalent à la question.
CONF	party	modem	MoDem	35	1	2	https://www.mouvementdemocrate.fr/vers-une-transition-ecologique-solidaire-7925	Accord modéré : sources officielles et prises de position convergentes ; le niveau de confiance documentaire a été réévalué indépendamment de l’intensité de la réponse.
CONF	party	modem	MoDem	37	2	2	https://www.mouvementdemocrate.fr/vers-une-transition-ecologique-solidaire-7925	Accord net : sources officielles et prises de position convergentes ; le niveau de confiance documentaire a été réévalué indépendamment de l’intensité de la réponse.
ORI	party	modem	MoDem	38	2	2	https://www.mouvementdemocrate.fr/	Accord net : orientation cohérente avec le document officiel retenu, sans passage isolé directement équivalent à la question.
ORI	party	modem	MoDem	40	3	2	https://www.mouvementdemocrate.fr/	Accord fort : orientation cohérente avec le document officiel retenu, sans passage isolé directement équivalent à la question.
ORI	party	modem	MoDem	43	0	2	https://www.mouvementdemocrate.fr/actualites/marc-fesneau-un-chemin-vers-un-cap-collectif-et-vers-jose-le-mot-une-esperance-video	Position équilibrée ou non tranchée : orientation cohérente avec le document officiel retenu, sans passage isolé directement équivalent à la question.
PRUD	party	modem	MoDem	48	1	1	https://www.mouvementdemocrate.fr/actualites/marc-fesneau-un-chemin-vers-un-cap-collectif-et-vers-jose-le-mot-une-esperance-video	Accord modéré : estimation prudente ; aucune formulation parfaitement équivalente à la question n’a été identifiée.
CONF	party	modem	MoDem	50	1	2	https://www.mouvementdemocrate.fr/actualites/marc-fesneau-un-chemin-vers-un-cap-collectif-et-vers-jose-le-mot-une-esperance-video	Accord modéré : sources officielles et prises de position convergentes ; le niveau de confiance documentaire a été réévalué indépendamment de l’intensité de la réponse.
PRUD	party	modem	MoDem	54	1	1	https://www.mouvementdemocrate.fr/actualites/marc-fesneau-un-chemin-vers-un-cap-collectif-et-vers-jose-le-mot-une-esperance-video	Accord modéré : estimation prudente ; aucune formulation parfaitement équivalente à la question n’a été identifiée.
ORI	party	modem	MoDem	63	1	2	https://www.mouvementdemocrate.fr/	Accord modéré : orientation cohérente avec le document officiel retenu, sans passage isolé directement équivalent à la question.
CONF	party	modem	MoDem	64	2	2	https://www.mouvementdemocrate.fr/	Accord net : sources officielles et prises de position convergentes ; le niveau de confiance documentaire a été réévalué indépendamment de l’intensité de la réponse.
PRUD	party	modem	MoDem	71	1	1	https://www.mouvementdemocrate.fr/vers-une-transition-ecologique-solidaire-7925	Accord modéré : estimation prudente ; aucune formulation parfaitement équivalente à la question n’a été identifiée.
PRUD	party	modem	MoDem	72	1	1	https://www.mouvementdemocrate.fr/actualites/marc-fesneau-un-chemin-vers-un-cap-collectif-et-vers-jose-le-mot-une-esperance-video	Accord modéré : estimation prudente ; aucune formulation parfaitement équivalente à la question n’a été identifiée.
PRUD	party	modem	MoDem	73	1	1	https://www.mouvementdemocrate.fr/actualites/marc-fesneau-un-chemin-vers-un-cap-collectif-et-vers-jose-le-mot-une-esperance-video	Accord modéré : estimation prudente ; aucune formulation parfaitement équivalente à la question n’a été identifiée.
PRUD	party	modem	MoDem	75	-2	1	https://www.mouvementdemocrate.fr/actualites/marc-fesneau-un-chemin-vers-un-cap-collectif-et-vers-jose-le-mot-une-esperance-video	Désaccord net : estimation prudente ; aucune formulation parfaitement équivalente à la question n’a été identifiée.
CONF	party	modem	MoDem	76	1	2	https://www.mouvementdemocrate.fr/actualites/marc-fesneau-un-chemin-vers-un-cap-collectif-et-vers-jose-le-mot-une-esperance-video	Accord modéré : sources officielles et prises de position convergentes ; le niveau de confiance documentaire a été réévalué indépendamment de l’intensité de la réponse.
ORI	party	modem	MoDem	78	2	2	https://www.mouvementdemocrate.fr/	Accord net : orientation cohérente avec le document officiel retenu, sans passage isolé directement équivalent à la question.
CONF	party	modem	MoDem	82	-1	2	https://www.mouvementdemocrate.fr/	Réserve : sources officielles et prises de position convergentes ; le niveau de confiance documentaire a été réévalué indépendamment de l’intensité de la réponse.
ORI	party	horizons	Horizons	1	3	2	https://horizonsleparti.fr/le-manifeste/	Accord fort : orientation cohérente avec le document officiel retenu, sans passage isolé directement équivalent à la question.
PRUD	party	horizons	Horizons	2	2	2	https://horizonsleparti.fr/le-manifeste/	Accord net : estimation prudente ; aucune formulation parfaitement équivalente à la question n’a été identifiée.
CONF	party	horizons	Horizons	6	2	2	https://horizonsleparti.fr/le-manifeste/	Accord net : sources officielles et prises de position convergentes ; le niveau de confiance documentaire a été réévalué indépendamment de l’intensité de la réponse.
CONF	party	horizons	Horizons	8	2	2	https://horizonsleparti.fr/le-manifeste/	Accord net : sources officielles et prises de position convergentes ; le niveau de confiance documentaire a été réévalué indépendamment de l’intensité de la réponse.
ORI	party	horizons	Horizons	9	3	2	https://horizonsleparti.fr/le-manifeste/	Accord fort : orientation cohérente avec le document officiel retenu, sans passage isolé directement équivalent à la question.
CONF	party	horizons	Horizons	13	2	2	https://horizonsleparti.fr/le-manifeste/	Accord net : sources officielles et prises de position convergentes ; le niveau de confiance documentaire a été réévalué indépendamment de l’intensité de la réponse.
PRUD	party	horizons	Horizons	16	-2	2	https://horizonsleparti.fr/le-manifeste/	Désaccord net : estimation prudente ; aucune formulation parfaitement équivalente à la question n’a été identifiée.
ORI	party	horizons	Horizons	20	2	2	https://horizonsleparti.fr/le-manifeste/	Accord net : orientation cohérente avec le document officiel retenu, sans passage isolé directement équivalent à la question.
CONF	party	horizons	Horizons	21	2	2	https://horizonsleparti.fr/le-manifeste/	Accord net : sources officielles et prises de position convergentes ; le niveau de confiance documentaire a été réévalué indépendamment de l’intensité de la réponse.
ORI	party	horizons	Horizons	24	3	2	https://horizonsleparti.fr/le-manifeste/	Accord fort : orientation cohérente avec le document officiel retenu, sans passage isolé directement équivalent à la question.
ORI	party	horizons	Horizons	29	2	2	https://horizonsleparti.fr/le-manifeste/	Accord fort : orientation cohérente avec le document officiel retenu, sans passage isolé directement équivalent à la question.
ORI	party	horizons	Horizons	32	2	2	https://horizonsleparti.fr/le-manifeste/	Accord net : orientation cohérente avec le document officiel retenu, sans passage isolé directement équivalent à la question.
CONF	party	horizons	Horizons	35	2	2	https://horizonsleparti.fr/le-manifeste/	Accord net : sources officielles et prises de position convergentes ; le niveau de confiance documentaire a été réévalué indépendamment de l’intensité de la réponse.
PRUD	party	horizons	Horizons	37	1	1	https://horizonsleparti.fr/le-manifeste/	Accord modéré : estimation prudente ; aucune formulation parfaitement équivalente à la question n’a été identifiée.
ORI	party	horizons	Horizons	38	2	2	https://horizonsleparti.fr/le-manifeste/	Accord net : orientation cohérente avec le document officiel retenu, sans passage isolé directement équivalent à la question.
ORI	party	horizons	Horizons	40	3	2	https://horizonsleparti.fr/le-manifeste/	Accord fort : orientation cohérente avec le document officiel retenu, sans passage isolé directement équivalent à la question.
ORI	party	horizons	Horizons	43	2	2	https://horizonsleparti.fr/le-manifeste/	Accord net : orientation cohérente avec le document officiel retenu, sans passage isolé directement équivalent à la question.
CONF	party	horizons	Horizons	48	2	2	https://horizonsleparti.fr/le-manifeste/	Accord net : sources officielles et prises de position convergentes ; le niveau de confiance documentaire a été réévalué indépendamment de l’intensité de la réponse.
PRUD	party	horizons	Horizons	50	2	2	https://horizonsleparti.fr/le-manifeste/	Accord net : estimation prudente ; aucune formulation parfaitement équivalente à la question n’a été identifiée.
PRUD	party	horizons	Horizons	54	1	1	https://horizonsleparti.fr/le-manifeste/	Accord modéré : estimation prudente ; aucune formulation parfaitement équivalente à la question n’a été identifiée.
ORI	party	horizons	Horizons	55	2	2	https://horizonsleparti.fr/le-manifeste/	Accord net : orientation cohérente avec le document officiel retenu, sans passage isolé directement équivalent à la question.
PRUD	party	horizons	Horizons	61	1	2	https://horizonsleparti.fr/le-manifeste/	Accord modéré : estimation prudente ; aucune formulation parfaitement équivalente à la question n’a été identifiée.
ORI	party	horizons	Horizons	63	2	2	https://horizonsleparti.fr/le-manifeste/	Accord net : orientation cohérente avec le document officiel retenu, sans passage isolé directement équivalent à la question.
CONF	party	horizons	Horizons	64	2	2	https://horizonsleparti.fr/le-manifeste/	Accord net : sources officielles et prises de position convergentes ; le niveau de confiance documentaire a été réévalué indépendamment de l’intensité de la réponse.
PRUD	party	horizons	Horizons	71	0	1	https://horizonsleparti.fr/le-manifeste/	Position équilibrée ou non tranchée : estimation prudente ; aucune formulation parfaitement équivalente à la question n’a été identifiée.
PRUD	party	horizons	Horizons	72	2	1	https://horizonsleparti.fr/le-manifeste/	Accord net : estimation prudente ; aucune formulation parfaitement équivalente à la question n’a été identifiée.
PRUD	party	horizons	Horizons	73	2	1	https://horizonsleparti.fr/le-manifeste/	Accord net : estimation prudente ; aucune formulation parfaitement équivalente à la question n’a été identifiée.
PRUD	party	horizons	Horizons	75	-2	1	https://horizonsleparti.fr/le-manifeste/	Désaccord net : estimation prudente ; aucune formulation parfaitement équivalente à la question n’a été identifiée.
CONF	party	horizons	Horizons	76	2	2	https://horizonsleparti.fr/le-manifeste/	Accord net : sources officielles et prises de position convergentes ; le niveau de confiance documentaire a été réévalué indépendamment de l’intensité de la réponse.
ORI	party	horizons	Horizons	78	3	2	https://horizonsleparti.fr/le-manifeste/	Accord fort : orientation cohérente avec le document officiel retenu, sans passage isolé directement équivalent à la question.
CONF	party	france-humaniste	LFH	24	2	2	https://lafrancehumaniste.fr/articles/la-france-face-au-piege-identitaire.html	Accord net : sources officielles et prises de position convergentes ; le niveau de confiance documentaire a été réévalué indépendamment de l’intensité de la réponse.
CONF	party	france-humaniste	LFH	66	-1	2	https://lafrancehumaniste.fr/articles/la-lutte-antiterroriste.html	Réserve : sources officielles et prises de position convergentes ; le niveau de confiance documentaire a été réévalué indépendamment de l’intensité de la réponse.
ORI	party	lr	LR	1	3	2	https://republicains.fr/nos-idees/	Accord fort : orientation cohérente avec le document officiel retenu, sans passage isolé directement équivalent à la question.
CONF	party	lr	LR	2	2	2	https://republicains.fr/	Accord net : sources officielles et prises de position convergentes ; le niveau de confiance documentaire a été réévalué indépendamment de l’intensité de la réponse.
ORI	party	lr	LR	3	-3	2	https://republicains.fr/nos-idees/	Désaccord fort : orientation cohérente avec le document officiel retenu, sans passage isolé directement équivalent à la question.
ORI	party	lr	LR	5	-2	2	https://republicains.fr/nos-idees/	Désaccord net : orientation cohérente avec le document officiel retenu, sans passage isolé directement équivalent à la question.
CONF	party	lr	LR	6	2	2	https://republicains.fr/	Accord net : sources officielles et prises de position convergentes ; le niveau de confiance documentaire a été réévalué indépendamment de l’intensité de la réponse.
ORI	party	lr	LR	7	-1	2	https://republicains.fr/nos-idees/	Réserve : orientation cohérente avec le document officiel retenu, sans passage isolé directement équivalent à la question.
CONF	party	lr	LR	8	2	2	https://republicains.fr/	Accord net : sources officielles et prises de position convergentes ; le niveau de confiance documentaire a été réévalué indépendamment de l’intensité de la réponse.
ORI	party	lr	LR	9	3	2	https://republicains.fr/nos-idees/	Accord fort : orientation cohérente avec le document officiel retenu, sans passage isolé directement équivalent à la question.
ORI	party	lr	LR	10	-1	2	https://republicains.fr/nos-idees/	Réserve : orientation cohérente avec le document officiel retenu, sans passage isolé directement équivalent à la question.
ORI	party	lr	LR	12	-1	2	https://republicains.fr/nos-idees/	Réserve : orientation cohérente avec le document officiel retenu, sans passage isolé directement équivalent à la question.
PRUD	party	lr	LR	13	2	1	https://republicains.fr/nos-idees/	Accord net : estimation prudente ; aucune formulation parfaitement équivalente à la question n’a été identifiée.
CONF	party	lr	LR	16	-2	2	https://republicains.fr/	Désaccord net : sources officielles et prises de position convergentes ; le niveau de confiance documentaire a été réévalué indépendamment de l’intensité de la réponse.
CONF	party	lr	LR	20	3	3	https://republicains.fr/nos-idees/	Accord fort : preuve primaire directe ou proposition officielle très proche ; le niveau de confiance documentaire a été réévalué indépendamment de l’intensité de la réponse.
ORI	party	lr	LR	23	2	2	https://republicains.fr/nos-idees/	Accord net : orientation cohérente avec le document officiel retenu, sans passage isolé directement équivalent à la question.
ORI	party	lr	LR	24	3	2	https://republicains.fr/nos-idees/	Accord fort : orientation cohérente avec le document officiel retenu, sans passage isolé directement équivalent à la question.
ORI	party	lr	LR	25	3	2	https://republicains.fr/nos-idees/	Accord fort : orientation cohérente avec le document officiel retenu, sans passage isolé directement équivalent à la question.
ORI	party	lr	LR	26	-2	2	https://republicains.fr/nos-idees/	Désaccord net : orientation cohérente avec le document officiel retenu, sans passage isolé directement équivalent à la question.
ORI	party	lr	LR	27	3	2	https://republicains.fr/nos-idees/	Accord fort : orientation cohérente avec le document officiel retenu, sans passage isolé directement équivalent à la question.
CONF	party	lr	LR	28	1	2	https://republicains.fr/	Accord modéré : sources officielles et prises de position convergentes ; le niveau de confiance documentaire a été réévalué indépendamment de l’intensité de la réponse.
ORI	party	lr	LR	29	2	2	https://republicains.fr/nos-idees/	Accord fort : orientation cohérente avec le document officiel retenu, sans passage isolé directement équivalent à la question.
ORI	party	lr	LR	32	1	2	https://republicains.fr/nos-idees/	Accord modéré : orientation cohérente avec le document officiel retenu, sans passage isolé directement équivalent à la question.
CONF	party	lr	LR	35	2	2	https://republicains.fr/	Accord net : sources officielles et prises de position convergentes ; le niveau de confiance documentaire a été réévalué indépendamment de l’intensité de la réponse.
PRUD	party	lr	LR	37	0	1	https://republicains.fr/nos-idees/	Position équilibrée ou non tranchée : estimation prudente ; aucune formulation parfaitement équivalente à la question n’a été identifiée.
ORI	party	lr	LR	38	0	2	https://republicains.fr/nos-idees/	Position équilibrée ou non tranchée : orientation cohérente avec le document officiel retenu, sans passage isolé directement équivalent à la question.
ORI	party	lr	LR	39	1	2	https://republicains.fr/nos-idees/	Accord modéré : orientation cohérente avec le document officiel retenu, sans passage isolé directement équivalent à la question.
ORI	party	lr	LR	40	2	2	https://republicains.fr/nos-idees/	Accord net : orientation cohérente avec le document officiel retenu, sans passage isolé directement équivalent à la question.
ORI	party	lr	LR	41	0	2	https://republicains.fr/nos-idees/	Position équilibrée ou non tranchée : orientation cohérente avec le document officiel retenu, sans passage isolé directement équivalent à la question.
ORI	party	lr	LR	42	2	2	https://republicains.fr/nos-idees/	Accord net : orientation cohérente avec le document officiel retenu, sans passage isolé directement équivalent à la question.
ORI	party	lr	LR	43	3	2	https://republicains.fr/nos-idees/	Accord fort : orientation cohérente avec le document officiel retenu, sans passage isolé directement équivalent à la question.
ORI	party	lr	LR	44	-3	2	https://republicains.fr/nos-idees/	Désaccord fort : orientation cohérente avec le document officiel retenu, sans passage isolé directement équivalent à la question.
ORI	party	lr	LR	45	-2	2	https://republicains.fr/nos-idees/	Désaccord net : orientation cohérente avec le document officiel retenu, sans passage isolé directement équivalent à la question.
ORI	party	lr	LR	46	3	2	https://republicains.fr/nos-idees/	Accord fort : orientation cohérente avec le document officiel retenu, sans passage isolé directement équivalent à la question.
CONF	party	lr	LR	48	2	2	https://republicains.fr/	Accord net : sources officielles et prises de position convergentes ; le niveau de confiance documentaire a été réévalué indépendamment de l’intensité de la réponse.
ORI	party	lr	LR	51	3	2	https://republicains.fr/nos-idees/	Accord fort : orientation cohérente avec le document officiel retenu, sans passage isolé directement équivalent à la question.
PRUD	party	lr	LR	54	1	1	https://republicains.fr/nos-idees/	Accord modéré : estimation prudente ; aucune formulation parfaitement équivalente à la question n’a été identifiée.
ORI	party	lr	LR	55	2	2	https://republicains.fr/nos-idees/	Accord fort : orientation cohérente avec le document officiel retenu, sans passage isolé directement équivalent à la question.
CONF	party	lr	LR	58	2	2	https://republicains.fr/	Accord net : sources officielles et prises de position convergentes ; le niveau de confiance documentaire a été réévalué indépendamment de l’intensité de la réponse.
ORI	party	lr	LR	60	3	2	https://republicains.fr/nos-idees/	Accord fort : orientation cohérente avec le document officiel retenu, sans passage isolé directement équivalent à la question.
PRUD	party	lr	LR	61	-1	1	https://republicains.fr/nos-idees/	Réserve : estimation prudente ; aucune formulation parfaitement équivalente à la question n’a été identifiée.
ORI	party	lr	LR	63	3	2	https://republicains.fr/nos-idees/	Accord fort : orientation cohérente avec le document officiel retenu, sans passage isolé directement équivalent à la question.
CONF	party	lr	LR	64	2	2	https://republicains.fr/	Accord net : sources officielles et prises de position convergentes ; le niveau de confiance documentaire a été réévalué indépendamment de l’intensité de la réponse.
ORI	party	lr	LR	67	0	2	https://republicains.fr/nos-idees/	Position équilibrée ou non tranchée : orientation cohérente avec le document officiel retenu, sans passage isolé directement équivalent à la question.
ORI	party	lr	LR	68	-2	2	https://republicains.fr/nos-idees/	Désaccord net : orientation cohérente avec le document officiel retenu, sans passage isolé directement équivalent à la question.
ORI	party	lr	LR	69	3	2	https://republicains.fr/nos-idees/	Accord fort : orientation cohérente avec le document officiel retenu, sans passage isolé directement équivalent à la question.
PRUD	party	lr	LR	71	-2	1	https://republicains.fr/nos-idees/	Désaccord net : estimation prudente ; aucune formulation parfaitement équivalente à la question n’a été identifiée.
PRUD	party	lr	LR	72	1	1	https://republicains.fr/nos-idees/	Accord modéré : estimation prudente ; aucune formulation parfaitement équivalente à la question n’a été identifiée.
CONF	party	lr	LR	73	2	2	https://republicains.fr/	Accord net : sources officielles et prises de position convergentes ; le niveau de confiance documentaire a été réévalué indépendamment de l’intensité de la réponse.
ORI	party	lr	LR	74	2	2	https://republicains.fr/nos-idees/	Accord net : orientation cohérente avec le document officiel retenu, sans passage isolé directement équivalent à la question.
CONF	party	lr	LR	76	2	2	https://republicains.fr/	Accord net : sources officielles et prises de position convergentes ; le niveau de confiance documentaire a été réévalué indépendamment de l’intensité de la réponse.
ORI	party	lr	LR	78	3	2	https://republicains.fr/nos-idees/	Accord fort : orientation cohérente avec le document officiel retenu, sans passage isolé directement équivalent à la question.
ORI	party	lr	LR	79	-1	2	https://republicains.fr/nos-idees/	Réserve : orientation cohérente avec le document officiel retenu, sans passage isolé directement équivalent à la question.
CONF	party	nouvelle-energie	Nouvelle Énergie	1	3	3	https://www.unenouvelleenergie.fr/notre-programme/	Accord fort : preuve primaire directe ou proposition officielle très proche ; le niveau de confiance documentaire a été réévalué indépendamment de l’intensité de la réponse.
CONF	party	nouvelle-energie	Nouvelle Énergie	2	2	2	https://www.unenouvelleenergie.fr/notre-programme/	Accord net : sources officielles et prises de position convergentes ; le niveau de confiance documentaire a été réévalué indépendamment de l’intensité de la réponse.
ORI	party	nouvelle-energie	Nouvelle Énergie	3	-3	2	https://www.unenouvelleenergie.fr/notre-programme/	Désaccord fort : orientation cohérente avec le document officiel retenu, sans passage isolé directement équivalent à la question.
ORI	party	nouvelle-energie	Nouvelle Énergie	5	-2	2	https://www.unenouvelleenergie.fr/notre-programme/	Désaccord net : orientation cohérente avec le document officiel retenu, sans passage isolé directement équivalent à la question.
CONF	party	nouvelle-energie	Nouvelle Énergie	6	2	2	https://www.unenouvelleenergie.fr/notre-programme/	Accord net : sources officielles et prises de position convergentes ; le niveau de confiance documentaire a été réévalué indépendamment de l’intensité de la réponse.
ORI	party	nouvelle-energie	Nouvelle Énergie	7	-2	2	https://www.unenouvelleenergie.fr/notre-programme/	Désaccord net : orientation cohérente avec le document officiel retenu, sans passage isolé directement équivalent à la question.
CONF	party	nouvelle-energie	Nouvelle Énergie	8	3	3	https://www.unenouvelleenergie.fr/notre-programme/	Accord fort : preuve primaire directe ou proposition officielle très proche ; le niveau de confiance documentaire a été réévalué indépendamment de l’intensité de la réponse.
CONF	party	nouvelle-energie	Nouvelle Énergie	9	3	3	https://www.unenouvelleenergie.fr/notre-programme/	Accord fort : preuve primaire directe ou proposition officielle très proche ; le niveau de confiance documentaire a été réévalué indépendamment de l’intensité de la réponse.
ORI	party	nouvelle-energie	Nouvelle Énergie	10	-1	2	https://www.unenouvelleenergie.fr/notre-programme/	Réserve : orientation cohérente avec le document officiel retenu, sans passage isolé directement équivalent à la question.
ORI	party	nouvelle-energie	Nouvelle Énergie	12	-2	2	https://www.unenouvelleenergie.fr/notre-programme/	Désaccord net : orientation cohérente avec le document officiel retenu, sans passage isolé directement équivalent à la question.
CONF	party	nouvelle-energie	Nouvelle Énergie	13	3	3	https://www.unenouvelleenergie.fr/notre-programme/	Accord fort : preuve primaire directe ou proposition officielle très proche ; le niveau de confiance documentaire a été réévalué indépendamment de l’intensité de la réponse.
PRUD	party	nouvelle-energie	Nouvelle Énergie	16	-3	2	https://www.unenouvelleenergie.fr/notre-programme/	Désaccord fort : estimation prudente ; aucune formulation parfaitement équivalente à la question n’a été identifiée.
CONF	party	nouvelle-energie	Nouvelle Énergie	20	3	3	https://www.unenouvelleenergie.fr/notre-programme/immigration/	Accord fort : preuve primaire directe ou proposition officielle très proche ; le niveau de confiance documentaire a été réévalué indépendamment de l’intensité de la réponse.
CONF	party	nouvelle-energie	Nouvelle Énergie	21	1	2	https://www.unenouvelleenergie.fr/notre-programme/	Accord modéré : sources officielles et prises de position convergentes ; le niveau de confiance documentaire a été réévalué indépendamment de l’intensité de la réponse.
CONF	party	nouvelle-energie	Nouvelle Énergie	23	3	3	https://www.unenouvelleenergie.fr/notre-programme/immigration/	Accord fort : preuve primaire directe ou proposition officielle très proche ; le niveau de confiance documentaire a été réévalué indépendamment de l’intensité de la réponse.
CONF	party	nouvelle-energie	Nouvelle Énergie	24	3	3	https://www.unenouvelleenergie.fr/notre-programme/immigration/	Accord fort : preuve primaire directe ou proposition officielle très proche ; le niveau de confiance documentaire a été réévalué indépendamment de l’intensité de la réponse.
ORI	party	nouvelle-energie	Nouvelle Énergie	25	3	2	https://www.unenouvelleenergie.fr/notre-programme/	Accord fort : orientation cohérente avec le document officiel retenu, sans passage isolé directement équivalent à la question.
ORI	party	nouvelle-energie	Nouvelle Énergie	26	-2	2	https://www.unenouvelleenergie.fr/notre-programme/	Désaccord net : orientation cohérente avec le document officiel retenu, sans passage isolé directement équivalent à la question.
ORI	party	nouvelle-energie	Nouvelle Énergie	27	2	2	https://www.unenouvelleenergie.fr/notre-programme/	Accord net : orientation cohérente avec le document officiel retenu, sans passage isolé directement équivalent à la question.
ORI	party	nouvelle-energie	Nouvelle Énergie	29	2	2	https://www.unenouvelleenergie.fr/notre-programme/	Accord fort : orientation cohérente avec le document officiel retenu, sans passage isolé directement équivalent à la question.
ORI	party	nouvelle-energie	Nouvelle Énergie	32	0	2	https://www.unenouvelleenergie.fr/notre-programme/	Position équilibrée ou non tranchée : orientation cohérente avec le document officiel retenu, sans passage isolé directement équivalent à la question.
PRUD	party	nouvelle-energie	Nouvelle Énergie	35	3	2	https://www.unenouvelleenergie.fr/notre-programme/	Accord fort : estimation prudente ; aucune formulation parfaitement équivalente à la question n’a été identifiée.
PRUD	party	nouvelle-energie	Nouvelle Énergie	37	0	1	https://www.unenouvelleenergie.fr/notre-programme/	Position équilibrée ou non tranchée : estimation prudente ; aucune formulation parfaitement équivalente à la question n’a été identifiée.
ORI	party	nouvelle-energie	Nouvelle Énergie	39	2	2	https://www.unenouvelleenergie.fr/notre-programme/	Accord net : orientation cohérente avec le document officiel retenu, sans passage isolé directement équivalent à la question.
ORI	party	nouvelle-energie	Nouvelle Énergie	40	2	2	https://www.unenouvelleenergie.fr/notre-programme/	Accord fort : orientation cohérente avec le document officiel retenu, sans passage isolé directement équivalent à la question.
ORI	party	nouvelle-energie	Nouvelle Énergie	42	2	2	https://www.unenouvelleenergie.fr/notre-programme/	Accord fort : orientation cohérente avec le document officiel retenu, sans passage isolé directement équivalent à la question.
ORI	party	nouvelle-energie	Nouvelle Énergie	43	3	2	https://www.unenouvelleenergie.fr/notre-programme/	Accord fort : orientation cohérente avec le document officiel retenu, sans passage isolé directement équivalent à la question.
ORI	party	nouvelle-energie	Nouvelle Énergie	44	-3	2	https://www.unenouvelleenergie.fr/notre-programme/	Désaccord fort : orientation cohérente avec le document officiel retenu, sans passage isolé directement équivalent à la question.
ORI	party	nouvelle-energie	Nouvelle Énergie	46	2	2	https://www.unenouvelleenergie.fr/notre-programme/	Accord fort : orientation cohérente avec le document officiel retenu, sans passage isolé directement équivalent à la question.
ORI	party	nouvelle-energie	Nouvelle Énergie	51	2	2	https://www.unenouvelleenergie.fr/notre-programme/	Accord fort : orientation cohérente avec le document officiel retenu, sans passage isolé directement équivalent à la question.
CONF	party	nouvelle-energie	Nouvelle Énergie	54	1	2	https://www.unenouvelleenergie.fr/notre-programme/	Accord modéré : sources officielles et prises de position convergentes ; le niveau de confiance documentaire a été réévalué indépendamment de l’intensité de la réponse.
CONF	party	nouvelle-energie	Nouvelle Énergie	55	3	3	https://www.unenouvelleenergie.fr/notre-programme/	Accord fort : preuve primaire directe ou proposition officielle très proche ; le niveau de confiance documentaire a été réévalué indépendamment de l’intensité de la réponse.
CONF	party	nouvelle-energie	Nouvelle Énergie	57	3	3	https://www.unenouvelleenergie.fr/notre-programme/immigration/	Accord fort : preuve primaire directe ou proposition officielle très proche ; le niveau de confiance documentaire a été réévalué indépendamment de l’intensité de la réponse.
CONF	party	nouvelle-energie	Nouvelle Énergie	58	3	3	https://www.unenouvelleenergie.fr/notre-programme/immigration/	Accord fort : preuve primaire directe ou proposition officielle très proche ; le niveau de confiance documentaire a été réévalué indépendamment de l’intensité de la réponse.
CONF	party	nouvelle-energie	Nouvelle Énergie	60	3	3	https://www.unenouvelleenergie.fr/notre-programme/immigration/	Accord fort : preuve primaire directe ou proposition officielle très proche ; le niveau de confiance documentaire a été réévalué indépendamment de l’intensité de la réponse.
CONF	party	nouvelle-energie	Nouvelle Énergie	61	-2	2	https://www.unenouvelleenergie.fr/notre-programme/	Désaccord net : sources officielles et prises de position convergentes ; le niveau de confiance documentaire a été réévalué indépendamment de l’intensité de la réponse.
ORI	party	nouvelle-energie	Nouvelle Énergie	63	2	2	https://www.unenouvelleenergie.fr/notre-programme/	Accord fort : orientation cohérente avec le document officiel retenu, sans passage isolé directement équivalent à la question.
CONF	party	nouvelle-energie	Nouvelle Énergie	64	2	2	https://www.unenouvelleenergie.fr/notre-programme/	Accord net : sources officielles et prises de position convergentes ; le niveau de confiance documentaire a été réévalué indépendamment de l’intensité de la réponse.
ORI	party	nouvelle-energie	Nouvelle Énergie	68	-2	2	https://www.unenouvelleenergie.fr/notre-programme/	Désaccord net : orientation cohérente avec le document officiel retenu, sans passage isolé directement équivalent à la question.
CONF	party	nouvelle-energie	Nouvelle Énergie	69	3	3	https://www.unenouvelleenergie.fr/le-grand-entretien-avec-david-lisnard-quelle-strategie-pour-la-france-dans-le-nouveau-desordre-mondial/	Accord fort : preuve primaire directe ou proposition officielle très proche ; le niveau de confiance documentaire a été réévalué indépendamment de l’intensité de la réponse.
PRUD	party	nouvelle-energie	Nouvelle Énergie	71	-1	1	https://www.unenouvelleenergie.fr/notre-programme/	Réserve : estimation prudente ; aucune formulation parfaitement équivalente à la question n’a été identifiée.
PRUD	party	nouvelle-energie	Nouvelle Énergie	73	1	1	https://www.unenouvelleenergie.fr/notre-programme/	Accord modéré : estimation prudente ; aucune formulation parfaitement équivalente à la question n’a été identifiée.
CONF	party	nouvelle-energie	Nouvelle Énergie	76	2	2	https://www.unenouvelleenergie.fr/notre-programme/	Accord net : sources officielles et prises de position convergentes ; le niveau de confiance documentaire a été réévalué indépendamment de l’intensité de la réponse.
CONF	party	nouvelle-energie	Nouvelle Énergie	78	3	3	https://www.unenouvelleenergie.fr/notre-programme/immigration/	Accord fort : preuve primaire directe ou proposition officielle très proche ; le niveau de confiance documentaire a été réévalué indépendamment de l’intensité de la réponse.
ORI	party	nouvelle-energie	Nouvelle Énergie	79	-1	2	https://www.unenouvelleenergie.fr/notre-programme/	Réserve : orientation cohérente avec le document officiel retenu, sans passage isolé directement équivalent à la question.
CONF	party	udr	UDR	20	3	3	https://www.udr.fr/priorites	Accord fort : preuve primaire directe ou proposition officielle très proche ; le niveau de confiance documentaire a été réévalué indépendamment de l’intensité de la réponse.
CONF	party	udr	UDR	21	-2	2	https://www.assemblee-nationale.fr/dyn/opendata/PNREANR5L17B1609.html	Désaccord net : sources officielles et prises de position convergentes ; le niveau de confiance documentaire a été réévalué indépendamment de l’intensité de la réponse.
CONF	party	udr	UDR	23	3	3	https://www.udr.fr/priorites	Accord fort : preuve primaire directe ou proposition officielle très proche ; le niveau de confiance documentaire a été réévalué indépendamment de l’intensité de la réponse.
CONF	party	udr	UDR	24	3	3	https://www.udr.fr/priorites	Accord fort : preuve primaire directe ou proposition officielle très proche ; le niveau de confiance documentaire a été réévalué indépendamment de l’intensité de la réponse.
CONF	party	udr	UDR	27	3	3	https://www.udr.fr/priorites	Accord fort : preuve primaire directe ou proposition officielle très proche ; le niveau de confiance documentaire a été réévalué indépendamment de l’intensité de la réponse.
CONF	party	udr	UDR	29	2	2	https://www.udr.fr/priorites	Accord net : sources officielles et prises de position convergentes ; le niveau de confiance documentaire a été réévalué indépendamment de l’intensité de la réponse.
CONF	party	udr	UDR	39	2	2	https://www.udr.fr/priorites	Accord net : sources officielles et prises de position convergentes ; le niveau de confiance documentaire a été réévalué indépendamment de l’intensité de la réponse.
CONF	party	udr	UDR	42	2	2	https://www.udr.fr/priorites	Accord net : sources officielles et prises de position convergentes ; le niveau de confiance documentaire a été réévalué indépendamment de l’intensité de la réponse.
CONF	party	udr	UDR	44	-3	3	https://www.udr.fr/priorites	Désaccord fort : preuve primaire directe ou proposition officielle très proche ; le niveau de confiance documentaire a été réévalué indépendamment de l’intensité de la réponse.
CONF	party	udr	UDR	46	2	2	https://www.assemblee-nationale.fr/dyn/17/amendements/2247/CION_FIN/CF912	Accord net : sources officielles et prises de position convergentes ; le niveau de confiance documentaire a été réévalué indépendamment de l’intensité de la réponse.
CONF	party	udr	UDR	51	2	2	https://www.assemblee-nationale.fr/dyn/17/amendements/2247/CION_FIN/CF912	Accord net : sources officielles et prises de position convergentes ; le niveau de confiance documentaire a été réévalué indépendamment de l’intensité de la réponse.
CONF	party	udr	UDR	57	3	3	https://www.udr.fr/priorites	Accord fort : preuve primaire directe ou proposition officielle très proche ; le niveau de confiance documentaire a été réévalué indépendamment de l’intensité de la réponse.
CONF	party	udr	UDR	59	-3	3	https://www.udr.fr/priorites	Désaccord fort : preuve primaire directe ou proposition officielle très proche ; le niveau de confiance documentaire a été réévalué indépendamment de l’intensité de la réponse.
CONF	party	udr	UDR	60	2	2	https://www.assemblee-nationale.fr/dyn/opendata/PNREANR5L17B1609.html	Accord net : sources officielles et prises de position convergentes ; le niveau de confiance documentaire a été réévalué indépendamment de l’intensité de la réponse.
CONF	party	udr	UDR	74	3	3	https://www.udr.fr/priorites	Accord fort : preuve primaire directe ou proposition officielle très proche ; le niveau de confiance documentaire a été réévalué indépendamment de l’intensité de la réponse.
CONF	party	udr	UDR	78	2	2	https://www.assemblee-nationale.fr/dyn/opendata/PNREANR5L17B1609.html	Accord net : sources officielles et prises de position convergentes ; le niveau de confiance documentaire a été réévalué indépendamment de l’intensité de la réponse.
ORI	party	rn	RN	1	1	2	https://rassemblementnational.fr/documents/202406-programme.pdf	Accord modéré : orientation cohérente avec le document officiel retenu, sans passage isolé directement équivalent à la question.
PRUD	party	rn	RN	2	1	1	https://rassemblementnational.fr/documents/202406-programme.pdf	Accord modéré : estimation prudente ; aucune formulation parfaitement équivalente à la question n’a été identifiée.
ORI	party	rn	RN	3	-1	2	https://rassemblementnational.fr/documents/202406-programme.pdf	Réserve : orientation cohérente avec le document officiel retenu, sans passage isolé directement équivalent à la question.
PRUD	party	rn	RN	6	0	1	https://rassemblementnational.fr/documents/202406-programme.pdf	Position équilibrée ou non tranchée : estimation prudente ; aucune formulation parfaitement équivalente à la question n’a été identifiée.
ORI	party	rn	RN	7	2	2	https://rassemblementnational.fr/documents/202406-programme.pdf	Accord net : orientation cohérente avec le document officiel retenu, sans passage isolé directement équivalent à la question.
PRUD	party	rn	RN	8	0	1	https://rassemblementnational.fr/documents/202406-programme.pdf	Position équilibrée ou non tranchée : estimation prudente ; aucune formulation parfaitement équivalente à la question n’a été identifiée.
ORI	party	rn	RN	12	2	2	https://rassemblementnational.fr/documents/202406-programme.pdf	Accord net : orientation cohérente avec le document officiel retenu, sans passage isolé directement équivalent à la question.
PRUD	party	rn	RN	13	0	1	https://rassemblementnational.fr/documents/202406-programme.pdf	Position équilibrée ou non tranchée : estimation prudente ; aucune formulation parfaitement équivalente à la question n’a été identifiée.
PRUD	party	rn	RN	16	-2	1	https://rassemblementnational.fr/livrets-thematiques	Désaccord net : estimation prudente ; aucune formulation parfaitement équivalente à la question n’a été identifiée.
CONF	party	rn	RN	20	3	3	https://municipales2026.rassemblementnational.fr/communiques/le-rn-impose-un-tournant-historique-dans-la-lutte-contre-limmigration-illegale	Accord fort : preuve primaire directe ou proposition officielle très proche ; le niveau de confiance documentaire a été réévalué indépendamment de l’intensité de la réponse.
CONF	party	rn	RN	23	3	3	https://municipales2026.rassemblementnational.fr/communiques/le-rn-impose-un-tournant-historique-dans-la-lutte-contre-limmigration-illegale	Accord fort : preuve primaire directe ou proposition officielle très proche ; le niveau de confiance documentaire a été réévalué indépendamment de l’intensité de la réponse.
CONF	party	rn	RN	24	3	3	https://municipales2026.rassemblementnational.fr/communiques/le-rn-impose-un-tournant-historique-dans-la-lutte-contre-limmigration-illegale	Accord fort : preuve primaire directe ou proposition officielle très proche ; le niveau de confiance documentaire a été réévalué indépendamment de l’intensité de la réponse.
CONF	party	rn	RN	25	3	3	https://municipales2026.rassemblementnational.fr/communiques/le-rn-impose-un-tournant-historique-dans-la-lutte-contre-limmigration-illegale	Accord fort : preuve primaire directe ou proposition officielle très proche ; le niveau de confiance documentaire a été réévalué indépendamment de l’intensité de la réponse.
ORI	party	rn	RN	26	-3	2	https://rassemblementnational.fr/livrets-thematiques	Désaccord fort : orientation cohérente avec le document officiel retenu, sans passage isolé directement équivalent à la question.
ORI	party	rn	RN	27	3	2	https://rassemblementnational.fr/livrets-thematiques	Accord fort : orientation cohérente avec le document officiel retenu, sans passage isolé directement équivalent à la question.
ORI	party	rn	RN	29	3	2	https://rassemblementnational.fr/livrets-thematiques	Accord fort : orientation cohérente avec le document officiel retenu, sans passage isolé directement équivalent à la question.
ORI	party	rn	RN	32	0	2	https://rassemblementnational.fr/documents/202411-programme-europeennes.pdf	Position équilibrée ou non tranchée : orientation cohérente avec le document officiel retenu, sans passage isolé directement équivalent à la question.
PRUD	party	rn	RN	35	1	1	https://rassemblementnational.fr/documents/202411-programme-europeennes.pdf	Accord modéré : estimation prudente ; aucune formulation parfaitement équivalente à la question n’a été identifiée.
PRUD	party	rn	RN	37	-2	2	https://rassemblementnational.fr/documents/202411-programme-europeennes.pdf	Désaccord net : estimation prudente ; aucune formulation parfaitement équivalente à la question n’a été identifiée.
ORI	party	rn	RN	38	-2	2	https://rassemblementnational.fr/documents/202411-programme-europeennes.pdf	Désaccord net : orientation cohérente avec le document officiel retenu, sans passage isolé directement équivalent à la question.
CONF	party	rn	RN	39	3	3	https://rassemblementnational.fr/documents/202411-programme-europeennes.pdf	Accord fort : preuve primaire directe ou proposition officielle très proche ; le niveau de confiance documentaire a été réévalué indépendamment de l’intensité de la réponse.
ORI	party	rn	RN	40	1	2	https://rassemblementnational.fr/documents/202411-programme-europeennes.pdf	Accord modéré : orientation cohérente avec le document officiel retenu, sans passage isolé directement équivalent à la question.
ORI	party	rn	RN	41	-2	2	https://rassemblementnational.fr/documents/202411-programme-europeennes.pdf	Désaccord net : orientation cohérente avec le document officiel retenu, sans passage isolé directement équivalent à la question.
CONF	party	rn	RN	42	3	3	https://rassemblementnational.fr/documents/202411-programme-europeennes.pdf	Accord fort : preuve primaire directe ou proposition officielle très proche ; le niveau de confiance documentaire a été réévalué indépendamment de l’intensité de la réponse.
ORI	party	rn	RN	43	2	2	https://rassemblementnational.fr/documents/202406-programme.pdf	Accord net : orientation cohérente avec le document officiel retenu, sans passage isolé directement équivalent à la question.
ORI	party	rn	RN	44	-2	2	https://rassemblementnational.fr/documents/202406-programme.pdf	Désaccord net : orientation cohérente avec le document officiel retenu, sans passage isolé directement équivalent à la question.
ORI	party	rn	RN	45	-1	2	https://rassemblementnational.fr/documents/202406-programme.pdf	Réserve : orientation cohérente avec le document officiel retenu, sans passage isolé directement équivalent à la question.
ORI	party	rn	RN	46	3	2	https://rassemblementnational.fr/documents/202406-programme.pdf	Accord fort : orientation cohérente avec le document officiel retenu, sans passage isolé directement équivalent à la question.
PRUD	party	rn	RN	48	-1	1	https://rassemblementnational.fr/documents/202406-programme.pdf	Réserve : estimation prudente ; aucune formulation parfaitement équivalente à la question n’a été identifiée.
PRUD	party	rn	RN	50	-2	1	https://rassemblementnational.fr/documents/202406-programme.pdf	Désaccord net : estimation prudente ; aucune formulation parfaitement équivalente à la question n’a été identifiée.
ORI	party	rn	RN	51	2	2	https://rassemblementnational.fr/documents/202406-programme.pdf	Accord fort : orientation cohérente avec le document officiel retenu, sans passage isolé directement équivalent à la question.
PRUD	party	rn	RN	54	2	1	https://rassemblementnational.fr/documents/202406-programme.pdf	Accord net : estimation prudente ; aucune formulation parfaitement équivalente à la question n’a été identifiée.
ORI	party	rn	RN	57	3	2	https://rassemblementnational.fr/livrets-thematiques	Accord fort : orientation cohérente avec le document officiel retenu, sans passage isolé directement équivalent à la question.
CONF	party	rn	RN	58	1	2	https://rassemblementnational.fr/livrets-thematiques	Accord modéré : sources officielles et prises de position convergentes ; le niveau de confiance documentaire a été réévalué indépendamment de l’intensité de la réponse.
ORI	party	rn	RN	59	-3	2	https://rassemblementnational.fr/livrets-thematiques	Désaccord fort : orientation cohérente avec le document officiel retenu, sans passage isolé directement équivalent à la question.
ORI	party	rn	RN	60	3	2	https://rassemblementnational.fr/livrets-thematiques	Accord fort : orientation cohérente avec le document officiel retenu, sans passage isolé directement équivalent à la question.
PRUD	party	rn	RN	61	-2	2	https://rassemblementnational.fr/livrets-thematiques	Désaccord net : estimation prudente ; aucune formulation parfaitement équivalente à la question n’a été identifiée.
ORI	party	rn	RN	63	3	2	https://rassemblementnational.fr/livrets-thematiques	Accord fort : orientation cohérente avec le document officiel retenu, sans passage isolé directement équivalent à la question.
ORI	party	rn	RN	67	-1	2	https://rassemblementnational.fr/documents/202411-programme-europeennes.pdf	Réserve : orientation cohérente avec le document officiel retenu, sans passage isolé directement équivalent à la question.
ORI	party	rn	RN	68	-3	2	https://rassemblementnational.fr/documents/202411-programme-europeennes.pdf	Désaccord fort : orientation cohérente avec le document officiel retenu, sans passage isolé directement équivalent à la question.
ORI	party	rn	RN	69	3	2	https://rassemblementnational.fr/documents/202411-programme-europeennes.pdf	Accord fort : orientation cohérente avec le document officiel retenu, sans passage isolé directement équivalent à la question.
PRUD	party	rn	RN	71	-2	1	https://rassemblementnational.fr/documents/202411-programme-europeennes.pdf	Désaccord net : estimation prudente ; aucune formulation parfaitement équivalente à la question n’a été identifiée.
PRUD	party	rn	RN	72	-1	1	https://rassemblementnational.fr/documents/202406-programme.pdf	Réserve : estimation prudente ; aucune formulation parfaitement équivalente à la question n’a été identifiée.
PRUD	party	rn	RN	73	0	1	https://rassemblementnational.fr/documents/202406-programme.pdf	Position équilibrée ou non tranchée : estimation prudente ; aucune formulation parfaitement équivalente à la question n’a été identifiée.
ORI	party	rn	RN	74	3	2	https://rassemblementnational.fr/documents/202406-programme.pdf	Accord fort : orientation cohérente avec le document officiel retenu, sans passage isolé directement équivalent à la question.
PRUD	party	rn	RN	75	-2	1	https://rassemblementnational.fr/documents/202406-programme.pdf	Désaccord net : estimation prudente ; aucune formulation parfaitement équivalente à la question n’a été identifiée.
CONF	party	rn	RN	76	2	2	https://rassemblementnational.fr/documents/202406-programme.pdf	Accord net : sources officielles et prises de position convergentes ; le niveau de confiance documentaire a été réévalué indépendamment de l’intensité de la réponse.
ORI	party	rn	RN	78	3	2	https://rassemblementnational.fr/livrets-thematiques	Accord fort : orientation cohérente avec le document officiel retenu, sans passage isolé directement équivalent à la question.
ORI	party	rn	RN	79	-2	2	https://rassemblementnational.fr/livrets-thematiques	Désaccord net : orientation cohérente avec le document officiel retenu, sans passage isolé directement équivalent à la question.
ORI	party	reconquete	Reconquête	1	3	2	https://www.parti-reconquete.fr/	Accord fort : orientation cohérente avec le document officiel retenu, sans passage isolé directement équivalent à la question.
PRUD	party	reconquete	Reconquête	2	2	1	https://www.parti-reconquete.fr/	Accord net : estimation prudente ; aucune formulation parfaitement équivalente à la question n’a été identifiée.
PRUD	party	reconquete	Reconquête	6	2	1	https://www.parti-reconquete.fr/	Accord net : estimation prudente ; aucune formulation parfaitement équivalente à la question n’a été identifiée.
PRUD	party	reconquete	Reconquête	8	2	1	https://www.parti-reconquete.fr/	Accord net : estimation prudente ; aucune formulation parfaitement équivalente à la question n’a été identifiée.
ORI	party	reconquete	Reconquête	9	3	2	https://www.parti-reconquete.fr/	Accord fort : orientation cohérente avec le document officiel retenu, sans passage isolé directement équivalent à la question.
PRUD	party	reconquete	Reconquête	13	2	1	https://www.parti-reconquete.fr/	Accord net : estimation prudente ; aucune formulation parfaitement équivalente à la question n’a été identifiée.
PRUD	party	reconquete	Reconquête	16	-2	1	https://www.parti-reconquete.fr/	Désaccord net : estimation prudente ; aucune formulation parfaitement équivalente à la question n’a été identifiée.
ORI	party	reconquete	Reconquête	20	3	2	https://www.parti-reconquete.fr/	Accord fort : orientation cohérente avec le document officiel retenu, sans passage isolé directement équivalent à la question.
PRUD	party	reconquete	Reconquête	21	-2	2	https://www.parti-reconquete.fr/	Désaccord net : estimation prudente ; aucune formulation parfaitement équivalente à la question n’a été identifiée.
ORI	party	reconquete	Reconquête	24	3	2	https://www.parti-reconquete.fr/	Accord fort : orientation cohérente avec le document officiel retenu, sans passage isolé directement équivalent à la question.
ORI	party	reconquete	Reconquête	29	3	2	https://www.parti-reconquete.fr/	Accord fort : orientation cohérente avec le document officiel retenu, sans passage isolé directement équivalent à la question.
ORI	party	reconquete	Reconquête	32	0	2	https://www.parti-reconquete.fr/	Position équilibrée ou non tranchée : orientation cohérente avec le document officiel retenu, sans passage isolé directement équivalent à la question.
PRUD	party	reconquete	Reconquête	35	2	1	https://www.parti-reconquete.fr/	Accord net : estimation prudente ; aucune formulation parfaitement équivalente à la question n’a été identifiée.
PRUD	party	reconquete	Reconquête	37	-2	1	https://www.parti-reconquete.fr/	Désaccord net : estimation prudente ; aucune formulation parfaitement équivalente à la question n’a été identifiée.
ORI	party	reconquete	Reconquête	38	-2	2	https://www.parti-reconquete.fr/	Désaccord net : orientation cohérente avec le document officiel retenu, sans passage isolé directement équivalent à la question.
ORI	party	reconquete	Reconquête	40	1	2	https://www.parti-reconquete.fr/	Accord modéré : orientation cohérente avec le document officiel retenu, sans passage isolé directement équivalent à la question.
ORI	party	reconquete	Reconquête	43	2	2	https://www.parti-reconquete.fr/	Accord fort : orientation cohérente avec le document officiel retenu, sans passage isolé directement équivalent à la question.
PRUD	party	reconquete	Reconquête	48	2	1	https://www.parti-reconquete.fr/	Accord net : estimation prudente ; aucune formulation parfaitement équivalente à la question n’a été identifiée.
PRUD	party	reconquete	Reconquête	54	0	1	https://www.parti-reconquete.fr/	Position équilibrée ou non tranchée : estimation prudente ; aucune formulation parfaitement équivalente à la question n’a été identifiée.
ORI	party	reconquete	Reconquête	55	3	2	https://www.parti-reconquete.fr/	Accord fort : orientation cohérente avec le document officiel retenu, sans passage isolé directement équivalent à la question.
PRUD	party	reconquete	Reconquête	58	2	1	https://www.parti-reconquete.fr/	Accord net : estimation prudente ; aucune formulation parfaitement équivalente à la question n’a été identifiée.
PRUD	party	reconquete	Reconquête	61	-2	2	https://www.parti-reconquete.fr/	Désaccord net : estimation prudente ; aucune formulation parfaitement équivalente à la question n’a été identifiée.
ORI	party	reconquete	Reconquête	63	3	2	https://www.parti-reconquete.fr/	Accord fort : orientation cohérente avec le document officiel retenu, sans passage isolé directement équivalent à la question.
PRUD	party	reconquete	Reconquête	64	3	1	https://www.parti-reconquete.fr/	Accord fort : estimation prudente ; aucune formulation parfaitement équivalente à la question n’a été identifiée.
PRUD	party	reconquete	Reconquête	71	-2	1	https://www.parti-reconquete.fr/	Désaccord net : estimation prudente ; aucune formulation parfaitement équivalente à la question n’a été identifiée.
PRUD	party	reconquete	Reconquête	72	-1	1	https://www.parti-reconquete.fr/	Réserve : estimation prudente ; aucune formulation parfaitement équivalente à la question n’a été identifiée.
PRUD	party	reconquete	Reconquête	73	1	1	https://www.parti-reconquete.fr/	Accord modéré : estimation prudente ; aucune formulation parfaitement équivalente à la question n’a été identifiée.
PRUD	party	reconquete	Reconquête	75	-2	1	https://www.parti-reconquete.fr/	Désaccord net : estimation prudente ; aucune formulation parfaitement équivalente à la question n’a été identifiée.
PRUD	party	reconquete	Reconquête	76	2	1	https://www.parti-reconquete.fr/	Accord net : estimation prudente ; aucune formulation parfaitement équivalente à la question n’a été identifiée.
ORI	party	reconquete	Reconquête	78	3	2	https://www.parti-reconquete.fr/	Accord fort : orientation cohérente avec le document officiel retenu, sans passage isolé directement équivalent à la question.
