entityType	entity	qid	theme	question	response	confidence	justification	source
party	LFI	1	Économie	Il faut réduire les impôts sur le travail et le capital, même si cela implique de réduire certaines dépenses publiques.	-3	2	Désaccord fort : orientation cohérente avec le document officiel retenu, sans passage isolé directement équivalent à la question.	https://lafranceinsoumise.fr/europeennes-2024/programme-de-lunion-populaire/chapitre-1-sortir-de-lausterite-et-partager-les-richesses/
party	LFI	14	Social / société	La société devrait accepter beaucoup plus largement les différents modes de vie, même lorsqu'ils s'éloignent des normes traditionnelles.	3	2	Accord fort : codage cohérent avec la ligne programmatique générale du parti sur social / société.	https://lafranceinsoumise.fr/wp-content/uploads/2024/06/Programme-nouveaufrontpopulaire.pdf
party	LFI	17	Social / société	Les politiques publiques devraient chercher à corriger activement les discriminations historiques ou structurelles entre groupes sociaux.	3	2	Accord fort : codage cohérent avec la ligne programmatique générale du parti sur social / société.	https://lafranceinsoumise.fr/wp-content/uploads/2024/06/Programme-nouveaufrontpopulaire.pdf
party	LFI	25	Immigration	Même lorsque l'immigration est économiquement bénéfique, elle peut être légitimement limitée pour préserver la cohésion culturelle du pays.	-3	2	Désaccord fort : orientation cohérente avec le document officiel retenu, sans passage isolé directement équivalent à la question.	https://lafranceinsoumise.fr/wp-content/uploads/2024/06/Programme-nouveaufrontpopulaire.pdf
party	LFI	29	Sécurité / justice	La police devrait disposer de pouvoirs plus importants pour lutter contre la criminalité, quitte à accepter davantage de contrôles sur certaines libertés individuelles.	-3	2	Désaccord fort : orientation cohérente avec le document officiel retenu, sans passage isolé directement équivalent à la question.	https://lafranceinsoumise.fr/wp-content/uploads/2024/06/Programme-nouveaufrontpopulaire.pdf
party	LFI	32	Écologie	La lutte contre le changement climatique doit rester prioritaire même lorsqu'elle réduit la croissance économique à court terme.	3	2	Accord fort : orientation cohérente avec le document officiel retenu, sans passage isolé directement équivalent à la question.	https://lafranceinsoumise.fr/wp-content/uploads/2024/06/Programme-nouveaufrontpopulaire.pdf
party	LFI	36	Écologie	Il est justifié d'interdire certains produits ou comportements très polluants même lorsque les consommateurs les souhaitent.	3	2	Accord fort : codage cohérent avec la ligne programmatique générale du parti sur écologie.	https://lafranceinsoumise.fr/wp-content/uploads/2024/06/Programme-nouveaufrontpopulaire.pdf
party	LFI	42	Europe	En cas de conflit entre les intérêts économiques français et les règles européennes, la France devrait pouvoir désobéir à certaines règles européennes.	3	2	Accord fort : orientation cohérente avec le document officiel retenu, sans passage isolé directement équivalent à la question.	https://lafranceinsoumise.fr/wp-content/uploads/2024/05/PROGRAMME-UNION-POPULAIRE_EURO-2024.pdf
party	LFI	48	Travail / chômage	Le CDI protège trop fortement les salariés déjà en poste et peut rendre plus difficile l’accès à l’emploi stable, au détriment des jeunes, chômeurs ou travailleurs en contrats précaires.	-2	1	Désaccord net : estimation prudente ; aucune formulation parfaitement équivalente à la question n’a été identifiée.	https://lafranceinsoumise.fr/europeennes-2024/programme-de-lunion-populaire/chapitre-1-sortir-de-lausterite-et-partager-les-richesses/
party	LFI	49	Retraites	Les retraites devraient être progressivement réformées vers un système combinant répartition et capitalisation, même si cela implique une période de transition coûteuse.	-3	2	Désaccord fort : orientation cohérente avec le document officiel retenu, sans passage isolé directement équivalent à la question.	https://lafranceinsoumise.fr/europeennes-2024/programme-de-lunion-populaire/chapitre-1-sortir-de-lausterite-et-partager-les-richesses/
party	LFI	51	Protection sociale	Les prestations sociales devraient être fortement conditionnées à la durée de cotisation et de participation au marché du travail.	-3	2	Désaccord fort : orientation cohérente avec le document officiel retenu, sans passage isolé directement équivalent à la question.	https://lafranceinsoumise.fr/europeennes-2024/programme-de-lunion-populaire/chapitre-1-sortir-de-lausterite-et-partager-les-richesses/
party	LFI	55	État / entreprises	Il faudrait réduire fortement les normes administratives pesant sur les entreprises, même si certaines protections environnementales ou sociales deviennent moins strictes.	-3	2	Désaccord fort : orientation cohérente avec le document officiel retenu, sans passage isolé directement équivalent à la question.	https://lafranceinsoumise.fr/europeennes-2024/programme-de-lunion-populaire/chapitre-1-sortir-de-lausterite-et-partager-les-richesses/
party	LFI	57	Immigration / assimilation	L'accès à certaines prestations sociales devrait être beaucoup plus limité pendant les premières années suivant l'arrivée d'un immigré.	-3	2	Désaccord fort : orientation cohérente avec le document officiel retenu, sans passage isolé directement équivalent à la question.	https://lafranceinsoumise.fr/wp-content/uploads/2024/06/Programme-nouveaufrontpopulaire.pdf
party	LFI	59	Immigration / assimilation	Une personne née en France de parents étrangers devrait automatiquement devenir française à sa majorité si elle y a grandi, même si elle ne manifeste pas particulièrement d'attachement à la France.	3	2	Accord fort : orientation cohérente avec le document officiel retenu, sans passage isolé directement équivalent à la question.	https://lafranceinsoumise.fr/wp-content/uploads/2024/06/Programme-nouveaufrontpopulaire.pdf
party	LFI	60	Immigration / assimilation	La France devrait pouvoir refuser l'entrée à un immigré légalement admissible lorsqu'il existe de fortes raisons de penser qu'il ne souhaite pas s'intégrer culturellement à la société française.	-3	2	Désaccord fort : orientation cohérente avec le document officiel retenu, sans passage isolé directement équivalent à la question.	https://lafranceinsoumise.fr/wp-content/uploads/2024/06/Programme-nouveaufrontpopulaire.pdf
party	LFI	68	Écologie	La France devrait interdire progressivement la vente de voitures thermiques même si cela augmente temporairement le prix moyen des véhicules.	3	2	Accord fort : orientation cohérente avec le document officiel retenu, sans passage isolé directement équivalent à la question.	https://lafranceinsoumise.fr/wp-content/uploads/2024/06/Programme-nouveaufrontpopulaire.pdf
party	LFI	69	Écologie	Il faut privilégier le nucléaire même si cela conduit à réduire certains investissements dans les renouvelables.	-3	2	Désaccord fort : orientation cohérente avec le document officiel retenu, sans passage isolé directement équivalent à la question.	https://lafranceinsoumise.fr/wp-content/uploads/2024/06/Programme-nouveaufrontpopulaire.pdf
party	LFI	71	Écologie / croissance	Si la France pouvait réduire ses émissions de 20 % mais que cela réduisait son PIB de 3 %, alors que les autres pays ne faisaient aucun effort comparable, il faudrait quand même le faire.	2	1	Accord net : estimation prudente ; aucune formulation parfaitement équivalente à la question n’a été identifiée.	https://lafranceinsoumise.fr/wp-content/uploads/2024/06/Programme-nouveaufrontpopulaire.pdf
party	LFI	73	Institutions	Un gouvernement devrait pouvoir prendre une décision économiquement nécessaire mais très impopulaire sans chercher à obtenir l'approbation immédiate de la population.	0	1	Position équilibrée ou non tranchée : estimation prudente ; aucune formulation parfaitement équivalente à la question n’a été identifiée.	https://lafranceinsoumise.fr/europeennes-2024/programme-de-lunion-populaire/chapitre-1-sortir-de-lausterite-et-partager-les-richesses/
party	LFI	75	Institutions	Il serait acceptable de donner davantage de poids politique aux citoyens qui démontrent un niveau élevé de connaissance du fonctionnement des institutions et de l'économie.	-2	1	Désaccord net : estimation prudente ; aucune formulation parfaitement équivalente à la question n’a été identifiée.	https://lafranceinsoumise.fr/europeennes-2024/programme-de-lunion-populaire/chapitre-1-sortir-de-lausterite-et-partager-les-richesses/
party	LFI	77	Institutions	La proportionnelle intégrale serait préférable au système actuel, même si elle rendait plus fréquentes les coalitions et les gouvernements instables.	3	2	Accord fort : orientation cohérente avec le document officiel retenu, sans passage isolé directement équivalent à la question.	https://lafranceinsoumise.fr/europeennes-2024/programme-de-lunion-populaire/chapitre-1-sortir-de-lausterite-et-partager-les-richesses/
party	LFI	79	Immigration / délinquance	Les différences de délinquance observées s’expliquent davantage par les inégalités sociales et économiques que par la culture d’origine des personnes concernées.	3	2	Accord fort : orientation cohérente avec le document officiel retenu, sans passage isolé directement équivalent à la question.	https://lafranceinsoumise.fr/wp-content/uploads/2024/06/Programme-nouveaufrontpopulaire.pdf
party	LFI	83	Santé / hôpital	Il faut accepter de fermer ou regrouper certaines petites maternités et certains services d'urgence afin de concentrer les équipes et les équipements dans des établissements plus importants.	-3	2	Désaccord fort : le document retenu permet d'arbitrer entre maintien de la proximité hospitalière et concentration des moyens. Niveau de preuve : faisceau d’indices cohérent, sans équivalent toujours parfaitement identique.	https://lafranceinsoumise.fr/wp-content/uploads/2024/06/Programme-nouveaufrontpopulaire.pdf
party	LFI	84	Éducation / autonomie	Les chefs d'établissement scolaire devraient pouvoir recruter eux-même une partie de leurs enseignants et peser davantage dans leur évaluation.	-3	2	Désaccord fort : la position est estimée à partir des propositions d'autonomie des établissements, de recrutement et de gestion des enseignants. Niveau de preuve : faisceau d’indices cohérent, sans équivalent toujours parfaitement identique.	https://lafranceinsoumise.fr/wp-content/uploads/2024/06/Programme-nouveaufrontpopulaire.pdf
party	LFI	85	Éducation / mixité sociale	Le financement public des établissements privés sous contrat devrait être conditionné à des objectifs mesurables de mixité sociale.	3	2	Accord fort : la position est estimée à partir des propositions sur l'enseignement privé, son financement et la mixité sociale. Niveau de preuve : faisceau d’indices cohérent, sans équivalent toujours parfaitement identique.	https://lafranceinsoumise.fr/wp-content/uploads/2024/06/Programme-nouveaufrontpopulaire.pdf
party	LFI	88	Défense / dissuasion nucléaire	La dissuasion nucléaire française devrait aussi protéger les partenaires européens, tout en laissant à la France seule la décision finale de l'employer.	-3	2	Désaccord fort : la source retenue porte sur l'extension européenne de la dissuasion ou, pour les pays non dotés, sur la protection nucléaire alliée. Niveau de preuve : faisceau d’indices cohérent, sans équivalent toujours parfaitement identique.	https://lafranceinsoumise.fr/2019/02/05/question-ecrite-sur-la-dissuasion-nucleaire-dans-le-traite-daix-la-chapelle/
party	LFI	91	Famille / prestations	Les allocations familiales devraient être versées à toutes les familles selon le nombre d'enfants, sans diminuer lorsque les revenus augmentent.	2	1	Accord net : le modèle de prestations familiales et la ligne programmatique permettent d'estimer la préférence pour l'universalité ou le ciblage. Niveau de preuve : estimation prudente à partir de la ligne générale.	https://lafranceinsoumise.fr/wp-content/uploads/2024/06/Programme-nouveaufrontpopulaire.pdf
party	PCF	1	Économie	Il faut réduire les impôts sur le travail et le capital, même si cela implique de réduire certaines dépenses publiques.	-3	2	Désaccord fort : orientation cohérente avec le document officiel retenu, sans passage isolé directement équivalent à la question.	https://www.pcf.fr/feuille_de_route_confnat_pcf
party	PCF	6	Économie	Les entreprises privées sont généralement plus efficaces que l'État pour fournir des biens et services, même dans certains secteurs essentiels.	-3	2	Désaccord fort : estimation prudente ; aucune formulation parfaitement équivalente à la question n’a été identifiée.	https://www.pcf.fr/feuille_de_route_confnat_pcf
party	PCF	8	Économie	La concurrence est généralement préférable à la réglementation pour améliorer les prix, la qualité et l'innovation.	-3	2	Désaccord fort : estimation prudente ; aucune formulation parfaitement équivalente à la question n’a été identifiée.	https://www.pcf.fr/feuille_de_route_confnat_pcf
party	PCF	13	État	Les citoyens devraient avoir davantage de liberté pour choisir eux-mêmes comment utiliser leur argent plutôt que de passer par des systèmes publics obligatoires.	-3	2	Désaccord fort : estimation prudente ; aucune formulation parfaitement équivalente à la question n’a été identifiée.	https://www.pcf.fr/feuille_de_route_confnat_pcf
party	PCF	36	Écologie	Il est justifié d'interdire certains produits ou comportements très polluants même lorsque les consommateurs les souhaitent.	3	2	Accord fort : codage cohérent avec la ligne programmatique générale du parti sur écologie.	https://www.pcf.fr/europe_le_programme_un_argumentaire_utile_aux_militants_et_un_outil_de_campagne_efficace
party	PCF	42	Europe	En cas de conflit entre les intérêts économiques français et les règles européennes, la France devrait pouvoir désobéir à certaines règles européennes.	3	2	Accord fort : orientation cohérente avec le document officiel retenu, sans passage isolé directement équivalent à la question.	https://www.pcf.fr/europe_le_programme_un_argumentaire_utile_aux_militants_et_un_outil_de_campagne_efficace
party	PCF	44	Fiscalité / patrimoine	L'héritage devrait être davantage taxé au-delà d'un certain seuil de patrimoine transmis, même si cela conduit certaines familles à transmettre moins de patrimoine à leurs enfants.	3	2	Accord fort : orientation cohérente avec le document officiel retenu, sans passage isolé directement équivalent à la question.	https://www.pcf.fr/feuille_de_route_confnat_pcf
party	PCF	46	Travail / chômage	Un chômeur devrait pouvoir perdre une partie significative de ses allocations s'il refuse plusieurs emplois raisonnablement adaptés à ses compétences.	-3	2	Désaccord fort : orientation cohérente avec le document officiel retenu, sans passage isolé directement équivalent à la question.	https://www.pcf.fr/feuille_de_route_confnat_pcf
party	PCF	48	Travail / chômage	Le CDI protège trop fortement les salariés déjà en poste et peut rendre plus difficile l’accès à l’emploi stable, au détriment des jeunes, chômeurs ou travailleurs en contrats précaires.	-2	1	Réserve : estimation prudente ; aucune formulation parfaitement équivalente à la question n’a été identifiée.	https://www.pcf.fr/feuille_de_route_confnat_pcf
party	PCF	49	Retraites	Les retraites devraient être progressivement réformées vers un système combinant répartition et capitalisation, même si cela implique une période de transition coûteuse.	-3	2	Désaccord fort : orientation cohérente avec le document officiel retenu, sans passage isolé directement équivalent à la question.	https://www.pcf.fr/feuille_de_route_confnat_pcf
party	PCF	53	État / entreprises	Une entreprise qui reçoit plusieurs milliards d'euros d'aides publiques devrait pouvoir être contrainte de limiter ses dividendes et les rémunérations de ses dirigeants tant que l'aide n'est pas remboursée.	3	2	Accord fort : codage cohérent avec la ligne programmatique générale du parti sur état / entreprises.	https://www.pcf.fr/feuille_de_route_confnat_pcf
party	PCF	55	État / entreprises	Il faudrait réduire fortement les normes administratives pesant sur les entreprises, même si certaines protections environnementales ou sociales deviennent moins strictes.	-3	2	Désaccord fort : orientation cohérente avec le document officiel retenu, sans passage isolé directement équivalent à la question.	https://www.pcf.fr/feuille_de_route_confnat_pcf
party	PCF	57	Immigration / assimilation	L'accès à certaines prestations sociales devrait être beaucoup plus limité pendant les premières années suivant l'arrivée d'un immigré.	-3	2	Désaccord fort : codage cohérent avec la ligne programmatique générale du parti sur immigration / assimilation.	https://www.pcf.fr/immigration_est_un_enjeu_de_classe
party	PCF	58	Immigration / assimilation	La France devrait privilégier l'immigration économique qualifiée, même si cela signifie accueillir moins de personnes peu qualifiées.	-2	1	Désaccord net : estimation prudente ; aucune formulation parfaitement équivalente à la question n’a été identifiée.	https://www.pcf.fr/immigration_est_un_enjeu_de_classe
party	PCF	59	Immigration / assimilation	Une personne née en France de parents étrangers devrait automatiquement devenir française à sa majorité si elle y a grandi, même si elle ne manifeste pas particulièrement d'attachement à la France.	3	2	Accord fort : codage cohérent avec la ligne programmatique générale du parti sur immigration / assimilation.	https://www.pcf.fr/immigration_est_un_enjeu_de_classe
party	PCF	72	Institutions	Pour certaines décisions économiques complexes, il serait préférable de confier davantage de pouvoir à des institutions indépendantes composées d'experts plutôt qu'aux responsables politiques élus.	-2	1	Désaccord net : le PCF critique le dessaisissement des élus au profit d'une décision technocratique ; il ne rejette pas l'expertise, mais refuse qu'elle remplace le pouvoir politique démocratique.	https://www.pcf.fr/feuille_de_route_confnat_pcf
party	PCF	73	Institutions	Un gouvernement devrait pouvoir prendre une décision économiquement nécessaire mais très impopulaire sans chercher à obtenir l'approbation immédiate de la population.	0	1	Position équilibrée ou non tranchée : estimation prudente ; aucune formulation parfaitement équivalente à la question n’a été identifiée.	https://www.pcf.fr/feuille_de_route_confnat_pcf
party	PCF	74	Institutions	Le référendum devrait être beaucoup plus utilisé, même lorsque les citoyens votent sur des sujets dont ils maîtrisent mal les aspects techniques.	3	2	Accord fort : orientation cohérente avec le document officiel retenu, sans passage isolé directement équivalent à la question.	https://www.pcf.fr/feuille_de_route_confnat_pcf
party	PCF	75	Institutions	Il serait acceptable de donner davantage de poids politique aux citoyens qui démontrent un niveau élevé de connaissance du fonctionnement des institutions et de l'économie.	-3	2	Désaccord fort : estimation prudente ; aucune formulation parfaitement équivalente à la question n’a été identifiée.	https://www.pcf.fr/feuille_de_route_confnat_pcf
party	PCF	77	Institutions	La proportionnelle intégrale serait préférable au système actuel, même si elle rendait plus fréquentes les coalitions et les gouvernements instables.	3	2	Accord fort : orientation cohérente avec le document officiel retenu, sans passage isolé directement équivalent à la question.	https://www.pcf.fr/feuille_de_route_confnat_pcf
party	PCF	79	Immigration / délinquance	Les différences de délinquance observées s’expliquent davantage par les inégalités sociales et économiques que par la culture d’origine des personnes concernées.	3	2	Accord fort : orientation cohérente avec le document officiel retenu, sans passage isolé directement équivalent à la question.	https://www.pcf.fr/immigration_est_un_enjeu_de_classe
party	PCF	84	Éducation / autonomie	Les chefs d'établissement scolaire devraient pouvoir recruter eux-même une partie de leurs enseignants et peser davantage dans leur évaluation.	-3	2	Désaccord fort : la position est estimée à partir des propositions d'autonomie des établissements, de recrutement et de gestion des enseignants. Niveau de preuve : faisceau d’indices cohérent, sans équivalent toujours parfaitement identique.	https://www.pcf.fr/feuille_de_route_confnat_pcf
party	PCF	85	Éducation / mixité sociale	Le financement public des établissements privés sous contrat devrait être conditionné à des objectifs mesurables de mixité sociale.	3	2	Accord fort : la position est estimée à partir des propositions sur l'enseignement privé, son financement et la mixité sociale. Niveau de preuve : faisceau d’indices cohérent, sans équivalent toujours parfaitement identique.	https://www.pcf.fr/feuille_de_route_confnat_pcf
party	Les Écologistes	1	Économie	Il faut réduire les impôts sur le travail et le capital, même si cela implique de réduire certaines dépenses publiques.	-3	2	Désaccord fort : orientation cohérente avec le document officiel retenu, sans passage isolé directement équivalent à la question.	https://lesecologistes.fr/document/5ZhR2m5t2ZaGKqIdD1bJaD/vdef-programme-1.pdf
party	Les Écologistes	3	Économie	L'État devrait davantage taxer les hauts revenus et les gros patrimoines afin de réduire les inégalités.	3	2	Accord fort : orientation cohérente avec le document officiel retenu, sans passage isolé directement équivalent à la question.	https://lesecologistes.fr/document/5ZhR2m5t2ZaGKqIdD1bJaD/vdef-programme-1.pdf
party	Les Écologistes	5	Économie	Le salaire minimum devrait être augmenté significativement.	3	2	Accord fort : orientation cohérente avec le document officiel retenu, sans passage isolé directement équivalent à la question.	https://lesecologistes.fr/document/5ZhR2m5t2ZaGKqIdD1bJaD/vdef-programme-1.pdf
party	Les Écologistes	10	État	L'État devrait garantir un niveau élevé de protection sociale, même si cela implique une fiscalité importante.	3	2	Accord fort : orientation cohérente avec le document officiel retenu, sans passage isolé directement équivalent à la question.	https://lesecologistes.fr/document/5ZhR2m5t2ZaGKqIdD1bJaD/vdef-programme-1.pdf
party	Les Écologistes	12	État	L'État devrait intervenir beaucoup plus fortement dans l'économie lorsque le marché produit des résultats jugés socialement indésirables.	3	2	Accord fort : orientation cohérente avec le document officiel retenu, sans passage isolé directement équivalent à la question.	https://lesecologistes.fr/document/5ZhR2m5t2ZaGKqIdD1bJaD/vdef-programme-1.pdf
party	Les Écologistes	14	Social / société	La société devrait accepter beaucoup plus largement les différents modes de vie, même lorsqu'ils s'éloignent des normes traditionnelles.	3	2	Accord fort : codage cohérent avec la ligne programmatique générale du parti sur social / société.	https://lesecologistes.fr/pages/358vv7W974UgosGhCBbIPT/notre-projet
party	Les Écologistes	17	Social / société	Les politiques publiques devraient chercher à corriger activement les discriminations historiques ou structurelles entre groupes sociaux.	3	2	Accord fort : codage cohérent avec la ligne programmatique générale du parti sur social / société.	https://lesecologistes.fr/pages/358vv7W974UgosGhCBbIPT/notre-projet
party	Les Écologistes	25	Immigration	Même lorsque l'immigration est économiquement bénéfique, elle peut être légitimement limitée pour préserver la cohésion culturelle du pays.	-3	2	Désaccord fort : orientation cohérente avec le document officiel retenu, sans passage isolé directement équivalent à la question.	https://lesecologistes.fr/pages/358vv7W974UgosGhCBbIPT/notre-projet
party	Les Écologistes	29	Sécurité / justice	La police devrait disposer de pouvoirs plus importants pour lutter contre la criminalité, quitte à accepter davantage de contrôles sur certaines libertés individuelles.	-3	2	Désaccord fort : orientation cohérente avec le document officiel retenu, sans passage isolé directement équivalent à la question.	https://lesecologistes.fr/pages/358vv7W974UgosGhCBbIPT/notre-projet
party	Les Écologistes	38	Europe	La France devrait transférer davantage de compétences à l'Union européenne afin de renforcer son poids économique et géopolitique.	3	2	Accord fort : orientation cohérente avec le document officiel retenu, sans passage isolé directement équivalent à la question.	https://lesecologistes.fr/pages/358vv7W974UgosGhCBbIPT/notre-projet
party	Les Écologistes	39	Europe	La France devrait conserver autant que possible sa souveraineté nationale, même si cela réduit son influence au niveau européen.	-3	2	Désaccord fort : orientation cohérente avec le document officiel retenu, sans passage isolé directement équivalent à la question.	https://lesecologistes.fr/pages/358vv7W974UgosGhCBbIPT/notre-projet
party	Les Écologistes	40	Europe	L'euro est globalement bénéfique pour la France malgré la perte de certains instruments de politique économique.	3	2	Accord fort : orientation cohérente avec le document officiel retenu, sans passage isolé directement équivalent à la question.	https://lesecologistes.fr/pages/358vv7W974UgosGhCBbIPT/notre-projet
party	Les Écologistes	41	Europe	L'Union européenne devrait pouvoir imposer davantage de règles communes aux États membres.	3	2	Accord fort : orientation cohérente avec le document officiel retenu, sans passage isolé directement équivalent à la question.	https://lesecologistes.fr/pages/358vv7W974UgosGhCBbIPT/notre-projet
party	Les Écologistes	43	Fiscalité / patrimoine	Il faudrait supprimer l'IFI et ne plus taxer spécifiquement le patrimoine immobilier au-delà de la fiscalité ordinaire.	-3	2	Désaccord fort : orientation cohérente avec le document officiel retenu, sans passage isolé directement équivalent à la question.	https://lesecologistes.fr/document/5ZhR2m5t2ZaGKqIdD1bJaD/vdef-programme-1.pdf
party	Les Écologistes	46	Travail / chômage	Un chômeur devrait pouvoir perdre une partie significative de ses allocations s'il refuse plusieurs emplois raisonnablement adaptés à ses compétences.	-3	2	Désaccord fort : orientation cohérente avec le document officiel retenu, sans passage isolé directement équivalent à la question.	https://lesecologistes.fr/document/5ZhR2m5t2ZaGKqIdD1bJaD/vdef-programme-1.pdf
party	Les Écologistes	48	Travail / chômage	Le CDI protège trop fortement les salariés déjà en poste et peut rendre plus difficile l’accès à l’emploi stable, au détriment des jeunes, chômeurs ou travailleurs en contrats précaires.	-2	1	Désaccord net : estimation prudente ; aucune formulation parfaitement équivalente à la question n’a été identifiée.	https://lesecologistes.fr/document/5ZhR2m5t2ZaGKqIdD1bJaD/vdef-programme-1.pdf
party	Les Écologistes	49	Retraites	Les retraites devraient être progressivement réformées vers un système combinant répartition et capitalisation, même si cela implique une période de transition coûteuse.	-3	2	Désaccord fort : orientation cohérente avec le document officiel retenu, sans passage isolé directement équivalent à la question.	https://lesecologistes.fr/document/5ZhR2m5t2ZaGKqIdD1bJaD/vdef-programme-1.pdf
party	Les Écologistes	51	Protection sociale	Les prestations sociales devraient être fortement conditionnées à la durée de cotisation et de participation au marché du travail.	-3	2	Désaccord fort : orientation cohérente avec le document officiel retenu, sans passage isolé directement équivalent à la question.	https://lesecologistes.fr/document/5ZhR2m5t2ZaGKqIdD1bJaD/vdef-programme-1.pdf
party	Les Écologistes	53	État / entreprises	Une entreprise qui reçoit plusieurs milliards d'euros d'aides publiques devrait pouvoir être contrainte de limiter ses dividendes et les rémunérations de ses dirigeants tant que l'aide n'est pas remboursée.	3	2	Accord fort : codage cohérent avec la ligne programmatique générale du parti sur état / entreprises.	https://lesecologistes.fr/document/5ZhR2m5t2ZaGKqIdD1bJaD/vdef-programme-1.pdf
party	Les Écologistes	55	État / entreprises	Il faudrait réduire fortement les normes administratives pesant sur les entreprises, même si certaines protections environnementales ou sociales deviennent moins strictes.	-3	2	Désaccord fort : orientation cohérente avec le document officiel retenu, sans passage isolé directement équivalent à la question.	https://lesecologistes.fr/document/5ZhR2m5t2ZaGKqIdD1bJaD/vdef-programme-1.pdf
party	Les Écologistes	57	Immigration / assimilation	L'accès à certaines prestations sociales devrait être beaucoup plus limité pendant les premières années suivant l'arrivée d'un immigré.	-3	2	Désaccord fort : orientation cohérente avec le document officiel retenu, sans passage isolé directement équivalent à la question.	https://lesecologistes.fr/pages/358vv7W974UgosGhCBbIPT/notre-projet
party	Les Écologistes	58	Immigration / assimilation	La France devrait privilégier l'immigration économique qualifiée, même si cela signifie accueillir moins de personnes peu qualifiées.	0	1	Position équilibrée ou non tranchée : estimation prudente ; aucune formulation parfaitement équivalente à la question n’a été identifiée.	https://lesecologistes.fr/pages/358vv7W974UgosGhCBbIPT/notre-projet
party	Les Écologistes	60	Immigration / assimilation	La France devrait pouvoir refuser l'entrée à un immigré légalement admissible lorsqu'il existe de fortes raisons de penser qu'il ne souhaite pas s'intégrer culturellement à la société française.	-3	2	Désaccord fort : orientation cohérente avec le document officiel retenu, sans passage isolé directement équivalent à la question.	https://lesecologistes.fr/pages/358vv7W974UgosGhCBbIPT/notre-projet
party	Les Écologistes	67	Écologie	Une taxe carbone qui réduit les émissions de CO₂ devrait être maintenue même si elle diminue le pouvoir d’achat des ménages modestes, à condition de compenser ces derniers par des aides ciblées.	3	2	Accord fort : orientation cohérente avec le document officiel retenu, sans passage isolé directement équivalent à la question.	https://lesecologistes.fr/document/5ZhR2m5t2ZaGKqIdD1bJaD/vdef-programme-1.pdf
party	Les Écologistes	69	Écologie	Il faut privilégier le nucléaire même si cela conduit à réduire certains investissements dans les renouvelables.	-3	2	Désaccord fort : orientation cohérente avec le document officiel retenu, sans passage isolé directement équivalent à la question.	https://lesecologistes.fr/document/5ZhR2m5t2ZaGKqIdD1bJaD/vdef-programme-1.pdf
party	Les Écologistes	73	Institutions	Un gouvernement devrait pouvoir prendre une décision économiquement nécessaire mais très impopulaire sans chercher à obtenir l'approbation immédiate de la population.	0	1	Position équilibrée ou non tranchée : estimation prudente ; aucune formulation parfaitement équivalente à la question n’a été identifiée.	https://lesecologistes.fr/document/5ZhR2m5t2ZaGKqIdD1bJaD/vdef-programme-1.pdf
party	Les Écologistes	75	Institutions	Il serait acceptable de donner davantage de poids politique aux citoyens qui démontrent un niveau élevé de connaissance du fonctionnement des institutions et de l'économie.	-2	1	Désaccord net : estimation prudente ; aucune formulation parfaitement équivalente à la question n’a été identifiée.	https://lesecologistes.fr/document/5ZhR2m5t2ZaGKqIdD1bJaD/vdef-programme-1.pdf
party	Les Écologistes	79	Immigration / délinquance	Les différences de délinquance observées s’expliquent davantage par les inégalités sociales et économiques que par la culture d’origine des personnes concernées.	3	2	Accord fort : orientation cohérente avec le document officiel retenu, sans passage isolé directement équivalent à la question.	https://lesecologistes.fr/pages/358vv7W974UgosGhCBbIPT/notre-projet
party	Les Écologistes	84	Éducation / autonomie	Les chefs d'établissement scolaire devraient pouvoir recruter eux-même une partie de leurs enseignants et peser davantage dans leur évaluation.	-2	1	Désaccord net : la position est estimée à partir des propositions d'autonomie des établissements, de recrutement et de gestion des enseignants. Niveau de preuve : estimation prudente à partir de la ligne générale.	https://lesecologistes.fr/document/5ZhR2m5t2ZaGKqIdD1bJaD/vdef-programme-1.pdf
party	Les Écologistes	85	Éducation / mixité sociale	Le financement public des établissements privés sous contrat devrait être conditionné à des objectifs mesurables de mixité sociale.	3	2	Accord fort : la position est estimée à partir des propositions sur l'enseignement privé, son financement et la mixité sociale. Niveau de preuve : faisceau d’indices cohérent, sans équivalent toujours parfaitement identique.	https://lesecologistes.fr/document/5ZhR2m5t2ZaGKqIdD1bJaD/vdef-programme-1.pdf
party	Les Écologistes	91	Famille / prestations	Les allocations familiales devraient être versées à toutes les familles selon le nombre d'enfants, sans diminuer lorsque les revenus augmentent.	0	1	Position neutre, partagée ou non arrêtée : le modèle de prestations familiales et la ligne programmatique permettent d'estimer la préférence pour l'universalité ou le ciblage. Niveau de preuve : estimation prudente à partir de la ligne générale.	https://lesecologistes.fr/document/5ZhR2m5t2ZaGKqIdD1bJaD/vdef-programme-1.pdf
party	PS	14	Social / société	La société devrait accepter beaucoup plus largement les différents modes de vie, même lorsqu'ils s'éloignent des normes traditionnelles.	3	2	Accord fort : codage cohérent avec la ligne programmatique générale du parti sur social / société.	https://www.parti-socialiste.fr/pour_une_politique_migratoire_internationale_et_europeenne
party	PS	17	Social / société	Les politiques publiques devraient chercher à corriger activement les discriminations historiques ou structurelles entre groupes sociaux.	3	2	Accord fort : codage cohérent avec la ligne programmatique générale du parti sur social / société.	https://www.parti-socialiste.fr/pour_une_politique_migratoire_internationale_et_europeenne
party	PS	26	Immigration	La France devrait accueillir davantage de réfugiés lorsqu'ils fuient une guerre ou une persécution, même si cela représente un coût économique.	3	2	Accord fort : orientation cohérente avec le document officiel retenu, sans passage isolé directement équivalent à la question.	https://www.parti-socialiste.fr/pour_une_politique_migratoire_internationale_et_europeenne
party	PS	32	Écologie	La lutte contre le changement climatique doit rester prioritaire même lorsqu'elle réduit la croissance économique à court terme.	3	2	Accord fort : orientation cohérente avec le document officiel retenu, sans passage isolé directement équivalent à la question.	https://parti-socialiste.fr/vie-parlementaire/notre-declaration-politique-17eme-legislature/
party	PS	38	Europe	La France devrait transférer davantage de compétences à l'Union européenne afin de renforcer son poids économique et géopolitique.	3	2	Accord fort : orientation cohérente avec le document officiel retenu, sans passage isolé directement équivalent à la question.	https://www.parti-socialiste.fr/militantes_et_militants_de_l_europe
party	PS	39	Europe	La France devrait conserver autant que possible sa souveraineté nationale, même si cela réduit son influence au niveau européen.	-3	2	Désaccord fort : orientation cohérente avec le document officiel retenu, sans passage isolé directement équivalent à la question.	https://www.parti-socialiste.fr/militantes_et_militants_de_l_europe
party	PS	40	Europe	L'euro est globalement bénéfique pour la France malgré la perte de certains instruments de politique économique.	3	2	Accord fort : orientation cohérente avec le document officiel retenu, sans passage isolé directement équivalent à la question.	https://www.parti-socialiste.fr/militantes_et_militants_de_l_europe
party	PS	41	Europe	L'Union européenne devrait pouvoir imposer davantage de règles communes aux États membres.	3	2	Accord fort : orientation cohérente avec le document officiel retenu, sans passage isolé directement équivalent à la question.	https://www.parti-socialiste.fr/militantes_et_militants_de_l_europe
party	PS	50	Retraites	L'âge légal de départ à la retraite devrait être automatiquement indexé sur l'espérance de vie nationale.	-2	1	Désaccord net : estimation prudente ; aucune formulation parfaitement équivalente à la question n’a été identifiée.	https://parti-socialiste.fr/vie-parlementaire/notre-declaration-politique-17eme-legislature/
party	PS	53	État / entreprises	Une entreprise qui reçoit plusieurs milliards d'euros d'aides publiques devrait pouvoir être contrainte de limiter ses dividendes et les rémunérations de ses dirigeants tant que l'aide n'est pas remboursée.	3	2	Accord fort : codage cohérent avec la ligne programmatique générale du parti sur état / entreprises.	https://parti-socialiste.fr/vie-parlementaire/notre-declaration-politique-17eme-legislature/
party	PS	59	Immigration / assimilation	Une personne née en France de parents étrangers devrait automatiquement devenir française à sa majorité si elle y a grandi, même si elle ne manifeste pas particulièrement d'attachement à la France.	3	2	Accord fort : orientation cohérente avec le document officiel retenu, sans passage isolé directement équivalent à la question.	https://www.parti-socialiste.fr/pour_une_politique_migratoire_internationale_et_europeenne
party	PS	67	Écologie	Une taxe carbone qui réduit les émissions de CO₂ devrait être maintenue même si elle diminue le pouvoir d’achat des ménages modestes, à condition de compenser ces derniers par des aides ciblées.	3	2	Accord fort : orientation cohérente avec le document officiel retenu, sans passage isolé directement équivalent à la question.	https://parti-socialiste.fr/vie-parlementaire/notre-declaration-politique-17eme-legislature/
party	PS	68	Écologie	La France devrait interdire progressivement la vente de voitures thermiques même si cela augmente temporairement le prix moyen des véhicules.	3	2	Accord fort : orientation cohérente avec le document officiel retenu, sans passage isolé directement équivalent à la question.	https://parti-socialiste.fr/vie-parlementaire/notre-declaration-politique-17eme-legislature/
party	PS	73	Institutions	Un gouvernement devrait pouvoir prendre une décision économiquement nécessaire mais très impopulaire sans chercher à obtenir l'approbation immédiate de la population.	0	1	Position équilibrée ou non tranchée : estimation prudente ; aucune formulation parfaitement équivalente à la question n’a été identifiée.	https://parti-socialiste.fr/vie-parlementaire/notre-declaration-politique-17eme-legislature/
party	PS	75	Institutions	Il serait acceptable de donner davantage de poids politique aux citoyens qui démontrent un niveau élevé de connaissance du fonctionnement des institutions et de l'économie.	-2	1	Désaccord net : estimation prudente ; aucune formulation parfaitement équivalente à la question n’a été identifiée.	https://parti-socialiste.fr/vie-parlementaire/notre-declaration-politique-17eme-legislature/
party	PS	79	Immigration / délinquance	Les différences de délinquance observées s’expliquent davantage par les inégalités sociales et économiques que par la culture d’origine des personnes concernées.	3	2	Accord fort : orientation cohérente avec le document officiel retenu, sans passage isolé directement équivalent à la question.	https://www.parti-socialiste.fr/pour_une_politique_migratoire_internationale_et_europeenne
party	PS	84	Éducation / autonomie	Les chefs d'établissement scolaire devraient pouvoir recruter eux-même une partie de leurs enseignants et peser davantage dans leur évaluation.	-2	1	Désaccord net : la position est estimée à partir des propositions d'autonomie des établissements, de recrutement et de gestion des enseignants. Niveau de preuve : estimation prudente à partir de la ligne générale.	https://parti-socialiste.fr/vie-parlementaire/notre-declaration-politique-17eme-legislature/
party	PS	90	Dépendance / EHPAD	Les groupes privés à but lucratif ne devraient plus pouvoir gérer d'EHPAD. Les établissements existants devraient progressivement devenir publics ou non lucratifs.	2	1	Accord net : le programme social et sanitaire permet d'estimer la place laissée aux opérateurs lucratifs dans la dépendance. Niveau de preuve : estimation prudente à partir de la ligne générale.	https://parti-socialiste.fr/vie-parlementaire/notre-declaration-politique-17eme-legislature/
party	Renaissance	24	Immigration	La France devrait être beaucoup plus stricte concernant l'expulsion des étrangers condamnés pour des crimes graves.	3	2	Accord fort : orientation cohérente avec le document officiel retenu, sans passage isolé directement équivalent à la question.	https://parti-renaissance.fr/
party	Renaissance	40	Europe	L'euro est globalement bénéfique pour la France malgré la perte de certains instruments de politique économique.	3	2	Accord fort : orientation cohérente avec le document officiel retenu, sans passage isolé directement équivalent à la question.	https://parti-renaissance.fr/
party	Renaissance	42	Europe	En cas de conflit entre les intérêts économiques français et les règles européennes, la France devrait pouvoir désobéir à certaines règles européennes.	-3	2	Désaccord fort : orientation cohérente avec le document officiel retenu, sans passage isolé directement équivalent à la question.	https://parti-renaissance.fr/
party	Renaissance	61	Immigration / assimilation	Le fait de conserver des pratiques culturelles ou religieuses très différentes de celles de la majorité française n'est pas en soi un problème tant que les lois françaises sont respectées.	2	1	Accord net : estimation prudente ; aucune formulation parfaitement équivalente à la question n’a été identifiée.	https://parti-renaissance.fr/
party	Renaissance	71	Écologie / croissance	Si la France pouvait réduire ses émissions de 20 % mais que cela réduisait son PIB de 3 %, alors que les autres pays ne faisaient aucun effort comparable, il faudrait quand même le faire.	0	1	Position équilibrée ou non tranchée : estimation prudente ; aucune formulation parfaitement équivalente à la question n’a été identifiée.	https://parti-renaissance.fr/
party	Renaissance	75	Institutions	Il serait acceptable de donner davantage de poids politique aux citoyens qui démontrent un niveau élevé de connaissance du fonctionnement des institutions et de l'économie.	-2	1	Désaccord net : estimation prudente ; aucune formulation parfaitement équivalente à la question n’a été identifiée.	https://parti-renaissance.fr/
party	Renaissance	78	Immigration / assimilation	Le droit de séjour durable en France devrait dépendre, sauf impossibilité particulière, d’efforts concrets pour apprendre le français, comprendre les règles et usages du pays et participer à la vie collective.	3	2	Accord fort : orientation cohérente avec le document officiel retenu, sans passage isolé directement équivalent à la question.	https://parti-renaissance.fr/
party	MoDem	2	Économie	Les inégalités économiques sont acceptables tant qu'elles résultent principalement du travail ou de la prise de risque.	0	1	Position équilibrée ou non tranchée : estimation prudente ; aucune formulation parfaitement équivalente à la question n’a été identifiée.	https://www.mouvementdemocrate.fr/actualites/marc-fesneau-un-chemin-vers-un-cap-collectif-et-vers-jose-le-mot-une-esperance-video
party	MoDem	16	Social / société	Réduire les inégalités peut parfois justifier de restreindre certaines libertés individuelles.	-2	1	Désaccord net : estimation prudente ; aucune formulation parfaitement équivalente à la question n’a été identifiée.	https://www.mouvementdemocrate.fr/
party	MoDem	40	Europe	L'euro est globalement bénéfique pour la France malgré la perte de certains instruments de politique économique.	3	2	Accord fort : orientation cohérente avec le document officiel retenu, sans passage isolé directement équivalent à la question.	https://www.mouvementdemocrate.fr/
party	MoDem	75	Institutions	Il serait acceptable de donner davantage de poids politique aux citoyens qui démontrent un niveau élevé de connaissance du fonctionnement des institutions et de l'économie.	-2	1	Désaccord net : estimation prudente ; aucune formulation parfaitement équivalente à la question n’a été identifiée.	https://www.mouvementdemocrate.fr/actualites/marc-fesneau-un-chemin-vers-un-cap-collectif-et-vers-jose-le-mot-une-esperance-video
party	MoDem	85	Éducation / mixité sociale	Le financement public des établissements privés sous contrat devrait être conditionné à des objectifs mesurables de mixité sociale.	2	1	Accord net : la position est estimée à partir des propositions sur l'enseignement privé, son financement et la mixité sociale. Niveau de preuve : estimation prudente à partir de la ligne générale.	https://www.mouvementdemocrate.fr/
party	MoDem	88	Défense / dissuasion nucléaire	La dissuasion nucléaire française devrait aussi protéger les partenaires européens, tout en laissant à la France seule la décision finale de l'employer.	3	2	Accord fort : la source retenue porte sur l'extension européenne de la dissuasion ou, pour les pays non dotés, sur la protection nucléaire alliée. Niveau de preuve : faisceau d’indices cohérent, sans équivalent toujours parfaitement identique.	https://www.mouvementdemocrate.fr/
party	MoDem	90	Dépendance / EHPAD	Les groupes privés à but lucratif ne devraient plus pouvoir gérer d'EHPAD. Les établissements existants devraient progressivement devenir publics ou non lucratifs.	0	1	Position neutre, partagée ou non arrêtée : le programme social et sanitaire permet d'estimer la place laissée aux opérateurs lucratifs dans la dépendance. Niveau de preuve : estimation prudente à partir de la ligne générale.	https://www.mouvementdemocrate.fr/
party	MoDem	91	Famille / prestations	Les allocations familiales devraient être versées à toutes les familles selon le nombre d'enfants, sans diminuer lorsque les revenus augmentent.	2	1	Accord net : le modèle de prestations familiales et la ligne programmatique permettent d'estimer la préférence pour l'universalité ou le ciblage. Niveau de preuve : estimation prudente à partir de la ligne générale.	https://www.mouvementdemocrate.fr/
party	Horizons	1	Économie	Il faut réduire les impôts sur le travail et le capital, même si cela implique de réduire certaines dépenses publiques.	3	2	Accord fort : orientation cohérente avec le document officiel retenu, sans passage isolé directement équivalent à la question.	https://horizonsleparti.fr/le-manifeste/
party	Horizons	9	État	La France dépense trop d'argent public et devrait accepter de réduire certaines politiques sociales pour revenir à l'équilibre budgétaire.	3	2	Accord fort : orientation cohérente avec le document officiel retenu, sans passage isolé directement équivalent à la question.	https://horizonsleparti.fr/le-manifeste/
party	Horizons	24	Immigration	La France devrait être beaucoup plus stricte concernant l'expulsion des étrangers condamnés pour des crimes graves.	3	2	Accord fort : orientation cohérente avec le document officiel retenu, sans passage isolé directement équivalent à la question.	https://horizonsleparti.fr/le-manifeste/
party	Horizons	40	Europe	L'euro est globalement bénéfique pour la France malgré la perte de certains instruments de politique économique.	3	2	Accord fort : orientation cohérente avec le document officiel retenu, sans passage isolé directement équivalent à la question.	https://horizonsleparti.fr/le-manifeste/
party	Horizons	71	Écologie / croissance	Si la France pouvait réduire ses émissions de 20 % mais que cela réduisait son PIB de 3 %, alors que les autres pays ne faisaient aucun effort comparable, il faudrait quand même le faire.	0	1	Position équilibrée ou non tranchée : estimation prudente ; aucune formulation parfaitement équivalente à la question n’a été identifiée.	https://horizonsleparti.fr/le-manifeste/
party	Horizons	72	Institutions	Pour certaines décisions économiques complexes, il serait préférable de confier davantage de pouvoir à des institutions indépendantes composées d'experts plutôt qu'aux responsables politiques élus.	2	1	Accord net : estimation prudente ; aucune formulation parfaitement équivalente à la question n’a été identifiée.	https://horizonsleparti.fr/le-manifeste/
party	Horizons	73	Institutions	Un gouvernement devrait pouvoir prendre une décision économiquement nécessaire mais très impopulaire sans chercher à obtenir l'approbation immédiate de la population.	2	1	Accord net : estimation prudente ; aucune formulation parfaitement équivalente à la question n’a été identifiée.	https://horizonsleparti.fr/le-manifeste/
party	Horizons	75	Institutions	Il serait acceptable de donner davantage de poids politique aux citoyens qui démontrent un niveau élevé de connaissance du fonctionnement des institutions et de l'économie.	-2	1	Désaccord net : estimation prudente ; aucune formulation parfaitement équivalente à la question n’a été identifiée.	https://horizonsleparti.fr/le-manifeste/
party	Horizons	78	Immigration / assimilation	Le droit de séjour durable en France devrait dépendre, sauf impossibilité particulière, d’efforts concrets pour apprendre le français, comprendre les règles et usages du pays et participer à la vie collective.	3	2	Accord fort : orientation cohérente avec le document officiel retenu, sans passage isolé directement équivalent à la question.	https://horizonsleparti.fr/le-manifeste/
party	Horizons	84	Éducation / autonomie	Les chefs d'établissement scolaire devraient pouvoir recruter eux-même une partie de leurs enseignants et peser davantage dans leur évaluation.	3	1	Accord fort : Horizons défend une autonomie accrue des établissements scolaires et un rôle beaucoup plus important des chefs d'établissement dans le recrutement et l'évaluation des enseignants. La proposition correspond directement à cette orientation.	https://horizonsleparti.fr/le-manifeste/
party	Horizons	85	Éducation / mixité sociale	Le financement public des établissements privés sous contrat devrait être conditionné à des objectifs mesurables de mixité sociale.	0	1	Position neutre, partagée ou non arrêtée : la position est estimée à partir des propositions sur l'enseignement privé, son financement et la mixité sociale. Niveau de preuve : estimation prudente à partir de la ligne générale.	https://horizonsleparti.fr/le-manifeste/
party	Horizons	86	Logement / locations touristiques	Dans les zones où le logement manque, une commune devrait pouvoir interdire la location touristique régulière d'un logement qui n'est pas la résidence principale de son propriétaire.	0	1	Position neutre, partagée ou non arrêtée : la source retenue précise le degré de régulation souhaité pour les meublés touristiques et les pouvoirs locaux. Niveau de preuve : estimation prudente à partir de la ligne générale.	https://horizonsleparti.fr/le-manifeste/
party	Horizons	88	Défense / dissuasion nucléaire	La dissuasion nucléaire française devrait aussi protéger les partenaires européens, tout en laissant à la France seule la décision finale de l'employer.	3	2	Accord fort : la source retenue porte sur l'extension européenne de la dissuasion ou, pour les pays non dotés, sur la protection nucléaire alliée. Niveau de preuve : faisceau d’indices cohérent, sans équivalent toujours parfaitement identique.	https://horizonsleparti.fr/le-manifeste/
party	Horizons	90	Dépendance / EHPAD	Les groupes privés à but lucratif ne devraient plus pouvoir gérer d'EHPAD. Les établissements existants devraient progressivement devenir publics ou non lucratifs.	-2	1	Désaccord net : le programme social et sanitaire permet d'estimer la place laissée aux opérateurs lucratifs dans la dépendance. Niveau de preuve : estimation prudente à partir de la ligne générale.	https://horizonsleparti.fr/le-manifeste/
party	LFH	34	Economie	Une partie des cotisations sociales sur les salaires devrait être remplacée par une hausse de la TVA afin d’augmenter les salaires nets et de réduire le coût du travail, même si cela augmente le prix des biens et services consommés	2	1	Accord net : Dominique de Villepin propose de réduire les charges patronales et de transférer progressivement une partie du financement vers la consommation et les bénéfices ; c'est proche d'une TVA sociale sans être strictement identique, d'où +2.	https://lafrancehumaniste.fr/
party	LFH	59	Immigration / assimilation	Une personne née en France de parents étrangers devrait automatiquement devenir française à sa majorité si elle y a grandi, même si elle ne manifeste pas particulièrement d'attachement à la France.	0	1	Position non tranchée : l'universalisme de LFH ne suffit pas à déduire une naturalisation automatique à la majorité sans manifestation d'attachement ; aucune position explicite équivalente n'a été identifiée.	https://lafrancehumaniste.fr/articles/le-moment-francais-sorbonne.html
party	LFH	84	Éducation / autonomie	Les chefs d'établissement scolaire devraient pouvoir recruter eux-même une partie de leurs enseignants et peser davantage dans leur évaluation.	0	1	Position neutre ou non arrêtée : aucune proposition directement comparable sur le recrutement ou l’évaluation des enseignants par les chefs d’établissement n’a été trouvée.	https://lafrancehumaniste.fr/articles/le-moment-francais-sorbonne.html
party	LFH	85	Éducation / mixité sociale	Le financement public des établissements privés sous contrat devrait être conditionné à des objectifs mesurables de mixité sociale.	0	1	Position neutre ou non arrêtée : le programme défend l’égalité des chances et la mixité, mais aucune prise de position sur le financement public des établissements privés sous contrat n’a été trouvée.	https://lafrancehumaniste.fr/articles/le-moment-francais-sorbonne.html
party	LR	1	Économie	Il faut réduire les impôts sur le travail et le capital, même si cela implique de réduire certaines dépenses publiques.	3	2	Accord fort : orientation cohérente avec le document officiel retenu, sans passage isolé directement équivalent à la question.	https://republicains.fr/nos-idees/
party	LR	3	Économie	L'État devrait davantage taxer les hauts revenus et les gros patrimoines afin de réduire les inégalités.	-3	2	Désaccord fort : orientation cohérente avec le document officiel retenu, sans passage isolé directement équivalent à la question.	https://republicains.fr/nos-idees/
party	LR	9	État	La France dépense trop d'argent public et devrait accepter de réduire certaines politiques sociales pour revenir à l'équilibre budgétaire.	3	2	Accord fort : orientation cohérente avec le document officiel retenu, sans passage isolé directement équivalent à la question.	https://republicains.fr/nos-idees/
party	LR	13	État	Les citoyens devraient avoir davantage de liberté pour choisir eux-mêmes comment utiliser leur argent plutôt que de passer par des systèmes publics obligatoires.	2	1	Accord net : estimation prudente ; aucune formulation parfaitement équivalente à la question n’a été identifiée.	https://republicains.fr/nos-idees/
party	LR	19	Social / société	Certaines traditions et valeurs culturelles méritent d'être préservées même si elles évoluent moins vite que la société.	3	2	Accord fort : codage cohérent avec la ligne programmatique générale du parti sur social / société.	https://republicains.fr/nos-idees/
party	LR	24	Immigration	La France devrait être beaucoup plus stricte concernant l'expulsion des étrangers condamnés pour des crimes graves.	3	2	Accord fort : orientation cohérente avec le document officiel retenu, sans passage isolé directement équivalent à la question.	https://republicains.fr/nos-idees/
party	LR	25	Immigration	Même lorsque l'immigration est économiquement bénéfique, elle peut être légitimement limitée pour préserver la cohésion culturelle du pays.	3	2	Accord fort : orientation cohérente avec le document officiel retenu, sans passage isolé directement équivalent à la question.	https://republicains.fr/nos-idees/
party	LR	27	Sécurité / justice	Les peines de prison effectives devraient être plus sévères, même si cela augmente fortement la population carcérale.	3	2	Accord fort : orientation cohérente avec le document officiel retenu, sans passage isolé directement équivalent à la question.	https://republicains.fr/nos-idees/
party	LR	37	Écologie	Les pays riches devraient supporter une part prépondérante du coût de la transition écologique mondiale.	0	1	Position équilibrée ou non tranchée : estimation prudente ; aucune formulation parfaitement équivalente à la question n’a été identifiée.	https://republicains.fr/nos-idees/
party	LR	43	Fiscalité / patrimoine	Il faudrait supprimer l'IFI et ne plus taxer spécifiquement le patrimoine immobilier au-delà de la fiscalité ordinaire.	3	2	Accord fort : orientation cohérente avec le document officiel retenu, sans passage isolé directement équivalent à la question.	https://republicains.fr/nos-idees/
party	LR	44	Fiscalité / patrimoine	L'héritage devrait être davantage taxé au-delà d'un certain seuil de patrimoine transmis, même si cela conduit certaines familles à transmettre moins de patrimoine à leurs enfants.	-3	2	Désaccord fort : orientation cohérente avec le document officiel retenu, sans passage isolé directement équivalent à la question.	https://republicains.fr/nos-idees/
party	LR	46	Travail / chômage	Un chômeur devrait pouvoir perdre une partie significative de ses allocations s'il refuse plusieurs emplois raisonnablement adaptés à ses compétences.	3	2	Accord fort : orientation cohérente avec le document officiel retenu, sans passage isolé directement équivalent à la question.	https://republicains.fr/nos-idees/
party	LR	51	Protection sociale	Les prestations sociales devraient être fortement conditionnées à la durée de cotisation et de participation au marché du travail.	3	2	Accord fort : orientation cohérente avec le document officiel retenu, sans passage isolé directement équivalent à la question.	https://republicains.fr/nos-idees/
party	LR	60	Immigration / assimilation	La France devrait pouvoir refuser l'entrée à un immigré légalement admissible lorsqu'il existe de fortes raisons de penser qu'il ne souhaite pas s'intégrer culturellement à la société française.	3	2	Accord fort : orientation cohérente avec le document officiel retenu, sans passage isolé directement équivalent à la question.	https://republicains.fr/nos-idees/
party	LR	63	Libertés / sécurité	Pour lutter contre le terrorisme, l'État devrait pouvoir surveiller préventivement une personne considérée comme présentant un risque sérieux, même sans preuve suffisante pour engager des poursuites pénales.	3	2	Accord fort : orientation cohérente avec le document officiel retenu, sans passage isolé directement équivalent à la question.	https://republicains.fr/nos-idees/
party	LR	69	Écologie	Il faut privilégier le nucléaire même si cela conduit à réduire certains investissements dans les renouvelables.	3	2	Accord fort : orientation cohérente avec le document officiel retenu, sans passage isolé directement équivalent à la question.	https://republicains.fr/nos-idees/
party	LR	71	Écologie / croissance	Si la France pouvait réduire ses émissions de 20 % mais que cela réduisait son PIB de 3 %, alors que les autres pays ne faisaient aucun effort comparable, il faudrait quand même le faire.	-2	1	Désaccord net : estimation prudente ; aucune formulation parfaitement équivalente à la question n’a été identifiée.	https://republicains.fr/nos-idees/
party	LR	78	Immigration / assimilation	Le droit de séjour durable en France devrait dépendre, sauf impossibilité particulière, d’efforts concrets pour apprendre le français, comprendre les règles et usages du pays et participer à la vie collective.	3	2	Accord fort : orientation cohérente avec le document officiel retenu, sans passage isolé directement équivalent à la question.	https://republicains.fr/nos-idees/
party	LR	85	Éducation / mixité sociale	Le financement public des établissements privés sous contrat devrait être conditionné à des objectifs mesurables de mixité sociale.	-2	1	Désaccord net : la position est estimée à partir des propositions sur l'enseignement privé, son financement et la mixité sociale. Niveau de preuve : estimation prudente à partir de la ligne générale.	https://republicains.fr/nos-idees/
party	LR	90	Dépendance / EHPAD	Les groupes privés à but lucratif ne devraient plus pouvoir gérer d'EHPAD. Les établissements existants devraient progressivement devenir publics ou non lucratifs.	-2	1	Désaccord net : le programme social et sanitaire permet d'estimer la place laissée aux opérateurs lucratifs dans la dépendance. Niveau de preuve : estimation prudente à partir de la ligne générale.	https://republicains.fr/nos-idees/
party	Nouvelle Énergie	3	Économie	L'État devrait davantage taxer les hauts revenus et les gros patrimoines afin de réduire les inégalités.	-3	2	Désaccord fort : orientation cohérente avec le document officiel retenu, sans passage isolé directement équivalent à la question.	https://www.unenouvelleenergie.fr/notre-programme/
party	Nouvelle Énergie	16	Social / société	Réduire les inégalités peut parfois justifier de restreindre certaines libertés individuelles.	-3	2	Désaccord fort : estimation prudente ; aucune formulation parfaitement équivalente à la question n’a été identifiée.	https://www.unenouvelleenergie.fr/notre-programme/
party	Nouvelle Énergie	19	Social / société	Certaines traditions et valeurs culturelles méritent d'être préservées même si elles évoluent moins vite que la société.	3	2	Accord fort : codage cohérent avec la ligne programmatique générale du parti sur social / société.	https://www.unenouvelleenergie.fr/notre-programme/
party	Nouvelle Énergie	25	Immigration	Même lorsque l'immigration est économiquement bénéfique, elle peut être légitimement limitée pour préserver la cohésion culturelle du pays.	3	2	Accord fort : orientation cohérente avec le document officiel retenu, sans passage isolé directement équivalent à la question.	https://www.unenouvelleenergie.fr/notre-programme/
party	Nouvelle Énergie	35	Écologie	Les politiques écologiques devraient reposer principalement sur des mécanismes de marché comme la taxe carbone plutôt que sur des interdictions.	3	2	Accord fort : estimation prudente ; aucune formulation parfaitement équivalente à la question n’a été identifiée.	https://www.unenouvelleenergie.fr/notre-programme/
party	Nouvelle Énergie	37	Écologie	Les pays riches devraient supporter une part prépondérante du coût de la transition écologique mondiale.	0	1	Position équilibrée ou non tranchée : estimation prudente ; aucune formulation parfaitement équivalente à la question n’a été identifiée.	https://www.unenouvelleenergie.fr/notre-programme/
party	Nouvelle Énergie	43	Fiscalité / patrimoine	Il faudrait supprimer l'IFI et ne plus taxer spécifiquement le patrimoine immobilier au-delà de la fiscalité ordinaire.	3	2	Accord fort : orientation cohérente avec le document officiel retenu, sans passage isolé directement équivalent à la question.	https://www.unenouvelleenergie.fr/notre-programme/
party	Nouvelle Énergie	44	Fiscalité / patrimoine	L'héritage devrait être davantage taxé au-delà d'un certain seuil de patrimoine transmis, même si cela conduit certaines familles à transmettre moins de patrimoine à leurs enfants.	-3	2	Désaccord fort : orientation cohérente avec le document officiel retenu, sans passage isolé directement équivalent à la question.	https://www.unenouvelleenergie.fr/notre-programme/
party	Nouvelle Énergie	83	Santé / hôpital	Il faut accepter de fermer ou regrouper certaines petites maternités et certains services d'urgence afin de concentrer les équipes et les équipements dans des établissements plus importants.	0	1	Position équilibrée ou non tranchée : le programme santé insiste sur la proximité des soins, la liberté d’organisation et une gouvernance locale, mais ne tranche pas explicitement la fermeture ou le regroupement de petites maternités et de petits services d’urgence. Un accord net n’est donc pas documenté.	https://www.unenouvelleenergie.fr/nouvelle-energie-publie-son-livret-sante-liberer-les-soignants-pour-liberer-lacces-aux-soins-pour-tous/
party	Nouvelle Énergie	86	Logement / locations touristiques	Dans les zones où le logement manque, une commune devrait pouvoir interdire la location touristique régulière d'un logement qui n'est pas la résidence principale de son propriétaire.	-2	1	Désaccord net : la source retenue précise le degré de régulation souhaité pour les meublés touristiques et les pouvoirs locaux. Niveau de preuve : estimation prudente à partir de la ligne générale.	https://www.unenouvelleenergie.fr/notre-programme/
party	Nouvelle Énergie	90	Dépendance / EHPAD	Les groupes privés à but lucratif ne devraient plus pouvoir gérer d'EHPAD. Les établissements existants devraient progressivement devenir publics ou non lucratifs.	-3	2	Désaccord fort : le programme social et sanitaire permet d'estimer la place laissée aux opérateurs lucratifs dans la dépendance. Niveau de preuve : faisceau d’indices cohérent, sans équivalent toujours parfaitement identique.	https://www.unenouvelleenergie.fr/notre-programme/
party	UDR	2	Économie	Les inégalités économiques sont acceptables tant qu'elles résultent principalement du travail ou de la prise de risque.	3	2	Accord fort : codage fondé sur les documents officiels retenus pour le thème « Économie ». Niveau de preuve : orientation cohérente étayée par plusieurs éléments.	https://www.assemblee-nationale.fr/dyn/17/amendements/2247/CION_FIN/CF912
party	UDR	8	Économie	La concurrence est généralement préférable à la réglementation pour améliorer les prix, la qualité et l'innovation.	3	2	Accord fort : codage fondé sur les documents officiels retenus pour le thème « Économie ». Niveau de preuve : orientation cohérente étayée par plusieurs éléments.	https://www.assemblee-nationale.fr/dyn/17/amendements/2247/CION_FIN/CF912
party	UDR	13	État	Les citoyens devraient avoir davantage de liberté pour choisir eux-mêmes comment utiliser leur argent plutôt que de passer par des systèmes publics obligatoires.	3	2	Accord fort : codage fondé sur les documents officiels retenus pour le thème « État ». Niveau de preuve : orientation cohérente étayée par plusieurs éléments.	https://www.assemblee-nationale.fr/dyn/17/amendements/2247/CION_FIN/CF912
party	UDR	14	Social / société	La société devrait accepter beaucoup plus largement les différents modes de vie, même lorsqu'ils s'éloignent des normes traditionnelles.	-2	1	Désaccord net : codage fondé sur les documents officiels retenus pour le thème « Social / société ». Niveau de preuve : analogie prudente, sans proposition parfaitement équivalente.	https://www.udr.fr/
party	UDR	16	Social / société	Réduire les inégalités peut parfois justifier de restreindre certaines libertés individuelles.	-2	1	Désaccord net : codage fondé sur les documents officiels retenus pour le thème « Social / société ». Niveau de preuve : analogie prudente, sans proposition parfaitement équivalente.	https://www.udr.fr/
party	UDR	17	Social / société	Les politiques publiques devraient chercher à corriger activement les discriminations historiques ou structurelles entre groupes sociaux.	-2	1	Désaccord net : codage fondé sur les documents officiels retenus pour le thème « Social / société ». Niveau de preuve : analogie prudente, sans proposition parfaitement équivalente.	https://www.udr.fr/
party	UDR	19	Social / société	Certaines traditions et valeurs culturelles méritent d'être préservées même si elles évoluent moins vite que la société.	3	2	Accord fort : codage fondé sur les documents officiels retenus pour le thème « Social / société ». Niveau de preuve : orientation cohérente étayée par plusieurs éléments.	https://www.udr.fr/
party	UDR	25	Immigration	Même lorsque l'immigration est économiquement bénéfique, elle peut être légitimement limitée pour préserver la cohésion culturelle du pays.	3	2	Accord fort : codage fondé sur les documents officiels retenus pour le thème « Immigration ». Niveau de preuve : orientation cohérente étayée par plusieurs éléments.	https://www.assemblee-nationale.fr/dyn/opendata/PNREANR5L17B1609.html
party	UDR	26	Immigration	La France devrait accueillir davantage de réfugiés lorsqu'ils fuient une guerre ou une persécution, même si cela représente un coût économique.	-2	1	Désaccord net : note conservée au titre de la ligne générale de l’UDR, sans proposition officielle directement équivalente identifiée.	https://www.assemblee-nationale.fr/dyn/opendata/PNREANR5L17B1609.html
party	UDR	32	Écologie	La lutte contre le changement climatique doit rester prioritaire même lorsqu'elle réduit la croissance économique à court terme.	0	1	Position neutre, partagée ou non arrêtée : codage fondé sur les documents officiels retenus pour le thème « Écologie ». Niveau de preuve : analogie prudente, sans proposition parfaitement équivalente.	https://www.udr.fr/
party	UDR	33	Écologie	Il faut accepter une hausse importante du prix des énergies fossiles pour accélérer la transition écologique.	-2	1	Désaccord net : codage fondé sur les documents officiels retenus pour le thème « Écologie ». Niveau de preuve : analogie prudente, sans proposition parfaitement équivalente.	https://www.udr.fr/
party	UDR	35	Écologie	Les politiques écologiques devraient reposer principalement sur des mécanismes de marché comme la taxe carbone plutôt que sur des interdictions.	2	1	Accord net : codage fondé sur les documents officiels retenus pour le thème « Écologie ». Niveau de preuve : analogie prudente, sans proposition parfaitement équivalente.	https://www.udr.fr/
party	UDR	36	Écologie	Il est justifié d'interdire certains produits ou comportements très polluants même lorsque les consommateurs les souhaitent.	-2	1	Désaccord net : codage fondé sur les documents officiels retenus pour le thème « Écologie ». Niveau de preuve : analogie prudente, sans proposition parfaitement équivalente.	https://www.udr.fr/
party	UDR	37	Écologie	Les pays riches devraient supporter une part prépondérante du coût de la transition écologique mondiale.	-2	1	Désaccord net : codage fondé sur les documents officiels retenus pour le thème « Écologie ». Niveau de preuve : analogie prudente, sans proposition parfaitement équivalente.	https://www.udr.fr/
party	UDR	38	Europe	La France devrait transférer davantage de compétences à l'Union européenne afin de renforcer son poids économique et géopolitique.	-2	1	Désaccord net : codage fondé sur les documents officiels retenus pour le thème « Europe ». Niveau de preuve : analogie prudente, sans proposition parfaitement équivalente.	https://www.udr.fr/
party	UDR	41	Europe	L'Union européenne devrait pouvoir imposer davantage de règles communes aux États membres.	-2	1	Désaccord net : codage fondé sur les documents officiels retenus pour le thème « Europe ». Niveau de preuve : analogie prudente, sans proposition parfaitement équivalente.	https://www.udr.fr/
party	UDR	45	Fiscalité / patrimoine	Les très grandes fortunes devraient être imposées sur leur patrimoine mondial, même lorsqu'elles quittent la France.	-2	1	Désaccord net : codage fondé sur les documents officiels retenus pour le thème « Fiscalité / patrimoine ». Niveau de preuve : analogie prudente, sans proposition parfaitement équivalente.	https://www.assemblee-nationale.fr/dyn/17/amendements/2247/CION_FIN/CF912
party	UDR	48	Travail / chômage	Le CDI protège trop fortement les salariés déjà en poste et peut rendre plus difficile l’accès à l’emploi stable, au détriment des jeunes, chômeurs ou travailleurs en contrats précaires.	2	1	Accord net : codage fondé sur les documents officiels retenus pour le thème « Travail / chômage ». Niveau de preuve : analogie prudente, sans proposition parfaitement équivalente.	https://www.assemblee-nationale.fr/dyn/17/amendements/2247/CION_FIN/CF912
party	UDR	50	Retraites	L'âge légal de départ à la retraite devrait être automatiquement indexé sur l'espérance de vie nationale.	0	1	Position de compromis : l'UDR cherche la soutenabilité des retraites notamment par la capitalisation, mais ne propose pas d'indexer automatiquement l'âge légal sur l'espérance de vie ; l'absence de position directe conduit à 0.	https://www.assemblee-nationale.fr/dyn/17/amendements/2247/CION_FIN/CF912
party	UDR	54	État / entreprises	L'État devrait davantage utiliser son pouvoir d'actionnaire pour orienter les grandes entreprises françaises vers des objectifs industriels de long terme.	0	1	Position neutre, partagée ou non arrêtée : codage fondé sur les documents officiels retenus pour le thème « État / entreprises ». Niveau de preuve : analogie prudente, sans proposition parfaitement équivalente.	https://www.assemblee-nationale.fr/dyn/17/amendements/2247/CION_FIN/CF912
party	UDR	61	Immigration / assimilation	Le fait de conserver des pratiques culturelles ou religieuses très différentes de celles de la majorité française n'est pas en soi un problème tant que les lois françaises sont respectées.	-2	1	Désaccord net : codage fondé sur les documents officiels retenus pour le thème « Immigration / assimilation ». Niveau de preuve : analogie prudente, sans proposition parfaitement équivalente.	https://www.assemblee-nationale.fr/dyn/opendata/PNREANR5L17B1609.html
party	UDR	63	Libertés / sécurité	Pour lutter contre le terrorisme, l'État devrait pouvoir surveiller préventivement une personne considérée comme présentant un risque sérieux, même sans preuve suffisante pour engager des poursuites pénales.	2	1	Accord net : note conservée au titre de la ligne générale de l’UDR, sans proposition officielle directement équivalente identifiée.	https://www.udr.fr/
party	UDR	64	Libertés / expression	Une personne qui tient publiquement des propos profondément offensants mais qui n'appelle ni à la violence ni à commettre une infraction devrait être protégée par la liberté d'expression.	2	1	Accord net : codage fondé sur les documents officiels retenus pour le thème « Libertés / expression ». Niveau de preuve : analogie prudente, sans proposition parfaitement équivalente.	https://www.udr.fr/
party	UDR	68	Écologie	La France devrait interdire progressivement la vente de voitures thermiques même si cela augmente temporairement le prix moyen des véhicules.	-2	1	Désaccord net : codage fondé sur les documents officiels retenus pour le thème « Écologie ». Niveau de preuve : analogie prudente, sans proposition parfaitement équivalente.	https://www.udr.fr/
party	UDR	69	Écologie	Il faut privilégier le nucléaire même si cela conduit à réduire certains investissements dans les renouvelables.	2	1	Accord net : codage fondé sur les documents officiels retenus pour le thème « Écologie ». Niveau de preuve : analogie prudente, sans proposition parfaitement équivalente.	https://www.udr.fr/
party	UDR	71	Écologie / croissance	Si la France pouvait réduire ses émissions de 20 % mais que cela réduisait son PIB de 3 %, alors que les autres pays ne faisaient aucun effort comparable, il faudrait quand même le faire.	-2	1	Désaccord net : codage fondé sur les documents officiels retenus pour le thème « Écologie / croissance ». Niveau de preuve : analogie prudente, sans proposition parfaitement équivalente.	https://www.udr.fr/
party	UDR	75	Institutions	Il serait acceptable de donner davantage de poids politique aux citoyens qui démontrent un niveau élevé de connaissance du fonctionnement des institutions et de l'économie.	-2	1	Désaccord net : codage fondé sur les documents officiels retenus pour le thème « Institutions ». Niveau de preuve : analogie prudente, sans proposition parfaitement équivalente.	https://www.udr.fr/
party	UDR	76	Institutions	Le président de la République devrait disposer de davantage de pouvoirs pour pouvoir mettre en œuvre un programme pendant cinq ans sans être constamment bloqué par le Parlement.	2	1	Accord net : codage fondé sur les documents officiels retenus pour le thème « Institutions ». Niveau de preuve : analogie prudente, sans proposition parfaitement équivalente.	https://www.udr.fr/
party	UDR	77	Institutions	La proportionnelle intégrale serait préférable au système actuel, même si elle rendait plus fréquentes les coalitions et les gouvernements instables.	0	1	Position équilibrée ou non tranchée : l’UDR défend une démocratie directe inspirée de la Suisse, mais cela ne permet pas de déduire une position sur la proportionnelle intégrale aux législatives.	https://www.udr.fr/priorites
party	UDR	79	Immigration / délinquance	Les différences de délinquance observées s’expliquent davantage par les inégalités sociales et économiques que par la culture d’origine des personnes concernées.	-2	1	Désaccord net : codage fondé sur les documents officiels retenus pour le thème « Immigration / délinquance ». Niveau de preuve : analogie prudente, sans proposition parfaitement équivalente.	https://www.assemblee-nationale.fr/dyn/opendata/PNREANR5L17B1609.html
party	UDR	80	Écologie / agriculture	La France devrait interdire aux agriculteurs l’usage d’un produit jugé trop polluant, même si cette interdiction les désavantage face à des concurrents étrangers qui peuvent encore l’utiliser.	-3	2	Désaccord fort : codage fondé sur les documents officiels retenus pour le thème « Écologie / agriculture ». Niveau de preuve : orientation cohérente étayée par plusieurs éléments.	https://www.udr.fr/
party	UDR	82	Santé / assurance maladie	L'Assurance maladie devrait rembourser intégralement les soins essentiels, quitte à réduire fortement le rôle des complémentaires santé.	-2	1	Désaccord net : codage fondé sur les documents officiels retenus pour le thème « Santé / assurance maladie ». Niveau de preuve : analogie prudente, sans proposition parfaitement équivalente.	https://www.udr.fr/
party	UDR	83	Santé / hôpital	Il faut accepter de fermer ou regrouper certaines petites maternités et certains services d'urgence afin de concentrer les équipes et les équipements dans des établissements plus importants.	0	1	Position neutre, partagée ou non arrêtée : codage fondé sur les documents officiels retenus pour le thème « Santé / hôpital ». Niveau de preuve : analogie prudente, sans proposition parfaitement équivalente.	https://www.udr.fr/
party	UDR	84	Éducation / autonomie	Les chefs d'établissement scolaire devraient pouvoir recruter eux-même une partie de leurs enseignants et peser davantage dans leur évaluation.	2	1	Accord net : codage fondé sur les documents officiels retenus pour le thème « Éducation / autonomie ». Niveau de preuve : analogie prudente, sans proposition parfaitement équivalente.	https://www.udr.fr/
party	UDR	85	Éducation / mixité sociale	Le financement public des établissements privés sous contrat devrait être conditionné à des objectifs mesurables de mixité sociale.	-2	1	Désaccord net : codage fondé sur les documents officiels retenus pour le thème « Éducation / mixité sociale ». Niveau de preuve : analogie prudente, sans proposition parfaitement équivalente.	https://www.udr.fr/
party	UDR	88	Défense / dissuasion nucléaire	La dissuasion nucléaire française devrait aussi protéger les partenaires européens, tout en laissant à la France seule la décision finale de l'employer.	-2	1	Désaccord net : codage fondé sur les documents officiels retenus pour le thème « Défense / dissuasion nucléaire ». Niveau de preuve : analogie prudente, sans proposition parfaitement équivalente.	https://www.udr.fr/
party	UDR	90	Dépendance / EHPAD	Les groupes privés à but lucratif ne devraient plus pouvoir gérer d'EHPAD. Les établissements existants devraient progressivement devenir publics ou non lucratifs.	-2	1	Désaccord net : codage fondé sur les documents officiels retenus pour le thème « Dépendance / EHPAD ». Niveau de preuve : analogie prudente, sans proposition parfaitement équivalente.	https://www.udr.fr/
party	RN	6	Économie	Les entreprises privées sont généralement plus efficaces que l'État pour fournir des biens et services, même dans certains secteurs essentiels.	0	1	Position équilibrée ou non tranchée : estimation prudente ; aucune formulation parfaitement équivalente à la question n’a été identifiée.	https://rassemblementnational.fr/documents/202406-programme.pdf
party	RN	8	Économie	La concurrence est généralement préférable à la réglementation pour améliorer les prix, la qualité et l'innovation.	0	1	Position équilibrée ou non tranchée : estimation prudente ; aucune formulation parfaitement équivalente à la question n’a été identifiée.	https://rassemblementnational.fr/documents/202406-programme.pdf
party	RN	13	État	Les citoyens devraient avoir davantage de liberté pour choisir eux-mêmes comment utiliser leur argent plutôt que de passer par des systèmes publics obligatoires.	0	1	Position équilibrée ou non tranchée : estimation prudente ; aucune formulation parfaitement équivalente à la question n’a été identifiée.	https://rassemblementnational.fr/documents/202406-programme.pdf
party	RN	16	Social / société	Réduire les inégalités peut parfois justifier de restreindre certaines libertés individuelles.	-2	1	Désaccord net : estimation prudente ; aucune formulation parfaitement équivalente à la question n’a été identifiée.	https://rassemblementnational.fr/livrets-thematiques
party	RN	19	Social / société	Certaines traditions et valeurs culturelles méritent d'être préservées même si elles évoluent moins vite que la société.	3	2	Accord fort : codage cohérent avec la ligne programmatique générale du parti sur social / société.	https://rassemblementnational.fr/livrets-thematiques
party	RN	26	Immigration	La France devrait accueillir davantage de réfugiés lorsqu'ils fuient une guerre ou une persécution, même si cela représente un coût économique.	-3	2	Désaccord fort : orientation cohérente avec le document officiel retenu, sans passage isolé directement équivalent à la question.	https://rassemblementnational.fr/livrets-thematiques
party	RN	27	Sécurité / justice	Les peines de prison effectives devraient être plus sévères, même si cela augmente fortement la population carcérale.	3	2	Accord fort : orientation cohérente avec le document officiel retenu, sans passage isolé directement équivalent à la question.	https://rassemblementnational.fr/livrets-thematiques
party	RN	28	Sécurité / justice	Il vaut mieux investir dans la prévention et la réinsertion que dans l'augmentation des sanctions.	-2	1	Désaccord net : Le Rassemblement national donne clairement la priorité à la sanction et à l'exécution des peines plutôt qu'à une politique centrée sur la prévention et la réinsertion, tout en ne rejetant pas totalement ces dernières. -2 reflète cette hiérarchie.	https://rassemblementnational.fr/livrets-thematiques
party	RN	29	Sécurité / justice	La police devrait disposer de pouvoirs plus importants pour lutter contre la criminalité, quitte à accepter davantage de contrôles sur certaines libertés individuelles.	3	2	Accord fort : orientation cohérente avec le document officiel retenu, sans passage isolé directement équivalent à la question.	https://rassemblementnational.fr/livrets-thematiques
party	RN	46	Travail / chômage	Un chômeur devrait pouvoir perdre une partie significative de ses allocations s'il refuse plusieurs emplois raisonnablement adaptés à ses compétences.	3	2	Accord fort : orientation cohérente avec le document officiel retenu, sans passage isolé directement équivalent à la question.	https://rassemblementnational.fr/documents/202406-programme.pdf
party	RN	50	Retraites	L'âge légal de départ à la retraite devrait être automatiquement indexé sur l'espérance de vie nationale.	-2	1	Désaccord net : estimation prudente ; aucune formulation parfaitement équivalente à la question n’a été identifiée.	https://rassemblementnational.fr/documents/202406-programme.pdf
party	RN	54	État / entreprises	L'État devrait davantage utiliser son pouvoir d'actionnaire pour orienter les grandes entreprises françaises vers des objectifs industriels de long terme.	2	1	Accord net : estimation prudente ; aucune formulation parfaitement équivalente à la question n’a été identifiée.	https://rassemblementnational.fr/documents/202406-programme.pdf
party	RN	57	Immigration / assimilation	L'accès à certaines prestations sociales devrait être beaucoup plus limité pendant les premières années suivant l'arrivée d'un immigré.	3	2	Accord fort : orientation cohérente avec le document officiel retenu, sans passage isolé directement équivalent à la question.	https://rassemblementnational.fr/livrets-thematiques
party	RN	59	Immigration / assimilation	Une personne née en France de parents étrangers devrait automatiquement devenir française à sa majorité si elle y a grandi, même si elle ne manifeste pas particulièrement d'attachement à la France.	-3	2	Désaccord fort : orientation cohérente avec le document officiel retenu, sans passage isolé directement équivalent à la question.	https://rassemblementnational.fr/livrets-thematiques
party	RN	60	Immigration / assimilation	La France devrait pouvoir refuser l'entrée à un immigré légalement admissible lorsqu'il existe de fortes raisons de penser qu'il ne souhaite pas s'intégrer culturellement à la société française.	3	2	Accord fort : orientation cohérente avec le document officiel retenu, sans passage isolé directement équivalent à la question.	https://rassemblementnational.fr/livrets-thematiques
party	RN	63	Libertés / sécurité	Pour lutter contre le terrorisme, l'État devrait pouvoir surveiller préventivement une personne considérée comme présentant un risque sérieux, même sans preuve suffisante pour engager des poursuites pénales.	3	2	Accord fort : orientation cohérente avec le document officiel retenu, sans passage isolé directement équivalent à la question.	https://rassemblementnational.fr/livrets-thematiques
party	RN	68	Écologie	La France devrait interdire progressivement la vente de voitures thermiques même si cela augmente temporairement le prix moyen des véhicules.	-3	2	Désaccord fort : orientation cohérente avec le document officiel retenu, sans passage isolé directement équivalent à la question.	https://rassemblementnational.fr/documents/202411-programme-europeennes.pdf
party	RN	69	Écologie	Il faut privilégier le nucléaire même si cela conduit à réduire certains investissements dans les renouvelables.	3	2	Accord fort : orientation cohérente avec le document officiel retenu, sans passage isolé directement équivalent à la question.	https://rassemblementnational.fr/documents/202411-programme-europeennes.pdf
party	RN	71	Écologie / croissance	Si la France pouvait réduire ses émissions de 20 % mais que cela réduisait son PIB de 3 %, alors que les autres pays ne faisaient aucun effort comparable, il faudrait quand même le faire.	-2	1	Désaccord net : estimation prudente ; aucune formulation parfaitement équivalente à la question n’a été identifiée.	https://rassemblementnational.fr/documents/202411-programme-europeennes.pdf
party	RN	73	Institutions	Un gouvernement devrait pouvoir prendre une décision économiquement nécessaire mais très impopulaire sans chercher à obtenir l'approbation immédiate de la population.	0	1	Position équilibrée ou non tranchée : estimation prudente ; aucune formulation parfaitement équivalente à la question n’a été identifiée.	https://rassemblementnational.fr/documents/202406-programme.pdf
party	RN	74	Institutions	Le référendum devrait être beaucoup plus utilisé, même lorsque les citoyens votent sur des sujets dont ils maîtrisent mal les aspects techniques.	3	2	Accord fort : orientation cohérente avec le document officiel retenu, sans passage isolé directement équivalent à la question.	https://rassemblementnational.fr/documents/202406-programme.pdf
party	RN	75	Institutions	Il serait acceptable de donner davantage de poids politique aux citoyens qui démontrent un niveau élevé de connaissance du fonctionnement des institutions et de l'économie.	-2	1	Désaccord net : estimation prudente ; aucune formulation parfaitement équivalente à la question n’a été identifiée.	https://rassemblementnational.fr/documents/202406-programme.pdf
party	RN	78	Immigration / assimilation	Le droit de séjour durable en France devrait dépendre, sauf impossibilité particulière, d’efforts concrets pour apprendre le français, comprendre les règles et usages du pays et participer à la vie collective.	3	2	Accord fort : orientation cohérente avec le document officiel retenu, sans passage isolé directement équivalent à la question.	https://rassemblementnational.fr/livrets-thematiques
party	RN	85	Éducation / mixité sociale	Le financement public des établissements privés sous contrat devrait être conditionné à des objectifs mesurables de mixité sociale.	-2	1	Désaccord net : la position est estimée à partir des propositions sur l'enseignement privé, son financement et la mixité sociale. Niveau de preuve : estimation prudente à partir de la ligne générale.	https://rassemblementnational.fr/documents/202406-programme.pdf
party	Reconquête	1	Économie	Il faut réduire les impôts sur le travail et le capital, même si cela implique de réduire certaines dépenses publiques.	3	2	Accord fort : orientation cohérente avec le document officiel retenu, sans passage isolé directement équivalent à la question.	https://www.parti-reconquete.fr/
party	Reconquête	2	Économie	Les inégalités économiques sont acceptables tant qu'elles résultent principalement du travail ou de la prise de risque.	2	1	Accord net : estimation prudente ; aucune formulation parfaitement équivalente à la question n’a été identifiée.	https://www.parti-reconquete.fr/
party	Reconquête	3	Économie	L'État devrait davantage taxer les hauts revenus et les gros patrimoines afin de réduire les inégalités.	-3	2	Désaccord fort : codage cohérent avec la ligne programmatique générale du parti sur économie.	https://www.parti-reconquete.fr/
party	Reconquête	6	Économie	Les entreprises privées sont généralement plus efficaces que l'État pour fournir des biens et services, même dans certains secteurs essentiels.	2	1	Accord net : estimation prudente ; aucune formulation parfaitement équivalente à la question n’a été identifiée.	https://www.parti-reconquete.fr/
party	Reconquête	8	Économie	La concurrence est généralement préférable à la réglementation pour améliorer les prix, la qualité et l'innovation.	2	1	Accord net : estimation prudente ; aucune formulation parfaitement équivalente à la question n’a été identifiée.	https://www.parti-reconquete.fr/
party	Reconquête	9	État	La France dépense trop d'argent public et devrait accepter de réduire certaines politiques sociales pour revenir à l'équilibre budgétaire.	3	2	Accord fort : orientation cohérente avec le document officiel retenu, sans passage isolé directement équivalent à la question.	https://www.parti-reconquete.fr/
party	Reconquête	13	État	Les citoyens devraient avoir davantage de liberté pour choisir eux-mêmes comment utiliser leur argent plutôt que de passer par des systèmes publics obligatoires.	2	1	Accord net : estimation prudente ; aucune formulation parfaitement équivalente à la question n’a été identifiée.	https://www.parti-reconquete.fr/
party	Reconquête	15	Démocratie	Un gouvernement devrait pouvoir faire adopter le budget sans vote de l’Assemblée nationale lorsqu’aucune majorité stable ne se dégage, afin d’éviter un blocage institutionnel.	0	1	Des prises de position locales critiquent la banalisation du 49.3, tandis que d’autres valorisent les mécanismes de stabilité de la Ve République. Pas de doctrine nationale suffisamment précise : 0, confiance 1.	https://fede26.parti-reconquete.fr/article/l-analyse-economique-de-r-drome-episode-2
party	Reconquête	16	Social / société	Réduire les inégalités peut parfois justifier de restreindre certaines libertés individuelles.	-2	1	Désaccord net : estimation prudente ; aucune formulation parfaitement équivalente à la question n’a été identifiée.	https://www.parti-reconquete.fr/
party	Reconquête	20	Immigration	La France devrait réduire le nombre d'immigrants qu'elle accueille chaque année.	3	2	Accord fort : orientation cohérente avec le document officiel retenu, sans passage isolé directement équivalent à la question.	https://www.parti-reconquete.fr/
party	Reconquête	24	Immigration	La France devrait être beaucoup plus stricte concernant l'expulsion des étrangers condamnés pour des crimes graves.	3	2	Accord fort : orientation cohérente avec le document officiel retenu, sans passage isolé directement équivalent à la question.	https://www.parti-reconquete.fr/
party	Reconquête	26	Immigration	La France devrait accueillir davantage de réfugiés lorsqu'ils fuient une guerre ou une persécution, même si cela représente un coût économique.	-3	2	Désaccord fort : codage cohérent avec la ligne programmatique générale du parti sur immigration.	https://www.parti-reconquete.fr/
party	Reconquête	27	Sécurité / justice	Les peines de prison effectives devraient être plus sévères, même si cela augmente fortement la population carcérale.	3	2	Accord fort : codage cohérent avec la ligne programmatique générale du parti sur sécurité / justice.	https://www.parti-reconquete.fr/
party	Reconquête	29	Sécurité / justice	La police devrait disposer de pouvoirs plus importants pour lutter contre la criminalité, quitte à accepter davantage de contrôles sur certaines libertés individuelles.	3	2	Accord fort : orientation cohérente avec le document officiel retenu, sans passage isolé directement équivalent à la question.	https://www.parti-reconquete.fr/
party	Reconquête	34	Economie	Une partie des cotisations sociales sur les salaires devrait être remplacée par une hausse de la TVA afin d’augmenter les salaires nets et de réduire le coût du travail, même si cela augmente le prix des biens et services consommés	0	1	Reconquête défend une baisse du coût du travail et des prélèvements, mais aucune proposition suffisamment précise de transfert vers la TVA n’a été retrouvée. Score neutre par prudence.	https://www.parti-reconquete.fr/
party	Reconquête	35	Écologie	Les politiques écologiques devraient reposer principalement sur des mécanismes de marché comme la taxe carbone plutôt que sur des interdictions.	2	1	Accord net : estimation prudente ; aucune formulation parfaitement équivalente à la question n’a été identifiée.	https://www.parti-reconquete.fr/
party	Reconquête	37	Écologie	Les pays riches devraient supporter une part prépondérante du coût de la transition écologique mondiale.	-2	1	Désaccord net : estimation prudente ; aucune formulation parfaitement équivalente à la question n’a été identifiée.	https://www.parti-reconquete.fr/
party	Reconquête	39	Europe	La France devrait conserver autant que possible sa souveraineté nationale, même si cela réduit son influence au niveau européen.	3	2	Accord fort : codage cohérent avec la ligne programmatique générale du parti sur europe.	https://www.parti-reconquete.fr/
party	Reconquête	42	Europe	En cas de conflit entre les intérêts économiques français et les règles européennes, la France devrait pouvoir désobéir à certaines règles européennes.	3	2	Accord fort : codage cohérent avec la ligne programmatique générale du parti sur europe.	https://www.parti-reconquete.fr/
party	Reconquête	44	Fiscalité / patrimoine	L'héritage devrait être davantage taxé au-delà d'un certain seuil de patrimoine transmis, même si cela conduit certaines familles à transmettre moins de patrimoine à leurs enfants.	-3	2	Désaccord fort : codage cohérent avec la ligne programmatique générale du parti sur fiscalité / patrimoine.	https://www.parti-reconquete.fr/
party	Reconquête	47	Outre-mer / vie chère	L’État devrait garantir que les produits essentiels ne coûtent pas beaucoup plus cher dans les DOM/TOM que dans l’Hexagone, quitte à subventionner durablement leur transport ou leur prix avec l’argent public national.	0	1	Aucune position suffisamment précise de Reconquête n’a été identifiée sur une compensation nationale durable des surcoûts de fret ou de prix ultramarins ; position laissée neutre.	https://www.parti-reconquete.fr/
party	Reconquête	48	Travail / chômage	Le CDI protège trop fortement les salariés déjà en poste et peut rendre plus difficile l’accès à l’emploi stable, au détriment des jeunes, chômeurs ou travailleurs en contrats précaires.	2	1	Accord net : estimation prudente ; aucune formulation parfaitement équivalente à la question n’a été identifiée.	https://www.parti-reconquete.fr/
party	Reconquête	54	État / entreprises	L'État devrait davantage utiliser son pouvoir d'actionnaire pour orienter les grandes entreprises françaises vers des objectifs industriels de long terme.	0	1	Position équilibrée ou non tranchée : estimation prudente ; aucune formulation parfaitement équivalente à la question n’a été identifiée.	https://www.parti-reconquete.fr/
party	Reconquête	55	État / entreprises	Il faudrait réduire fortement les normes administratives pesant sur les entreprises, même si certaines protections environnementales ou sociales deviennent moins strictes.	3	2	Accord fort : orientation cohérente avec le document officiel retenu, sans passage isolé directement équivalent à la question.	https://www.parti-reconquete.fr/
party	Reconquête	57	Immigration / assimilation	L'accès à certaines prestations sociales devrait être beaucoup plus limité pendant les premières années suivant l'arrivée d'un immigré.	3	2	Accord fort : codage cohérent avec la ligne programmatique générale du parti sur immigration / assimilation.	https://www.parti-reconquete.fr/
party	Reconquête	58	Immigration / assimilation	La France devrait privilégier l'immigration économique qualifiée, même si cela signifie accueillir moins de personnes peu qualifiées.	2	1	Accord net : estimation prudente ; aucune formulation parfaitement équivalente à la question n’a été identifiée.	https://www.parti-reconquete.fr/
party	Reconquête	59	Immigration / assimilation	Une personne née en France de parents étrangers devrait automatiquement devenir française à sa majorité si elle y a grandi, même si elle ne manifeste pas particulièrement d'attachement à la France.	-3	2	Désaccord fort : codage cohérent avec la ligne programmatique générale du parti sur immigration / assimilation.	https://www.parti-reconquete.fr/
party	Reconquête	60	Immigration / assimilation	La France devrait pouvoir refuser l'entrée à un immigré légalement admissible lorsqu'il existe de fortes raisons de penser qu'il ne souhaite pas s'intégrer culturellement à la société française.	3	2	Accord fort : codage cohérent avec la ligne programmatique générale du parti sur immigration / assimilation.	https://www.parti-reconquete.fr/
party	Reconquête	63	Libertés / sécurité	Pour lutter contre le terrorisme, l'État devrait pouvoir surveiller préventivement une personne considérée comme présentant un risque sérieux, même sans preuve suffisante pour engager des poursuites pénales.	3	2	Accord fort : orientation cohérente avec le document officiel retenu, sans passage isolé directement équivalent à la question.	https://www.parti-reconquete.fr/
party	Reconquête	64	Libertés / expression	Une personne qui tient publiquement des propos profondément offensants mais qui n'appelle ni à la violence ni à commettre une infraction devrait être protégée par la liberté d'expression.	3	1	Accord fort : estimation prudente ; aucune formulation parfaitement équivalente à la question n’a été identifiée.	https://www.parti-reconquete.fr/
party	Reconquête	68	Écologie	La France devrait interdire progressivement la vente de voitures thermiques même si cela augmente temporairement le prix moyen des véhicules.	-3	2	Désaccord fort : codage cohérent avec la ligne programmatique générale du parti sur écologie.	https://www.parti-reconquete.fr/
party	Reconquête	69	Écologie	Il faut privilégier le nucléaire même si cela conduit à réduire certains investissements dans les renouvelables.	3	2	Accord fort : codage cohérent avec la ligne programmatique générale du parti sur écologie.	https://www.parti-reconquete.fr/
party	Reconquête	71	Écologie / croissance	Si la France pouvait réduire ses émissions de 20 % mais que cela réduisait son PIB de 3 %, alors que les autres pays ne faisaient aucun effort comparable, il faudrait quand même le faire.	-2	1	Désaccord net : estimation prudente ; aucune formulation parfaitement équivalente à la question n’a été identifiée.	https://www.parti-reconquete.fr/
party	Reconquête	74	Institutions	Le référendum devrait être beaucoup plus utilisé, même lorsque les citoyens votent sur des sujets dont ils maîtrisent mal les aspects techniques.	3	2	Accord fort : codage cohérent avec la ligne programmatique générale du parti sur institutions.	https://www.parti-reconquete.fr/
party	Reconquête	75	Institutions	Il serait acceptable de donner davantage de poids politique aux citoyens qui démontrent un niveau élevé de connaissance du fonctionnement des institutions et de l'économie.	-2	1	Désaccord net : estimation prudente ; aucune formulation parfaitement équivalente à la question n’a été identifiée.	https://www.parti-reconquete.fr/
party	Reconquête	76	Institutions	Le président de la République devrait disposer de davantage de pouvoirs pour pouvoir mettre en œuvre un programme pendant cinq ans sans être constamment bloqué par le Parlement.	2	1	Accord net : estimation prudente ; aucune formulation parfaitement équivalente à la question n’a été identifiée.	https://www.parti-reconquete.fr/
party	Reconquête	78	Immigration / assimilation	Le droit de séjour durable en France devrait dépendre, sauf impossibilité particulière, d’efforts concrets pour apprendre le français, comprendre les règles et usages du pays et participer à la vie collective.	3	2	Accord fort : orientation cohérente avec le document officiel retenu, sans passage isolé directement équivalent à la question.	https://www.parti-reconquete.fr/
party	Reconquête	79	Immigration / délinquance	Les différences de délinquance observées s’expliquent davantage par les inégalités sociales et économiques que par la culture d’origine des personnes concernées.	-3	2	Désaccord fort : codage cohérent avec la ligne programmatique générale du parti sur immigration / délinquance.	https://www.parti-reconquete.fr/
party	Reconquête	81	Santé / accès aux soins	Dans les zones où l'accès aux soins est insuffisant, l'Assurance maladie devrait pouvoir limiter le conventionnement de nouveaux médecins dans les zones déjà bien dotées afin d'encourager leur installation dans les déserts médicaux.	-2	1	Désaccord net : le scrutin sur la régulation du conventionnement médical fournit la position parlementaire la plus proche ; pour les formations non représentées, le codage est déduit de leur ligne sur la liberté d'installation. Niveau de preuve : estimation prudente à partir de la ligne générale.	https://www.parti-reconquete.fr/
party	Reconquête	82	Santé / assurance maladie	L'Assurance maladie devrait rembourser intégralement les soins essentiels, quitte à réduire fortement le rôle des complémentaires santé.	-2	1	Désaccord net : le programme de santé retenu permet d'estimer la place accordée à l'assurance publique et aux complémentaires. Niveau de preuve : estimation prudente à partir de la ligne générale.	https://www.parti-reconquete.fr/
party	Reconquête	84	Éducation / autonomie	Les chefs d'établissement scolaire devraient pouvoir recruter eux-même une partie de leurs enseignants et peser davantage dans leur évaluation.	2	1	Accord net : la position est estimée à partir des propositions d'autonomie des établissements, de recrutement et de gestion des enseignants. Niveau de preuve : estimation prudente à partir de la ligne générale.	https://www.parti-reconquete.fr/
party	Reconquête	85	Éducation / mixité sociale	Le financement public des établissements privés sous contrat devrait être conditionné à des objectifs mesurables de mixité sociale.	-2	1	Désaccord net : la position est estimée à partir des propositions sur l'enseignement privé, son financement et la mixité sociale. Niveau de preuve : estimation prudente à partir de la ligne générale.	https://www.parti-reconquete.fr/
party	Reconquête	86	Logement / locations touristiques	Dans les zones où le logement manque, une commune devrait pouvoir interdire la location touristique régulière d'un logement qui n'est pas la résidence principale de son propriétaire.	-2	1	Désaccord net : la source retenue précise le degré de régulation souhaité pour les meublés touristiques et les pouvoirs locaux. Niveau de preuve : estimation prudente à partir de la ligne générale.	https://www.parti-reconquete.fr/
party	Reconquête	88	Défense / dissuasion nucléaire	La dissuasion nucléaire française devrait aussi protéger les partenaires européens, tout en laissant à la France seule la décision finale de l'employer.	-3	2	Désaccord fort : la source retenue porte sur l'extension européenne de la dissuasion ou, pour les pays non dotés, sur la protection nucléaire alliée. Niveau de preuve : faisceau d’indices cohérent, sans équivalent toujours parfaitement identique.	https://www.parti-reconquete.fr/
party	Reconquête	89	Santé / fin de vie	Une personne majeure atteinte d'une maladie grave et incurable provoquant des souffrances insupportables devrait pouvoir recevoir une aide médicale à mourir dans un cadre strictement contrôlé.	-3	2	Désaccord fort : le vote, la loi ou la position gouvernementale sur l'aide à mourir fournit un équivalent direct ou très proche. Niveau de preuve : faisceau d’indices cohérent, sans équivalent toujours parfaitement identique.	https://www.parti-reconquete.fr/
party	Reconquête	90	Dépendance / EHPAD	Les groupes privés à but lucratif ne devraient plus pouvoir gérer d'EHPAD. Les établissements existants devraient progressivement devenir publics ou non lucratifs.	-2	1	Désaccord net : le programme social et sanitaire permet d'estimer la place laissée aux opérateurs lucratifs dans la dépendance. Niveau de preuve : estimation prudente à partir de la ligne générale.	https://www.parti-reconquete.fr/
party	Reconquête	92	Numérique / mineurs	L'accès aux réseaux sociaux devrait être interdit aux moins de 15 ans, même avec l'accord de leurs parents.	0	1	Position neutre, partagée ou non arrêtée : le vote ou la politique publique sur l'âge d'accès aux réseaux sociaux permet de distinguer interdiction stricte, autorisation parentale et régulation plus souple. Niveau de preuve : estimation prudente à partir de la ligne générale.	https://www.parti-reconquete.fr/
government	Espagne	16	Social / société	Réduire les inégalités peut parfois justifier de restreindre certaines libertés individuelles.	0	1	Position de compromis : Le gouvernement est progressiste sur l’égalité, les modes de vie et la lutte contre les discriminations. Comparabilité limitée ou position peu explicite.	https://www.lamoncloa.gob.es/Documents/2025/appendix-II-map-of-commitments-december.pdf
government	Espagne	27	Sécurité / justice	Les peines de prison effectives devraient être plus sévères, même si cela augmente fortement la population carcérale.	0	1	Position de compromis : La priorité est davantage donnée à la prévention, aux garanties juridiques et à la réinsertion qu’au durcissement pénal. Comparabilité limitée ou position peu explicite.	https://www.lamoncloa.gob.es/lang/en/presidente/intervenciones/paginas/2025/20250728-political-year-assessment-speech.aspx
government	Espagne	50	Retraites	L'âge légal de départ à la retraite devrait être automatiquement indexé sur l'espérance de vie nationale.	0	1	Position de compromis : La coalition PSOE–Sumar défend un État social renforcé, la redistribution, les droits du travail et une intervention publique active. Comparabilité limitée ou position peu explicite.	https://www.lamoncloa.gob.es/Documents/2025/appendix-II-map-of-commitments-december.pdf
government	Espagne	74	Institutions	Le référendum devrait être beaucoup plus utilisé, même lorsque les citoyens votent sur des sujets dont ils maîtrisent mal les aspects techniques.	0	1	Position de compromis : La coalition minoritaire valorise le parlementarisme, la proportionnelle et la négociation entre groupes. Comparabilité limitée ou position peu explicite.	https://www.lamoncloa.gob.es/lang/en/presidente/intervenciones/paginas/2025/20250728-political-year-assessment-speech.aspx
government	Suisse	24	Immigration	La France devrait être beaucoup plus stricte concernant l'expulsion des étrangers condamnés pour des crimes graves.	3	2	Accord fort : La Suisse privilégie l’immigration économique contrôlée, l’intégration et des conditions strictes de séjour durable. Transposition ou inférence prudente.	https://www.bfs.admin.ch/bfs/en/home/statistics/cross-sectional-topics/monitoring-legislature-plan.html
government	Suisse	26	Immigration	La France devrait accueillir davantage de réfugiés lorsqu'ils fuient une guerre ou une persécution, même si cela représente un coût économique.	0	1	Position de compromis : La Suisse privilégie l’immigration économique contrôlée, l’intégration et des conditions strictes de séjour durable. Comparabilité limitée ou position peu explicite.	https://www.bfs.admin.ch/bfs/en/home/statistics/cross-sectional-topics/monitoring-legislature-plan.html
government	Suisse	27	Sécurité / justice	Les peines de prison effectives devraient être plus sévères, même si cela augmente fortement la population carcérale.	0	1	Position de compromis : La politique combine prévention, police efficace et fortes garanties de l’État de droit. Comparabilité limitée ou position peu explicite.	https://www.bfs.admin.ch/bfs/en/home/statistics/cross-sectional-topics/monitoring-legislature-plan.html
government	Suisse	40	Europe	L'euro est globalement bénéfique pour la France malgré la perte de certains instruments de politique économique.	0	1	Position de compromis : La Suisse recherche des accords étroits avec l’Europe tout en maintenant sa souveraineté et son statut hors UE. Comparabilité limitée ou position peu explicite.	https://www.eda.admin.ch/en/foreign-policy-strategy-2024-27
government	Suisse	42	Europe	En cas de conflit entre les intérêts économiques français et les règles européennes, la France devrait pouvoir désobéir à certaines règles européennes.	0	1	Position de compromis : La Suisse recherche des accords étroits avec l’Europe tout en maintenant sa souveraineté et son statut hors UE. Comparabilité limitée ou position peu explicite.	https://www.eda.admin.ch/en/foreign-policy-strategy-2024-27
government	Suisse	66	Sécurité	Lorsqu’un conducteur refuse d’obtempérer et prend la fuite, les policiers devraient pouvoir utiliser leur arme à feu même si le danger pour leur vie n’est pas immédiat.	0	1	Non codable au niveau fédéral : la Suisse n’a pas de police nationale et chaque police cantonale dispose de sa propre loi ; aucune position uniforme du Conseil fédéral ne peut être déduite.	https://www.fedpol.admin.ch/fr/polizeikooperation-fr
government	Suisse	78	Immigration / assimilation	Le droit de séjour durable en France devrait dépendre, sauf impossibilité particulière, d’efforts concrets pour apprendre le français, comprendre les règles et usages du pays et participer à la vie collective.	3	2	Accord fort : La Suisse privilégie l’immigration économique contrôlée, l’intégration et des conditions strictes de séjour durable. Transposition ou inférence prudente.	https://www.bfs.admin.ch/bfs/en/home/statistics/cross-sectional-topics/monitoring-legislature-plan.html
government	Finlande	14	Social / société	La société devrait accepter beaucoup plus largement les différents modes de vie, même lorsqu'ils s'éloignent des normes traditionnelles.	0	1	Position de compromis : La coalition est modérément conservatrice, mais reste encadrée par les partis libéraux et suédophones de la coalition. Comparabilité limitée ou position peu explicite.	https://valtioneuvosto.fi/en/-/outcome-of-the-negotiations-on-the-new-government-programme-a-strong-and-committed-finland
government	Finlande	53	État / entreprises	Une entreprise qui reçoit plusieurs milliards d'euros d'aides publiques devrait pouvoir être contrainte de limiter ses dividendes et les rémunérations de ses dirigeants tant que l'aide n'est pas remboursée.	0	1	Position de compromis : Le programme Orpo privilégie le travail, l’entrepreneuriat, la réduction du déficit, les réformes du marché du travail et la baisse des obstacles réglementaires. Comparabilité limitée ou position peu explicite.	https://valtioneuvosto.fi/en/governments/government-programme
government	Finlande	79	Immigration / délinquance	Les différences de délinquance observées s’expliquent davantage par les inégalités sociales et économiques que par la culture d’origine des personnes concernées.	0	1	Position de compromis : Le gouvernement conduit une politique migratoire restrictive, sélective et fortement centrée sur l’intégration et l’emploi. Comparabilité limitée ou position peu explicite.	https://valtioneuvosto.fi/en/governments/government-programme
government	Royaume-Uni	38	Europe	La France devrait transférer davantage de compétences à l'Union européenne afin de renforcer son poids économique et géopolitique.	0	1	Position de compromis : Le Royaume-Uni reste hors UE ; le gouvernement Labour recherche cependant des relations plus étroites avec l’Europe. Comparabilité limitée ou position peu explicite.	https://www.gov.uk/government/publications/plan-for-change
government	Royaume-Uni	40	Europe	L'euro est globalement bénéfique pour la France malgré la perte de certains instruments de politique économique.	-3	1	Désaccord fort : le Royaume-Uni conserve la livre sterling et n'a jamais adopté l'euro ; sa ligne gouvernementale ne vise pas à rejoindre la monnaie unique européenne. Pour cette question normative sur le bénéfice de l'euro malgré la perte d'instruments nationaux, le choix britannique correspond à un désaccord maximal.	https://www.gov.uk/government/publications/plan-for-change
government	Royaume-Uni	41	Europe	L'Union européenne devrait pouvoir imposer davantage de règles communes aux États membres.	0	1	Position de compromis : Le Royaume-Uni reste hors UE ; le gouvernement Labour recherche cependant des relations plus étroites avec l’Europe. Comparabilité limitée ou position peu explicite.	https://www.gov.uk/government/publications/plan-for-change
government	Royaume-Uni	85	Éducation / mixité sociale	Le financement public des établissements privés sous contrat devrait être conditionné à des objectifs mesurables de mixité sociale.	0	1	Position neutre, partagée ou non arrêtée : la position est estimée à partir des propositions sur l'enseignement privé, son financement et la mixité sociale. Niveau de preuve : estimation prudente à partir de la ligne générale.	https://www.gov.uk/government/news/kings-speech-to-build-a-stronger-and-fairer-britain
government	Danemark	5	Économie	Le salaire minimum devrait être augmenté significativement.	-2	1	Désaccord net : le Danemark ne fixe pas de salaire minimum légal national et défend la détermination des salaires par les partenaires sociaux plutôt que par une hausse décidée par la loi.	https://stm.dk/media/rc1ktdmg/det-politiske-grundlag-for-firkloeverregeringen.pdf
government	Danemark	40	Europe	L'euro est globalement bénéfique pour la France malgré la perte de certains instruments de politique économique.	-2	1	Désaccord net : le Danemark conserve volontairement la couronne danoise et bénéficie d'une dérogation permanente à l'euro. Le choix de rester hors de la monnaie unique indique un désaccord clair avec l'idée que l'euro serait globalement bénéfique malgré la perte d'instruments nationaux, sans pour autant traduire une hostilité générale à l'intégration européenne.	https://stm.dk/media/rc1ktdmg/det-politiske-grundlag-for-firkloeverregeringen.pdf
government	Danemark	74	Institutions	Le référendum devrait être beaucoup plus utilisé, même lorsque les citoyens votent sur des sujets dont ils maîtrisent mal les aspects techniques.	0	1	Position de compromis : Le système parlementaire danois privilégie les coalitions, les compromis, les partenaires sociaux et la représentation proportionnelle. Position peu explicite ou comparaison institutionnelle limitée.	https://stm.dk/media/rc1ktdmg/det-politiske-grundlag-for-firkloeverregeringen.pdf
government	Danemark	75	Institutions	Il serait acceptable de donner davantage de poids politique aux citoyens qui démontrent un niveau élevé de connaissance du fonctionnement des institutions et de l'économie.	-2	1	Désaccord net : le système politique danois repose sur l’égalité du suffrage et ne prévoit pas de donner davantage de poids politique aux citoyens selon leur niveau de connaissance.	https://stm.dk/media/rc1ktdmg/det-politiske-grundlag-for-firkloeverregeringen.pdf
government	Danemark	76	Institutions	Le président de la République devrait disposer de davantage de pouvoirs pour pouvoir mettre en œuvre un programme pendant cinq ans sans être constamment bloqué par le Parlement.	-2	1	Désaccord net : le gouvernement dépend en permanence du Folketing et ne peut pas gouverner durablement contre une majorité parlementaire ; le modèle danois ne va pas dans le sens d’un exécutif renforcé afin de contourner le Parlement.	https://stm.dk/media/rc1ktdmg/det-politiske-grundlag-for-firkloeverregeringen.pdf
government	Danemark	89	Santé / fin de vie	Une personne majeure atteinte d'une maladie grave et incurable provoquant des souffrances insupportables devrait pouvoir recevoir une aide médicale à mourir dans un cadre strictement contrôlé.	0	1	Position neutre, partagée ou non arrêtée : le vote, la loi ou la position gouvernementale sur l'aide à mourir fournit un équivalent direct ou très proche. Niveau de preuve : estimation prudente à partir de la ligne générale.	https://regeringen.dk/aktuelt/statsministerens-aabningstale/statsministerens-aabningstale-2023/
government	Pays-Bas	6	Économie	Les entreprises privées sont généralement plus efficaces que l'État pour fournir des biens et services, même dans certains secteurs essentiels.	2	1	Accord net : codage fondé sur les documents officiels retenus pour le thème « Économie ». Niveau de preuve : analogie prudente, sans proposition parfaitement équivalente.	https://www.government.nl/site/binaries/site-content/collections/documents/2026/02/23/2026-2030-coalition-agreement-lets-get-to-work---building-a-better-netherlands/2026-2030-coalition-agreement-let%E2%80%99s-get-to-work-building-a-better-netherlands.pdf
government	Pays-Bas	8	Économie	La concurrence est généralement préférable à la réglementation pour améliorer les prix, la qualité et l'innovation.	2	1	Accord net : codage fondé sur les documents officiels retenus pour le thème « Économie ». Niveau de preuve : analogie prudente, sans proposition parfaitement équivalente.	https://www.government.nl/site/binaries/site-content/collections/documents/2026/02/23/2026-2030-coalition-agreement-lets-get-to-work---building-a-better-netherlands/2026-2030-coalition-agreement-let%E2%80%99s-get-to-work-building-a-better-netherlands.pdf
government	Pays-Bas	16	Social / société	Réduire les inégalités peut parfois justifier de restreindre certaines libertés individuelles.	-2	1	Désaccord net : codage fondé sur les documents officiels retenus pour le thème « Social / société ». Niveau de preuve : analogie prudente, sans proposition parfaitement équivalente.	https://www.government.nl/site/binaries/site-content/collections/documents/2026/02/23/2026-2030-coalition-agreement-lets-get-to-work---building-a-better-netherlands/2026-2030-coalition-agreement-let%E2%80%99s-get-to-work-building-a-better-netherlands.pdf
government	Pays-Bas	28	Sécurité / justice	Il vaut mieux investir dans la prévention et la réinsertion que dans l'augmentation des sanctions.	2	1	Accord net : codage fondé sur les documents officiels retenus pour le thème « Sécurité / justice ». Niveau de preuve : analogie prudente, sans proposition parfaitement équivalente.	https://www.government.nl/site/binaries/site-content/collections/documents/2026/02/23/2026-2030-coalition-agreement-lets-get-to-work---building-a-better-netherlands/2026-2030-coalition-agreement-let%E2%80%99s-get-to-work-building-a-better-netherlands.pdf
government	Pays-Bas	34	Economie	Une partie des cotisations sociales sur les salaires devrait être remplacée par une hausse de la TVA afin d’augmenter les salaires nets et de réduire le coût du travail, même si cela augmente le prix des biens et services consommés	0	1	Le programme de coalition actuel ne fournit pas de position suffisamment précise sur une substitution de cotisations sociales par la TVA. Score neutre, confiance 1.	https://www.government.nl/documents/publications/2026/02/23/2026-2030-coalition-agreement-lets-get-to-work-building-a-better-netherlands
government	Pays-Bas	37	Écologie	Les pays riches devraient supporter une part prépondérante du coût de la transition écologique mondiale.	2	1	Accord net : codage fondé sur les documents officiels retenus pour le thème « Écologie ». Niveau de preuve : analogie prudente, sans proposition parfaitement équivalente.	https://www.government.nl/site/binaries/site-content/collections/documents/2026/02/23/2026-2030-coalition-agreement-lets-get-to-work---building-a-better-netherlands/2026-2030-coalition-agreement-let%E2%80%99s-get-to-work-building-a-better-netherlands.pdf
government	Pays-Bas	44	Fiscalité / patrimoine	L'héritage devrait être davantage taxé au-delà d'un certain seuil de patrimoine transmis, même si cela conduit certaines familles à transmettre moins de patrimoine à leurs enfants.	0	1	Position neutre, partagée ou non arrêtée : codage fondé sur les documents officiels retenus pour le thème « Fiscalité / patrimoine ». Niveau de preuve : analogie prudente, sans proposition parfaitement équivalente.	https://www.government.nl/site/binaries/site-content/collections/documents/2026/02/23/2026-2030-coalition-agreement-lets-get-to-work---building-a-better-netherlands/2026-2030-coalition-agreement-let%E2%80%99s-get-to-work-building-a-better-netherlands.pdf
government	Pays-Bas	45	Fiscalité / patrimoine	Les très grandes fortunes devraient être imposées sur leur patrimoine mondial, même lorsqu'elles quittent la France.	0	1	Position neutre, partagée ou non arrêtée : codage fondé sur les documents officiels retenus pour le thème « Fiscalité / patrimoine ». Niveau de preuve : analogie prudente, sans proposition parfaitement équivalente.	https://www.government.nl/site/binaries/site-content/collections/documents/2026/02/23/2026-2030-coalition-agreement-lets-get-to-work---building-a-better-netherlands/2026-2030-coalition-agreement-let%E2%80%99s-get-to-work-building-a-better-netherlands.pdf
government	Pays-Bas	61	Immigration / assimilation	Le fait de conserver des pratiques culturelles ou religieuses très différentes de celles de la majorité française n'est pas en soi un problème tant que les lois françaises sont respectées.	2	1	Accord net : codage fondé sur les documents officiels retenus pour le thème « Immigration / assimilation ». Niveau de preuve : analogie prudente, sans proposition parfaitement équivalente.	https://www.government.nl/site/binaries/site-content/collections/documents/2026/02/23/2026-2030-coalition-agreement-lets-get-to-work---building-a-better-netherlands/2026-2030-coalition-agreement-let%E2%80%99s-get-to-work-building-a-better-netherlands.pdf
government	Pays-Bas	64	Libertés / expression	Une personne qui tient publiquement des propos profondément offensants mais qui n'appelle ni à la violence ni à commettre une infraction devrait être protégée par la liberté d'expression.	2	1	Accord net : codage fondé sur les documents officiels retenus pour le thème « Libertés / expression ». Niveau de preuve : analogie prudente, sans proposition parfaitement équivalente.	https://www.government.nl/site/binaries/site-content/collections/documents/2026/02/23/2026-2030-coalition-agreement-lets-get-to-work---building-a-better-netherlands/2026-2030-coalition-agreement-let%E2%80%99s-get-to-work-building-a-better-netherlands.pdf
government	Pays-Bas	66	Sécurité	Lorsqu’un conducteur refuse d’obtempérer et prend la fuite, les policiers devraient pouvoir utiliser leur arme à feu même si le danger pour leur vie n’est pas immédiat.	-2	1	Désaccord net : codage fondé sur les documents officiels retenus pour le thème « Sécurité ». Niveau de preuve : analogie prudente, sans proposition parfaitement équivalente.	https://www.government.nl/site/binaries/site-content/collections/documents/2026/02/23/2026-2030-coalition-agreement-lets-get-to-work---building-a-better-netherlands/2026-2030-coalition-agreement-let%E2%80%99s-get-to-work-building-a-better-netherlands.pdf
government	Pays-Bas	69	Écologie	Il faut privilégier le nucléaire même si cela conduit à réduire certains investissements dans les renouvelables.	0	1	Position neutre, partagée ou non arrêtée : codage fondé sur les documents officiels retenus pour le thème « Écologie ». Niveau de preuve : analogie prudente, sans proposition parfaitement équivalente.	https://www.government.nl/site/binaries/site-content/collections/documents/2026/02/23/2026-2030-coalition-agreement-lets-get-to-work---building-a-better-netherlands/2026-2030-coalition-agreement-let%E2%80%99s-get-to-work-building-a-better-netherlands.pdf
government	Pays-Bas	75	Institutions	Il serait acceptable de donner davantage de poids politique aux citoyens qui démontrent un niveau élevé de connaissance du fonctionnement des institutions et de l'économie.	-2	1	Désaccord net : codage fondé sur les documents officiels retenus pour le thème « Institutions ». Niveau de preuve : analogie prudente, sans proposition parfaitement équivalente.	https://www.government.nl/site/binaries/site-content/collections/documents/2026/02/23/2026-2030-coalition-agreement-lets-get-to-work---building-a-better-netherlands/2026-2030-coalition-agreement-let%E2%80%99s-get-to-work-building-a-better-netherlands.pdf
government	Pays-Bas	83	Santé / hôpital	Il faut accepter de fermer ou regrouper certaines petites maternités et certains services d'urgence afin de concentrer les équipes et les équipements dans des établissements plus importants.	2	1	Accord net : codage fondé sur les documents officiels retenus pour le thème « Santé / hôpital ». Niveau de preuve : analogie prudente, sans proposition parfaitement équivalente.	https://www.government.nl/site/binaries/site-content/collections/documents/2026/02/23/2026-2030-coalition-agreement-lets-get-to-work---building-a-better-netherlands/2026-2030-coalition-agreement-let%E2%80%99s-get-to-work-building-a-better-netherlands.pdf
government	Pays-Bas	85	Éducation / mixité sociale	Le financement public des établissements privés sous contrat devrait être conditionné à des objectifs mesurables de mixité sociale.	0	1	Position neutre : les écoles privées peuvent recevoir un financement public sous des conditions générales de qualité et de fonctionnement, mais aucun objectif national directement comparable de mixité sociale conditionnant ce financement n’est établi.	https://www.government.nl/site/binaries/site-content/collections/documents/2026/02/23/2026-2030-coalition-agreement-lets-get-to-work---building-a-better-netherlands/2026-2030-coalition-agreement-let%E2%80%99s-get-to-work-building-a-better-netherlands.pdf
government	Pays-Bas	86	Logement / locations touristiques	Dans les zones où le logement manque, une commune devrait pouvoir interdire la location touristique régulière d'un logement qui n'est pas la résidence principale de son propriétaire.	2	1	Accord net : note conservée comme estimation, mais aucune interdiction municipale directement équivalente des locations touristiques n’est formulée dans l’accord de coalition.	https://www.government.nl/site/binaries/site-content/collections/documents/2026/02/23/2026-2030-coalition-agreement-lets-get-to-work---building-a-better-netherlands/2026-2030-coalition-agreement-let%E2%80%99s-get-to-work-building-a-better-netherlands.pdf
government	Pologne	3	Économie	L'État devrait davantage taxer les hauts revenus et les gros patrimoines afin de réduire les inégalités.	0	1	Position neutre, partagée ou non arrêtée : codage fondé sur les documents officiels retenus pour le thème « Économie ». Niveau de preuve : analogie prudente, sans proposition parfaitement équivalente.	https://www.gov.pl/web/primeminister/poland-a-year-of-breakthrough---the-prime-minister-unveils-polands-2025-economic-plan
government	Pologne	8	Économie	La concurrence est généralement préférable à la réglementation pour améliorer les prix, la qualité et l'innovation.	2	1	Accord net : codage fondé sur les documents officiels retenus pour le thème « Économie ». Niveau de preuve : analogie prudente, sans proposition parfaitement équivalente.	https://www.gov.pl/web/primeminister/poland-a-year-of-breakthrough---the-prime-minister-unveils-polands-2025-economic-plan
government	Pologne	13	État	Les citoyens devraient avoir davantage de liberté pour choisir eux-mêmes comment utiliser leur argent plutôt que de passer par des systèmes publics obligatoires.	0	1	Position neutre, partagée ou non arrêtée : codage fondé sur les documents officiels retenus pour le thème « État ». Niveau de preuve : analogie prudente, sans proposition parfaitement équivalente.	https://www.gov.pl/web/primeminister/poland-a-year-of-breakthrough---the-prime-minister-unveils-polands-2025-economic-plan
government	Pologne	19	Social / société	Certaines traditions et valeurs culturelles méritent d'être préservées même si elles évoluent moins vite que la société.	2	1	Accord net : codage fondé sur les documents officiels retenus pour le thème « Social / société ». Niveau de preuve : analogie prudente, sans proposition parfaitement équivalente.	https://www.gov.pl/web/primeminister/expose
government	Pologne	21	Immigration	L'immigration économique est globalement bénéfique pour l'économie française.	2	1	Accord net : codage fondé sur les documents officiels retenus pour le thème « Immigration ». Niveau de preuve : analogie prudente, sans proposition parfaitement équivalente.	https://www.gov.pl/web/primeminister/taking-back-control-ensuring-security
government	Pologne	26	Immigration	La France devrait accueillir davantage de réfugiés lorsqu'ils fuient une guerre ou une persécution, même si cela représente un coût économique.	0	1	Position neutre, partagée ou non arrêtée : codage fondé sur les documents officiels retenus pour le thème « Immigration ». Niveau de preuve : analogie prudente, sans proposition parfaitement équivalente.	https://www.gov.pl/web/primeminister/taking-back-control-ensuring-security
government	Pologne	27	Sécurité / justice	Les peines de prison effectives devraient être plus sévères, même si cela augmente fortement la population carcérale.	2	1	Accord net : codage fondé sur les documents officiels retenus pour le thème « Sécurité / justice ». Niveau de preuve : analogie prudente, sans proposition parfaitement équivalente.	https://www.gov.pl/web/primeminister/expose
government	Pologne	34	Economie	Une partie des cotisations sociales sur les salaires devrait être remplacée par une hausse de la TVA afin d’augmenter les salaires nets et de réduire le coût du travail, même si cela augmente le prix des biens et services consommés	0	1	Le gouvernement Tusk cherche à soutenir salaires et compétitivité, mais aucune bascule explicite des cotisations vers la TVA n’a été identifiée. Score neutre, confiance 1.	https://www.gov.pl/web/primeminister/poland-a-year-of-breakthrough---the-prime-minister-unveils-polands-2025-economic-plan
government	Pologne	35	Écologie	Les politiques écologiques devraient reposer principalement sur des mécanismes de marché comme la taxe carbone plutôt que sur des interdictions.	0	1	Position neutre : la Pologne demande une réforme de l'ETS et davantage de protections contre ses coûts ; elle ne peut pas être décrite comme privilégiant clairement une taxe carbone de marché aux interdictions ou autres instruments.	https://www.gov.pl/web/primeminister/poland-a-year-of-breakthrough---the-prime-minister-unveils-polands-2025-economic-plan
government	Pologne	36	Écologie	Il est justifié d'interdire certains produits ou comportements très polluants même lorsque les consommateurs les souhaitent.	0	1	Position neutre, partagée ou non arrêtée : codage fondé sur les documents officiels retenus pour le thème « Écologie ». Niveau de preuve : analogie prudente, sans proposition parfaitement équivalente.	https://www.gov.pl/web/primeminister/poland-a-year-of-breakthrough---the-prime-minister-unveils-polands-2025-economic-plan
government	Pologne	37	Écologie	Les pays riches devraient supporter une part prépondérante du coût de la transition écologique mondiale.	0	1	Position neutre, partagée ou non arrêtée : codage fondé sur les documents officiels retenus pour le thème « Écologie ». Niveau de preuve : analogie prudente, sans proposition parfaitement équivalente.	https://www.gov.pl/web/primeminister/poland-a-year-of-breakthrough---the-prime-minister-unveils-polands-2025-economic-plan
government	Pologne	43	Fiscalité / patrimoine	Il faudrait supprimer l'IFI et ne plus taxer spécifiquement le patrimoine immobilier au-delà de la fiscalité ordinaire.	2	1	Accord net : codage fondé sur les documents officiels retenus pour le thème « Fiscalité / patrimoine ». Niveau de preuve : analogie prudente, sans proposition parfaitement équivalente.	https://www.gov.pl/web/primeminister/poland-a-year-of-breakthrough---the-prime-minister-unveils-polands-2025-economic-plan
government	Pologne	44	Fiscalité / patrimoine	L'héritage devrait être davantage taxé au-delà d'un certain seuil de patrimoine transmis, même si cela conduit certaines familles à transmettre moins de patrimoine à leurs enfants.	-2	1	Désaccord net : codage fondé sur les documents officiels retenus pour le thème « Fiscalité / patrimoine ». Niveau de preuve : analogie prudente, sans proposition parfaitement équivalente.	https://www.gov.pl/web/primeminister/poland-a-year-of-breakthrough---the-prime-minister-unveils-polands-2025-economic-plan
government	Pologne	49	Retraites	Les retraites devraient être progressivement réformées vers un système combinant répartition et capitalisation, même si cela implique une période de transition coûteuse.	2	1	Accord net : codage fondé sur les documents officiels retenus pour le thème « Retraites ». Niveau de preuve : analogie prudente, sans proposition parfaitement équivalente.	https://www.gov.pl/web/primeminister/poland-a-year-of-breakthrough---the-prime-minister-unveils-polands-2025-economic-plan
government	Pologne	50	Retraites	L'âge légal de départ à la retraite devrait être automatiquement indexé sur l'espérance de vie nationale.	-2	1	Désaccord net : codage fondé sur les documents officiels retenus pour le thème « Retraites ». Niveau de preuve : analogie prudente, sans proposition parfaitement équivalente.	https://www.gov.pl/web/primeminister/poland-a-year-of-breakthrough---the-prime-minister-unveils-polands-2025-economic-plan
government	Pologne	54	État / entreprises	L'État devrait davantage utiliser son pouvoir d'actionnaire pour orienter les grandes entreprises françaises vers des objectifs industriels de long terme.	2	1	Accord net : codage fondé sur les documents officiels retenus pour le thème « État / entreprises ». Niveau de preuve : analogie prudente, sans proposition parfaitement équivalente.	https://www.gov.pl/web/primeminister/poland-a-year-of-breakthrough---the-prime-minister-unveils-polands-2025-economic-plan
government	Pologne	64	Libertés / expression	Une personne qui tient publiquement des propos profondément offensants mais qui n'appelle ni à la violence ni à commettre une infraction devrait être protégée par la liberté d'expression.	2	1	Accord net : codage fondé sur les documents officiels retenus pour le thème « Libertés / expression ». Niveau de preuve : analogie prudente, sans proposition parfaitement équivalente.	https://www.gov.pl/web/primeminister/expose
government	Pologne	66	Sécurité	Lorsqu’un conducteur refuse d’obtempérer et prend la fuite, les policiers devraient pouvoir utiliser leur arme à feu même si le danger pour leur vie n’est pas immédiat.	-2	1	Désaccord net : codage fondé sur les documents officiels retenus pour le thème « Sécurité ». Niveau de preuve : analogie prudente, sans proposition parfaitement équivalente.	https://www.gov.pl/web/primeminister/expose
government	Pologne	67	Écologie	Une taxe carbone qui réduit les émissions de CO₂ devrait être maintenue même si elle diminue le pouvoir d’achat des ménages modestes, à condition de compenser ces derniers par des aides ciblées.	-2	1	Désaccord net : le gouvernement polonais cherche explicitement à retarder ou atténuer les dispositifs carbone lorsqu'ils pèsent sur les ménages et les prix de l'énergie ; même compensée, une taxe réduisant le pouvoir d'achat ne correspond pas à sa ligne actuelle.	https://www.gov.pl/web/primeminister/poland-a-year-of-breakthrough---the-prime-minister-unveils-polands-2025-economic-plan
government	Pologne	75	Institutions	Il serait acceptable de donner davantage de poids politique aux citoyens qui démontrent un niveau élevé de connaissance du fonctionnement des institutions et de l'économie.	-2	1	Désaccord net : codage fondé sur les documents officiels retenus pour le thème « Institutions ». Niveau de preuve : analogie prudente, sans proposition parfaitement équivalente.	https://www.gov.pl/web/primeminister/expose
government	Pologne	79	Immigration / délinquance	Les différences de délinquance observées s’expliquent davantage par les inégalités sociales et économiques que par la culture d’origine des personnes concernées.	0	1	Position neutre, partagée ou non arrêtée : codage fondé sur les documents officiels retenus pour le thème « Immigration / délinquance ». Niveau de preuve : analogie prudente, sans proposition parfaitement équivalente.	https://www.gov.pl/web/primeminister/taking-back-control-ensuring-security
government	Pologne	89	Santé / fin de vie	Une personne majeure atteinte d'une maladie grave et incurable provoquant des souffrances insupportables devrait pouvoir recevoir une aide médicale à mourir dans un cadre strictement contrôlé.	-2	1	Désaccord net : codage fondé sur les documents officiels retenus pour le thème « Santé / fin de vie ». Niveau de preuve : analogie prudente, sans proposition parfaitement équivalente.	https://www.gov.pl/web/primeminister/expose
