count	justification	examples
91	Accord fort : orientation cohérente avec le document officiel retenu, sans passage isolé directement équivalent à la question.	LFI|Q32|3|https://lafranceinsoumise.fr/wp-content/uploads/2024/06/Programme-nouveaufrontpopulaire.pdf || LFI|Q42|3|https://lafranceinsoumise.fr/wp-content/uploads/2024/05/PROGRAMME-UNION-POPULAIRE_EURO-2024.pdf || LFI|Q44|2|https://lafranceinsoumise.fr/europeennes-2024/programme-de-lunion-populaire/chapitre-1-sortir-de-lausterite-et-partager-les-richesses/ || LFI|Q45|2|https://lafranceinsoumise.fr/europeennes-2024/programme-de-lunion-populaire/chapitre-1-sortir-de-lausterite-et-partager-les-richesses/ || LFI|Q59|3|https://lafranceinsoumise.fr/wp-content/uploads/2024/06/Programme-nouveaufrontpopulaire.pdf || LFI|Q68|3|https://lafranceinsoumise.fr/wp-content/uploads/2024/06/Programme-nouveaufrontpopulaire.pdf || LFI|Q77|3|https://lafranceinsoumise.fr/europeennes-2024/programme-de-lunion-populaire/chapitre-1-sortir-de-lausterite-et-partager-les-richesses/ || LFI|Q79|3|https://lafranceinsoumise.fr/wp-content/uploads/2024/06/Programme-nouveaufrontpopulaire.pdf || PCF|Q32|2|https://www.pcf.fr/europe_le_programme_un_argumentaire_utile_aux_militants_et_un_outil_de_campagne_efficace || PCF|Q42|3|https://www.pcf.fr/europe_le_programme_un_argumentaire_utile_aux_militants_et_un_outil_de_campagne_efficace || PCF|Q44|3|https://www.pcf.fr/feuille_de_route_confnat_pcf || PCF|Q45|2|https://www.pcf.fr/feuille_de_route_confnat_pcf
59	Accord net : sources officielles et prises de position convergentes ; le niveau de confiance documentaire a été réévalué indépendamment de l’intensité de la réponse.	LFI|Q21|3|https://lafranceinsoumise.fr/wp-content/uploads/2024/06/Programme-nouveaufrontpopulaire.pdf || LFI|Q64|2|https://lafranceinsoumise.fr/wp-content/uploads/2024/06/Programme-nouveaufrontpopulaire.pdf || PCF|Q64|2|https://www.pcf.fr/immigration_est_un_enjeu_de_classe || PCF|Q93|2|https://www.pcf.fr/feuille_de_route_confnat_pcf || Les Écologistes|Q21|2|https://lesecologistes.fr/pages/358vv7W974UgosGhCBbIPT/notre-projet || Les Écologistes|Q64|2|https://lesecologistes.fr/pages/358vv7W974UgosGhCBbIPT/notre-projet || Les Écologistes|Q71|2|https://lesecologistes.fr/document/5ZhR2m5t2ZaGKqIdD1bJaD/vdef-programme-1.pdf || PS|Q21|2|https://www.parti-socialiste.fr/pour_une_politique_migratoire_internationale_et_europeenne || PS|Q28|2|https://www.parti-socialiste.fr/pour_une_politique_migratoire_internationale_et_europeenne || PS|Q37|2|https://parti-socialiste.fr/vie-parlementaire/notre-declaration-politique-17eme-legislature/ || PS|Q54|2|https://parti-socialiste.fr/vie-parlementaire/notre-declaration-politique-17eme-legislature/ || PS|Q61|2|https://www.parti-socialiste.fr/pour_une_politique_migratoire_internationale_et_europeenne
46	Accord fort : preuve primaire directe ou proposition officielle très proche ; le niveau de confiance documentaire a été réévalué indépendamment de l’intensité de la réponse.	LFI|Q3|3|https://lafranceinsoumise.fr/ || LFI|Q5|3|https://lafranceinsoumise.fr/ || LFI|Q7|3|https://lafranceinsoumise.fr/europeennes-2024/programme-de-lunion-populaire/chapitre-1-sortir-de-lausterite-et-partager-les-richesses/ || LFI|Q10|3|https://lafranceinsoumise.fr/ || LFI|Q12|3|https://lafranceinsoumise.fr/ || LFI|Q26|3|https://lafranceinsoumise.fr/wp-content/uploads/2024/06/Programme-nouveaufrontpopulaire.pdf || LFI|Q53|3|https://lafranceinsoumise.fr/europeennes-2024/programme-de-lunion-populaire/chapitre-1-sortir-de-lausterite-et-partager-les-richesses/ || PCF|Q3|3|https://www.pcf.fr/contrat_de_legislature_projet_propos_par_le_pcf || PCF|Q5|3|https://www.pcf.fr/contrat_de_legislature_projet_propos_par_le_pcf || PCF|Q7|3|https://www.pcf.fr/contrat_de_legislature_projet_propos_par_le_pcf || PCF|Q10|3|https://www.pcf.fr/contrat_de_legislature_projet_propos_par_le_pcf || PCF|Q12|3|https://www.pcf.fr/contrat_de_legislature_projet_propos_par_le_pcf
38	Accord net : orientation cohérente avec le document officiel retenu, sans passage isolé directement équivalent à la question.	LFI|Q39|2|https://lafranceinsoumise.fr/wp-content/uploads/2024/05/PROGRAMME-UNION-POPULAIRE_EURO-2024.pdf || LFI|Q74|2|https://lafranceinsoumise.fr/europeennes-2024/programme-de-lunion-populaire/chapitre-1-sortir-de-lausterite-et-partager-les-richesses/ || PCF|Q39|2|https://www.pcf.fr/europe_le_programme_un_argumentaire_utile_aux_militants_et_un_outil_de_campagne_efficace || PCF|Q68|2|https://www.pcf.fr/europe_le_programme_un_argumentaire_utile_aux_militants_et_un_outil_de_campagne_efficace || Les Écologistes|Q7|2|https://lesecologistes.fr/document/5ZhR2m5t2ZaGKqIdD1bJaD/vdef-programme-1.pdf || Les Écologistes|Q74|2|https://lesecologistes.fr/document/5ZhR2m5t2ZaGKqIdD1bJaD/vdef-programme-1.pdf || PS|Q12|2|https://parti-socialiste.fr/vie-parlementaire/notre-declaration-politique-17eme-legislature/ || PS|Q74|2|https://parti-socialiste.fr/vie-parlementaire/notre-declaration-politique-17eme-legislature/ || Renaissance|Q1|2|https://parti-renaissance.fr/ || Renaissance|Q9|2|https://parti-renaissance.fr/ || Renaissance|Q29|2|https://parti-renaissance.fr/ || Renaissance|Q32|2|https://parti-renaissance.fr/
35	Désaccord fort : orientation cohérente avec le document officiel retenu, sans passage isolé directement équivalent à la question.	LFI|Q1|-3|https://lafranceinsoumise.fr/europeennes-2024/programme-de-lunion-populaire/chapitre-1-sortir-de-lausterite-et-partager-les-richesses/ || LFI|Q25|-3|https://lafranceinsoumise.fr/wp-content/uploads/2024/06/Programme-nouveaufrontpopulaire.pdf || LFI|Q29|-3|https://lafranceinsoumise.fr/wp-content/uploads/2024/06/Programme-nouveaufrontpopulaire.pdf || LFI|Q46|-2|https://lafranceinsoumise.fr/europeennes-2024/programme-de-lunion-populaire/chapitre-1-sortir-de-lausterite-et-partager-les-richesses/ || LFI|Q49|-3|https://lafranceinsoumise.fr/europeennes-2024/programme-de-lunion-populaire/chapitre-1-sortir-de-lausterite-et-partager-les-richesses/ || LFI|Q51|-3|https://lafranceinsoumise.fr/europeennes-2024/programme-de-lunion-populaire/chapitre-1-sortir-de-lausterite-et-partager-les-richesses/ || LFI|Q55|-3|https://lafranceinsoumise.fr/europeennes-2024/programme-de-lunion-populaire/chapitre-1-sortir-de-lausterite-et-partager-les-richesses/ || LFI|Q57|-3|https://lafranceinsoumise.fr/wp-content/uploads/2024/06/Programme-nouveaufrontpopulaire.pdf || LFI|Q60|-3|https://lafranceinsoumise.fr/wp-content/uploads/2024/06/Programme-nouveaufrontpopulaire.pdf || LFI|Q69|-3|https://lafranceinsoumise.fr/wp-content/uploads/2024/06/Programme-nouveaufrontpopulaire.pdf || PCF|Q1|-3|https://www.pcf.fr/feuille_de_route_confnat_pcf || PCF|Q46|-3|https://www.pcf.fr/feuille_de_route_confnat_pcf
35	Désaccord net : orientation cohérente avec le document officiel retenu, sans passage isolé directement équivalent à la question.	LFI|Q27|-2|https://lafranceinsoumise.fr/wp-content/uploads/2024/06/Programme-nouveaufrontpopulaire.pdf || PCF|Q23|-2|https://www.pcf.fr/immigration_est_un_enjeu_de_classe || PCF|Q25|-2|https://www.pcf.fr/immigration_est_un_enjeu_de_classe || PCF|Q29|-2|https://www.pcf.fr/immigration_est_un_enjeu_de_classe || PCF|Q51|-2|https://www.pcf.fr/feuille_de_route_confnat_pcf || Les Écologistes|Q9|-2|https://lesecologistes.fr/document/5ZhR2m5t2ZaGKqIdD1bJaD/vdef-programme-1.pdf || Les Écologistes|Q27|-2|https://lesecologistes.fr/pages/358vv7W974UgosGhCBbIPT/notre-projet || Les Écologistes|Q42|-2|https://lesecologistes.fr/pages/358vv7W974UgosGhCBbIPT/notre-projet || PS|Q1|-2|https://parti-socialiste.fr/vie-parlementaire/notre-declaration-politique-17eme-legislature/ || PS|Q20|-2|https://www.parti-socialiste.fr/pour_une_politique_migratoire_internationale_et_europeenne || PS|Q23|-2|https://www.parti-socialiste.fr/pour_une_politique_migratoire_internationale_et_europeenne || PS|Q24|-2|https://www.parti-socialiste.fr/pour_une_politique_migratoire_internationale_et_europeenne
26	Désaccord net : estimation prudente ; aucune formulation parfaitement équivalente à la question n’a été identifiée.	LFI|Q48|-2|https://lafranceinsoumise.fr/europeennes-2024/programme-de-lunion-populaire/chapitre-1-sortir-de-lausterite-et-partager-les-richesses/ || LFI|Q72|-2|https://lafranceinsoumise.fr/europeennes-2024/programme-de-lunion-populaire/chapitre-1-sortir-de-lausterite-et-partager-les-richesses/ || LFI|Q75|-2|https://lafranceinsoumise.fr/europeennes-2024/programme-de-lunion-populaire/chapitre-1-sortir-de-lausterite-et-partager-les-richesses/ || PCF|Q58|-2|https://www.pcf.fr/immigration_est_un_enjeu_de_classe || Les Écologistes|Q48|-2|https://lesecologistes.fr/document/5ZhR2m5t2ZaGKqIdD1bJaD/vdef-programme-1.pdf || Les Écologistes|Q75|-2|https://lesecologistes.fr/document/5ZhR2m5t2ZaGKqIdD1bJaD/vdef-programme-1.pdf || PS|Q50|-2|https://parti-socialiste.fr/vie-parlementaire/notre-declaration-politique-17eme-legislature/ || PS|Q75|-2|https://parti-socialiste.fr/vie-parlementaire/notre-declaration-politique-17eme-legislature/ || Renaissance|Q75|-2|https://parti-renaissance.fr/ || MoDem|Q16|-2|https://www.mouvementdemocrate.fr/ || MoDem|Q75|-2|https://www.mouvementdemocrate.fr/actualites/marc-fesneau-un-chemin-vers-un-cap-collectif-et-vers-jose-le-mot-une-esperance-video || Horizons|Q16|-2|https://horizonsleparti.fr/le-manifeste/
23	Réserve : orientation cohérente avec le document officiel retenu, sans passage isolé directement équivalent à la question.	LFI|Q38|-1|https://lafranceinsoumise.fr/wp-content/uploads/2024/05/PROGRAMME-UNION-POPULAIRE_EURO-2024.pdf || LFI|Q63|-1|https://lafranceinsoumise.fr/wp-content/uploads/2024/06/Programme-nouveaufrontpopulaire.pdf || PCF|Q27|-1|https://www.pcf.fr/immigration_est_un_enjeu_de_classe || PCF|Q78|-1|https://www.pcf.fr/immigration_est_un_enjeu_de_classe || Les Écologistes|Q63|-1|https://lesecologistes.fr/pages/358vv7W974UgosGhCBbIPT/notre-projet || Les Écologistes|Q78|-1|https://lesecologistes.fr/pages/358vv7W974UgosGhCBbIPT/notre-projet || PS|Q9|-1|https://parti-socialiste.fr/vie-parlementaire/notre-declaration-politique-17eme-legislature/ || PS|Q27|-1|https://www.parti-socialiste.fr/pour_une_politique_migratoire_internationale_et_europeenne || PS|Q29|-1|https://www.parti-socialiste.fr/pour_une_politique_migratoire_internationale_et_europeenne || Renaissance|Q3|-1|https://parti-renaissance.fr/ || Renaissance|Q5|-1|https://parti-renaissance.fr/ || Renaissance|Q7|-1|https://parti-renaissance.fr/
19	Position équilibrée ou non tranchée : orientation cohérente avec le document officiel retenu, sans passage isolé directement équivalent à la question.	LFI|Q40|0|https://lafranceinsoumise.fr/wp-content/uploads/2024/05/PROGRAMME-UNION-POPULAIRE_EURO-2024.pdf || LFI|Q41|0|https://lafranceinsoumise.fr/wp-content/uploads/2024/05/PROGRAMME-UNION-POPULAIRE_EURO-2024.pdf || LFI|Q78|0|https://lafranceinsoumise.fr/wp-content/uploads/2024/06/Programme-nouveaufrontpopulaire.pdf || PCF|Q40|0|https://www.pcf.fr/europe_le_programme_un_argumentaire_utile_aux_militants_et_un_outil_de_campagne_efficace || PCF|Q41|0|https://www.pcf.fr/europe_le_programme_un_argumentaire_utile_aux_militants_et_un_outil_de_campagne_efficace || PS|Q63|0|https://www.parti-socialiste.fr/pour_une_politique_migratoire_internationale_et_europeenne || PS|Q69|0|https://parti-socialiste.fr/vie-parlementaire/notre-declaration-politique-17eme-legislature/ || Renaissance|Q12|0|https://parti-renaissance.fr/ || Renaissance|Q26|0|https://parti-renaissance.fr/ || Renaissance|Q45|0|https://parti-renaissance.fr/ || Renaissance|Q74|0|https://parti-renaissance.fr/ || MoDem|Q20|0|https://www.mouvementdemocrate.fr/
19	Accord modéré : estimation prudente ; aucune formulation parfaitement équivalente à la question n’a été identifiée.	PS|Q58|1|https://www.parti-socialiste.fr/pour_une_politique_migratoire_internationale_et_europeenne || Renaissance|Q54|1|https://parti-renaissance.fr/ || Renaissance|Q64|1|https://parti-renaissance.fr/ || MoDem|Q6|1|https://www.mouvementdemocrate.fr/actualites/marc-fesneau-un-chemin-vers-un-cap-collectif-et-vers-jose-le-mot-une-esperance-video || MoDem|Q13|1|https://www.mouvementdemocrate.fr/actualites/marc-fesneau-un-chemin-vers-un-cap-collectif-et-vers-jose-le-mot-une-esperance-video || MoDem|Q48|1|https://www.mouvementdemocrate.fr/actualites/marc-fesneau-un-chemin-vers-un-cap-collectif-et-vers-jose-le-mot-une-esperance-video || MoDem|Q54|1|https://www.mouvementdemocrate.fr/actualites/marc-fesneau-un-chemin-vers-un-cap-collectif-et-vers-jose-le-mot-une-esperance-video || MoDem|Q71|1|https://www.mouvementdemocrate.fr/vers-une-transition-ecologique-solidaire-7925 || MoDem|Q72|1|https://www.mouvementdemocrate.fr/actualites/marc-fesneau-un-chemin-vers-un-cap-collectif-et-vers-jose-le-mot-une-esperance-video || MoDem|Q73|1|https://www.mouvementdemocrate.fr/actualites/marc-fesneau-un-chemin-vers-un-cap-collectif-et-vers-jose-le-mot-une-esperance-video || Horizons|Q37|1|https://horizonsleparti.fr/le-manifeste/ || Horizons|Q54|1|https://horizonsleparti.fr/le-manifeste/
17	Accord modéré : orientation cohérente avec le document officiel retenu, sans passage isolé directement équivalent à la question.	PS|Q78|1|https://www.parti-socialiste.fr/pour_une_politique_migratoire_internationale_et_europeenne || Renaissance|Q20|1|https://parti-renaissance.fr/ || Renaissance|Q23|1|https://parti-renaissance.fr/ || Renaissance|Q25|1|https://parti-renaissance.fr/ || Renaissance|Q27|1|https://parti-renaissance.fr/ || Renaissance|Q43|1|https://parti-renaissance.fr/ || Renaissance|Q57|1|https://parti-renaissance.fr/ || Renaissance|Q60|1|https://parti-renaissance.fr/ || Renaissance|Q79|1|https://parti-renaissance.fr/ || MoDem|Q1|1|https://www.mouvementdemocrate.fr/actualites/marc-fesneau-un-chemin-vers-un-cap-collectif-et-vers-jose-le-mot-une-esperance-video || MoDem|Q29|1|https://www.mouvementdemocrate.fr/ || MoDem|Q63|1|https://www.mouvementdemocrate.fr/
16	Accord net : estimation prudente ; aucune formulation parfaitement équivalente à la question n’a été identifiée.	LFI|Q71|2|https://lafranceinsoumise.fr/wp-content/uploads/2024/06/Programme-nouveaufrontpopulaire.pdf || Renaissance|Q61|2|https://parti-renaissance.fr/ || Horizons|Q2|2|https://horizonsleparti.fr/le-manifeste/ || Horizons|Q50|2|https://horizonsleparti.fr/le-manifeste/ || Horizons|Q72|2|https://horizonsleparti.fr/le-manifeste/ || Horizons|Q73|2|https://horizonsleparti.fr/le-manifeste/ || LR|Q13|2|https://republicains.fr/nos-idees/ || RN|Q54|2|https://rassemblementnational.fr/documents/202406-programme.pdf || Reconquête|Q2|2|https://www.parti-reconquete.fr/ || Reconquête|Q6|2|https://www.parti-reconquete.fr/ || Reconquête|Q8|2|https://www.parti-reconquete.fr/ || Reconquête|Q13|2|https://www.parti-reconquete.fr/
15	Position équilibrée ou non tranchée : estimation prudente ; aucune formulation parfaitement équivalente à la question n’a été identifiée.	LFI|Q73|0|https://lafranceinsoumise.fr/europeennes-2024/programme-de-lunion-populaire/chapitre-1-sortir-de-lausterite-et-partager-les-richesses/ || PCF|Q73|0|https://www.pcf.fr/feuille_de_route_confnat_pcf || Les Écologistes|Q58|0|https://lesecologistes.fr/pages/358vv7W974UgosGhCBbIPT/notre-projet || Les Écologistes|Q73|0|https://lesecologistes.fr/document/5ZhR2m5t2ZaGKqIdD1bJaD/vdef-programme-1.pdf || PS|Q73|0|https://parti-socialiste.fr/vie-parlementaire/notre-declaration-politique-17eme-legislature/ || Renaissance|Q71|0|https://parti-renaissance.fr/ || MoDem|Q2|0|https://www.mouvementdemocrate.fr/actualites/marc-fesneau-un-chemin-vers-un-cap-collectif-et-vers-jose-le-mot-une-esperance-video || Horizons|Q71|0|https://horizonsleparti.fr/le-manifeste/ || LR|Q37|0|https://republicains.fr/nos-idees/ || Nouvelle Énergie|Q37|0|https://www.unenouvelleenergie.fr/notre-programme/ || RN|Q6|0|https://rassemblementnational.fr/documents/202406-programme.pdf || RN|Q8|0|https://rassemblementnational.fr/documents/202406-programme.pdf
13	Accord modéré : sources officielles et prises de position convergentes ; le niveau de confiance documentaire a été réévalué indépendamment de l’intensité de la réponse.	LFI|Q16|2|https://lafranceinsoumise.fr/wp-content/uploads/2024/06/Programme-nouveaufrontpopulaire.pdf || LFI|Q93|1|https://lafranceinsoumise.fr/wp-content/uploads/2024/06/Programme-nouveaufrontpopulaire.pdf || PCF|Q16|1|https://www.pcf.fr/immigration_est_un_enjeu_de_classe || Les Écologistes|Q16|1|https://lesecologistes.fr/pages/358vv7W974UgosGhCBbIPT/notre-projet || Renaissance|Q13|1|https://parti-renaissance.fr/ || MoDem|Q8|1|https://www.mouvementdemocrate.fr/actualites/marc-fesneau-un-chemin-vers-un-cap-collectif-et-vers-jose-le-mot-une-esperance-video || MoDem|Q35|1|https://www.mouvementdemocrate.fr/vers-une-transition-ecologique-solidaire-7925 || MoDem|Q50|1|https://www.mouvementdemocrate.fr/actualites/marc-fesneau-un-chemin-vers-un-cap-collectif-et-vers-jose-le-mot-une-esperance-video || MoDem|Q76|1|https://www.mouvementdemocrate.fr/actualites/marc-fesneau-un-chemin-vers-un-cap-collectif-et-vers-jose-le-mot-une-esperance-video || LR|Q28|1|https://republicains.fr/ || Nouvelle Énergie|Q21|1|https://www.unenouvelleenergie.fr/notre-programme/ || Nouvelle Énergie|Q54|1|https://www.unenouvelleenergie.fr/notre-programme/
12	Désaccord net : sources officielles et prises de position convergentes ; le niveau de confiance documentaire a été réévalué indépendamment de l’intensité de la réponse.	PCF|Q2|-2|https://www.pcf.fr/feuille_de_route_confnat_pcf || PCF|Q35|-2|https://www.pcf.fr/europe_le_programme_un_argumentaire_utile_aux_militants_et_un_outil_de_campagne_efficace || Les Écologistes|Q6|-2|https://lesecologistes.fr/document/5ZhR2m5t2ZaGKqIdD1bJaD/vdef-programme-1.pdf || Les Écologistes|Q8|-2|https://lesecologistes.fr/document/5ZhR2m5t2ZaGKqIdD1bJaD/vdef-programme-1.pdf || Les Écologistes|Q13|-2|https://lesecologistes.fr/document/5ZhR2m5t2ZaGKqIdD1bJaD/vdef-programme-1.pdf || Les Écologistes|Q50|-2|https://lesecologistes.fr/document/5ZhR2m5t2ZaGKqIdD1bJaD/vdef-programme-1.pdf || Les Écologistes|Q76|-2|https://lesecologistes.fr/document/5ZhR2m5t2ZaGKqIdD1bJaD/vdef-programme-1.pdf || PS|Q13|-2|https://parti-socialiste.fr/vie-parlementaire/notre-declaration-politique-17eme-legislature/ || Renaissance|Q16|-2|https://parti-renaissance.fr/ || LR|Q16|-2|https://republicains.fr/ || Nouvelle Énergie|Q61|-2|https://www.unenouvelleenergie.fr/notre-programme/ || UDR|Q21|-2|https://www.assemblee-nationale.fr/dyn/opendata/PNREANR5L17B1609.html
11	Désaccord fort : preuve primaire directe ou proposition officielle très proche ; le niveau de confiance documentaire a été réévalué indépendamment de l’intensité de la réponse.	LFI|Q9|-3|https://lafranceinsoumise.fr/ || LFI|Q20|-3|https://lafranceinsoumise.fr/wp-content/uploads/2024/06/Programme-nouveaufrontpopulaire.pdf || LFI|Q23|-3|https://lafranceinsoumise.fr/wp-content/uploads/2024/06/Programme-nouveaufrontpopulaire.pdf || LFI|Q43|-3|https://lafranceinsoumise.fr/ || PCF|Q9|-3|https://www.pcf.fr/contrat_de_legislature_projet_propos_par_le_pcf || PCF|Q20|-3|https://www.pcf.fr/immigration_est_un_enjeu_de_classe || PCF|Q43|-3|https://www.pcf.fr/contrat_de_legislature_projet_propos_par_le_pcf || Les Écologistes|Q20|-3|https://lesecologistes.fr/pages/358vv7W974UgosGhCBbIPT/notre-projet || Les Écologistes|Q23|-3|https://lesecologistes.fr/pages/358vv7W974UgosGhCBbIPT/notre-projet || UDR|Q44|-3|https://www.udr.fr/priorites || UDR|Q59|-3|https://www.udr.fr/priorites
11	Accord fort : le vote ou la politique officielle sur le soutien durable à l'Ukraine constitue l'indicateur principal. Niveau de preuve : preuve directe ou politique explicitement documentée.	Les Écologistes|Q87|3|https://www.assemblee-nationale.fr/dyn/17/scrutins/988 || PS|Q87|3|https://www.assemblee-nationale.fr/dyn/17/scrutins/988 || Renaissance|Q87|3|https://www.assemblee-nationale.fr/dyn/17/scrutins/988 || MoDem|Q87|3|https://www.assemblee-nationale.fr/dyn/17/scrutins/988 || Horizons|Q87|3|https://www.assemblee-nationale.fr/dyn/17/scrutins/988 || LR|Q87|3|https://www.assemblee-nationale.fr/dyn/17/scrutins/988 || Allemagne|Q87|3|https://www.bundesregierung.de/breg-de/aktuelles/rede-kanzler-deutsch-ukrainisches-wirtschaftsforum-2399660 || Espagne|Q87|3|https://www.lamoncloa.gob.es/presidente/actividades/paginas/2026/200226-sanchez-seminario-desigualdad.aspx || Finlande|Q87|3|https://valtioneuvosto.fi/en/-/236553176/finland-to-fund-additional-eur-40-million-purl-package-for-ukraine || Royaume-Uni|Q87|3|https://www.gov.uk/government/news/unbreakable-bond-between-uk-and-ukraine-will-continue-under-my-government-26-july-2026 || Danemark|Q87|3|https://regeringen.dk/aktuelt/nyheder/2025/pressemoede-med-costa-von-der-leyen-og-zelenskyy-den-3-juli-2025/
10	Accord fort : codage cohérent avec la ligne programmatique générale du parti sur social / société.	LFI|Q14|3|https://lafranceinsoumise.fr/wp-content/uploads/2024/06/Programme-nouveaufrontpopulaire.pdf || LFI|Q17|3|https://lafranceinsoumise.fr/wp-content/uploads/2024/06/Programme-nouveaufrontpopulaire.pdf || Les Écologistes|Q14|3|https://lesecologistes.fr/pages/358vv7W974UgosGhCBbIPT/notre-projet || Les Écologistes|Q17|3|https://lesecologistes.fr/pages/358vv7W974UgosGhCBbIPT/notre-projet || PS|Q14|3|https://www.parti-socialiste.fr/pour_une_politique_migratoire_internationale_et_europeenne || PS|Q17|3|https://www.parti-socialiste.fr/pour_une_politique_migratoire_internationale_et_europeenne || LR|Q19|3|https://republicains.fr/nos-idees/ || Nouvelle Énergie|Q19|3|https://www.unenouvelleenergie.fr/notre-programme/ || RN|Q19|3|https://rassemblementnational.fr/livrets-thematiques || Reconquête|Q19|3|https://www.parti-reconquete.fr/
10	Réserve : estimation prudente ; aucune formulation parfaitement équivalente à la question n’a été identifiée.	LFI|Q58|-1|https://lafranceinsoumise.fr/wp-content/uploads/2024/06/Programme-nouveaufrontpopulaire.pdf || PCF|Q48|-2|https://www.pcf.fr/feuille_de_route_confnat_pcf || Les Écologistes|Q72|-1|https://lesecologistes.fr/document/5ZhR2m5t2ZaGKqIdD1bJaD/vdef-programme-1.pdf || PS|Q48|-1|https://parti-socialiste.fr/vie-parlementaire/notre-declaration-politique-17eme-legislature/ || PS|Q72|-1|https://parti-socialiste.fr/vie-parlementaire/notre-declaration-politique-17eme-legislature/ || LR|Q61|-1|https://republicains.fr/nos-idees/ || Nouvelle Énergie|Q71|-1|https://www.unenouvelleenergie.fr/notre-programme/ || RN|Q48|-1|https://rassemblementnational.fr/documents/202406-programme.pdf || RN|Q72|-1|https://rassemblementnational.fr/documents/202406-programme.pdf || Reconquête|Q72|-1|https://www.parti-reconquete.fr/
9	Accord fort : sources officielles et prises de position convergentes ; le niveau de confiance documentaire a été réévalué indépendamment de l’intensité de la réponse.	LFI|Q28|3|https://lafranceinsoumise.fr/wp-content/uploads/2024/06/Programme-nouveaufrontpopulaire.pdf || LFI|Q37|3|https://lafranceinsoumise.fr/wp-content/uploads/2024/06/Programme-nouveaufrontpopulaire.pdf || LFI|Q54|3|https://lafranceinsoumise.fr/ || LFI|Q61|3|https://lafranceinsoumise.fr/wp-content/uploads/2024/06/Programme-nouveaufrontpopulaire.pdf || PCF|Q37|3|https://www.pcf.fr/europe_le_programme_un_argumentaire_utile_aux_militants_et_un_outil_de_campagne_efficace || PCF|Q61|3|https://www.pcf.fr/immigration_est_un_enjeu_de_classe || Les Écologistes|Q37|3|https://lesecologistes.fr/document/5ZhR2m5t2ZaGKqIdD1bJaD/vdef-programme-1.pdf || Les Écologistes|Q54|2|https://lesecologistes.fr/document/5ZhR2m5t2ZaGKqIdD1bJaD/vdef-programme-1.pdf || Les Écologistes|Q61|3|https://lesecologistes.fr/pages/358vv7W974UgosGhCBbIPT/notre-projet
8	Accord net : codage cohérent avec la ligne programmatique générale du parti sur écologie.	LFI|Q33|2|https://lafranceinsoumise.fr/wp-content/uploads/2024/06/Programme-nouveaufrontpopulaire.pdf || PCF|Q33|2|https://www.pcf.fr/europe_le_programme_un_argumentaire_utile_aux_militants_et_un_outil_de_campagne_efficace || PS|Q33|2|https://parti-socialiste.fr/vie-parlementaire/notre-declaration-politique-17eme-legislature/ || PS|Q36|2|https://parti-socialiste.fr/vie-parlementaire/notre-declaration-politique-17eme-legislature/ || MoDem|Q36|2|https://www.mouvementdemocrate.fr/vers-une-transition-ecologique-solidaire-7925 || MoDem|Q67|2|https://www.mouvementdemocrate.fr/vers-une-transition-ecologique-solidaire-7925 || MoDem|Q68|2|https://www.mouvementdemocrate.fr/vers-une-transition-ecologique-solidaire-7925 || Horizons|Q67|2|https://horizonsleparti.fr/le-manifeste/
8	Accord modéré : L’accord CDU/CSU–SPD combine compétitivité, allègement administratif, investissement public et maintien de l’État social. Transposition ou inférence prudente.	Allemagne|Q2|1|https://www.bundesregierung.de/breg-de/aktuelles/koalitionsvertrag-2025-2340970 || Allemagne|Q6|1|https://www.bundesregierung.de/breg-de/aktuelles/koalitionsvertrag-2025-2340970 || Allemagne|Q12|1|https://www.bundesregierung.de/breg-de/aktuelles/koalitionsvertrag-2025-2340970 || Allemagne|Q13|1|https://www.bundesregierung.de/breg-de/aktuelles/koalitionsvertrag-2025-2340970 || Allemagne|Q48|1|https://www.bundesregierung.de/breg-de/aktuelles/koalitionsvertrag-2025-2340970 || Allemagne|Q50|1|https://www.bundesregierung.de/breg-de/aktuelles/koalitionsvertrag-2025-2340970 || Allemagne|Q53|1|https://www.bundesregierung.de/breg-de/aktuelles/koalitionsvertrag-2025-2340970 || Allemagne|Q54|1|https://www.bundesregierung.de/breg-de/aktuelles/koalitionsvertrag-2025-2340970
7	Réserve : sources officielles et prises de position convergentes ; le niveau de confiance documentaire a été réévalué indépendamment de l’intensité de la réponse.	LFI|Q2|-1|https://lafranceinsoumise.fr/ || Les Écologistes|Q2|-1|https://lesecologistes.fr/document/5ZhR2m5t2ZaGKqIdD1bJaD/vdef-programme-1.pdf || Les Écologistes|Q35|-1|https://lesecologistes.fr/document/5ZhR2m5t2ZaGKqIdD1bJaD/vdef-programme-1.pdf || PS|Q6|-1|https://parti-socialiste.fr/vie-parlementaire/notre-declaration-politique-17eme-legislature/ || PS|Q8|-1|https://parti-socialiste.fr/vie-parlementaire/notre-declaration-politique-17eme-legislature/ || MoDem|Q82|-1|https://www.mouvementdemocrate.fr/ || LFH|Q66|-1|https://lafrancehumaniste.fr/articles/la-lutte-antiterroriste.html
7	Accord net : codage cohérent avec la ligne programmatique générale du parti sur social / société.	PCF|Q14|2|https://www.pcf.fr/immigration_est_un_enjeu_de_classe || PCF|Q17|2|https://www.pcf.fr/immigration_est_un_enjeu_de_classe || Renaissance|Q14|2|https://parti-renaissance.fr/ || Renaissance|Q17|2|https://parti-renaissance.fr/ || MoDem|Q14|2|https://www.mouvementdemocrate.fr/ || MoDem|Q17|2|https://www.mouvementdemocrate.fr/ || Horizons|Q19|2|https://horizonsleparti.fr/le-manifeste/
6	Réserve : codage cohérent avec la ligne programmatique générale du parti sur social / société.	PS|Q19|-1|https://www.parti-socialiste.fr/pour_une_politique_migratoire_internationale_et_europeenne || LR|Q14|-1|https://republicains.fr/nos-idees/ || LR|Q17|-1|https://republicains.fr/nos-idees/ || Nouvelle Énergie|Q17|-1|https://www.unenouvelleenergie.fr/notre-programme/ || RN|Q14|-2|https://rassemblementnational.fr/livrets-thematiques || RN|Q17|-1|https://rassemblementnational.fr/livrets-thematiques
6	Accord net : la stratégie numérique permet d'estimer la priorité accordée à la souveraineté européenne par rapport au coût et à la performance. Niveau de preuve : faisceau d’indices cohérent, sans équivalent toujours parfaitement identique.	PS|Q93|2|https://parti-socialiste.fr/vie-parlementaire/notre-declaration-politique-17eme-legislature/ || MoDem|Q93|2|https://www.mouvementdemocrate.fr/ || Horizons|Q93|2|https://horizonsleparti.fr/le-manifeste/ || Allemagne|Q93|2|https://www.bundesregierung.de/breg-de/aktuelles/koalitionsvertrag-2025-2340970 || Finlande|Q93|2|https://valtioneuvosto.fi/en/-/1410829/finland-among-top-eu-countries-in-digitalisation || Danemark|Q93|2|https://regeringen.dk/media/ohljoptp/digitaliseringspartnerskabets-rapport.pdf
6	Accord modéré : codage cohérent avec la ligne programmatique générale du parti sur écologie.	Renaissance|Q33|1|https://parti-renaissance.fr/ || Renaissance|Q36|1|https://parti-renaissance.fr/ || MoDem|Q33|1|https://www.mouvementdemocrate.fr/vers-une-transition-ecologique-solidaire-7925 || Horizons|Q33|1|https://horizonsleparti.fr/le-manifeste/ || Horizons|Q36|1|https://horizonsleparti.fr/le-manifeste/ || Horizons|Q68|1|https://horizonsleparti.fr/le-manifeste/
6	Accord net : la position est estimée à partir des propositions d'autonomie des établissements, de recrutement et de gestion des enseignants. Niveau de preuve : faisceau d’indices cohérent, sans équivalent toujours parfaitement identique.	Renaissance|Q84|2|https://ensemble-2024.fr/notre-projet || LR|Q84|2|https://republicains.fr/nos-idees/ || Allemagne|Q84|2|https://www.bundesregierung.de/breg-de/aktuelles/koalitionsvertrag-2025-2340970 || Suisse|Q84|2|https://www.aboutswitzerland.eda.admin.ch/en/education || Finlande|Q84|2|https://valtioneuvosto.fi/en/governments/government-programme || Danemark|Q84|2|https://stm.dk/media/rc1ktdmg/det-politiske-grundlag-for-firkloeverregeringen.pdf
6	Accord fort : le vote ou la politique publique sur l'âge d'accès aux réseaux sociaux permet de distinguer interdiction stricte, autorisation parentale et régulation plus souple. Niveau de preuve : preuve directe ou politique explicitement documentée.	Renaissance|Q92|3|https://www.assemblee-nationale.fr/dyn/17/scrutins/8431 || MoDem|Q92|3|https://www.assemblee-nationale.fr/dyn/17/scrutins/8431 || Horizons|Q92|3|https://www.assemblee-nationale.fr/dyn/17/scrutins/8431 || LR|Q92|3|https://www.assemblee-nationale.fr/dyn/17/scrutins/8431 || Espagne|Q92|3|https://www.lamoncloa.gob.es/presidente/actividades/paginas/2026/030226-sanchez-cumbre-gobiernos-dubai.aspx || Royaume-Uni|Q92|3|https://www.gov.uk/government/news/social-media-to-be-banned-for-under-16s-in-landmark-government-move-to-givekids-their-childhood-back
6	Accord net : Le Conseil fédéral suit une économie sociale de marché relativement libérale, avec discipline budgétaire et protection sociale multipiliers. Position directement documentée.	Suisse|Q1|2|https://www.bfs.admin.ch/bfs/en/home/statistics/cross-sectional-topics/monitoring-legislature-plan.html || Suisse|Q8|2|https://www.bfs.admin.ch/bfs/en/home/statistics/cross-sectional-topics/monitoring-legislature-plan.html || Suisse|Q9|2|https://www.bfs.admin.ch/bfs/en/home/statistics/cross-sectional-topics/monitoring-legislature-plan.html || Suisse|Q46|2|https://www.bfs.admin.ch/bfs/en/home/statistics/cross-sectional-topics/monitoring-legislature-plan.html || Suisse|Q51|2|https://www.bfs.admin.ch/bfs/en/home/statistics/cross-sectional-topics/monitoring-legislature-plan.html || Suisse|Q55|2|https://www.bfs.admin.ch/bfs/en/home/statistics/cross-sectional-topics/monitoring-legislature-plan.html
6	Accord modéré : codage fondé sur les documents officiels retenus pour le thème « Économie ». Niveau de preuve : analogie prudente, sans proposition parfaitement équivalente.	Pays-Bas|Q2|1|https://www.government.nl/site/binaries/site-content/collections/documents/2026/02/23/2026-2030-coalition-agreement-lets-get-to-work---building-a-better-netherlands/2026-2030-coalition-agreement-let%E2%80%99s-get-to-work-building-a-better-netherlands.pdf || Pays-Bas|Q5|1|https://www.government.nl/site/binaries/site-content/collections/documents/2026/02/23/2026-2030-coalition-agreement-lets-get-to-work---building-a-better-netherlands/2026-2030-coalition-agreement-let%E2%80%99s-get-to-work-building-a-better-netherlands.pdf || Pays-Bas|Q7|1|https://www.government.nl/site/binaries/site-content/collections/documents/2026/02/23/2026-2030-coalition-agreement-lets-get-to-work---building-a-better-netherlands/2026-2030-coalition-agreement-let%E2%80%99s-get-to-work-building-a-better-netherlands.pdf || Pologne|Q2|1|https://www.gov.pl/web/primeminister/poland-a-year-of-breakthrough---the-prime-minister-unveils-polands-2025-economic-plan || Pologne|Q6|1|https://www.gov.pl/web/primeminister/poland-a-year-of-breakthrough---the-prime-minister-unveils-polands-2025-economic-plan || Pologne|Q7|1|https://www.gov.pl/web/primeminister/poland-a-year-of-breakthrough---the-prime-minister-unveils-polands-2025-economic-plan
5	Désaccord fort : sources officielles et prises de position convergentes ; le niveau de confiance documentaire a été réévalué indépendamment de l’intensité de la réponse.	LFI|Q6|-3|https://lafranceinsoumise.fr/ || LFI|Q8|-3|https://lafranceinsoumise.fr/ || LFI|Q13|-3|https://lafranceinsoumise.fr/ || LFI|Q50|-3|https://lafranceinsoumise.fr/ || PCF|Q50|-3|https://www.pcf.fr/feuille_de_route_confnat_pcf
5	Accord fort : le scrutin sur la régulation du conventionnement médical fournit la position parlementaire la plus proche ; pour les formations non représentées, le codage est déduit de leur ligne sur la liberté d'installation. Niveau de preuve : preuve directe ou politique explicitement documentée.	LFI|Q81|3|https://www.assemblee-nationale.fr/dyn/17/scrutins/1214 || PCF|Q81|3|https://www.assemblee-nationale.fr/dyn/17/scrutins/1214 || Les Écologistes|Q81|3|https://www.assemblee-nationale.fr/dyn/17/scrutins/1214 || PS|Q81|3|https://www.assemblee-nationale.fr/dyn/17/scrutins/1214 || Allemagne|Q81|3|https://www.bundesgesundheitsministerium.de/fileadmin/Dateien/5_Publikationen/Ministerium/Berichte/Stand_und_Weiterentwicklung_der_gesetzlichen_Regelungen_zu_MVZ.pdf
5	Désaccord fort : estimation prudente ; aucune formulation parfaitement équivalente à la question n’a été identifiée.	PCF|Q6|-3|https://www.pcf.fr/feuille_de_route_confnat_pcf || PCF|Q8|-3|https://www.pcf.fr/feuille_de_route_confnat_pcf || PCF|Q13|-3|https://www.pcf.fr/feuille_de_route_confnat_pcf || PCF|Q75|-3|https://www.pcf.fr/feuille_de_route_confnat_pcf || Nouvelle Énergie|Q16|-3|https://www.unenouvelleenergie.fr/notre-programme/
5	Désaccord net : codage cohérent avec la ligne programmatique générale du parti sur europe.	MoDem|Q39|-2|https://www.mouvementdemocrate.fr/ || MoDem|Q42|-2|https://www.mouvementdemocrate.fr/ || Horizons|Q39|-2|https://horizonsleparti.fr/le-manifeste/ || Horizons|Q42|-2|https://horizonsleparti.fr/le-manifeste/ || Reconquête|Q41|-2|https://www.parti-reconquete.fr/
5	Accord modéré : codage fondé sur les documents officiels retenus pour le thème « Institutions ». Niveau de preuve : analogie prudente, sans proposition parfaitement équivalente.	UDR|Q73|1|https://www.udr.fr/ || Pays-Bas|Q72|1|https://www.government.nl/site/binaries/site-content/collections/documents/2026/02/23/2026-2030-coalition-agreement-lets-get-to-work---building-a-better-netherlands/2026-2030-coalition-agreement-let%E2%80%99s-get-to-work-building-a-better-netherlands.pdf || Pays-Bas|Q73|1|https://www.government.nl/site/binaries/site-content/collections/documents/2026/02/23/2026-2030-coalition-agreement-lets-get-to-work---building-a-better-netherlands/2026-2030-coalition-agreement-let%E2%80%99s-get-to-work-building-a-better-netherlands.pdf || Pologne|Q72|1|https://www.gov.pl/web/primeminister/expose || Pologne|Q73|1|https://www.gov.pl/web/primeminister/expose
5	Réserve : La coalition PSOE–Sumar défend un État social renforcé, la redistribution, les droits du travail et une intervention publique active. Transposition ou inférence prudente.	Espagne|Q1|-1|https://www.lamoncloa.gob.es/Documents/2025/appendix-II-map-of-commitments-december.pdf || Espagne|Q2|-1|https://www.lamoncloa.gob.es/Documents/2025/appendix-II-map-of-commitments-december.pdf || Espagne|Q6|-1|https://www.lamoncloa.gob.es/Documents/2025/appendix-II-map-of-commitments-december.pdf || Espagne|Q8|-1|https://www.lamoncloa.gob.es/Documents/2025/appendix-II-map-of-commitments-december.pdf || Espagne|Q9|-1|https://www.lamoncloa.gob.es/Documents/2025/appendix-II-map-of-commitments-december.pdf
5	Accord net : Le gouvernement maintient une politique migratoire ferme, l’intégration et les retours, tout en respectant les conventions internationales et l’aide au développement. Transposition ou inférence prudente.	Danemark|Q21|2|https://stm.dk/media/rc1ktdmg/det-politiske-grundlag-for-firkloeverregeringen.pdf || Danemark|Q23|2|https://stm.dk/media/rc1ktdmg/det-politiske-grundlag-for-firkloeverregeringen.pdf || Danemark|Q25|2|https://stm.dk/media/rc1ktdmg/det-politiske-grundlag-for-firkloeverregeringen.pdf || Danemark|Q60|2|https://stm.dk/media/rc1ktdmg/det-politiske-grundlag-for-firkloeverregeringen.pdf || Danemark|Q61|2|https://stm.dk/media/rc1ktdmg/det-politiske-grundlag-for-firkloeverregeringen.pdf
4	Accord fort : codage cohérent avec la ligne programmatique générale du parti sur écologie.	LFI|Q36|3|https://lafranceinsoumise.fr/wp-content/uploads/2024/06/Programme-nouveaufrontpopulaire.pdf || PCF|Q36|3|https://www.pcf.fr/europe_le_programme_un_argumentaire_utile_aux_militants_et_un_outil_de_campagne_efficace || Les Écologistes|Q36|3|https://lesecologistes.fr/document/5ZhR2m5t2ZaGKqIdD1bJaD/vdef-programme-1.pdf || Reconquête|Q69|3|https://www.parti-reconquete.fr/
4	Accord fort : le programme de santé retenu permet d'estimer la place accordée à l'assurance publique et aux complémentaires. Niveau de preuve : preuve directe ou politique explicitement documentée.	LFI|Q82|3|https://lafranceinsoumise.fr/wp-content/uploads/2018/10/LIVRET-ContreBudget-1.pdf || PCF|Q82|3|https://www.pcf.fr/contrat_de_legislature_projet_propos_par_le_pcf || Royaume-Uni|Q82|3|https://www.gov.uk/government/publications/plan-for-change || Danemark|Q82|3|https://stm.dk/media/rc1ktdmg/det-politiske-grundlag-for-firkloeverregeringen.pdf
4	Accord net : la source retenue précise le degré de régulation souhaité pour les meublés touristiques et les pouvoirs locaux. Niveau de preuve : faisceau d’indices cohérent, sans équivalent toujours parfaitement identique.	LFI|Q86|2|https://lafranceinsoumise.fr/wp-content/uploads/2025/07/KIT-ARGU_VF.pdf || Allemagne|Q86|2|https://www.bundesregierung.de/breg-de/aktuelles/koalitionsvertrag-2025-2340970 || Royaume-Uni|Q86|2|https://www.gov.uk/government/publications/plan-for-change || Danemark|Q86|2|https://stm.dk/media/rc1ktdmg/det-politiske-grundlag-for-firkloeverregeringen.pdf
4	Accord fort : le vote, la loi ou la position gouvernementale sur l'aide à mourir fournit un équivalent direct ou très proche. Niveau de preuve : preuve directe ou politique explicitement documentée.	LFI|Q89|3|https://www.assemblee-nationale.fr/dyn/17/scrutins/2107 || Les Écologistes|Q89|3|https://www.assemblee-nationale.fr/dyn/17/scrutins/2107 || PS|Q89|3|https://www.assemblee-nationale.fr/dyn/17/scrutins/2107 || Espagne|Q89|3|https://www.boe.es/buscar/act.php?id=BOE-A-2021-4628
4	Accord fort : estimation prudente ; aucune formulation parfaitement équivalente à la question n’a été identifiée.	PCF|Q28|2|https://www.pcf.fr/immigration_est_un_enjeu_de_classe || PCF|Q71|2|https://www.pcf.fr/europe_le_programme_un_argumentaire_utile_aux_militants_et_un_outil_de_campagne_efficace || Nouvelle Énergie|Q35|3|https://www.unenouvelleenergie.fr/notre-programme/ || Reconquête|Q64|3|https://www.parti-reconquete.fr/
4	Désaccord net : le document retenu permet d'arbitrer entre maintien de la proximité hospitalière et concentration des moyens. Niveau de preuve : faisceau d’indices cohérent, sans équivalent toujours parfaitement identique.	Les Écologistes|Q83|-2|https://lesecologistes.fr/document/5ZhR2m5t2ZaGKqIdD1bJaD/vdef-programme-1.pdf || PS|Q83|-2|https://parti-socialiste.fr/vie-parlementaire/notre-declaration-politique-17eme-legislature/ || RN|Q83|-2|https://rassemblementnational.fr/documents/202406-programme.pdf || Espagne|Q83|-2|https://www.lamoncloa.gob.es/Documents/2025/appendix-II-map-of-commitments-december.pdf
4	Accord modéré : codage cohérent avec la ligne programmatique générale du parti sur social / société.	Renaissance|Q19|1|https://parti-renaissance.fr/ || MoDem|Q19|1|https://www.mouvementdemocrate.fr/ || Horizons|Q14|1|https://horizonsleparti.fr/le-manifeste/ || Horizons|Q17|1|https://horizonsleparti.fr/le-manifeste/
4	Accord modéré : la source retenue précise le degré de régulation souhaité pour les meublés touristiques et les pouvoirs locaux. Niveau de preuve : estimation prudente à partir de la ligne générale.	Renaissance|Q86|1|https://ensemble-2024.fr/notre-projet || MoDem|Q86|1|https://www.mouvementdemocrate.fr/ || Suisse|Q86|1|https://www.aboutswitzerland.eda.admin.ch/en/political-system || Finlande|Q86|1|https://valtioneuvosto.fi/en/governments/government-programme
4	Désaccord net : codage cohérent avec la ligne programmatique générale du parti sur économie.	Horizons|Q3|-2|https://horizonsleparti.fr/le-manifeste/ || Horizons|Q5|-2|https://horizonsleparti.fr/le-manifeste/ || Reconquête|Q5|-2|https://www.parti-reconquete.fr/ || Reconquête|Q7|-2|https://www.parti-reconquete.fr/
4	Accord net : codage fondé sur les documents officiels retenus pour le thème « Social / société ». Niveau de preuve : position ou mesure explicitement documentée.	LFH|Q17|2|https://lafrancehumaniste.fr/articles/le-moment-francais-sorbonne.html || LFH|Q19|2|https://lafrancehumaniste.fr/articles/le-moment-francais-sorbonne.html || Pays-Bas|Q14|2|https://www.government.nl/site/binaries/site-content/collections/documents/2026/02/23/2026-2030-coalition-agreement-lets-get-to-work---building-a-better-netherlands/2026-2030-coalition-agreement-let%E2%80%99s-get-to-work-building-a-better-netherlands.pdf || Pays-Bas|Q17|2|https://www.government.nl/site/binaries/site-content/collections/documents/2026/02/23/2026-2030-coalition-agreement-lets-get-to-work---building-a-better-netherlands/2026-2030-coalition-agreement-let%E2%80%99s-get-to-work-building-a-better-netherlands.pdf
4	Réserve : codage cohérent avec la ligne programmatique générale du parti sur écologie.	LR|Q33|-1|https://republicains.fr/nos-idees/ || RN|Q36|-1|https://rassemblementnational.fr/documents/202411-programme-europeennes.pdf || Reconquête|Q36|-1|https://www.parti-reconquete.fr/ || Reconquête|Q67|-1|https://www.parti-reconquete.fr/
4	Désaccord net : codage fondé sur les documents officiels retenus pour le thème « Social / société ». Niveau de preuve : analogie prudente, sans proposition parfaitement équivalente.	UDR|Q14|-2|https://www.udr.fr/ || UDR|Q16|-2|https://www.udr.fr/ || UDR|Q17|-2|https://www.udr.fr/ || Pays-Bas|Q16|-2|https://www.government.nl/site/binaries/site-content/collections/documents/2026/02/23/2026-2030-coalition-agreement-lets-get-to-work---building-a-better-netherlands/2026-2030-coalition-agreement-let%E2%80%99s-get-to-work-building-a-better-netherlands.pdf
4	Position neutre, partagée ou non arrêtée : codage fondé sur les documents officiels retenus pour le thème « Écologie ». Niveau de preuve : analogie prudente, sans proposition parfaitement équivalente.	UDR|Q32|0|https://www.udr.fr/ || Pays-Bas|Q69|0|https://www.government.nl/site/binaries/site-content/collections/documents/2026/02/23/2026-2030-coalition-agreement-lets-get-to-work---building-a-better-netherlands/2026-2030-coalition-agreement-let%E2%80%99s-get-to-work-building-a-better-netherlands.pdf || Pologne|Q36|0|https://www.gov.pl/web/primeminister/poland-a-year-of-breakthrough---the-prime-minister-unveils-polands-2025-economic-plan || Pologne|Q37|0|https://www.gov.pl/web/primeminister/poland-a-year-of-breakthrough---the-prime-minister-unveils-polands-2025-economic-plan
4	Désaccord net : codage fondé sur les documents officiels retenus pour le thème « Écologie ». Niveau de preuve : analogie prudente, sans proposition parfaitement équivalente.	UDR|Q33|-2|https://www.udr.fr/ || UDR|Q36|-2|https://www.udr.fr/ || UDR|Q37|-2|https://www.udr.fr/ || UDR|Q68|-2|https://www.udr.fr/
4	Accord modéré : codage fondé sur les documents officiels retenus pour le thème « État / entreprises ». Niveau de preuve : analogie prudente, sans proposition parfaitement équivalente.	UDR|Q53|1|https://www.assemblee-nationale.fr/dyn/17/amendements/2247/CION_FIN/CF912 || Pays-Bas|Q53|1|https://www.government.nl/site/binaries/site-content/collections/documents/2026/02/23/2026-2030-coalition-agreement-lets-get-to-work---building-a-better-netherlands/2026-2030-coalition-agreement-let%E2%80%99s-get-to-work-building-a-better-netherlands.pdf || Pays-Bas|Q54|1|https://www.government.nl/site/binaries/site-content/collections/documents/2026/02/23/2026-2030-coalition-agreement-lets-get-to-work---building-a-better-netherlands/2026-2030-coalition-agreement-let%E2%80%99s-get-to-work-building-a-better-netherlands.pdf || Pologne|Q53|1|https://www.gov.pl/web/primeminister/poland-a-year-of-breakthrough---the-prime-minister-unveils-polands-2025-economic-plan
4	Accord net : L’accord CDU/CSU–SPD combine compétitivité, allègement administratif, investissement public et maintien de l’État social. Position directement documentée.	Allemagne|Q1|2|https://www.bundesregierung.de/breg-de/aktuelles/koalitionsvertrag-2025-2340970 || Allemagne|Q9|2|https://www.bundesregierung.de/breg-de/aktuelles/koalitionsvertrag-2025-2340970 || Allemagne|Q51|2|https://www.bundesregierung.de/breg-de/aktuelles/koalitionsvertrag-2025-2340970 || Allemagne|Q55|2|https://www.bundesregierung.de/breg-de/aktuelles/koalitionsvertrag-2025-2340970
4	Désaccord net : le programme social et sanitaire permet d'estimer la place laissée aux opérateurs lucratifs dans la dépendance. Niveau de preuve : faisceau d’indices cohérent, sans équivalent toujours parfaitement identique.	Allemagne|Q90|-2|https://www.bundesregierung.de/breg-de/aktuelles/koalitionsvertrag-2025-2340970 || Suisse|Q90|-2|https://www.bag.admin.ch/fr/soins-de-longue-duree || Finlande|Q90|-2|https://valtioneuvosto.fi/en/governments/government-programme || Royaume-Uni|Q90|-2|https://www.gov.uk/government/publications/plan-for-change
4	Accord fort : Le programme Orpo privilégie le travail, l’entrepreneuriat, la réduction du déficit, les réformes du marché du travail et la baisse des obstacles réglementaires. Position directement documentée.	Finlande|Q1|3|https://valtioneuvosto.fi/en/governments/government-programme || Finlande|Q9|3|https://valtioneuvosto.fi/en/governments/government-programme || Finlande|Q46|3|https://valtioneuvosto.fi/en/governments/government-programme || Finlande|Q51|3|https://valtioneuvosto.fi/en/governments/government-programme
4	Accord net : Le programme Orpo privilégie le travail, l’entrepreneuriat, la réduction du déficit, les réformes du marché du travail et la baisse des obstacles réglementaires. Transposition ou inférence prudente.	Finlande|Q2|2|https://valtioneuvosto.fi/en/governments/government-programme || Finlande|Q8|2|https://valtioneuvosto.fi/en/governments/government-programme || Finlande|Q13|2|https://valtioneuvosto.fi/en/governments/government-programme || Finlande|Q48|2|https://valtioneuvosto.fi/en/governments/government-programme
4	Position de compromis : Le gouvernement Labour combine croissance, investissement public, renforcement des droits du travail et discipline budgétaire modérée. Transposition ou inférence prudente.	Royaume-Uni|Q1|0|https://www.gov.uk/government/publications/plan-for-change || Royaume-Uni|Q6|0|https://www.gov.uk/government/publications/plan-for-change || Royaume-Uni|Q8|0|https://www.gov.uk/government/publications/plan-for-change || Royaume-Uni|Q9|0|https://www.gov.uk/government/publications/plan-for-change
4	Accord net : Le gouvernement Labour combine croissance, investissement public, renforcement des droits du travail et discipline budgétaire modérée. Position directement documentée.	Royaume-Uni|Q5|2|https://www.gov.uk/government/publications/plan-for-change || Royaume-Uni|Q10|2|https://www.gov.uk/government/publications/plan-for-change || Royaume-Uni|Q53|2|https://www.gov.uk/government/publications/plan-for-change || Royaume-Uni|Q54|2|https://www.gov.uk/government/publications/plan-for-change
4	Accord modéré : Le système britannique conserve un exécutif fort, tout en développant la décentralisation et les pouvoirs locaux. Comparabilité limitée ou position peu explicite.	Royaume-Uni|Q72|1|https://www.gov.uk/government/news/prime-minister-pledges-growth-in-every-postcode-across-whole-of-uk-as-he-visits-scotland || Royaume-Uni|Q73|1|https://www.gov.uk/government/news/prime-minister-pledges-growth-in-every-postcode-across-whole-of-uk-as-he-visits-scotland || Royaume-Uni|Q76|1|https://www.gov.uk/government/news/prime-minister-pledges-growth-in-every-postcode-across-whole-of-uk-as-he-visits-scotland || Royaume-Uni|Q77|1|https://www.gov.uk/government/news/prime-minister-pledges-growth-in-every-postcode-across-whole-of-uk-as-he-visits-scotland
4	Accord modéré : codage fondé sur les documents officiels retenus pour le thème « État ». Niveau de preuve : analogie prudente, sans proposition parfaitement équivalente.	Pays-Bas|Q10|1|https://www.government.nl/site/binaries/site-content/collections/documents/2026/02/23/2026-2030-coalition-agreement-lets-get-to-work---building-a-better-netherlands/2026-2030-coalition-agreement-let%E2%80%99s-get-to-work-building-a-better-netherlands.pdf || Pays-Bas|Q12|1|https://www.government.nl/site/binaries/site-content/collections/documents/2026/02/23/2026-2030-coalition-agreement-lets-get-to-work---building-a-better-netherlands/2026-2030-coalition-agreement-let%E2%80%99s-get-to-work-building-a-better-netherlands.pdf || Pays-Bas|Q13|1|https://www.government.nl/site/binaries/site-content/collections/documents/2026/02/23/2026-2030-coalition-agreement-lets-get-to-work---building-a-better-netherlands/2026-2030-coalition-agreement-let%E2%80%99s-get-to-work-building-a-better-netherlands.pdf || Pologne|Q12|1|https://www.gov.pl/web/primeminister/poland-a-year-of-breakthrough---the-prime-minister-unveils-polands-2025-economic-plan
4	Accord net : codage fondé sur les documents officiels retenus pour le thème « Immigration / assimilation ». Niveau de preuve : position ou mesure explicitement documentée.	Pays-Bas|Q57|2|https://www.government.nl/site/binaries/site-content/collections/documents/2026/02/23/2026-2030-coalition-agreement-lets-get-to-work---building-a-better-netherlands/2026-2030-coalition-agreement-let%E2%80%99s-get-to-work-building-a-better-netherlands.pdf || Pologne|Q57|2|https://www.gov.pl/web/primeminister/taking-back-control-ensuring-security || Pologne|Q58|2|https://www.gov.pl/web/primeminister/taking-back-control-ensuring-security || Pologne|Q60|2|https://www.gov.pl/web/primeminister/taking-back-control-ensuring-security
3	Désaccord net : codage cohérent avec la ligne programmatique générale du parti sur social / société.	LFI|Q19|-2|https://lafranceinsoumise.fr/wp-content/uploads/2024/06/Programme-nouveaufrontpopulaire.pdf || Reconquête|Q14|-2|https://www.parti-reconquete.fr/ || Reconquête|Q17|-2|https://www.parti-reconquete.fr/
3	Accord fort : la position est estimée à partir des propositions sur l'enseignement privé, son financement et la mixité sociale. Niveau de preuve : faisceau d’indices cohérent, sans équivalent toujours parfaitement identique.	LFI|Q85|3|https://lafranceinsoumise.fr/wp-content/uploads/2024/06/Programme-nouveaufrontpopulaire.pdf || PCF|Q85|3|https://www.pcf.fr/feuille_de_route_confnat_pcf || Les Écologistes|Q85|3|https://lesecologistes.fr/document/5ZhR2m5t2ZaGKqIdD1bJaD/vdef-programme-1.pdf
3	Accord fort : codage cohérent avec la ligne programmatique générale du parti sur état / entreprises.	PCF|Q53|3|https://www.pcf.fr/feuille_de_route_confnat_pcf || Les Écologistes|Q53|3|https://lesecologistes.fr/document/5ZhR2m5t2ZaGKqIdD1bJaD/vdef-programme-1.pdf || PS|Q53|3|https://parti-socialiste.fr/vie-parlementaire/notre-declaration-politique-17eme-legislature/
3	Accord fort : codage cohérent avec la ligne programmatique générale du parti sur immigration / assimilation.	PCF|Q59|3|https://www.pcf.fr/immigration_est_un_enjeu_de_classe || Reconquête|Q57|3|https://www.parti-reconquete.fr/ || Reconquête|Q60|3|https://www.parti-reconquete.fr/
3	Désaccord fort : la source retenue porte sur l'extension européenne de la dissuasion ou, pour les pays non dotés, sur la protection nucléaire alliée. Niveau de preuve : preuve directe ou politique explicitement documentée.	PCF|Q88|-3|https://www.pcf.fr/impasse_dangereuse_du_federalisme_nucleaire_de_macron || RN|Q88|-3|https://rassemblementnational.fr/communiques/la-dissuasion-engage-la-nation-elle-ne-se-delegue-pas || Suisse|Q88|-3|https://www.eda.admin.ch/en/foreign-policy-strategy-2024-27
3	Accord net : le vote, la loi ou la position gouvernementale sur l'aide à mourir fournit un équivalent direct ou très proche. Niveau de preuve : preuve directe ou politique explicitement documentée.	PCF|Q89|2|https://www.assemblee-nationale.fr/dyn/17/scrutins/2107 || Renaissance|Q89|2|https://www.assemblee-nationale.fr/dyn/17/scrutins/2107 || Suisse|Q89|2|https://www.bag.admin.ch/fr/suicide-assiste
3	Accord net : la stratégie numérique permet d'estimer la priorité accordée à la souveraineté européenne par rapport au coût et à la performance. Niveau de preuve : preuve directe ou politique explicitement documentée.	Les Écologistes|Q93|2|https://lesecologistes.fr/document/5ZhR2m5t2ZaGKqIdD1bJaD/vdef-programme-1.pdf || Renaissance|Q93|2|https://ensemble-2024.fr/notre-projet || Espagne|Q93|2|https://www.lamoncloa.gob.es/consejodeministros/resumenes/Documents/2026/240226-soberania-digital.pdf
3	Position équilibrée ou non tranchée : sources officielles et prises de position convergentes ; le niveau de confiance documentaire a été réévalué indépendamment de l’intensité de la réponse.	PS|Q2|0|https://parti-socialiste.fr/vie-parlementaire/notre-declaration-politique-17eme-legislature/ || PS|Q16|0|https://www.parti-socialiste.fr/pour_une_politique_migratoire_internationale_et_europeenne || PS|Q35|0|https://parti-socialiste.fr/vie-parlementaire/notre-declaration-politique-17eme-legislature/
3	Désaccord net : le modèle de prestations familiales et la ligne programmatique permettent d'estimer la préférence pour l'universalité ou le ciblage. Niveau de preuve : faisceau d’indices cohérent, sans équivalent toujours parfaitement identique.	PS|Q91|-2|https://parti-socialiste.fr/vie-parlementaire/notre-declaration-politique-17eme-legislature/ || Renaissance|Q91|-2|https://ensemble-2024.fr/notre-projet || Espagne|Q91|-2|https://www.lamoncloa.gob.es/Documents/2025/appendix-II-map-of-commitments-december.pdf
3	Accord modéré : codage cohérent avec la ligne programmatique générale du parti sur état / entreprises.	Renaissance|Q53|1|https://parti-renaissance.fr/ || Horizons|Q53|1|https://horizonsleparti.fr/le-manifeste/ || Nouvelle Énergie|Q53|1|https://www.unenouvelleenergie.fr/notre-programme/
3	Accord net : le document retenu permet d'arbitrer entre maintien de la proximité hospitalière et concentration des moyens. Niveau de preuve : faisceau d’indices cohérent, sans équivalent toujours parfaitement identique.	Renaissance|Q83|2|https://ensemble-2024.fr/notre-projet || Horizons|Q83|2|https://horizonsleparti.fr/le-manifeste/ || Finlande|Q83|2|https://julkaisut.valtioneuvosto.fi/bitstreams/5dde1895-fdb4-43d3-92d8-cef8db1de92d/download
3	Accord modéré : la position est estimée à partir des propositions sur l'enseignement privé, son financement et la mixité sociale. Niveau de preuve : estimation prudente à partir de la ligne générale.	Renaissance|Q85|1|https://ensemble-2024.fr/notre-projet || Finlande|Q85|1|https://valtioneuvosto.fi/en/governments/government-programme || Danemark|Q85|1|https://stm.dk/media/rc1ktdmg/det-politiske-grundlag-for-firkloeverregeringen.pdf
3	Accord modéré : le document retenu permet d'arbitrer entre maintien de la proximité hospitalière et concentration des moyens. Niveau de preuve : estimation prudente à partir de la ligne générale.	MoDem|Q83|1|https://www.mouvementdemocrate.fr/ || Suisse|Q83|1|https://www.bag.admin.ch/fr/hopitaux || Royaume-Uni|Q83|1|https://www.gov.uk/government/publications/plan-for-change
3	Désaccord net : le programme de santé retenu permet d'estimer la place accordée à l'assurance publique et aux complémentaires. Niveau de preuve : faisceau d’indices cohérent, sans équivalent toujours parfaitement identique.	Horizons|Q82|-2|https://horizonsleparti.fr/le-manifeste/ || LR|Q82|-2|https://republicains.fr/nos-idees/ || Nouvelle Énergie|Q82|-2|https://www.unenouvelleenergie.fr/notre-programme/
3	Désaccord net : le programme social et sanitaire permet d'estimer la place laissée aux opérateurs lucratifs dans la dépendance. Niveau de preuve : estimation prudente à partir de la ligne générale.	Horizons|Q90|-2|https://horizonsleparti.fr/le-manifeste/ || LR|Q90|-2|https://republicains.fr/nos-idees/ || Reconquête|Q90|-2|https://www.parti-reconquete.fr/
3	Désaccord net : la position est estimée à partir des propositions sur l'enseignement privé, son financement et la mixité sociale. Niveau de preuve : estimation prudente à partir de la ligne générale.	LR|Q85|-2|https://republicains.fr/nos-idees/ || RN|Q85|-2|https://rassemblementnational.fr/documents/202406-programme.pdf || Reconquête|Q85|-2|https://www.parti-reconquete.fr/
3	Accord fort : codage fondé sur les documents officiels retenus pour le thème « Économie ». Niveau de preuve : orientation cohérente étayée par plusieurs éléments.	UDR|Q2|3|https://www.assemblee-nationale.fr/dyn/17/amendements/2247/CION_FIN/CF912 || UDR|Q6|2|https://www.assemblee-nationale.fr/dyn/17/amendements/2247/CION_FIN/CF912 || UDR|Q8|3|https://www.assemblee-nationale.fr/dyn/17/amendements/2247/CION_FIN/CF912
3	Accord net : codage fondé sur les documents officiels retenus pour le thème « Écologie ». Niveau de preuve : analogie prudente, sans proposition parfaitement équivalente.	UDR|Q35|2|https://www.udr.fr/ || UDR|Q69|2|https://www.udr.fr/ || Pays-Bas|Q37|2|https://www.government.nl/site/binaries/site-content/collections/documents/2026/02/23/2026-2030-coalition-agreement-lets-get-to-work---building-a-better-netherlands/2026-2030-coalition-agreement-let%E2%80%99s-get-to-work-building-a-better-netherlands.pdf
3	Accord net : codage fondé sur les documents officiels retenus pour le thème « Libertés / expression ». Niveau de preuve : analogie prudente, sans proposition parfaitement équivalente.	UDR|Q64|2|https://www.udr.fr/ || Pays-Bas|Q64|2|https://www.government.nl/site/binaries/site-content/collections/documents/2026/02/23/2026-2030-coalition-agreement-lets-get-to-work---building-a-better-netherlands/2026-2030-coalition-agreement-let%E2%80%99s-get-to-work-building-a-better-netherlands.pdf || Pologne|Q64|2|https://www.gov.pl/web/primeminister/expose
3	Réserve : codage fondé sur les documents officiels retenus pour le thème « Institutions ». Niveau de preuve : analogie prudente, sans proposition parfaitement équivalente.	UDR|Q72|-1|https://www.udr.fr/ || Pays-Bas|Q74|-1|https://www.government.nl/site/binaries/site-content/collections/documents/2026/02/23/2026-2030-coalition-agreement-lets-get-to-work---building-a-better-netherlands/2026-2030-coalition-agreement-let%E2%80%99s-get-to-work-building-a-better-netherlands.pdf || Pologne|Q74|-1|https://www.gov.pl/web/primeminister/expose
3	Désaccord net : codage fondé sur les documents officiels retenus pour le thème « Institutions ». Niveau de preuve : analogie prudente, sans proposition parfaitement équivalente.	UDR|Q75|-2|https://www.udr.fr/ || Pays-Bas|Q75|-2|https://www.government.nl/site/binaries/site-content/collections/documents/2026/02/23/2026-2030-coalition-agreement-lets-get-to-work---building-a-better-netherlands/2026-2030-coalition-agreement-let%E2%80%99s-get-to-work-building-a-better-netherlands.pdf || Pologne|Q75|-2|https://www.gov.pl/web/primeminister/expose
3	Accord fort : le modèle de prestations familiales et la ligne programmatique permettent d'estimer la préférence pour l'universalité ou le ciblage. Niveau de preuve : preuve directe ou politique explicitement documentée.	RN|Q91|3|https://rassemblementnational.fr/documents/202406-programme.pdf || Allemagne|Q91|3|https://www.bundesregierung.de/breg-de/aktuelles/koalitionsvertrag-2025-2340970 || Finlande|Q91|3|https://valtioneuvosto.fi/en/governments/government-programme
3	Accord net : Le gouvernement veut réduire l’immigration irrégulière tout en facilitant l’immigration qualifiée et l’intégration. Transposition ou inférence prudente.	Allemagne|Q23|2|https://www.bundesregierung.de/breg-de/aktuelles/koalitionsvertrag-2025-2340970 || Allemagne|Q25|2|https://www.bundesregierung.de/breg-de/aktuelles/koalitionsvertrag-2025-2340970 || Allemagne|Q60|2|https://www.bundesregierung.de/breg-de/aktuelles/koalitionsvertrag-2025-2340970
3	Accord modéré : La ligne gouvernementale renforce les moyens de sécurité et l’exécution des décisions, sous contrôle de l’État de droit. Transposition ou inférence prudente.	Allemagne|Q27|1|https://www.bundesregierung.de/breg-de/aktuelles/koalitionsvertrag-2025-2340970 || Allemagne|Q28|1|https://www.bundesregierung.de/breg-de/aktuelles/koalitionsvertrag-2025-2340970 || Allemagne|Q64|1|https://www.bundesregierung.de/breg-de/aktuelles/koalitionsvertrag-2025-2340970
3	Accord net : La coalition PSOE–Sumar défend un État social renforcé, la redistribution, les droits du travail et une intervention publique active. Position directement documentée.	Espagne|Q3|2|https://www.lamoncloa.gob.es/Documents/2025/appendix-II-map-of-commitments-december.pdf || Espagne|Q12|2|https://www.lamoncloa.gob.es/Documents/2025/appendix-II-map-of-commitments-december.pdf || Espagne|Q54|2|https://www.lamoncloa.gob.es/Documents/2025/appendix-II-map-of-commitments-december.pdf
3	Réserve : La ligne est relativement ouverte et fondée sur les droits, avec maintien des expulsions en cas de criminalité grave. Transposition ou inférence prudente.	Espagne|Q23|-1|https://www.lamoncloa.gob.es/Documents/2025/appendix-II-map-of-commitments-december.pdf || Espagne|Q25|-1|https://www.lamoncloa.gob.es/Documents/2025/appendix-II-map-of-commitments-december.pdf || Espagne|Q60|-1|https://www.lamoncloa.gob.es/Documents/2025/appendix-II-map-of-commitments-december.pdf
3	Accord net : La ligne est relativement ouverte et fondée sur les droits, avec maintien des expulsions en cas de criminalité grave. Transposition ou inférence prudente.	Espagne|Q24|2|https://www.lamoncloa.gob.es/Documents/2025/appendix-II-map-of-commitments-december.pdf || Espagne|Q26|2|https://www.lamoncloa.gob.es/Documents/2025/appendix-II-map-of-commitments-december.pdf || Espagne|Q61|2|https://www.lamoncloa.gob.es/Documents/2025/appendix-II-map-of-commitments-december.pdf
3	Accord net : La transition écologique, les renouvelables et la réglementation climatique sont des priorités gouvernementales. Position directement documentée.	Espagne|Q32|2|https://www.lamoncloa.gob.es/Documents/2025/appendix-II-map-of-commitments-december.pdf || Espagne|Q36|2|https://www.lamoncloa.gob.es/Documents/2025/appendix-II-map-of-commitments-december.pdf || Espagne|Q68|2|https://www.lamoncloa.gob.es/Documents/2025/appendix-II-map-of-commitments-december.pdf
3	Désaccord net : Le Conseil fédéral suit une économie sociale de marché relativement libérale, avec discipline budgétaire et protection sociale multipiliers. Transposition ou inférence prudente.	Suisse|Q5|-2|https://www.bfs.admin.ch/bfs/en/home/statistics/cross-sectional-topics/monitoring-legislature-plan.html || Suisse|Q7|-2|https://www.bfs.admin.ch/bfs/en/home/statistics/cross-sectional-topics/monitoring-legislature-plan.html || Suisse|Q44|-2|https://www.bfs.admin.ch/bfs/en/home/statistics/cross-sectional-topics/monitoring-legislature-plan.html
3	Accord net : La Suisse privilégie l’immigration économique contrôlée, l’intégration et des conditions strictes de séjour durable. Transposition ou inférence prudente.	Suisse|Q23|2|https://www.bfs.admin.ch/bfs/en/home/statistics/cross-sectional-topics/monitoring-legislature-plan.html || Suisse|Q25|2|https://www.bfs.admin.ch/bfs/en/home/statistics/cross-sectional-topics/monitoring-legislature-plan.html || Suisse|Q61|2|https://www.bfs.admin.ch/bfs/en/home/statistics/cross-sectional-topics/monitoring-legislature-plan.html
3	Accord net : Le gouvernement conduit une politique migratoire restrictive, sélective et fortement centrée sur l’intégration et l’emploi. Transposition ou inférence prudente.	Finlande|Q21|2|https://valtioneuvosto.fi/en/governments/government-programme || Finlande|Q25|2|https://valtioneuvosto.fi/en/governments/government-programme || Finlande|Q60|2|https://valtioneuvosto.fi/en/governments/government-programme
3	Accord fort : Le gouvernement conduit une politique migratoire restrictive, sélective et fortement centrée sur l’intégration et l’emploi. Position directement documentée.	Finlande|Q24|3|https://valtioneuvosto.fi/en/governments/government-programme || Finlande|Q57|3|https://valtioneuvosto.fi/en/governments/government-programme || Finlande|Q58|3|https://valtioneuvosto.fi/en/governments/government-programme
3	Position de compromis : La Finlande poursuit la neutralité carbone en privilégiant la technologie, le nucléaire, les renouvelables et la compétitivité. Transposition ou inférence prudente.	Finlande|Q33|0|https://valtioneuvosto.fi/en/governments/government-programme || Finlande|Q36|0|https://valtioneuvosto.fi/en/governments/government-programme || Finlande|Q37|0|https://valtioneuvosto.fi/en/governments/government-programme
3	Réserve : Le système parlementaire finlandais maintient des contre-pouvoirs forts et une culture de coalition. Comparabilité limitée ou position peu explicite.	Finlande|Q74|-1|https://valtioneuvosto.fi/en/-/outcome-of-the-negotiations-on-the-new-government-programme-a-strong-and-committed-finland || Finlande|Q75|-1|https://valtioneuvosto.fi/en/-/outcome-of-the-negotiations-on-the-new-government-programme-a-strong-and-committed-finland || Finlande|Q76|-1|https://valtioneuvosto.fi/en/-/outcome-of-the-negotiations-on-the-new-government-programme-a-strong-and-committed-finland
3	Réserve : Le gouvernement Labour combine croissance, investissement public, renforcement des droits du travail et discipline budgétaire modérée. Transposition ou inférence prudente.	Royaume-Uni|Q2|-1|https://www.gov.uk/government/publications/plan-for-change || Royaume-Uni|Q13|-1|https://www.gov.uk/government/publications/plan-for-change || Royaume-Uni|Q55|-1|https://www.gov.uk/government/publications/plan-for-change
3	Accord modéré : Le gouvernement veut réduire l’immigration légale et irrégulière, tout en maintenant une approche relativement inclusive de l’intégration. Transposition ou inférence prudente.	Royaume-Uni|Q25|1|https://www.gov.uk/government/news/kings-speech-to-build-a-stronger-and-fairer-britain || Royaume-Uni|Q26|1|https://www.gov.uk/government/news/kings-speech-to-build-a-stronger-and-fairer-britain || Royaume-Uni|Q60|1|https://www.gov.uk/government/news/kings-speech-to-build-a-stronger-and-fairer-britain
3	Accord net : Les missions gouvernementales mettent l’accent sur la sécurité des rues, la prévention et l’efficacité de la police. Position directement documentée.	Royaume-Uni|Q28|2|https://www.gov.uk/government/news/kings-speech-to-build-a-stronger-and-fairer-britain || Royaume-Uni|Q29|2|https://www.gov.uk/government/news/kings-speech-to-build-a-stronger-and-fairer-britain || Royaume-Uni|Q63|2|https://www.gov.uk/government/news/kings-speech-to-build-a-stronger-and-fairer-britain
3	Accord modéré : Le gouvernement Labour combine croissance, investissement public, renforcement des droits du travail et discipline budgétaire modérée. Comparabilité limitée ou position peu explicite.	Royaume-Uni|Q44|1|https://www.gov.uk/government/publications/plan-for-change || Royaume-Uni|Q45|1|https://www.gov.uk/government/publications/plan-for-change || Royaume-Uni|Q50|1|https://www.gov.uk/government/publications/plan-for-change
3	Accord modéré : Le programme combine baisse de l’impôt sur les sociétés et de certains impôts supérieurs, soutien aux entreprises, plein emploi et renforcement de prestations universelles. Transposition ou inférence prudente.	Danemark|Q6|1|https://stm.dk/media/rc1ktdmg/det-politiske-grundlag-for-firkloeverregeringen.pdf || Danemark|Q8|1|https://stm.dk/media/rc1ktdmg/det-politiske-grundlag-for-firkloeverregeringen.pdf || Danemark|Q12|1|https://stm.dk/media/rc1ktdmg/det-politiske-grundlag-for-firkloeverregeringen.pdf
3	Accord fort : Le gouvernement maintient une politique migratoire ferme, l’intégration et les retours, tout en respectant les conventions internationales et l’aide au développement. Position directement documentée.	Danemark|Q24|3|https://stm.dk/media/rc1ktdmg/det-politiske-grundlag-for-firkloeverregeringen.pdf || Danemark|Q58|3|https://stm.dk/media/rc1ktdmg/det-politiske-grundlag-for-firkloeverregeringen.pdf || Danemark|Q78|3|https://stm.dk/media/rc1ktdmg/det-politiske-grundlag-for-firkloeverregeringen.pdf
3	Accord net : La ligne associe sécurité renforcée, État de droit, prévention et protection de la cohésion sociale. Transposition ou inférence prudente.	Danemark|Q28|2|https://stm.dk/media/rc1ktdmg/det-politiske-grundlag-for-firkloeverregeringen.pdf || Danemark|Q29|2|https://stm.dk/media/rc1ktdmg/det-politiske-grundlag-for-firkloeverregeringen.pdf || Danemark|Q63|2|https://stm.dk/media/rc1ktdmg/det-politiske-grundlag-for-firkloeverregeringen.pdf
3	Accord net : codage fondé sur les documents officiels retenus pour le thème « Économie ». Niveau de preuve : analogie prudente, sans proposition parfaitement équivalente.	Pays-Bas|Q6|2|https://www.government.nl/site/binaries/site-content/collections/documents/2026/02/23/2026-2030-coalition-agreement-lets-get-to-work---building-a-better-netherlands/2026-2030-coalition-agreement-let%E2%80%99s-get-to-work-building-a-better-netherlands.pdf || Pays-Bas|Q8|2|https://www.government.nl/site/binaries/site-content/collections/documents/2026/02/23/2026-2030-coalition-agreement-lets-get-to-work---building-a-better-netherlands/2026-2030-coalition-agreement-let%E2%80%99s-get-to-work-building-a-better-netherlands.pdf || Pologne|Q8|2|https://www.gov.pl/web/primeminister/poland-a-year-of-breakthrough---the-prime-minister-unveils-polands-2025-economic-plan
3	Accord modéré : codage fondé sur les documents officiels retenus pour le thème « Social / société ». Niveau de preuve : analogie prudente, sans proposition parfaitement équivalente.	Pays-Bas|Q19|1|https://www.government.nl/site/binaries/site-content/collections/documents/2026/02/23/2026-2030-coalition-agreement-lets-get-to-work---building-a-better-netherlands/2026-2030-coalition-agreement-let%E2%80%99s-get-to-work-building-a-better-netherlands.pdf || Pologne|Q14|1|https://www.gov.pl/web/primeminister/expose || Pologne|Q17|1|https://www.gov.pl/web/primeminister/expose
3	Accord net : codage fondé sur les documents officiels retenus pour le thème « Immigration ». Niveau de preuve : position ou mesure explicitement documentée.	Pays-Bas|Q21|2|https://www.government.nl/site/binaries/site-content/collections/documents/2026/02/23/2026-2030-coalition-agreement-lets-get-to-work---building-a-better-netherlands/2026-2030-coalition-agreement-let%E2%80%99s-get-to-work-building-a-better-netherlands.pdf || Pays-Bas|Q23|2|https://www.government.nl/site/binaries/site-content/collections/documents/2026/02/23/2026-2030-coalition-agreement-lets-get-to-work---building-a-better-netherlands/2026-2030-coalition-agreement-let%E2%80%99s-get-to-work-building-a-better-netherlands.pdf || Pologne|Q23|2|https://www.gov.pl/web/primeminister/taking-back-control-ensuring-security
3	Accord fort : codage fondé sur les documents officiels retenus pour le thème « Immigration ». Niveau de preuve : position ou mesure explicitement documentée.	Pays-Bas|Q24|3|https://www.government.nl/site/binaries/site-content/collections/documents/2026/02/23/2026-2030-coalition-agreement-lets-get-to-work---building-a-better-netherlands/2026-2030-coalition-agreement-let%E2%80%99s-get-to-work-building-a-better-netherlands.pdf || Pologne|Q20|3|https://www.gov.pl/web/primeminister/taking-back-control-ensuring-security || Pologne|Q24|3|https://www.gov.pl/web/primeminister/taking-back-control-ensuring-security
3	Accord net : codage fondé sur les documents officiels retenus pour le thème « Écologie ». Niveau de preuve : position ou mesure explicitement documentée.	Pays-Bas|Q36|2|https://www.government.nl/site/binaries/site-content/collections/documents/2026/02/23/2026-2030-coalition-agreement-lets-get-to-work---building-a-better-netherlands/2026-2030-coalition-agreement-let%E2%80%99s-get-to-work-building-a-better-netherlands.pdf || Pays-Bas|Q67|2|https://www.government.nl/site/binaries/site-content/collections/documents/2026/02/23/2026-2030-coalition-agreement-lets-get-to-work---building-a-better-netherlands/2026-2030-coalition-agreement-let%E2%80%99s-get-to-work-building-a-better-netherlands.pdf || Pays-Bas|Q68|2|https://www.government.nl/site/binaries/site-content/collections/documents/2026/02/23/2026-2030-coalition-agreement-lets-get-to-work---building-a-better-netherlands/2026-2030-coalition-agreement-let%E2%80%99s-get-to-work-building-a-better-netherlands.pdf
3	Accord fort : codage fondé sur les documents officiels retenus pour le thème « Immigration / assimilation ». Niveau de preuve : position ou mesure explicitement documentée.	Pays-Bas|Q58|3|https://www.government.nl/site/binaries/site-content/collections/documents/2026/02/23/2026-2030-coalition-agreement-lets-get-to-work---building-a-better-netherlands/2026-2030-coalition-agreement-let%E2%80%99s-get-to-work-building-a-better-netherlands.pdf || Pays-Bas|Q78|3|https://www.government.nl/site/binaries/site-content/collections/documents/2026/02/23/2026-2030-coalition-agreement-lets-get-to-work---building-a-better-netherlands/2026-2030-coalition-agreement-let%E2%80%99s-get-to-work-building-a-better-netherlands.pdf || Pologne|Q78|3|https://www.gov.pl/web/primeminister/taking-back-control-ensuring-security
2	Désaccord fort : la position est estimée à partir des propositions d'autonomie des établissements, de recrutement et de gestion des enseignants. Niveau de preuve : faisceau d’indices cohérent, sans équivalent toujours parfaitement identique.	LFI|Q84|-3|https://lafranceinsoumise.fr/wp-content/uploads/2024/06/Programme-nouveaufrontpopulaire.pdf || PCF|Q84|-3|https://www.pcf.fr/feuille_de_route_confnat_pcf
2	Désaccord fort : le vote ou la politique officielle sur le soutien durable à l'Ukraine constitue l'indicateur principal. Niveau de preuve : preuve directe ou politique explicitement documentée.	LFI|Q87|-2|https://www.assemblee-nationale.fr/dyn/17/scrutins/988 || PCF|Q87|-2|https://www.assemblee-nationale.fr/dyn/17/scrutins/988
2	Désaccord fort : la source retenue porte sur l'extension européenne de la dissuasion ou, pour les pays non dotés, sur la protection nucléaire alliée. Niveau de preuve : faisceau d’indices cohérent, sans équivalent toujours parfaitement identique.	LFI|Q88|-3|https://lafranceinsoumise.fr/2019/02/05/question-ecrite-sur-la-dissuasion-nucleaire-dans-le-traite-daix-la-chapelle/ || Reconquête|Q88|-3|https://www.parti-reconquete.fr/
2	Accord net : le modèle de prestations familiales et la ligne programmatique permettent d'estimer la préférence pour l'universalité ou le ciblage. Niveau de preuve : estimation prudente à partir de la ligne générale.	LFI|Q91|2|https://lafranceinsoumise.fr/wp-content/uploads/2024/06/Programme-nouveaufrontpopulaire.pdf || MoDem|Q91|2|https://www.mouvementdemocrate.fr/
2	Position équilibrée ou non tranchée : codage cohérent avec la ligne programmatique générale du parti sur social / société.	PCF|Q19|0|https://www.pcf.fr/immigration_est_un_enjeu_de_classe || Nouvelle Énergie|Q14|0|https://www.unenouvelleenergie.fr/notre-programme/
2	Désaccord fort : codage cohérent avec la ligne programmatique générale du parti sur immigration / assimilation.	PCF|Q57|-3|https://www.pcf.fr/immigration_est_un_enjeu_de_classe || Reconquête|Q59|-3|https://www.parti-reconquete.fr/
2	Accord net : preuve primaire directe ou proposition officielle très proche ; le niveau de confiance documentaire a été réévalué indépendamment de l’intensité de la réponse.	PCF|Q86|2|https://www.pcf.fr/feuille_de_route_confnat_pcf || PS|Q5|2|https://parti-socialiste.fr/vie-parlementaire/notre-declaration-politique-17eme-legislature/
2	Accord net : le modèle de prestations familiales et la ligne programmatique permettent d'estimer la préférence pour l'universalité ou le ciblage. Niveau de preuve : faisceau d’indices cohérent, sans équivalent toujours parfaitement identique.	PCF|Q91|2|https://www.pcf.fr/feuille_de_route_confnat_pcf || Suisse|Q91|2|https://www.bsv.admin.ch/bsv/fr/home/assurances-sociales/famz.html
2	Désaccord net : la position est estimée à partir des propositions d'autonomie des établissements, de recrutement et de gestion des enseignants. Niveau de preuve : estimation prudente à partir de la ligne générale.	Les Écologistes|Q84|-2|https://lesecologistes.fr/document/5ZhR2m5t2ZaGKqIdD1bJaD/vdef-programme-1.pdf || PS|Q84|-2|https://parti-socialiste.fr/vie-parlementaire/notre-declaration-politique-17eme-legislature/
2	Accord fort : la source retenue précise le degré de régulation souhaité pour les meublés touristiques et les pouvoirs locaux. Niveau de preuve : preuve directe ou politique explicitement documentée.	Les Écologistes|Q86|3|https://lesecologistes.fr/document/5ZhR2m5t2ZaGKqIdD1bJaD/vdef-programme-1.pdf || Espagne|Q86|3|https://www.lamoncloa.gob.es/serviciosdeprensa/notasprensa/vivienda-agenda-urbana/paginas/2025/070425-rodriguez-alquiler-turistico.aspx
2	Accord modéré : le vote ou la politique publique sur l'âge d'accès aux réseaux sociaux permet de distinguer interdiction stricte, autorisation parentale et régulation plus souple. Niveau de preuve : preuve directe ou politique explicitement documentée.	Les Écologistes|Q92|1|https://www.assemblee-nationale.fr/dyn/17/scrutins/8431 || PS|Q92|1|https://www.assemblee-nationale.fr/dyn/17/scrutins/8431
2	Accord fort : la source retenue porte sur l'extension européenne de la dissuasion ou, pour les pays non dotés, sur la protection nucléaire alliée. Niveau de preuve : preuve directe ou politique explicitement documentée.	PS|Q88|3|https://parti-socialiste.fr/communiques-de-presse/dissuasion-nucleaire-francaise-le-ps-salue-une-ambition-europeenne-desormais-a-demontrer/ || Renaissance|Q88|3|https://ensemble-2024.fr/notre-projet
2	Désaccord net : le programme de santé retenu permet d'estimer la place accordée à l'assurance publique et aux complémentaires. Niveau de preuve : preuve directe ou politique explicitement documentée.	Renaissance|Q82|-2|https://ensemble-2024.fr/notre-projet || Allemagne|Q82|-2|https://www.bundesregierung.de/breg-de/aktuelles/koalitionsvertrag-2025-2340970
2	Position équilibrée ou non tranchée : codage cohérent avec la ligne programmatique générale du parti sur économie.	MoDem|Q3|0|https://www.mouvementdemocrate.fr/actualites/marc-fesneau-un-chemin-vers-un-cap-collectif-et-vers-jose-le-mot-une-esperance-video || MoDem|Q5|0|https://www.mouvementdemocrate.fr/actualites/marc-fesneau-un-chemin-vers-un-cap-collectif-et-vers-jose-le-mot-une-esperance-video
2	Réserve : codage cohérent avec la ligne programmatique générale du parti sur économie.	MoDem|Q7|-1|https://www.mouvementdemocrate.fr/actualites/marc-fesneau-un-chemin-vers-un-cap-collectif-et-vers-jose-le-mot-une-esperance-video || Horizons|Q7|-1|https://horizonsleparti.fr/le-manifeste/
2	Accord modéré : codage cohérent avec la ligne programmatique générale du parti sur immigration.	MoDem|Q26|1|https://www.mouvementdemocrate.fr/ || Horizons|Q23|1|https://horizonsleparti.fr/le-manifeste/
2	Accord net : codage cohérent avec la ligne programmatique générale du parti sur europe.	MoDem|Q41|2|https://www.mouvementdemocrate.fr/ || Horizons|Q41|2|https://horizonsleparti.fr/le-manifeste/
2	Accord net : codage cohérent avec la ligne programmatique générale du parti sur état / entreprises.	MoDem|Q53|2|https://www.mouvementdemocrate.fr/actualites/marc-fesneau-un-chemin-vers-un-cap-collectif-et-vers-jose-le-mot-une-esperance-video || RN|Q53|2|https://rassemblementnational.fr/documents/202406-programme.pdf
2	Accord net : codage cohérent avec la ligne programmatique générale du parti sur immigration / assimilation.	MoDem|Q59|2|https://www.mouvementdemocrate.fr/ || Horizons|Q60|2|https://horizonsleparti.fr/le-manifeste/
2	Accord modéré : codage cohérent avec la ligne programmatique générale du parti sur institutions.	MoDem|Q74|1|https://www.mouvementdemocrate.fr/actualites/marc-fesneau-un-chemin-vers-un-cap-collectif-et-vers-jose-le-mot-une-esperance-video || Reconquête|Q77|1|https://www.parti-reconquete.fr/
2	Accord modéré : la position est estimée à partir des propositions d'autonomie des établissements, de recrutement et de gestion des enseignants. Niveau de preuve : estimation prudente à partir de la ligne générale.	MoDem|Q84|1|https://www.mouvementdemocrate.fr/ || RN|Q84|1|https://rassemblementnational.fr/documents/202406-programme.pdf
2	Accord fort : la source retenue porte sur l'extension européenne de la dissuasion ou, pour les pays non dotés, sur la protection nucléaire alliée. Niveau de preuve : faisceau d’indices cohérent, sans équivalent toujours parfaitement identique.	MoDem|Q88|3|https://www.mouvementdemocrate.fr/ || Horizons|Q88|3|https://horizonsleparti.fr/le-manifeste/
2	Position équilibrée ou non tranchée : codage cohérent avec la ligne programmatique générale du parti sur état.	Horizons|Q10|0|https://horizonsleparti.fr/le-manifeste/ || Horizons|Q12|0|https://horizonsleparti.fr/le-manifeste/
2	Accord fort : codage cohérent avec la ligne programmatique générale du parti sur travail / chômage.	Horizons|Q46|2|https://horizonsleparti.fr/le-manifeste/ || Reconquête|Q46|2|https://www.parti-reconquete.fr/
2	Accord fort : codage cohérent avec la ligne programmatique générale du parti sur protection sociale.	Horizons|Q51|2|https://horizonsleparti.fr/le-manifeste/ || Reconquête|Q51|2|https://www.parti-reconquete.fr/
2	Position neutre, partagée ou non arrêtée : la position est estimée à partir des propositions sur l'enseignement privé, son financement et la mixité sociale. Niveau de preuve : estimation prudente à partir de la ligne générale.	Horizons|Q85|0|https://horizonsleparti.fr/le-manifeste/ || Royaume-Uni|Q85|0|https://www.gov.uk/government/news/kings-speech-to-build-a-stronger-and-fairer-britain
2	Position neutre, partagée ou non arrêtée : le vote, la loi ou la position gouvernementale sur l'aide à mourir fournit un équivalent direct ou très proche. Niveau de preuve : preuve directe ou politique explicitement documentée.	Horizons|Q89|0|https://www.assemblee-nationale.fr/dyn/17/scrutins/2107 || Royaume-Uni|Q89|0|https://www.gov.uk/government/collections/terminally-ill-adults-end-of-life-bill
2	Position équilibrée ou non tranchée : codage cohérent avec la ligne programmatique générale du parti sur écologie.	LR|Q36|0|https://republicains.fr/nos-idees/ || Nouvelle Énergie|Q36|0|https://www.unenouvelleenergie.fr/notre-programme/
2	Position équilibrée ou non tranchée : codage cohérent avec la ligne programmatique générale du parti sur état / entreprises.	LR|Q53|0|https://republicains.fr/nos-idees/ || Reconquête|Q53|0|https://www.parti-reconquete.fr/
2	Réserve : le document retenu permet d'arbitrer entre maintien de la proximité hospitalière et concentration des moyens. Niveau de preuve : estimation prudente à partir de la ligne générale.	LR|Q83|-1|https://republicains.fr/nos-idees/ || Reconquête|Q83|-1|https://www.parti-reconquete.fr/
2	Accord fort : la position est estimée à partir des propositions d'autonomie des établissements, de recrutement et de gestion des enseignants. Niveau de preuve : preuve directe ou politique explicitement documentée.	Nouvelle Énergie|Q84|3|https://www.unenouvelleenergie.fr/notre-programme/education/ || Royaume-Uni|Q84|3|https://www.gov.uk/government/news/kings-speech-to-build-a-stronger-and-fairer-britain
2	Désaccord net : la source retenue précise le degré de régulation souhaité pour les meublés touristiques et les pouvoirs locaux. Niveau de preuve : estimation prudente à partir de la ligne générale.	Nouvelle Énergie|Q86|-2|https://www.unenouvelleenergie.fr/notre-programme/ || Reconquête|Q86|-2|https://www.parti-reconquete.fr/
2	Accord fort : le modèle de prestations familiales et la ligne programmatique permettent d'estimer la préférence pour l'universalité ou le ciblage. Niveau de preuve : faisceau d’indices cohérent, sans équivalent toujours parfaitement identique.	Nouvelle Énergie|Q91|2|https://www.unenouvelleenergie.fr/notre-programme/ || Reconquête|Q91|2|https://www.parti-reconquete.fr/
2	Désaccord net : codage fondé sur les documents officiels retenus pour le thème « Économie ». Niveau de preuve : orientation cohérente étayée par plusieurs éléments.	UDR|Q5|-2|https://www.assemblee-nationale.fr/dyn/17/amendements/2247/CION_FIN/CF912 || UDR|Q7|-2|https://www.assemblee-nationale.fr/dyn/17/amendements/2247/CION_FIN/CF912
2	Désaccord net : codage fondé sur les documents officiels retenus pour le thème « Europe ». Niveau de preuve : analogie prudente, sans proposition parfaitement équivalente.	UDR|Q38|-2|https://www.udr.fr/ || UDR|Q41|-2|https://www.udr.fr/
2	Accord modéré : codage fondé sur les documents officiels retenus pour le thème « Europe ». Niveau de preuve : analogie prudente, sans proposition parfaitement équivalente.	UDR|Q40|1|https://www.udr.fr/ || Pologne|Q41|1|https://www.gov.pl/web/primeminister/poland-doubles-down-on-alliances-as-pm-tusk-returns-from-epc-summit
2	Désaccord net : codage fondé sur les documents officiels retenus pour le thème « Fiscalité / patrimoine ». Niveau de preuve : analogie prudente, sans proposition parfaitement équivalente.	UDR|Q45|-2|https://www.assemblee-nationale.fr/dyn/17/amendements/2247/CION_FIN/CF912 || Pologne|Q44|-2|https://www.gov.pl/web/primeminister/poland-a-year-of-breakthrough---the-prime-minister-unveils-polands-2025-economic-plan
2	Accord fort : codage fondé sur les documents officiels retenus pour le thème « Famille / prestations ». Niveau de preuve : position ou mesure explicitement documentée.	UDR|Q91|3|https://www.assemblee-nationale.fr/dyn/17/textes/l17b2750_proposition-resolution.pdf || Pologne|Q91|3|https://www.gov.pl/web/primeminister/expose
2	Désaccord net : codage cohérent avec la ligne programmatique générale du parti sur écologie.	RN|Q33|-2|https://rassemblementnational.fr/documents/202411-programme-europeennes.pdf || Reconquête|Q33|-2|https://www.parti-reconquete.fr/
2	Désaccord net : codage cohérent avec la ligne programmatique générale du parti sur état.	Reconquête|Q10|-2|https://www.parti-reconquete.fr/ || Reconquête|Q12|-2|https://www.parti-reconquete.fr/
2	Accord fort : codage cohérent avec la ligne programmatique générale du parti sur immigration.	Reconquête|Q23|3|https://www.parti-reconquete.fr/ || Reconquête|Q25|3|https://www.parti-reconquete.fr/
2	Accord fort : codage cohérent avec la ligne programmatique générale du parti sur europe.	Reconquête|Q39|3|https://www.parti-reconquete.fr/ || Reconquête|Q42|3|https://www.parti-reconquete.fr/
2	Accord modéré : L’accord CDU/CSU–SPD combine compétitivité, allègement administratif, investissement public et maintien de l’État social. Position directement documentée.	Allemagne|Q5|1|https://www.bundesregierung.de/breg-de/aktuelles/koalitionsvertrag-2025-2340970 || Allemagne|Q10|1|https://www.bundesregierung.de/breg-de/aktuelles/koalitionsvertrag-2025-2340970
2	Accord net : La coalition est socialement modérée : protection des libertés et lutte contre les discriminations, avec une place maintenue pour les traditions. Transposition ou inférence prudente.	Allemagne|Q14|2|https://www.bundesregierung.de/breg-de/aktuelles/koalitionsvertrag-2025-2340970 || Allemagne|Q17|2|https://www.bundesregierung.de/breg-de/aktuelles/koalitionsvertrag-2025-2340970
2	Accord net : Le gouvernement veut réduire l’immigration irrégulière tout en facilitant l’immigration qualifiée et l’intégration. Position directement documentée.	Allemagne|Q20|2|https://www.bundesregierung.de/breg-de/aktuelles/koalitionsvertrag-2025-2340970 || Allemagne|Q21|2|https://www.bundesregierung.de/breg-de/aktuelles/koalitionsvertrag-2025-2340970
2	Accord fort : Le gouvernement veut réduire l’immigration irrégulière tout en facilitant l’immigration qualifiée et l’intégration. Position directement documentée.	Allemagne|Q24|3|https://www.bundesregierung.de/breg-de/aktuelles/koalitionsvertrag-2025-2340970 || Allemagne|Q58|3|https://www.bundesregierung.de/breg-de/aktuelles/koalitionsvertrag-2025-2340970
2	Accord net : La ligne gouvernementale renforce les moyens de sécurité et l’exécution des décisions, sous contrôle de l’État de droit. Transposition ou inférence prudente.	Allemagne|Q29|2|https://www.bundesregierung.de/breg-de/aktuelles/koalitionsvertrag-2025-2340970 || Allemagne|Q63|2|https://www.bundesregierung.de/breg-de/aktuelles/koalitionsvertrag-2025-2340970
2	Accord net : Le gouvernement Merz est nettement pro-européen et favorable à une Europe plus capable d’agir. Position directement documentée.	Allemagne|Q38|2|https://www.bundesregierung.de/breg-de/aktuelles/koalitionsvertrag-2025-2340970 || Allemagne|Q41|2|https://www.bundesregierung.de/breg-de/aktuelles/koalitionsvertrag-2025-2340970
2	Désaccord net : Le gouvernement Merz est nettement pro-européen et favorable à une Europe plus capable d’agir. Transposition ou inférence prudente.	Allemagne|Q39|-2|https://www.bundesregierung.de/breg-de/aktuelles/koalitionsvertrag-2025-2340970 || Allemagne|Q42|-2|https://www.bundesregierung.de/breg-de/aktuelles/koalitionsvertrag-2025-2340970
2	Réserve : L’accord CDU/CSU–SPD combine compétitivité, allègement administratif, investissement public et maintien de l’État social. Comparabilité limitée ou position peu explicite.	Allemagne|Q44|-1|https://www.bundesregierung.de/breg-de/aktuelles/koalitionsvertrag-2025-2340970 || Allemagne|Q45|-1|https://www.bundesregierung.de/breg-de/aktuelles/koalitionsvertrag-2025-2340970
2	Accord modéré : Le système parlementaire et fédéral allemand privilégie les coalitions, les contre-pouvoirs et l’expertise. Transposition ou inférence prudente.	Allemagne|Q72|1|https://www.bundesregierung.de/breg-en/federal-cabinet || Allemagne|Q73|1|https://www.bundesregierung.de/breg-en/federal-cabinet
2	Réserve : Le système parlementaire et fédéral allemand privilégie les coalitions, les contre-pouvoirs et l’expertise. Comparabilité limitée ou position peu explicite.	Allemagne|Q75|-1|https://www.bundesregierung.de/breg-en/federal-cabinet || Allemagne|Q76|-1|https://www.bundesregierung.de/breg-en/federal-cabinet
2	Accord fort : La coalition PSOE–Sumar défend un État social renforcé, la redistribution, les droits du travail et une intervention publique active. Position directement documentée.	Espagne|Q10|3|https://www.lamoncloa.gob.es/Documents/2025/appendix-II-map-of-commitments-december.pdf || Espagne|Q53|3|https://www.lamoncloa.gob.es/Documents/2025/appendix-II-map-of-commitments-december.pdf
2	Désaccord net : La coalition PSOE–Sumar défend un État social renforcé, la redistribution, les droits du travail et une intervention publique active. Transposition ou inférence prudente.	Espagne|Q13|-2|https://www.lamoncloa.gob.es/Documents/2025/appendix-II-map-of-commitments-december.pdf || Espagne|Q55|-2|https://www.lamoncloa.gob.es/Documents/2025/appendix-II-map-of-commitments-december.pdf
2	Accord fort : Le gouvernement est progressiste sur l’égalité, les modes de vie et la lutte contre les discriminations. Position directement documentée.	Espagne|Q14|3|https://www.lamoncloa.gob.es/Documents/2025/appendix-II-map-of-commitments-december.pdf || Espagne|Q17|3|https://www.lamoncloa.gob.es/Documents/2025/appendix-II-map-of-commitments-december.pdf
2	Désaccord net : La ligne est relativement ouverte et fondée sur les droits, avec maintien des expulsions en cas de criminalité grave. Transposition ou inférence prudente.	Espagne|Q20|-2|https://www.lamoncloa.gob.es/Documents/2025/appendix-II-map-of-commitments-december.pdf || Espagne|Q57|-2|https://www.lamoncloa.gob.es/Documents/2025/appendix-II-map-of-commitments-december.pdf
2	Accord net : La transition écologique, les renouvelables et la réglementation climatique sont des priorités gouvernementales. Transposition ou inférence prudente.	Espagne|Q33|2|https://www.lamoncloa.gob.es/Documents/2025/appendix-II-map-of-commitments-december.pdf || Espagne|Q37|2|https://www.lamoncloa.gob.es/Documents/2025/appendix-II-map-of-commitments-december.pdf
2	Désaccord net : Le gouvernement Sánchez est fortement pro-européen et favorable à davantage d’action commune. Transposition ou inférence prudente.	Espagne|Q39|-2|https://www.lamoncloa.gob.es/Documents/2025/appendix-II-map-of-commitments-december.pdf || Espagne|Q42|-2|https://www.lamoncloa.gob.es/Documents/2025/appendix-II-map-of-commitments-december.pdf
2	Accord fort : Le gouvernement Sánchez est fortement pro-européen et favorable à davantage d’action commune. Position directement documentée.	Espagne|Q40|3|https://www.lamoncloa.gob.es/Documents/2025/appendix-II-map-of-commitments-december.pdf || Espagne|Q41|3|https://www.lamoncloa.gob.es/Documents/2025/appendix-II-map-of-commitments-december.pdf
2	Accord modéré : La priorité est davantage donnée à la prévention, aux garanties juridiques et à la réinsertion qu’au durcissement pénal. Transposition ou inférence prudente.	Espagne|Q63|1|https://www.lamoncloa.gob.es/lang/en/presidente/intervenciones/paginas/2025/20250728-political-year-assessment-speech.aspx || Espagne|Q64|1|https://www.lamoncloa.gob.es/lang/en/presidente/intervenciones/paginas/2025/20250728-political-year-assessment-speech.aspx
2	Accord modéré : La coalition minoritaire valorise le parlementarisme, la proportionnelle et la négociation entre groupes. Comparabilité limitée ou position peu explicite.	Espagne|Q72|1|https://www.lamoncloa.gob.es/lang/en/presidente/intervenciones/paginas/2025/20250728-political-year-assessment-speech.aspx || Espagne|Q73|1|https://www.lamoncloa.gob.es/lang/en/presidente/intervenciones/paginas/2025/20250728-political-year-assessment-speech.aspx
2	Réserve : La coalition minoritaire valorise le parlementarisme, la proportionnelle et la négociation entre groupes. Comparabilité limitée ou position peu explicite.	Espagne|Q75|-1|https://www.lamoncloa.gob.es/lang/en/presidente/intervenciones/paginas/2025/20250728-political-year-assessment-speech.aspx || Espagne|Q76|-1|https://www.lamoncloa.gob.es/lang/en/presidente/intervenciones/paginas/2025/20250728-political-year-assessment-speech.aspx
2	Accord net : Le Conseil fédéral suit une économie sociale de marché relativement libérale, avec discipline budgétaire et protection sociale multipiliers. Transposition ou inférence prudente.	Suisse|Q6|2|https://www.bfs.admin.ch/bfs/en/home/statistics/cross-sectional-topics/monitoring-legislature-plan.html || Suisse|Q13|2|https://www.bfs.admin.ch/bfs/en/home/statistics/cross-sectional-topics/monitoring-legislature-plan.html
2	Accord modéré : Le consensus gouvernemental est modérément libéral sur les droits individuels, tout en restant prudent sur les transformations sociales. Transposition ou inférence prudente.	Suisse|Q14|1|https://www.bfs.admin.ch/bfs/en/home/statistics/cross-sectional-topics/monitoring-legislature-plan.html || Suisse|Q17|1|https://www.bfs.admin.ch/bfs/en/home/statistics/cross-sectional-topics/monitoring-legislature-plan.html
2	Accord fort : La Suisse privilégie l’immigration économique contrôlée, l’intégration et des conditions strictes de séjour durable. Transposition ou inférence prudente.	Suisse|Q24|3|https://www.bfs.admin.ch/bfs/en/home/statistics/cross-sectional-topics/monitoring-legislature-plan.html || Suisse|Q78|3|https://www.bfs.admin.ch/bfs/en/home/statistics/cross-sectional-topics/monitoring-legislature-plan.html
2	Accord net : La politique combine prévention, police efficace et fortes garanties de l’État de droit. Transposition ou inférence prudente.	Suisse|Q28|2|https://www.bfs.admin.ch/bfs/en/home/statistics/cross-sectional-topics/monitoring-legislature-plan.html || Suisse|Q64|2|https://www.bfs.admin.ch/bfs/en/home/statistics/cross-sectional-topics/monitoring-legislature-plan.html
2	Accord modéré : La stratégie climatique repose largement sur la technologie, les incitations économiques et une mise en œuvre compatible avec la compétitivité. Transposition ou inférence prudente.	Suisse|Q32|1|https://www.bfs.admin.ch/bfs/en/home/statistics/cross-sectional-topics/monitoring-legislature-plan.html || Suisse|Q33|1|https://www.bfs.admin.ch/bfs/en/home/statistics/cross-sectional-topics/monitoring-legislature-plan.html
2	Position de compromis : La stratégie climatique repose largement sur la technologie, les incitations économiques et une mise en œuvre compatible avec la compétitivité. Transposition ou inférence prudente.	Suisse|Q36|0|https://www.bfs.admin.ch/bfs/en/home/statistics/cross-sectional-topics/monitoring-legislature-plan.html || Suisse|Q37|0|https://www.bfs.admin.ch/bfs/en/home/statistics/cross-sectional-topics/monitoring-legislature-plan.html
2	Position de compromis : La Suisse recherche des accords étroits avec l’Europe tout en maintenant sa souveraineté et son statut hors UE. Comparabilité limitée ou position peu explicite.	Suisse|Q40|0|https://www.eda.admin.ch/en/foreign-policy-strategy-2024-27 || Suisse|Q42|0|https://www.eda.admin.ch/en/foreign-policy-strategy-2024-27
2	Accord modéré : Le Conseil fédéral suit une économie sociale de marché relativement libérale, avec discipline budgétaire et protection sociale multipiliers. Comparabilité limitée ou position peu explicite.	Suisse|Q53|1|https://www.bfs.admin.ch/bfs/en/home/statistics/cross-sectional-topics/monitoring-legislature-plan.html || Suisse|Q54|1|https://www.bfs.admin.ch/bfs/en/home/statistics/cross-sectional-topics/monitoring-legislature-plan.html
2	Accord modéré : La Suisse privilégie l’immigration économique contrôlée, l’intégration et des conditions strictes de séjour durable. Comparabilité limitée ou position peu explicite.	Suisse|Q60|1|https://www.bfs.admin.ch/bfs/en/home/statistics/cross-sectional-topics/monitoring-legislature-plan.html || Suisse|Q79|1|https://www.bfs.admin.ch/bfs/en/home/statistics/cross-sectional-topics/monitoring-legislature-plan.html
2	Réserve : La démocratie directe, le fédéralisme, la proportionnelle et le gouvernement collégial structurent fortement le système suisse. Transposition ou inférence prudente.	Suisse|Q72|-1|https://www.aboutswitzerland.eda.admin.ch/en/political-system || Suisse|Q73|-1|https://www.aboutswitzerland.eda.admin.ch/en/political-system
2	Accord fort : La démocratie directe, le fédéralisme, la proportionnelle et le gouvernement collégial structurent fortement le système suisse. Position directement documentée.	Suisse|Q74|3|https://www.aboutswitzerland.eda.admin.ch/en/political-system || Suisse|Q77|3|https://www.aboutswitzerland.eda.admin.ch/en/political-system
2	Désaccord net : La démocratie directe, le fédéralisme, la proportionnelle et le gouvernement collégial structurent fortement le système suisse. Transposition ou inférence prudente.	Suisse|Q75|-2|https://www.aboutswitzerland.eda.admin.ch/en/political-system || Suisse|Q76|-2|https://www.aboutswitzerland.eda.admin.ch/en/political-system
2	Désaccord net : Le programme Orpo privilégie le travail, l’entrepreneuriat, la réduction du déficit, les réformes du marché du travail et la baisse des obstacles réglementaires. Transposition ou inférence prudente.	Finlande|Q3|-2|https://valtioneuvosto.fi/en/governments/government-programme || Finlande|Q5|-2|https://valtioneuvosto.fi/en/governments/government-programme
2	Accord net : Le programme Orpo privilégie le travail, l’entrepreneuriat, la réduction du déficit, les réformes du marché du travail et la baisse des obstacles réglementaires. Position directement documentée.	Finlande|Q6|2|https://valtioneuvosto.fi/en/governments/government-programme || Finlande|Q55|2|https://valtioneuvosto.fi/en/governments/government-programme
2	Accord modéré : La coalition augmente les moyens policiers et les pouvoirs de sécurité dans un contexte géopolitique dégradé. Comparabilité limitée ou position peu explicite.	Finlande|Q28|1|https://valtioneuvosto.fi/en/governments/government-programme || Finlande|Q64|1|https://valtioneuvosto.fi/en/governments/government-programme
2	Accord net : La coalition augmente les moyens policiers et les pouvoirs de sécurité dans un contexte géopolitique dégradé. Position directement documentée.	Finlande|Q29|2|https://valtioneuvosto.fi/en/governments/government-programme || Finlande|Q63|2|https://valtioneuvosto.fi/en/governments/government-programme
2	Réserve : Le programme Orpo privilégie le travail, l’entrepreneuriat, la réduction du déficit, les réformes du marché du travail et la baisse des obstacles réglementaires. Comparabilité limitée ou position peu explicite.	Finlande|Q44|-1|https://valtioneuvosto.fi/en/governments/government-programme || Finlande|Q45|-1|https://valtioneuvosto.fi/en/governments/government-programme
2	Accord modéré : La Finlande poursuit la neutralité carbone en privilégiant la technologie, le nucléaire, les renouvelables et la compétitivité. Transposition ou inférence prudente.	Finlande|Q67|1|https://valtioneuvosto.fi/en/governments/government-programme || Finlande|Q68|1|https://valtioneuvosto.fi/en/governments/government-programme
2	Accord modéré : Le système parlementaire finlandais maintient des contre-pouvoirs forts et une culture de coalition. Comparabilité limitée ou position peu explicite.	Finlande|Q72|1|https://valtioneuvosto.fi/en/-/outcome-of-the-negotiations-on-the-new-government-programme-a-strong-and-committed-finland || Finlande|Q73|1|https://valtioneuvosto.fi/en/-/outcome-of-the-negotiations-on-the-new-government-programme-a-strong-and-committed-finland
2	Accord net : la source retenue porte sur l'extension européenne de la dissuasion ou, pour les pays non dotés, sur la protection nucléaire alliée. Niveau de preuve : faisceau d’indices cohérent, sans équivalent toujours parfaitement identique.	Finlande|Q88|2|https://valtioneuvosto.fi/en/-/236553176/finland-to-participate-in-nato-s-annual-nuclear-deterrence-exercise || Royaume-Uni|Q88|2|https://www.gov.uk/government/news/unbreakable-bond-between-uk-and-ukraine-will-continue-under-my-government-26-july-2026
2	Accord net : La ligne Labour est progressiste sur les droits et les discriminations, avec un discours plus communautaire et territorial sous Andy Burnham. Transposition ou inférence prudente.	Royaume-Uni|Q14|2|https://www.gov.uk/government/publications/plan-for-change || Royaume-Uni|Q17|2|https://www.gov.uk/government/publications/plan-for-change
2	Accord net : Le gouvernement veut réduire l’immigration légale et irrégulière, tout en maintenant une approche relativement inclusive de l’intégration. Position directement documentée.	Royaume-Uni|Q20|2|https://www.gov.uk/government/news/kings-speech-to-build-a-stronger-and-fairer-britain || Royaume-Uni|Q58|2|https://www.gov.uk/government/news/kings-speech-to-build-a-stronger-and-fairer-britain
2	Accord net : Le gouvernement veut réduire l’immigration légale et irrégulière, tout en maintenant une approche relativement inclusive de l’intégration. Transposition ou inférence prudente.	Royaume-Uni|Q21|2|https://www.gov.uk/government/news/kings-speech-to-build-a-stronger-and-fairer-britain || Royaume-Uni|Q61|2|https://www.gov.uk/government/news/kings-speech-to-build-a-stronger-and-fairer-britain
2	Accord modéré : Le gouvernement poursuit une transition énergétique ambitieuse, avec Great British Energy, le nucléaire et les renouvelables. Transposition ou inférence prudente.	Royaume-Uni|Q35|1|https://www.gov.uk/government/publications/plan-for-change || Royaume-Uni|Q71|1|https://www.gov.uk/government/publications/plan-for-change
2	Accord net : Le gouvernement poursuit une transition énergétique ambitieuse, avec Great British Energy, le nucléaire et les renouvelables. Transposition ou inférence prudente.	Royaume-Uni|Q36|2|https://www.gov.uk/government/publications/plan-for-change || Royaume-Uni|Q37|2|https://www.gov.uk/government/publications/plan-for-change
2	Position de compromis : Le Royaume-Uni reste hors UE ; le gouvernement Labour recherche cependant des relations plus étroites avec l’Europe. Comparabilité limitée ou position peu explicite.	Royaume-Uni|Q38|0|https://www.gov.uk/government/publications/plan-for-change || Royaume-Uni|Q41|0|https://www.gov.uk/government/publications/plan-for-change
2	Réserve : Le système britannique conserve un exécutif fort, tout en développant la décentralisation et les pouvoirs locaux. Comparabilité limitée ou position peu explicite.	Royaume-Uni|Q74|-1|https://www.gov.uk/government/news/prime-minister-pledges-growth-in-every-postcode-across-whole-of-uk-as-he-visits-scotland || Royaume-Uni|Q75|-1|https://www.gov.uk/government/news/prime-minister-pledges-growth-in-every-postcode-across-whole-of-uk-as-he-visits-scotland
2	Position de compromis : Le programme combine baisse de l’impôt sur les sociétés et de certains impôts supérieurs, soutien aux entreprises, plein emploi et renforcement de prestations universelles. Transposition ou inférence prudente.	Danemark|Q2|0|https://stm.dk/media/rc1ktdmg/det-politiske-grundlag-for-firkloeverregeringen.pdf || Danemark|Q3|0|https://stm.dk/media/rc1ktdmg/det-politiske-grundlag-for-firkloeverregeringen.pdf
2	Réserve : Le programme combine baisse de l’impôt sur les sociétés et de certains impôts supérieurs, soutien aux entreprises, plein emploi et renforcement de prestations universelles. Position peu explicite ou comparaison institutionnelle limitée.	Danemark|Q7|-1|https://stm.dk/media/rc1ktdmg/det-politiske-grundlag-for-firkloeverregeringen.pdf || Danemark|Q45|-1|https://stm.dk/media/rc1ktdmg/det-politiske-grundlag-for-firkloeverregeringen.pdf
2	Accord net : La coalition est socialement progressiste, mais insiste aussi sur la culture commune, la cohésion et les institutions collectives. Transposition ou inférence prudente.	Danemark|Q14|2|https://stm.dk/media/rc1ktdmg/det-politiske-grundlag-for-firkloeverregeringen.pdf || Danemark|Q17|2|https://stm.dk/media/rc1ktdmg/det-politiske-grundlag-for-firkloeverregeringen.pdf
2	Accord net : Le gouvernement se présente comme très vert, accélère l’électrification et les renouvelables et accepte des instruments fiscaux et réglementaires. Transposition ou inférence prudente.	Danemark|Q36|2|https://stm.dk/media/rc1ktdmg/det-politiske-grundlag-for-firkloeverregeringen.pdf || Danemark|Q37|2|https://stm.dk/media/rc1ktdmg/det-politiske-grundlag-for-firkloeverregeringen.pdf
2	Accord net : Le programme combine baisse de l’impôt sur les sociétés et de certains impôts supérieurs, soutien aux entreprises, plein emploi et renforcement de prestations universelles. Position directement documentée.	Danemark|Q46|2|https://stm.dk/media/rc1ktdmg/det-politiske-grundlag-for-firkloeverregeringen.pdf || Danemark|Q51|2|https://stm.dk/media/rc1ktdmg/det-politiske-grundlag-for-firkloeverregeringen.pdf
2	Accord net : Le gouvernement se présente comme très vert, accélère l’électrification et les renouvelables et accepte des instruments fiscaux et réglementaires. Position directement documentée.	Danemark|Q67|2|https://stm.dk/media/rc1ktdmg/det-politiske-grundlag-for-firkloeverregeringen.pdf || Danemark|Q68|2|https://stm.dk/media/rc1ktdmg/det-politiske-grundlag-for-firkloeverregeringen.pdf
2	Accord modéré : Le système parlementaire danois privilégie les coalitions, les compromis, les partenaires sociaux et la représentation proportionnelle. Position peu explicite ou comparaison institutionnelle limitée.	Danemark|Q72|1|https://stm.dk/media/rc1ktdmg/det-politiske-grundlag-for-firkloeverregeringen.pdf || Danemark|Q73|1|https://stm.dk/media/rc1ktdmg/det-politiske-grundlag-for-firkloeverregeringen.pdf
2	Accord net : codage fondé sur les documents officiels retenus pour le thème « État ». Niveau de preuve : position ou mesure explicitement documentée.	Pays-Bas|Q9|2|https://www.government.nl/site/binaries/site-content/collections/documents/2026/02/23/2026-2030-coalition-agreement-lets-get-to-work---building-a-better-netherlands/2026-2030-coalition-agreement-let%E2%80%99s-get-to-work-building-a-better-netherlands.pdf || Pologne|Q10|2|https://www.gov.pl/web/primeminister/poland-a-year-of-breakthrough---the-prime-minister-unveils-polands-2025-economic-plan
2	Accord modéré : codage fondé sur les documents officiels retenus pour le thème « Sécurité / justice ». Niveau de preuve : analogie prudente, sans proposition parfaitement équivalente.	Pays-Bas|Q27|1|https://www.government.nl/site/binaries/site-content/collections/documents/2026/02/23/2026-2030-coalition-agreement-lets-get-to-work---building-a-better-netherlands/2026-2030-coalition-agreement-let%E2%80%99s-get-to-work-building-a-better-netherlands.pdf || Pologne|Q28|1|https://www.gov.pl/web/primeminister/expose
2	Accord net : codage fondé sur les documents officiels retenus pour le thème « Sécurité / justice ». Niveau de preuve : analogie prudente, sans proposition parfaitement équivalente.	Pays-Bas|Q28|2|https://www.government.nl/site/binaries/site-content/collections/documents/2026/02/23/2026-2030-coalition-agreement-lets-get-to-work---building-a-better-netherlands/2026-2030-coalition-agreement-let%E2%80%99s-get-to-work-building-a-better-netherlands.pdf || Pologne|Q27|2|https://www.gov.pl/web/primeminister/expose
2	Accord net : codage fondé sur les documents officiels retenus pour le thème « Sécurité / justice ». Niveau de preuve : position ou mesure explicitement documentée.	Pays-Bas|Q29|2|https://www.government.nl/site/binaries/site-content/collections/documents/2026/02/23/2026-2030-coalition-agreement-lets-get-to-work---building-a-better-netherlands/2026-2030-coalition-agreement-let%E2%80%99s-get-to-work-building-a-better-netherlands.pdf || Pologne|Q29|2|https://www.gov.pl/web/primeminister/expose
2	Accord net : codage fondé sur les documents officiels retenus pour le thème « Europe ». Niveau de preuve : position ou mesure explicitement documentée.	Pays-Bas|Q38|2|https://www.government.nl/site/binaries/site-content/collections/documents/2026/02/23/2026-2030-coalition-agreement-lets-get-to-work---building-a-better-netherlands/2026-2030-coalition-agreement-let%E2%80%99s-get-to-work-building-a-better-netherlands.pdf || Pays-Bas|Q41|2|https://www.government.nl/site/binaries/site-content/collections/documents/2026/02/23/2026-2030-coalition-agreement-lets-get-to-work---building-a-better-netherlands/2026-2030-coalition-agreement-let%E2%80%99s-get-to-work-building-a-better-netherlands.pdf
2	Position neutre, partagée ou non arrêtée : codage fondé sur les documents officiels retenus pour le thème « Fiscalité / patrimoine ». Niveau de preuve : analogie prudente, sans proposition parfaitement équivalente.	Pays-Bas|Q44|0|https://www.government.nl/site/binaries/site-content/collections/documents/2026/02/23/2026-2030-coalition-agreement-lets-get-to-work---building-a-better-netherlands/2026-2030-coalition-agreement-let%E2%80%99s-get-to-work-building-a-better-netherlands.pdf || Pays-Bas|Q45|0|https://www.government.nl/site/binaries/site-content/collections/documents/2026/02/23/2026-2030-coalition-agreement-lets-get-to-work---building-a-better-netherlands/2026-2030-coalition-agreement-let%E2%80%99s-get-to-work-building-a-better-netherlands.pdf
2	Accord net : codage fondé sur les documents officiels retenus pour le thème « Travail / chômage ». Niveau de preuve : position ou mesure explicitement documentée.	Pays-Bas|Q46|2|https://www.government.nl/site/binaries/site-content/collections/documents/2026/02/23/2026-2030-coalition-agreement-lets-get-to-work---building-a-better-netherlands/2026-2030-coalition-agreement-let%E2%80%99s-get-to-work-building-a-better-netherlands.pdf || Pologne|Q46|2|https://www.gov.pl/web/primeminister/poland-a-year-of-breakthrough---the-prime-minister-unveils-polands-2025-economic-plan
2	Accord fort : codage fondé sur les documents officiels retenus pour le thème « Retraites ». Niveau de preuve : position ou mesure explicitement documentée.	Pays-Bas|Q49|3|https://www.government.nl/site/binaries/site-content/collections/documents/2026/02/23/2026-2030-coalition-agreement-lets-get-to-work---building-a-better-netherlands/2026-2030-coalition-agreement-let%E2%80%99s-get-to-work-building-a-better-netherlands.pdf || Pays-Bas|Q50|3|https://www.government.nl/site/binaries/site-content/collections/documents/2026/02/23/2026-2030-coalition-agreement-lets-get-to-work---building-a-better-netherlands/2026-2030-coalition-agreement-let%E2%80%99s-get-to-work-building-a-better-netherlands.pdf
2	Accord net : codage fondé sur les documents officiels retenus pour le thème « État / entreprises ». Niveau de preuve : position ou mesure explicitement documentée.	Pays-Bas|Q55|2|https://www.government.nl/site/binaries/site-content/collections/documents/2026/02/23/2026-2030-coalition-agreement-lets-get-to-work---building-a-better-netherlands/2026-2030-coalition-agreement-let%E2%80%99s-get-to-work-building-a-better-netherlands.pdf || Pologne|Q55|2|https://www.gov.pl/web/primeminister/poland-a-year-of-breakthrough---the-prime-minister-unveils-polands-2025-economic-plan
2	Accord net : codage fondé sur les documents officiels retenus pour le thème « Libertés / sécurité ». Niveau de preuve : position ou mesure explicitement documentée.	Pays-Bas|Q63|2|https://www.government.nl/site/binaries/site-content/collections/documents/2026/02/23/2026-2030-coalition-agreement-lets-get-to-work---building-a-better-netherlands/2026-2030-coalition-agreement-let%E2%80%99s-get-to-work-building-a-better-netherlands.pdf || Pologne|Q63|2|https://www.gov.pl/web/primeminister/expose
2	Désaccord net : codage fondé sur les documents officiels retenus pour le thème « Sécurité ». Niveau de preuve : analogie prudente, sans proposition parfaitement équivalente.	Pays-Bas|Q66|-2|https://www.government.nl/site/binaries/site-content/collections/documents/2026/02/23/2026-2030-coalition-agreement-lets-get-to-work---building-a-better-netherlands/2026-2030-coalition-agreement-let%E2%80%99s-get-to-work-building-a-better-netherlands.pdf || Pologne|Q66|-2|https://www.gov.pl/web/primeminister/expose
2	Désaccord net : codage fondé sur les documents officiels retenus pour le thème « Institutions ». Niveau de preuve : position ou mesure explicitement documentée.	Pays-Bas|Q76|-2|https://www.government.nl/site/binaries/site-content/collections/documents/2026/02/23/2026-2030-coalition-agreement-lets-get-to-work---building-a-better-netherlands/2026-2030-coalition-agreement-let%E2%80%99s-get-to-work-building-a-better-netherlands.pdf || Pologne|Q76|-2|https://www.gov.pl/web/primeminister/expose
2	Accord modéré : codage fondé sur les documents officiels retenus pour le thème « Santé / accès aux soins ». Niveau de preuve : analogie prudente, sans proposition parfaitement équivalente.	Pays-Bas|Q81|1|https://www.government.nl/site/binaries/site-content/collections/documents/2026/02/23/2026-2030-coalition-agreement-lets-get-to-work---building-a-better-netherlands/2026-2030-coalition-agreement-let%E2%80%99s-get-to-work-building-a-better-netherlands.pdf || Pologne|Q81|1|https://www.gov.pl/web/primeminister/expose
2	Accord fort : codage fondé sur les documents officiels retenus pour le thème « Défense / Ukraine ». Niveau de preuve : position ou mesure explicitement documentée.	Pays-Bas|Q87|3|https://www.government.nl/site/binaries/site-content/collections/documents/2026/02/23/2026-2030-coalition-agreement-lets-get-to-work---building-a-better-netherlands/2026-2030-coalition-agreement-let%E2%80%99s-get-to-work-building-a-better-netherlands.pdf || Pologne|Q87|3|https://www.gov.pl/web/primeminister/safe-polands-blueprint-for-european-security-and-domestic-defence-growth
2	Accord net : codage fondé sur les documents officiels retenus pour le thème « Numérique / intelligence artificielle ». Niveau de preuve : position ou mesure explicitement documentée.	Pays-Bas|Q93|2|https://www.government.nl/site/binaries/site-content/collections/documents/2026/02/23/2026-2030-coalition-agreement-lets-get-to-work---building-a-better-netherlands/2026-2030-coalition-agreement-let%E2%80%99s-get-to-work-building-a-better-netherlands.pdf || Pologne|Q93|2|https://www.gov.pl/web/primeminister/poland-a-year-of-breakthrough---the-prime-minister-unveils-polands-2025-economic-plan
