category	id	name	qid	theme	question	score	confidence	source	justification	hits	length
government	allemagne	Allemagne — gouvernement Merz (CDU/CSU–SPD)	2	Économie	Les inégalités économiques sont acceptables tant qu'elles résultent principalement du travail ou de la prise de risque.	1	2	https://www.bundesregierung.de/breg-de/aktuelles/koalitionsvertrag-2025-2340970	Accord modéré : L’accord CDU/CSU–SPD combine compétitivité, allègement administratif, investissement public et maintien de l’État social. Transposition ou inférence prudente.	inférence	174
government	allemagne	Allemagne — gouvernement Merz (CDU/CSU–SPD)	3	Économie	L'État devrait davantage taxer les hauts revenus et les gros patrimoines afin de réduire les inégalités.	-1	2	https://www.bundesregierung.de/breg-de/aktuelles/koalitionsvertrag-2025-2340970	Réserve : L’accord CDU/CSU–SPD combine compétitivité, allègement administratif, investissement public et maintien de l’État social. Transposition ou inférence prudente.	inférence	168
government	allemagne	Allemagne — gouvernement Merz (CDU/CSU–SPD)	6	Économie	Les entreprises privées sont généralement plus efficaces que l'État pour fournir des biens et services, même dans certains secteurs essentiels.	1	2	https://www.bundesregierung.de/breg-de/aktuelles/koalitionsvertrag-2025-2340970	Accord modéré : L’accord CDU/CSU–SPD combine compétitivité, allègement administratif, investissement public et maintien de l’État social. Transposition ou inférence prudente.	inférence	174
government	allemagne	Allemagne — gouvernement Merz (CDU/CSU–SPD)	8	Économie	La concurrence est généralement préférable à la réglementation pour améliorer les prix, la qualité et l'innovation.	2	2	https://www.bundesregierung.de/breg-de/aktuelles/koalitionsvertrag-2025-2340970	Accord net : L’accord CDU/CSU–SPD combine compétitivité, allègement administratif, investissement public et maintien de l’État social. Transposition ou inférence prudente.	inférence	171
government	allemagne	Allemagne — gouvernement Merz (CDU/CSU–SPD)	12	État	L'État devrait intervenir beaucoup plus fortement dans l'économie lorsque le marché produit des résultats jugés socialement indésirables.	1	2	https://www.bundesregierung.de/breg-de/aktuelles/koalitionsvertrag-2025-2340970	Accord modéré : L’accord CDU/CSU–SPD combine compétitivité, allègement administratif, investissement public et maintien de l’État social. Transposition ou inférence prudente.	inférence	174
government	allemagne	Allemagne — gouvernement Merz (CDU/CSU–SPD)	13	État	Les citoyens devraient avoir davantage de liberté pour choisir eux-mêmes comment utiliser leur argent plutôt que de passer par des systèmes publics obligatoires.	1	2	https://www.bundesregierung.de/breg-de/aktuelles/koalitionsvertrag-2025-2340970	Accord modéré : L’accord CDU/CSU–SPD combine compétitivité, allègement administratif, investissement public et maintien de l’État social. Transposition ou inférence prudente.	inférence	174
government	allemagne	Allemagne — gouvernement Merz (CDU/CSU–SPD)	14	Social / société	La société devrait accepter beaucoup plus largement les différents modes de vie, même lorsqu'ils s'éloignent des normes traditionnelles.	2	2	https://www.bundesregierung.de/breg-de/aktuelles/koalitionsvertrag-2025-2340970	Accord net : La coalition est socialement modérée : protection des libertés et lutte contre les discriminations, avec une place maintenue pour les traditions. Transposition ou inférence prudente.	inférence	195
government	allemagne	Allemagne — gouvernement Merz (CDU/CSU–SPD)	17	Social / société	Les politiques publiques devraient chercher à corriger activement les discriminations historiques ou structurelles entre groupes sociaux.	2	2	https://www.bundesregierung.de/breg-de/aktuelles/koalitionsvertrag-2025-2340970	Accord net : La coalition est socialement modérée : protection des libertés et lutte contre les discriminations, avec une place maintenue pour les traditions. Transposition ou inférence prudente.	inférence	195
government	allemagne	Allemagne — gouvernement Merz (CDU/CSU–SPD)	19	Social / société	Certaines traditions et valeurs culturelles méritent d'être préservées même si elles évoluent moins vite que la société.	1	2	https://www.bundesregierung.de/breg-de/aktuelles/koalitionsvertrag-2025-2340970	Accord modéré : La coalition est socialement modérée : protection des libertés et lutte contre les discriminations, avec une place maintenue pour les traditions. Transposition ou inférence prudente.	inférence	198
government	allemagne	Allemagne — gouvernement Merz (CDU/CSU–SPD)	23	Immigration	L'accès à la nationalité française devrait être rendu plus exigeant.	2	2	https://www.bundesregierung.de/breg-de/aktuelles/koalitionsvertrag-2025-2340970	Accord net : Le gouvernement veut réduire l’immigration irrégulière tout en facilitant l’immigration qualifiée et l’intégration. Transposition ou inférence prudente.	inférence	165
government	allemagne	Allemagne — gouvernement Merz (CDU/CSU–SPD)	25	Immigration	Même lorsque l'immigration est économiquement bénéfique, elle peut être légitimement limitée pour préserver la cohésion culturelle du pays.	2	2	https://www.bundesregierung.de/breg-de/aktuelles/koalitionsvertrag-2025-2340970	Accord net : Le gouvernement veut réduire l’immigration irrégulière tout en facilitant l’immigration qualifiée et l’intégration. Transposition ou inférence prudente.	inférence	165
government	allemagne	Allemagne — gouvernement Merz (CDU/CSU–SPD)	27	Sécurité / justice	Les peines de prison effectives devraient être plus sévères, même si cela augmente fortement la population carcérale.	1	2	https://www.bundesregierung.de/breg-de/aktuelles/koalitionsvertrag-2025-2340970	Accord modéré : La ligne gouvernementale renforce les moyens de sécurité et l’exécution des décisions, sous contrôle de l’État de droit. Transposition ou inférence prudente.	inférence	173
government	allemagne	Allemagne — gouvernement Merz (CDU/CSU–SPD)	28	Sécurité / justice	Il vaut mieux investir dans la prévention et la réinsertion que dans l'augmentation des sanctions.	1	2	https://www.bundesregierung.de/breg-de/aktuelles/koalitionsvertrag-2025-2340970	Accord modéré : La ligne gouvernementale renforce les moyens de sécurité et l’exécution des décisions, sous contrôle de l’État de droit. Transposition ou inférence prudente.	inférence	173
government	allemagne	Allemagne — gouvernement Merz (CDU/CSU–SPD)	29	Sécurité / justice	La police devrait disposer de pouvoirs plus importants pour lutter contre la criminalité, quitte à accepter davantage de contrôles sur certaines libertés individuelles.	2	2	https://www.bundesregierung.de/breg-de/aktuelles/koalitionsvertrag-2025-2340970	Accord net : La ligne gouvernementale renforce les moyens de sécurité et l’exécution des décisions, sous contrôle de l’État de droit. Transposition ou inférence prudente.	inférence	170
government	allemagne	Allemagne — gouvernement Merz (CDU/CSU–SPD)	36	Écologie	Il est justifié d'interdire certains produits ou comportements très polluants même lorsque les consommateurs les souhaitent.	0	2	https://www.bundesregierung.de/breg-de/aktuelles/koalitionsvertrag-2025-2340970	Position de compromis : La transition climatique est poursuivie avec une priorité donnée au coût, à la compétitivité et aux mécanismes de marché. Transposition ou inférence prudente.	inférence	182
government	allemagne	Allemagne — gouvernement Merz (CDU/CSU–SPD)	37	Écologie	Les pays riches devraient supporter une part prépondérante du coût de la transition écologique mondiale.	1	2	https://www.bundesregierung.de/breg-de/aktuelles/koalitionsvertrag-2025-2340970	Accord modéré : La transition climatique est poursuivie avec une priorité donnée au coût, à la compétitivité et aux mécanismes de marché. Transposition ou inférence prudente.	inférence	174
government	allemagne	Allemagne — gouvernement Merz (CDU/CSU–SPD)	39	Europe	La France devrait conserver autant que possible sa souveraineté nationale, même si cela réduit son influence au niveau européen.	-2	2	https://www.bundesregierung.de/breg-de/aktuelles/koalitionsvertrag-2025-2340970	Désaccord net : Le gouvernement Merz est nettement pro-européen et favorable à une Europe plus capable d’agir. Transposition ou inférence prudente.	inférence	147
government	allemagne	Allemagne — gouvernement Merz (CDU/CSU–SPD)	42	Europe	En cas de conflit entre les intérêts économiques français et les règles européennes, la France devrait pouvoir désobéir à certaines règles européennes.	-2	2	https://www.bundesregierung.de/breg-de/aktuelles/koalitionsvertrag-2025-2340970	Désaccord net : Le gouvernement Merz est nettement pro-européen et favorable à une Europe plus capable d’agir. Transposition ou inférence prudente.	inférence	147
government	allemagne	Allemagne — gouvernement Merz (CDU/CSU–SPD)	48	Travail / chômage	Le CDI protège trop fortement les salariés déjà en poste et peut rendre plus difficile l’accès à l’emploi stable, au détriment des jeunes, chômeurs ou travailleurs en contrats précaires.	1	2	https://www.bundesregierung.de/breg-de/aktuelles/koalitionsvertrag-2025-2340970	Accord modéré : L’accord CDU/CSU–SPD combine compétitivité, allègement administratif, investissement public et maintien de l’État social. Transposition ou inférence prudente.	inférence	174
government	allemagne	Allemagne — gouvernement Merz (CDU/CSU–SPD)	50	Retraites	L'âge légal de départ à la retraite devrait être automatiquement indexé sur l'espérance de vie nationale.	1	2	https://www.bundesregierung.de/breg-de/aktuelles/koalitionsvertrag-2025-2340970	Accord modéré : L’accord CDU/CSU–SPD combine compétitivité, allègement administratif, investissement public et maintien de l’État social. Transposition ou inférence prudente.	inférence	174
government	allemagne	Allemagne — gouvernement Merz (CDU/CSU–SPD)	53	État / entreprises	Une entreprise qui reçoit plusieurs milliards d'euros d'aides publiques devrait pouvoir être contrainte de limiter ses dividendes et les rémunérations de ses dirigeants tant que l'aide n'est pas remboursée.	1	2	https://www.bundesregierung.de/breg-de/aktuelles/koalitionsvertrag-2025-2340970	Accord modéré : L’accord CDU/CSU–SPD combine compétitivité, allègement administratif, investissement public et maintien de l’État social. Transposition ou inférence prudente.	inférence	174
government	allemagne	Allemagne — gouvernement Merz (CDU/CSU–SPD)	54	État / entreprises	L'État devrait davantage utiliser son pouvoir d'actionnaire pour orienter les grandes entreprises françaises vers des objectifs industriels de long terme.	1	2	https://www.bundesregierung.de/breg-de/aktuelles/koalitionsvertrag-2025-2340970	Accord modéré : L’accord CDU/CSU–SPD combine compétitivité, allègement administratif, investissement public et maintien de l’État social. Transposition ou inférence prudente.	inférence	174
government	allemagne	Allemagne — gouvernement Merz (CDU/CSU–SPD)	60	Immigration / assimilation	La France devrait pouvoir refuser l'entrée à un immigré légalement admissible lorsqu'il existe de fortes raisons de penser qu'il ne souhaite pas s'intégrer culturellement à la société française.	2	2	https://www.bundesregierung.de/breg-de/aktuelles/koalitionsvertrag-2025-2340970	Accord net : Le gouvernement veut réduire l’immigration irrégulière tout en facilitant l’immigration qualifiée et l’intégration. Transposition ou inférence prudente.	inférence	165
government	allemagne	Allemagne — gouvernement Merz (CDU/CSU–SPD)	61	Immigration / assimilation	Le fait de conserver des pratiques culturelles ou religieuses très différentes de celles de la majorité française n'est pas en soi un problème tant que les lois françaises sont respectées.	1	2	https://www.bundesregierung.de/breg-de/aktuelles/koalitionsvertrag-2025-2340970	Accord modéré : Le gouvernement veut réduire l’immigration irrégulière tout en facilitant l’immigration qualifiée et l’intégration. Transposition ou inférence prudente.	inférence	168
government	allemagne	Allemagne — gouvernement Merz (CDU/CSU–SPD)	63	Libertés / sécurité	Pour lutter contre le terrorisme, l'État devrait pouvoir surveiller préventivement une personne considérée comme présentant un risque sérieux, même sans preuve suffisante pour engager des poursuites pénales.	2	2	https://www.bundesregierung.de/breg-de/aktuelles/koalitionsvertrag-2025-2340970	Accord net : La ligne gouvernementale renforce les moyens de sécurité et l’exécution des décisions, sous contrôle de l’État de droit. Transposition ou inférence prudente.	inférence	170
government	allemagne	Allemagne — gouvernement Merz (CDU/CSU–SPD)	64	Libertés / expression	Une personne qui tient publiquement des propos profondément offensants mais qui n'appelle ni à la violence ni à commettre une infraction devrait être protégée par la liberté d'expression.	1	2	https://www.bundesregierung.de/breg-de/aktuelles/koalitionsvertrag-2025-2340970	Accord modéré : La ligne gouvernementale renforce les moyens de sécurité et l’exécution des décisions, sous contrôle de l’État de droit. Transposition ou inférence prudente.	inférence	173
government	allemagne	Allemagne — gouvernement Merz (CDU/CSU–SPD)	67	Écologie	Une taxe carbone qui réduit les émissions de CO₂ devrait être maintenue même si elle diminue le pouvoir d’achat des ménages modestes, à condition de compenser ces derniers par des aides ciblées.	2	2	https://www.bundesregierung.de/breg-de/aktuelles/koalitionsvertrag-2025-2340970	Accord net : La transition climatique est poursuivie avec une priorité donnée au coût, à la compétitivité et aux mécanismes de marché. Transposition ou inférence prudente.	inférence	171
government	allemagne	Allemagne — gouvernement Merz (CDU/CSU–SPD)	69	Écologie	Il faut privilégier le nucléaire même si cela conduit à réduire certains investissements dans les renouvelables.	-2	2	https://www.bundesregierung.de/breg-de/aktuelles/koalitionsvertrag-2025-2340970	Désaccord net : La transition climatique est poursuivie avec une priorité donnée au coût, à la compétitivité et aux mécanismes de marché. Transposition ou inférence prudente.	inférence	174
government	allemagne	Allemagne — gouvernement Merz (CDU/CSU–SPD)	71	Écologie / croissance	Si la France pouvait réduire ses émissions de 20 % mais que cela réduisait son PIB de 3 %, alors que les autres pays ne faisaient aucun effort comparable, il faudrait quand même le faire.	-1	2	https://www.bundesregierung.de/breg-de/aktuelles/koalitionsvertrag-2025-2340970	Réserve : La transition climatique est poursuivie avec une priorité donnée au coût, à la compétitivité et aux mécanismes de marché. Transposition ou inférence prudente.	inférence	168
government	allemagne	Allemagne — gouvernement Merz (CDU/CSU–SPD)	72	Institutions	Pour certaines décisions économiques complexes, il serait préférable de confier davantage de pouvoir à des institutions indépendantes composées d'experts plutôt qu'aux responsables politiques élus.	1	2	https://www.bundesregierung.de/breg-en/federal-cabinet	Accord modéré : Le système parlementaire et fédéral allemand privilégie les coalitions, les contre-pouvoirs et l’expertise. Transposition ou inférence prudente.	inférence	160
government	allemagne	Allemagne — gouvernement Merz (CDU/CSU–SPD)	73	Institutions	Un gouvernement devrait pouvoir prendre une décision économiquement nécessaire mais très impopulaire sans chercher à obtenir l'approbation immédiate de la population.	1	2	https://www.bundesregierung.de/breg-en/federal-cabinet	Accord modéré : Le système parlementaire et fédéral allemand privilégie les coalitions, les contre-pouvoirs et l’expertise. Transposition ou inférence prudente.	inférence	160
government	allemagne	Allemagne — gouvernement Merz (CDU/CSU–SPD)	74	Institutions	Le référendum devrait être beaucoup plus utilisé, même lorsque les citoyens votent sur des sujets dont ils maîtrisent mal les aspects techniques.	-1	2	https://www.bundesregierung.de/breg-en/federal-cabinet	Réserve : Le système parlementaire et fédéral allemand privilégie les coalitions, les contre-pouvoirs et l’expertise. Transposition ou inférence prudente.	inférence	154
government	allemagne	Allemagne — gouvernement Merz (CDU/CSU–SPD)	77	Institutions	La proportionnelle intégrale serait préférable au système actuel, même si elle rendait plus fréquentes les coalitions et les gouvernements instables.	2	2	https://www.bundesregierung.de/breg-en/federal-cabinet	Accord net : Le système parlementaire et fédéral allemand privilégie les coalitions, les contre-pouvoirs et l’expertise. Transposition ou inférence prudente.	inférence	157
government	allemagne	Allemagne — gouvernement Merz (CDU/CSU–SPD)	80	Écologie / agriculture	La France devrait interdire aux agriculteurs l’usage d’un produit jugé trop polluant, même si cette interdiction les désavantage face à des concurrents étrangers qui peuvent encore l’utiliser.	-2	2	https://www.bundestag.de/presse/hib/kurzmeldungen-1038094	Désaccord net : la ligne de la coalition conduite par la CDU/CSU met fortement l’accent sur la compétitivité agricole et l’allègement des contraintes ; la CDU/CSU demande explicitement d’éviter les « initiatives réglementaires nationales isolées » qui réduisent la compétitivité de l’agriculture allemande. Le codage reste prudent car la coalition comprend aussi le SPD.	codage	370
government	allemagne	Allemagne — gouvernement Merz (CDU/CSU–SPD)	81	Santé / accès aux soins	Dans les zones où l'accès aux soins est insuffisant, l'Assurance maladie devrait pouvoir limiter le conventionnement de nouveaux médecins dans les zones déjà bien dotées afin d'encourager leur installation dans les déserts médicaux.	3	3	https://www.bundesgesundheitsministerium.de/fileadmin/Dateien/5_Publikationen/Ministerium/Berichte/Stand_und_Weiterentwicklung_der_gesetzlichen_Regelungen_zu_MVZ.pdf	Accord fort : le scrutin sur la régulation du conventionnement médical fournit la position parlementaire la plus proche ; pour les formations non représentées, le codage est déduit de leur ligne sur la liberté d'installation. Niveau de preuve : preuve directe ou politique explicitement documentée.	codage	298
government	allemagne	Allemagne — gouvernement Merz (CDU/CSU–SPD)	86	Logement / locations touristiques	Dans les zones où le logement manque, une commune devrait pouvoir interdire la location touristique régulière d'un logement qui n'est pas la résidence principale de son propriétaire.	2	2	https://www.bundesregierung.de/breg-de/aktuelles/koalitionsvertrag-2025-2340970	Accord net : la source retenue précise le degré de régulation souhaité pour les meublés touristiques et les pouvoirs locaux. Niveau de preuve : faisceau d’indices cohérent, sans équivalent toujours parfaitement identique.	source retenue	221
government	allemagne	Allemagne — gouvernement Merz (CDU/CSU–SPD)	88	Défense / dissuasion nucléaire	La dissuasion nucléaire française devrait aussi protéger les partenaires européens, tout en laissant à la France seule la décision finale de l'employer.	2	3	https://www.bundesregierung.de/breg-de/aktuelles/regierungspressekonferenz-vom-16-februar-2026-2407306	Accord net : la source retenue porte sur l'extension européenne de la dissuasion ou, pour les pays non dotés, sur la protection nucléaire alliée. Niveau de preuve : preuve directe ou politique explicitement documentée.	source retenue	218
government	danemark	Danemark — gouvernement Frederiksen III (S–SF–M–RV)	2	Économie	Les inégalités économiques sont acceptables tant qu'elles résultent principalement du travail ou de la prise de risque.	0	2	https://stm.dk/media/rc1ktdmg/det-politiske-grundlag-for-firkloeverregeringen.pdf	Position de compromis : Le programme combine baisse de l’impôt sur les sociétés et de certains impôts supérieurs, soutien aux entreprises, plein emploi et renforcement de prestations universelles. Transposition ou inférence prudente.	inférence	233
government	danemark	Danemark — gouvernement Frederiksen III (S–SF–M–RV)	3	Économie	L'État devrait davantage taxer les hauts revenus et les gros patrimoines afin de réduire les inégalités.	0	2	https://stm.dk/media/rc1ktdmg/det-politiske-grundlag-for-firkloeverregeringen.pdf	Position de compromis : Le programme combine baisse de l’impôt sur les sociétés et de certains impôts supérieurs, soutien aux entreprises, plein emploi et renforcement de prestations universelles. Transposition ou inférence prudente.	inférence	233
government	danemark	Danemark — gouvernement Frederiksen III (S–SF–M–RV)	6	Économie	Les entreprises privées sont généralement plus efficaces que l'État pour fournir des biens et services, même dans certains secteurs essentiels.	1	2	https://stm.dk/media/rc1ktdmg/det-politiske-grundlag-for-firkloeverregeringen.pdf	Accord modéré : Le programme combine baisse de l’impôt sur les sociétés et de certains impôts supérieurs, soutien aux entreprises, plein emploi et renforcement de prestations universelles. Transposition ou inférence prudente.	inférence	225
government	danemark	Danemark — gouvernement Frederiksen III (S–SF–M–RV)	8	Économie	La concurrence est généralement préférable à la réglementation pour améliorer les prix, la qualité et l'innovation.	1	2	https://stm.dk/media/rc1ktdmg/det-politiske-grundlag-for-firkloeverregeringen.pdf	Accord modéré : Le programme combine baisse de l’impôt sur les sociétés et de certains impôts supérieurs, soutien aux entreprises, plein emploi et renforcement de prestations universelles. Transposition ou inférence prudente.	inférence	225
government	danemark	Danemark — gouvernement Frederiksen III (S–SF–M–RV)	12	État	L'État devrait intervenir beaucoup plus fortement dans l'économie lorsque le marché produit des résultats jugés socialement indésirables.	1	2	https://stm.dk/media/rc1ktdmg/det-politiske-grundlag-for-firkloeverregeringen.pdf	Accord modéré : Le programme combine baisse de l’impôt sur les sociétés et de certains impôts supérieurs, soutien aux entreprises, plein emploi et renforcement de prestations universelles. Transposition ou inférence prudente.	inférence	225
government	danemark	Danemark — gouvernement Frederiksen III (S–SF–M–RV)	13	État	Les citoyens devraient avoir davantage de liberté pour choisir eux-mêmes comment utiliser leur argent plutôt que de passer par des systèmes publics obligatoires.	-1	2	https://stm.dk/media/rc1ktdmg/det-politiske-grundlag-for-firkloeverregeringen.pdf	Réserve : Le programme combine baisse de l’impôt sur les sociétés et de certains impôts supérieurs, soutien aux entreprises, plein emploi et renforcement de prestations universelles. Transposition ou inférence prudente.	inférence	219
government	danemark	Danemark — gouvernement Frederiksen III (S–SF–M–RV)	14	Social / société	La société devrait accepter beaucoup plus largement les différents modes de vie, même lorsqu'ils s'éloignent des normes traditionnelles.	2	2	https://stm.dk/media/rc1ktdmg/det-politiske-grundlag-for-firkloeverregeringen.pdf	Accord net : La coalition est socialement progressiste, mais insiste aussi sur la culture commune, la cohésion et les institutions collectives. Transposition ou inférence prudente.	inférence	180
government	danemark	Danemark — gouvernement Frederiksen III (S–SF–M–RV)	17	Social / société	Les politiques publiques devraient chercher à corriger activement les discriminations historiques ou structurelles entre groupes sociaux.	2	2	https://stm.dk/media/rc1ktdmg/det-politiske-grundlag-for-firkloeverregeringen.pdf	Accord net : La coalition est socialement progressiste, mais insiste aussi sur la culture commune, la cohésion et les institutions collectives. Transposition ou inférence prudente.	inférence	180
government	danemark	Danemark — gouvernement Frederiksen III (S–SF–M–RV)	19	Social / société	Certaines traditions et valeurs culturelles méritent d'être préservées même si elles évoluent moins vite que la société.	1	2	https://stm.dk/media/rc1ktdmg/det-politiske-grundlag-for-firkloeverregeringen.pdf	Accord modéré : La coalition est socialement progressiste, mais insiste aussi sur la culture commune, la cohésion et les institutions collectives. Transposition ou inférence prudente.	inférence	183
government	danemark	Danemark — gouvernement Frederiksen III (S–SF–M–RV)	21	Immigration	L'immigration économique est globalement bénéfique pour l'économie française.	2	2	https://stm.dk/media/rc1ktdmg/det-politiske-grundlag-for-firkloeverregeringen.pdf	Accord net : Le gouvernement maintient une politique migratoire ferme, l’intégration et les retours, tout en respectant les conventions internationales et l’aide au développement. Transposition ou inférence prudente.	inférence	216
government	danemark	Danemark — gouvernement Frederiksen III (S–SF–M–RV)	23	Immigration	L'accès à la nationalité française devrait être rendu plus exigeant.	2	2	https://stm.dk/media/rc1ktdmg/det-politiske-grundlag-for-firkloeverregeringen.pdf	Accord net : Le gouvernement maintient une politique migratoire ferme, l’intégration et les retours, tout en respectant les conventions internationales et l’aide au développement. Transposition ou inférence prudente.	inférence	216
government	danemark	Danemark — gouvernement Frederiksen III (S–SF–M–RV)	25	Immigration	Même lorsque l'immigration est économiquement bénéfique, elle peut être légitimement limitée pour préserver la cohésion culturelle du pays.	2	2	https://stm.dk/media/rc1ktdmg/det-politiske-grundlag-for-firkloeverregeringen.pdf	Accord net : Le gouvernement maintient une politique migratoire ferme, l’intégration et les retours, tout en respectant les conventions internationales et l’aide au développement. Transposition ou inférence prudente.	inférence	216
government	danemark	Danemark — gouvernement Frederiksen III (S–SF–M–RV)	28	Sécurité / justice	Il vaut mieux investir dans la prévention et la réinsertion que dans l'augmentation des sanctions.	2	2	https://stm.dk/media/rc1ktdmg/det-politiske-grundlag-for-firkloeverregeringen.pdf	Accord net : La ligne associe sécurité renforcée, État de droit, prévention et protection de la cohésion sociale. Transposition ou inférence prudente.	inférence	150
government	danemark	Danemark — gouvernement Frederiksen III (S–SF–M–RV)	29	Sécurité / justice	La police devrait disposer de pouvoirs plus importants pour lutter contre la criminalité, quitte à accepter davantage de contrôles sur certaines libertés individuelles.	2	2	https://stm.dk/media/rc1ktdmg/det-politiske-grundlag-for-firkloeverregeringen.pdf	Accord net : La ligne associe sécurité renforcée, État de droit, prévention et protection de la cohésion sociale. Transposition ou inférence prudente.	inférence	150
government	danemark	Danemark — gouvernement Frederiksen III (S–SF–M–RV)	36	Écologie	Il est justifié d'interdire certains produits ou comportements très polluants même lorsque les consommateurs les souhaitent.	2	2	https://stm.dk/media/rc1ktdmg/det-politiske-grundlag-for-firkloeverregeringen.pdf	Accord net : Le gouvernement se présente comme très vert, accélère l’électrification et les renouvelables et accepte des instruments fiscaux et réglementaires. Transposition ou inférence prudente.	inférence	196
government	danemark	Danemark — gouvernement Frederiksen III (S–SF–M–RV)	37	Écologie	Les pays riches devraient supporter une part prépondérante du coût de la transition écologique mondiale.	2	2	https://stm.dk/media/rc1ktdmg/det-politiske-grundlag-for-firkloeverregeringen.pdf	Accord net : Le gouvernement se présente comme très vert, accélère l’électrification et les renouvelables et accepte des instruments fiscaux et réglementaires. Transposition ou inférence prudente.	inférence	196
government	danemark	Danemark — gouvernement Frederiksen III (S–SF–M–RV)	39	Europe	La France devrait conserver autant que possible sa souveraineté nationale, même si cela réduit son influence au niveau européen.	-2	2	https://stm.dk/media/rc1ktdmg/det-politiske-grundlag-for-firkloeverregeringen.pdf	Désaccord net : Le programme place l’UE au cœur de la politique danoise et défend une Europe plus intégrée et capable d’agir, tout en conservant la monnaie danoise. Transposition ou inférence prudente.	inférence	201
government	danemark	Danemark — gouvernement Frederiksen III (S–SF–M–RV)	53	État / entreprises	Une entreprise qui reçoit plusieurs milliards d'euros d'aides publiques devrait pouvoir être contrainte de limiter ses dividendes et les rémunérations de ses dirigeants tant que l'aide n'est pas remboursée.	2	2	https://stm.dk/media/rc1ktdmg/det-politiske-grundlag-for-firkloeverregeringen.pdf	Accord net : Le programme combine baisse de l’impôt sur les sociétés et de certains impôts supérieurs, soutien aux entreprises, plein emploi et renforcement de prestations universelles. Transposition ou inférence prudente.	inférence	222
government	danemark	Danemark — gouvernement Frederiksen III (S–SF–M–RV)	60	Immigration / assimilation	La France devrait pouvoir refuser l'entrée à un immigré légalement admissible lorsqu'il existe de fortes raisons de penser qu'il ne souhaite pas s'intégrer culturellement à la société française.	2	2	https://stm.dk/media/rc1ktdmg/det-politiske-grundlag-for-firkloeverregeringen.pdf	Accord net : Le gouvernement maintient une politique migratoire ferme, l’intégration et les retours, tout en respectant les conventions internationales et l’aide au développement. Transposition ou inférence prudente.	inférence	216
government	danemark	Danemark — gouvernement Frederiksen III (S–SF–M–RV)	61	Immigration / assimilation	Le fait de conserver des pratiques culturelles ou religieuses très différentes de celles de la majorité française n'est pas en soi un problème tant que les lois françaises sont respectées.	2	2	https://stm.dk/media/rc1ktdmg/det-politiske-grundlag-for-firkloeverregeringen.pdf	Accord net : Le gouvernement maintient une politique migratoire ferme, l’intégration et les retours, tout en respectant les conventions internationales et l’aide au développement. Transposition ou inférence prudente.	inférence	216
government	danemark	Danemark — gouvernement Frederiksen III (S–SF–M–RV)	63	Libertés / sécurité	Pour lutter contre le terrorisme, l'État devrait pouvoir surveiller préventivement une personne considérée comme présentant un risque sérieux, même sans preuve suffisante pour engager des poursuites pénales.	2	2	https://stm.dk/media/rc1ktdmg/det-politiske-grundlag-for-firkloeverregeringen.pdf	Accord net : La ligne associe sécurité renforcée, État de droit, prévention et protection de la cohésion sociale. Transposition ou inférence prudente.	inférence	150
government	danemark	Danemark — gouvernement Frederiksen III (S–SF–M–RV)	69	Écologie	Il faut privilégier le nucléaire même si cela conduit à réduire certains investissements dans les renouvelables.	-2	2	https://stm.dk/media/rc1ktdmg/det-politiske-grundlag-for-firkloeverregeringen.pdf	Désaccord net : Le gouvernement se présente comme très vert, accélère l’électrification et les renouvelables et accepte des instruments fiscaux et réglementaires. Transposition ou inférence prudente.	inférence	199
government	danemark	Danemark — gouvernement Frederiksen III (S–SF–M–RV)	86	Logement / locations touristiques	Dans les zones où le logement manque, une commune devrait pouvoir interdire la location touristique régulière d'un logement qui n'est pas la résidence principale de son propriétaire.	2	2	https://stm.dk/media/rc1ktdmg/det-politiske-grundlag-for-firkloeverregeringen.pdf	Accord net : la source retenue précise le degré de régulation souhaité pour les meublés touristiques et les pouvoirs locaux. Niveau de preuve : faisceau d’indices cohérent, sans équivalent toujours parfaitement identique.	source retenue	221
government	espagne	Espagne — gouvernement Sánchez (PSOE–Sumar)	1	Économie	Il faut réduire les impôts sur le travail et le capital, même si cela implique de réduire certaines dépenses publiques.	-1	2	https://www.lamoncloa.gob.es/Documents/2025/appendix-II-map-of-commitments-december.pdf	Réserve : La coalition PSOE–Sumar défend un État social renforcé, la redistribution, les droits du travail et une intervention publique active. Transposition ou inférence prudente.	inférence	180
government	espagne	Espagne — gouvernement Sánchez (PSOE–Sumar)	2	Économie	Les inégalités économiques sont acceptables tant qu'elles résultent principalement du travail ou de la prise de risque.	-1	2	https://www.lamoncloa.gob.es/Documents/2025/appendix-II-map-of-commitments-december.pdf	Réserve : La coalition PSOE–Sumar défend un État social renforcé, la redistribution, les droits du travail et une intervention publique active. Transposition ou inférence prudente.	inférence	180
government	espagne	Espagne — gouvernement Sánchez (PSOE–Sumar)	6	Économie	Les entreprises privées sont généralement plus efficaces que l'État pour fournir des biens et services, même dans certains secteurs essentiels.	-1	2	https://www.lamoncloa.gob.es/Documents/2025/appendix-II-map-of-commitments-december.pdf	Réserve : La coalition PSOE–Sumar défend un État social renforcé, la redistribution, les droits du travail et une intervention publique active. Transposition ou inférence prudente.	inférence	180
government	espagne	Espagne — gouvernement Sánchez (PSOE–Sumar)	7	Économie	L'État devrait pouvoir nationaliser temporairement ou durablement une entreprise privée lorsqu'elle contrôle une activité stratégique pour le pays.	1	2	https://www.lamoncloa.gob.es/Documents/2025/appendix-II-map-of-commitments-december.pdf	Accord modéré : La coalition PSOE–Sumar défend un État social renforcé, la redistribution, les droits du travail et une intervention publique active. Transposition ou inférence prudente.	inférence	186
government	espagne	Espagne — gouvernement Sánchez (PSOE–Sumar)	8	Économie	La concurrence est généralement préférable à la réglementation pour améliorer les prix, la qualité et l'innovation.	-1	2	https://www.lamoncloa.gob.es/Documents/2025/appendix-II-map-of-commitments-december.pdf	Réserve : La coalition PSOE–Sumar défend un État social renforcé, la redistribution, les droits du travail et une intervention publique active. Transposition ou inférence prudente.	inférence	180
government	espagne	Espagne — gouvernement Sánchez (PSOE–Sumar)	9	État	La France dépense trop d'argent public et devrait accepter de réduire certaines politiques sociales pour revenir à l'équilibre budgétaire.	-1	2	https://www.lamoncloa.gob.es/Documents/2025/appendix-II-map-of-commitments-december.pdf	Réserve : La coalition PSOE–Sumar défend un État social renforcé, la redistribution, les droits du travail et une intervention publique active. Transposition ou inférence prudente.	inférence	180
government	espagne	Espagne — gouvernement Sánchez (PSOE–Sumar)	13	État	Les citoyens devraient avoir davantage de liberté pour choisir eux-mêmes comment utiliser leur argent plutôt que de passer par des systèmes publics obligatoires.	-2	2	https://www.lamoncloa.gob.es/Documents/2025/appendix-II-map-of-commitments-december.pdf	Désaccord net : La coalition PSOE–Sumar défend un État social renforcé, la redistribution, les droits du travail et une intervention publique active. Transposition ou inférence prudente.	inférence	186
government	espagne	Espagne — gouvernement Sánchez (PSOE–Sumar)	19	Social / société	Certaines traditions et valeurs culturelles méritent d'être préservées même si elles évoluent moins vite que la société.	-1	2	https://www.lamoncloa.gob.es/Documents/2025/appendix-II-map-of-commitments-december.pdf	Réserve : Le gouvernement est progressiste sur l’égalité, les modes de vie et la lutte contre les discriminations. Transposition ou inférence prudente.	inférence	151
government	espagne	Espagne — gouvernement Sánchez (PSOE–Sumar)	20	Immigration	La France devrait réduire le nombre d'immigrants qu'elle accueille chaque année.	-2	2	https://www.lamoncloa.gob.es/Documents/2025/appendix-II-map-of-commitments-december.pdf	Désaccord net : La ligne est relativement ouverte et fondée sur les droits, avec maintien des expulsions en cas de criminalité grave. Transposition ou inférence prudente.	inférence	170
government	espagne	Espagne — gouvernement Sánchez (PSOE–Sumar)	23	Immigration	L'accès à la nationalité française devrait être rendu plus exigeant.	-1	2	https://www.lamoncloa.gob.es/Documents/2025/appendix-II-map-of-commitments-december.pdf	Réserve : La ligne est relativement ouverte et fondée sur les droits, avec maintien des expulsions en cas de criminalité grave. Transposition ou inférence prudente.	inférence	164
government	espagne	Espagne — gouvernement Sánchez (PSOE–Sumar)	24	Immigration	La France devrait être beaucoup plus stricte concernant l'expulsion des étrangers condamnés pour des crimes graves.	2	2	https://www.lamoncloa.gob.es/Documents/2025/appendix-II-map-of-commitments-december.pdf	Accord net : La ligne est relativement ouverte et fondée sur les droits, avec maintien des expulsions en cas de criminalité grave. Transposition ou inférence prudente.	inférence	167
government	espagne	Espagne — gouvernement Sánchez (PSOE–Sumar)	25	Immigration	Même lorsque l'immigration est économiquement bénéfique, elle peut être légitimement limitée pour préserver la cohésion culturelle du pays.	-1	2	https://www.lamoncloa.gob.es/Documents/2025/appendix-II-map-of-commitments-december.pdf	Réserve : La ligne est relativement ouverte et fondée sur les droits, avec maintien des expulsions en cas de criminalité grave. Transposition ou inférence prudente.	inférence	164
government	espagne	Espagne — gouvernement Sánchez (PSOE–Sumar)	26	Immigration	La France devrait accueillir davantage de réfugiés lorsqu'ils fuient une guerre ou une persécution, même si cela représente un coût économique.	2	2	https://www.lamoncloa.gob.es/Documents/2025/appendix-II-map-of-commitments-december.pdf	Accord net : La ligne est relativement ouverte et fondée sur les droits, avec maintien des expulsions en cas de criminalité grave. Transposition ou inférence prudente.	inférence	167
government	espagne	Espagne — gouvernement Sánchez (PSOE–Sumar)	28	Sécurité / justice	Il vaut mieux investir dans la prévention et la réinsertion que dans l'augmentation des sanctions.	2	2	https://www.lamoncloa.gob.es/lang/en/presidente/intervenciones/paginas/2025/20250728-political-year-assessment-speech.aspx	Accord net : La priorité est davantage donnée à la prévention, aux garanties juridiques et à la réinsertion qu’au durcissement pénal. Transposition ou inférence prudente.	inférence	170
government	espagne	Espagne — gouvernement Sánchez (PSOE–Sumar)	29	Sécurité / justice	La police devrait disposer de pouvoirs plus importants pour lutter contre la criminalité, quitte à accepter davantage de contrôles sur certaines libertés individuelles.	0	2	https://www.lamoncloa.gob.es/lang/en/presidente/intervenciones/paginas/2025/20250728-political-year-assessment-speech.aspx	Position de compromis : La priorité est davantage donnée à la prévention, aux garanties juridiques et à la réinsertion qu’au durcissement pénal. Transposition ou inférence prudente.	inférence	181
government	espagne	Espagne — gouvernement Sánchez (PSOE–Sumar)	33	Écologie	Il faut accepter une hausse importante du prix des énergies fossiles pour accélérer la transition écologique.	2	2	https://www.lamoncloa.gob.es/Documents/2025/appendix-II-map-of-commitments-december.pdf	Accord net : La transition écologique, les renouvelables et la réglementation climatique sont des priorités gouvernementales. Transposition ou inférence prudente.	inférence	162
government	espagne	Espagne — gouvernement Sánchez (PSOE–Sumar)	35	Écologie	Les politiques écologiques devraient reposer principalement sur des mécanismes de marché comme la taxe carbone plutôt que sur des interdictions.	0	2	https://www.lamoncloa.gob.es/Documents/2025/appendix-II-map-of-commitments-december.pdf	Position de compromis : La transition écologique, les renouvelables et la réglementation climatique sont des priorités gouvernementales. Transposition ou inférence prudente.	inférence	173
government	espagne	Espagne — gouvernement Sánchez (PSOE–Sumar)	37	Écologie	Les pays riches devraient supporter une part prépondérante du coût de la transition écologique mondiale.	2	2	https://www.lamoncloa.gob.es/Documents/2025/appendix-II-map-of-commitments-december.pdf	Accord net : La transition écologique, les renouvelables et la réglementation climatique sont des priorités gouvernementales. Transposition ou inférence prudente.	inférence	162
government	espagne	Espagne — gouvernement Sánchez (PSOE–Sumar)	39	Europe	La France devrait conserver autant que possible sa souveraineté nationale, même si cela réduit son influence au niveau européen.	-2	2	https://www.lamoncloa.gob.es/Documents/2025/appendix-II-map-of-commitments-december.pdf	Désaccord net : Le gouvernement Sánchez est fortement pro-européen et favorable à davantage d’action commune. Transposition ou inférence prudente.	inférence	146
government	espagne	Espagne — gouvernement Sánchez (PSOE–Sumar)	42	Europe	En cas de conflit entre les intérêts économiques français et les règles européennes, la France devrait pouvoir désobéir à certaines règles européennes.	-2	2	https://www.lamoncloa.gob.es/Documents/2025/appendix-II-map-of-commitments-december.pdf	Désaccord net : Le gouvernement Sánchez est fortement pro-européen et favorable à davantage d’action commune. Transposition ou inférence prudente.	inférence	146
government	espagne	Espagne — gouvernement Sánchez (PSOE–Sumar)	51	Protection sociale	Les prestations sociales devraient être fortement conditionnées à la durée de cotisation et de participation au marché du travail.	0	2	https://www.lamoncloa.gob.es/Documents/2025/appendix-II-map-of-commitments-december.pdf	Position de compromis : La coalition PSOE–Sumar défend un État social renforcé, la redistribution, les droits du travail et une intervention publique active. Transposition ou inférence prudente.	inférence	194
government	espagne	Espagne — gouvernement Sánchez (PSOE–Sumar)	55	État / entreprises	Il faudrait réduire fortement les normes administratives pesant sur les entreprises, même si certaines protections environnementales ou sociales deviennent moins strictes.	-2	2	https://www.lamoncloa.gob.es/Documents/2025/appendix-II-map-of-commitments-december.pdf	Désaccord net : La coalition PSOE–Sumar défend un État social renforcé, la redistribution, les droits du travail et une intervention publique active. Transposition ou inférence prudente.	inférence	186
government	espagne	Espagne — gouvernement Sánchez (PSOE–Sumar)	57	Immigration / assimilation	L'accès à certaines prestations sociales devrait être beaucoup plus limité pendant les premières années suivant l'arrivée d'un immigré.	-2	2	https://www.lamoncloa.gob.es/Documents/2025/appendix-II-map-of-commitments-december.pdf	Désaccord net : La ligne est relativement ouverte et fondée sur les droits, avec maintien des expulsions en cas de criminalité grave. Transposition ou inférence prudente.	inférence	170
government	espagne	Espagne — gouvernement Sánchez (PSOE–Sumar)	58	Immigration / assimilation	La France devrait privilégier l'immigration économique qualifiée, même si cela signifie accueillir moins de personnes peu qualifiées.	1	2	https://www.lamoncloa.gob.es/Documents/2025/appendix-II-map-of-commitments-december.pdf	Accord modéré : La ligne est relativement ouverte et fondée sur les droits, avec maintien des expulsions en cas de criminalité grave. Transposition ou inférence prudente.	inférence	170
government	espagne	Espagne — gouvernement Sánchez (PSOE–Sumar)	60	Immigration / assimilation	La France devrait pouvoir refuser l'entrée à un immigré légalement admissible lorsqu'il existe de fortes raisons de penser qu'il ne souhaite pas s'intégrer culturellement à la société française.	-1	2	https://www.lamoncloa.gob.es/Documents/2025/appendix-II-map-of-commitments-december.pdf	Réserve : La ligne est relativement ouverte et fondée sur les droits, avec maintien des expulsions en cas de criminalité grave. Transposition ou inférence prudente.	inférence	164
government	espagne	Espagne — gouvernement Sánchez (PSOE–Sumar)	61	Immigration / assimilation	Le fait de conserver des pratiques culturelles ou religieuses très différentes de celles de la majorité française n'est pas en soi un problème tant que les lois françaises sont respectées.	2	2	https://www.lamoncloa.gob.es/Documents/2025/appendix-II-map-of-commitments-december.pdf	Accord net : La ligne est relativement ouverte et fondée sur les droits, avec maintien des expulsions en cas de criminalité grave. Transposition ou inférence prudente.	inférence	167
government	espagne	Espagne — gouvernement Sánchez (PSOE–Sumar)	63	Libertés / sécurité	Pour lutter contre le terrorisme, l'État devrait pouvoir surveiller préventivement une personne considérée comme présentant un risque sérieux, même sans preuve suffisante pour engager des poursuites pénales.	1	2	https://www.lamoncloa.gob.es/lang/en/presidente/intervenciones/paginas/2025/20250728-political-year-assessment-speech.aspx	Accord modéré : La priorité est davantage donnée à la prévention, aux garanties juridiques et à la réinsertion qu’au durcissement pénal. Transposition ou inférence prudente.	inférence	173
government	espagne	Espagne — gouvernement Sánchez (PSOE–Sumar)	64	Libertés / expression	Une personne qui tient publiquement des propos profondément offensants mais qui n'appelle ni à la violence ni à commettre une infraction devrait être protégée par la liberté d'expression.	1	2	https://www.lamoncloa.gob.es/lang/en/presidente/intervenciones/paginas/2025/20250728-political-year-assessment-speech.aspx	Accord modéré : La priorité est davantage donnée à la prévention, aux garanties juridiques et à la réinsertion qu’au durcissement pénal. Transposition ou inférence prudente.	inférence	173
government	espagne	Espagne — gouvernement Sánchez (PSOE–Sumar)	69	Écologie	Il faut privilégier le nucléaire même si cela conduit à réduire certains investissements dans les renouvelables.	-2	2	https://www.lamoncloa.gob.es/Documents/2025/appendix-II-map-of-commitments-december.pdf	Désaccord net : La transition écologique, les renouvelables et la réglementation climatique sont des priorités gouvernementales. Transposition ou inférence prudente.	inférence	165
government	espagne	Espagne — gouvernement Sánchez (PSOE–Sumar)	71	Écologie / croissance	Si la France pouvait réduire ses émissions de 20 % mais que cela réduisait son PIB de 3 %, alors que les autres pays ne faisaient aucun effort comparable, il faudrait quand même le faire.	1	2	https://www.lamoncloa.gob.es/Documents/2025/appendix-II-map-of-commitments-december.pdf	Accord modéré : La transition écologique, les renouvelables et la réglementation climatique sont des priorités gouvernementales. Transposition ou inférence prudente.	inférence	165
government	espagne	Espagne — gouvernement Sánchez (PSOE–Sumar)	86	Logement / locations touristiques	Dans les zones où le logement manque, une commune devrait pouvoir interdire la location touristique régulière d'un logement qui n'est pas la résidence principale de son propriétaire.	3	3	https://www.lamoncloa.gob.es/serviciosdeprensa/notasprensa/vivienda-agenda-urbana/paginas/2025/070425-rodriguez-alquiler-turistico.aspx	Accord fort : la source retenue précise le degré de régulation souhaité pour les meublés touristiques et les pouvoirs locaux. Niveau de preuve : preuve directe ou politique explicitement documentée.	source retenue	198
government	espagne	Espagne — gouvernement Sánchez (PSOE–Sumar)	88	Défense / dissuasion nucléaire	La dissuasion nucléaire française devrait aussi protéger les partenaires européens, tout en laissant à la France seule la décision finale de l'employer.	-2	3	https://www.lamoncloa.gob.es/presidente/intervenciones/paginas/2026/20260214-transcripcion-sanchez-seguridad-munich.aspx	Désaccord net : la source retenue porte sur l'extension européenne de la dissuasion ou, pour les pays non dotés, sur la protection nucléaire alliée. Niveau de preuve : preuve directe ou politique explicitement documentée.	source retenue	221
government	finlande	Finlande — gouvernement Orpo (KOK–PS–RKP–KD)	2	Économie	Les inégalités économiques sont acceptables tant qu'elles résultent principalement du travail ou de la prise de risque.	2	2	https://valtioneuvosto.fi/en/governments/government-programme	Accord net : Le programme Orpo privilégie le travail, l’entrepreneuriat, la réduction du déficit, les réformes du marché du travail et la baisse des obstacles réglementaires. Transposition ou inférence prudente.	inférence	211
government	finlande	Finlande — gouvernement Orpo (KOK–PS–RKP–KD)	3	Économie	L'État devrait davantage taxer les hauts revenus et les gros patrimoines afin de réduire les inégalités.	-2	2	https://valtioneuvosto.fi/en/governments/government-programme	Désaccord net : Le programme Orpo privilégie le travail, l’entrepreneuriat, la réduction du déficit, les réformes du marché du travail et la baisse des obstacles réglementaires. Transposition ou inférence prudente.	inférence	214
government	finlande	Finlande — gouvernement Orpo (KOK–PS–RKP–KD)	5	Économie	Le salaire minimum devrait être augmenté significativement.	-2	2	https://valtioneuvosto.fi/en/governments/government-programme	Désaccord net : Le programme Orpo privilégie le travail, l’entrepreneuriat, la réduction du déficit, les réformes du marché du travail et la baisse des obstacles réglementaires. Transposition ou inférence prudente.	inférence	214
government	finlande	Finlande — gouvernement Orpo (KOK–PS–RKP–KD)	8	Économie	La concurrence est généralement préférable à la réglementation pour améliorer les prix, la qualité et l'innovation.	2	2	https://valtioneuvosto.fi/en/governments/government-programme	Accord net : Le programme Orpo privilégie le travail, l’entrepreneuriat, la réduction du déficit, les réformes du marché du travail et la baisse des obstacles réglementaires. Transposition ou inférence prudente.	inférence	211
government	finlande	Finlande — gouvernement Orpo (KOK–PS–RKP–KD)	12	État	L'État devrait intervenir beaucoup plus fortement dans l'économie lorsque le marché produit des résultats jugés socialement indésirables.	-1	2	https://valtioneuvosto.fi/en/governments/government-programme	Réserve : Le programme Orpo privilégie le travail, l’entrepreneuriat, la réduction du déficit, les réformes du marché du travail et la baisse des obstacles réglementaires. Transposition ou inférence prudente.	inférence	208
government	finlande	Finlande — gouvernement Orpo (KOK–PS–RKP–KD)	13	État	Les citoyens devraient avoir davantage de liberté pour choisir eux-mêmes comment utiliser leur argent plutôt que de passer par des systèmes publics obligatoires.	2	2	https://valtioneuvosto.fi/en/governments/government-programme	Accord net : Le programme Orpo privilégie le travail, l’entrepreneuriat, la réduction du déficit, les réformes du marché du travail et la baisse des obstacles réglementaires. Transposition ou inférence prudente.	inférence	211
government	finlande	Finlande — gouvernement Orpo (KOK–PS–RKP–KD)	19	Social / société	Certaines traditions et valeurs culturelles méritent d'être préservées même si elles évoluent moins vite que la société.	2	2	https://valtioneuvosto.fi/en/-/outcome-of-the-negotiations-on-the-new-government-programme-a-strong-and-committed-finland	Accord net : La coalition est modérément conservatrice, mais reste encadrée par les partis libéraux et suédophones de la coalition. Transposition ou inférence prudente.	inférence	168
government	finlande	Finlande — gouvernement Orpo (KOK–PS–RKP–KD)	21	Immigration	L'immigration économique est globalement bénéfique pour l'économie française.	2	2	https://valtioneuvosto.fi/en/governments/government-programme	Accord net : Le gouvernement conduit une politique migratoire restrictive, sélective et fortement centrée sur l’intégration et l’emploi. Transposition ou inférence prudente.	inférence	173
government	finlande	Finlande — gouvernement Orpo (KOK–PS–RKP–KD)	25	Immigration	Même lorsque l'immigration est économiquement bénéfique, elle peut être légitimement limitée pour préserver la cohésion culturelle du pays.	2	2	https://valtioneuvosto.fi/en/governments/government-programme	Accord net : Le gouvernement conduit une politique migratoire restrictive, sélective et fortement centrée sur l’intégration et l’emploi. Transposition ou inférence prudente.	inférence	173
government	finlande	Finlande — gouvernement Orpo (KOK–PS–RKP–KD)	26	Immigration	La France devrait accueillir davantage de réfugiés lorsqu'ils fuient une guerre ou une persécution, même si cela représente un coût économique.	-2	2	https://valtioneuvosto.fi/en/governments/government-programme	Désaccord net : Le gouvernement conduit une politique migratoire restrictive, sélective et fortement centrée sur l’intégration et l’emploi. Transposition ou inférence prudente.	inférence	176
government	finlande	Finlande — gouvernement Orpo (KOK–PS–RKP–KD)	27	Sécurité / justice	Les peines de prison effectives devraient être plus sévères, même si cela augmente fortement la population carcérale.	2	2	https://valtioneuvosto.fi/en/governments/government-programme	Accord net : La coalition augmente les moyens policiers et les pouvoirs de sécurité dans un contexte géopolitique dégradé. Transposition ou inférence prudente.	inférence	159
government	finlande	Finlande — gouvernement Orpo (KOK–PS–RKP–KD)	33	Écologie	Il faut accepter une hausse importante du prix des énergies fossiles pour accélérer la transition écologique.	0	2	https://valtioneuvosto.fi/en/governments/government-programme	Position de compromis : La Finlande poursuit la neutralité carbone en privilégiant la technologie, le nucléaire, les renouvelables et la compétitivité. Transposition ou inférence prudente.	inférence	188
government	finlande	Finlande — gouvernement Orpo (KOK–PS–RKP–KD)	35	Écologie	Les politiques écologiques devraient reposer principalement sur des mécanismes de marché comme la taxe carbone plutôt que sur des interdictions.	2	2	https://valtioneuvosto.fi/en/governments/government-programme	Accord net : La Finlande poursuit la neutralité carbone en privilégiant la technologie, le nucléaire, les renouvelables et la compétitivité. Transposition ou inférence prudente.	inférence	177
government	finlande	Finlande — gouvernement Orpo (KOK–PS–RKP–KD)	36	Écologie	Il est justifié d'interdire certains produits ou comportements très polluants même lorsque les consommateurs les souhaitent.	0	2	https://valtioneuvosto.fi/en/governments/government-programme	Position de compromis : La Finlande poursuit la neutralité carbone en privilégiant la technologie, le nucléaire, les renouvelables et la compétitivité. Transposition ou inférence prudente.	inférence	188
government	finlande	Finlande — gouvernement Orpo (KOK–PS–RKP–KD)	37	Écologie	Les pays riches devraient supporter une part prépondérante du coût de la transition écologique mondiale.	0	2	https://valtioneuvosto.fi/en/governments/government-programme	Position de compromis : La Finlande poursuit la neutralité carbone en privilégiant la technologie, le nucléaire, les renouvelables et la compétitivité. Transposition ou inférence prudente.	inférence	188
government	finlande	Finlande — gouvernement Orpo (KOK–PS–RKP–KD)	39	Europe	La France devrait conserver autant que possible sa souveraineté nationale, même si cela réduit son influence au niveau européen.	-1	2	https://valtioneuvosto.fi/en/governments/government-programme	Réserve : La Finlande est pro-UE et pro-euro, tout en demandant une responsabilité budgétaire accrue des États membres. Transposition ou inférence prudente.	inférence	156
government	finlande	Finlande — gouvernement Orpo (KOK–PS–RKP–KD)	42	Europe	En cas de conflit entre les intérêts économiques français et les règles européennes, la France devrait pouvoir désobéir à certaines règles européennes.	-2	2	https://valtioneuvosto.fi/en/governments/government-programme	Désaccord net : La Finlande est pro-UE et pro-euro, tout en demandant une responsabilité budgétaire accrue des États membres. Transposition ou inférence prudente.	inférence	162
government	finlande	Finlande — gouvernement Orpo (KOK–PS–RKP–KD)	48	Travail / chômage	Le CDI protège trop fortement les salariés déjà en poste et peut rendre plus difficile l’accès à l’emploi stable, au détriment des jeunes, chômeurs ou travailleurs en contrats précaires.	2	2	https://valtioneuvosto.fi/en/governments/government-programme	Accord net : Le programme Orpo privilégie le travail, l’entrepreneuriat, la réduction du déficit, les réformes du marché du travail et la baisse des obstacles réglementaires. Transposition ou inférence prudente.	inférence	211
government	finlande	Finlande — gouvernement Orpo (KOK–PS–RKP–KD)	60	Immigration / assimilation	La France devrait pouvoir refuser l'entrée à un immigré légalement admissible lorsqu'il existe de fortes raisons de penser qu'il ne souhaite pas s'intégrer culturellement à la société française.	2	2	https://valtioneuvosto.fi/en/governments/government-programme	Accord net : Le gouvernement conduit une politique migratoire restrictive, sélective et fortement centrée sur l’intégration et l’emploi. Transposition ou inférence prudente.	inférence	173
government	finlande	Finlande — gouvernement Orpo (KOK–PS–RKP–KD)	61	Immigration / assimilation	Le fait de conserver des pratiques culturelles ou religieuses très différentes de celles de la majorité française n'est pas en soi un problème tant que les lois françaises sont respectées.	1	2	https://valtioneuvosto.fi/en/governments/government-programme	Accord modéré : Le gouvernement conduit une politique migratoire restrictive, sélective et fortement centrée sur l’intégration et l’emploi. Transposition ou inférence prudente.	inférence	176
government	finlande	Finlande — gouvernement Orpo (KOK–PS–RKP–KD)	67	Écologie	Une taxe carbone qui réduit les émissions de CO₂ devrait être maintenue même si elle diminue le pouvoir d’achat des ménages modestes, à condition de compenser ces derniers par des aides ciblées.	1	2	https://valtioneuvosto.fi/en/governments/government-programme	Accord modéré : La Finlande poursuit la neutralité carbone en privilégiant la technologie, le nucléaire, les renouvelables et la compétitivité. Transposition ou inférence prudente.	inférence	180
government	finlande	Finlande — gouvernement Orpo (KOK–PS–RKP–KD)	68	Écologie	La France devrait interdire progressivement la vente de voitures thermiques même si cela augmente temporairement le prix moyen des véhicules.	1	2	https://valtioneuvosto.fi/en/governments/government-programme	Accord modéré : La Finlande poursuit la neutralité carbone en privilégiant la technologie, le nucléaire, les renouvelables et la compétitivité. Transposition ou inférence prudente.	inférence	180
government	finlande	Finlande — gouvernement Orpo (KOK–PS–RKP–KD)	71	Écologie / croissance	Si la France pouvait réduire ses émissions de 20 % mais que cela réduisait son PIB de 3 %, alors que les autres pays ne faisaient aucun effort comparable, il faudrait quand même le faire.	-2	2	https://valtioneuvosto.fi/en/governments/government-programme	Désaccord net : La Finlande poursuit la neutralité carbone en privilégiant la technologie, le nucléaire, les renouvelables et la compétitivité. Transposition ou inférence prudente.	inférence	180
government	finlande	Finlande — gouvernement Orpo (KOK–PS–RKP–KD)	77	Institutions	La proportionnelle intégrale serait préférable au système actuel, même si elle rendait plus fréquentes les coalitions et les gouvernements instables.	2	2	https://valtioneuvosto.fi/en/-/outcome-of-the-negotiations-on-the-new-government-programme-a-strong-and-committed-finland	Accord net : Le système parlementaire finlandais maintient des contre-pouvoirs forts et une culture de coalition. Transposition ou inférence prudente.	inférence	150
government	finlande	Finlande — gouvernement Orpo (KOK–PS–RKP–KD)	80	Écologie / agriculture	La France devrait interdire aux agriculteurs l’usage d’un produit jugé trop polluant, même si cette interdiction les désavantage face à des concurrents étrangers qui peuvent encore l’utiliser.	-2	2	https://valtioneuvosto.fi/-/1410837/valtioneuvosto-linjasi-kantansa-komission-ehdotuksiin-elintarvike-ja-rehulainsaadannon-yksinkertaistamisesta	Désaccord net mais inféré : le gouvernement Orpo soutient l’allègement du cadre européen des produits phytosanitaires pour renforcer la compétitivité agricole et privilégie la disponibilité des intrants et les conditions de production. Il n’existe pas dans les sources retenues de déclaration exactement identique à l’énoncé, d’où une confiance limitée à 2.	sources retenues	357
government	finlande	Finlande — gouvernement Orpo (KOK–PS–RKP–KD)	81	Santé / accès aux soins	Dans les zones où l'accès aux soins est insuffisant, l'Assurance maladie devrait pouvoir limiter le conventionnement de nouveaux médecins dans les zones déjà bien dotées afin d'encourager leur installation dans les déserts médicaux.	1	1	https://valtioneuvosto.fi/en/governments/government-programme	Accord modéré : le scrutin sur la régulation du conventionnement médical fournit la position parlementaire la plus proche ; pour les formations non représentées, le codage est déduit de leur ligne sur la liberté d'installation. Niveau de preuve : estimation prudente à partir de la ligne générale.	codage	297
government	finlande	Finlande — gouvernement Orpo (KOK–PS–RKP–KD)	86	Logement / locations touristiques	Dans les zones où le logement manque, une commune devrait pouvoir interdire la location touristique régulière d'un logement qui n'est pas la résidence principale de son propriétaire.	1	1	https://valtioneuvosto.fi/en/governments/government-programme	Accord modéré : la source retenue précise le degré de régulation souhaité pour les meublés touristiques et les pouvoirs locaux. Niveau de preuve : estimation prudente à partir de la ligne générale.	source retenue	197
government	finlande	Finlande — gouvernement Orpo (KOK–PS–RKP–KD)	88	Défense / dissuasion nucléaire	La dissuasion nucléaire française devrait aussi protéger les partenaires européens, tout en laissant à la France seule la décision finale de l'employer.	2	2	https://valtioneuvosto.fi/en/-/236553176/finland-to-participate-in-nato-s-annual-nuclear-deterrence-exercise	Accord net : la source retenue porte sur l'extension européenne de la dissuasion ou, pour les pays non dotés, sur la protection nucléaire alliée. Niveau de preuve : faisceau d’indices cohérent, sans équivalent toujours parfaitement identique.	source retenue	242
government	pays-bas	Pays-Bas — gouvernement Jetten (D66–VVD–CDA)	1	Économie	Il faut réduire les impôts sur le travail et le capital, même si cela implique de réduire certaines dépenses publiques.	2	3	https://www.government.nl/site/binaries/site-content/collections/documents/2026/02/23/2026-2030-coalition-agreement-lets-get-to-work---building-a-better-netherlands/2026-2030-coalition-agreement-let%E2%80%99s-get-to-work-building-a-better-netherlands.pdf	Accord net : codage fondé sur les documents officiels retenus pour le thème « Économie ». Niveau de preuve : position ou mesure explicitement documentée.	codage	153
government	pays-bas	Pays-Bas — gouvernement Jetten (D66–VVD–CDA)	2	Économie	Les inégalités économiques sont acceptables tant qu'elles résultent principalement du travail ou de la prise de risque.	1	1	https://www.government.nl/site/binaries/site-content/collections/documents/2026/02/23/2026-2030-coalition-agreement-lets-get-to-work---building-a-better-netherlands/2026-2030-coalition-agreement-let%E2%80%99s-get-to-work-building-a-better-netherlands.pdf	Accord modéré : codage fondé sur les documents officiels retenus pour le thème « Économie ». Niveau de preuve : analogie prudente, sans proposition parfaitement équivalente.	codage	173
government	pays-bas	Pays-Bas — gouvernement Jetten (D66–VVD–CDA)	3	Économie	L'État devrait davantage taxer les hauts revenus et les gros patrimoines afin de réduire les inégalités.	-1	1	https://www.government.nl/site/binaries/site-content/collections/documents/2026/02/23/2026-2030-coalition-agreement-lets-get-to-work---building-a-better-netherlands/2026-2030-coalition-agreement-let%E2%80%99s-get-to-work-building-a-better-netherlands.pdf	Réserve : codage fondé sur les documents officiels retenus pour le thème « Économie ». Niveau de preuve : analogie prudente, sans proposition parfaitement équivalente.	codage	167
government	pays-bas	Pays-Bas — gouvernement Jetten (D66–VVD–CDA)	5	Économie	Le salaire minimum devrait être augmenté significativement.	1	1	https://www.government.nl/site/binaries/site-content/collections/documents/2026/02/23/2026-2030-coalition-agreement-lets-get-to-work---building-a-better-netherlands/2026-2030-coalition-agreement-let%E2%80%99s-get-to-work-building-a-better-netherlands.pdf	Accord modéré : codage fondé sur les documents officiels retenus pour le thème « Économie ». Niveau de preuve : analogie prudente, sans proposition parfaitement équivalente.	codage	173
government	pays-bas	Pays-Bas — gouvernement Jetten (D66–VVD–CDA)	6	Économie	Les entreprises privées sont généralement plus efficaces que l'État pour fournir des biens et services, même dans certains secteurs essentiels.	2	1	https://www.government.nl/site/binaries/site-content/collections/documents/2026/02/23/2026-2030-coalition-agreement-lets-get-to-work---building-a-better-netherlands/2026-2030-coalition-agreement-let%E2%80%99s-get-to-work-building-a-better-netherlands.pdf	Accord net : codage fondé sur les documents officiels retenus pour le thème « Économie ». Niveau de preuve : analogie prudente, sans proposition parfaitement équivalente.	codage	170
government	pays-bas	Pays-Bas — gouvernement Jetten (D66–VVD–CDA)	7	Économie	L'État devrait pouvoir nationaliser temporairement ou durablement une entreprise privée lorsqu'elle contrôle une activité stratégique pour le pays.	1	1	https://www.government.nl/site/binaries/site-content/collections/documents/2026/02/23/2026-2030-coalition-agreement-lets-get-to-work---building-a-better-netherlands/2026-2030-coalition-agreement-let%E2%80%99s-get-to-work-building-a-better-netherlands.pdf	Accord modéré : codage fondé sur les documents officiels retenus pour le thème « Économie ». Niveau de preuve : analogie prudente, sans proposition parfaitement équivalente.	codage	173
government	pays-bas	Pays-Bas — gouvernement Jetten (D66–VVD–CDA)	8	Économie	La concurrence est généralement préférable à la réglementation pour améliorer les prix, la qualité et l'innovation.	2	1	https://www.government.nl/site/binaries/site-content/collections/documents/2026/02/23/2026-2030-coalition-agreement-lets-get-to-work---building-a-better-netherlands/2026-2030-coalition-agreement-let%E2%80%99s-get-to-work-building-a-better-netherlands.pdf	Accord net : codage fondé sur les documents officiels retenus pour le thème « Économie ». Niveau de preuve : analogie prudente, sans proposition parfaitement équivalente.	codage	170
government	pays-bas	Pays-Bas — gouvernement Jetten (D66–VVD–CDA)	9	État	La France dépense trop d'argent public et devrait accepter de réduire certaines politiques sociales pour revenir à l'équilibre budgétaire.	2	3	https://www.government.nl/site/binaries/site-content/collections/documents/2026/02/23/2026-2030-coalition-agreement-lets-get-to-work---building-a-better-netherlands/2026-2030-coalition-agreement-let%E2%80%99s-get-to-work-building-a-better-netherlands.pdf	Accord net : codage fondé sur les documents officiels retenus pour le thème « État ». Niveau de preuve : position ou mesure explicitement documentée.	codage	149
government	pays-bas	Pays-Bas — gouvernement Jetten (D66–VVD–CDA)	10	État	L'État devrait garantir un niveau élevé de protection sociale, même si cela implique une fiscalité importante.	1	1	https://www.government.nl/site/binaries/site-content/collections/documents/2026/02/23/2026-2030-coalition-agreement-lets-get-to-work---building-a-better-netherlands/2026-2030-coalition-agreement-let%E2%80%99s-get-to-work-building-a-better-netherlands.pdf	Accord modéré : codage fondé sur les documents officiels retenus pour le thème « État ». Niveau de preuve : analogie prudente, sans proposition parfaitement équivalente.	codage	169
government	pays-bas	Pays-Bas — gouvernement Jetten (D66–VVD–CDA)	12	État	L'État devrait intervenir beaucoup plus fortement dans l'économie lorsque le marché produit des résultats jugés socialement indésirables.	1	1	https://www.government.nl/site/binaries/site-content/collections/documents/2026/02/23/2026-2030-coalition-agreement-lets-get-to-work---building-a-better-netherlands/2026-2030-coalition-agreement-let%E2%80%99s-get-to-work-building-a-better-netherlands.pdf	Accord modéré : codage fondé sur les documents officiels retenus pour le thème « État ». Niveau de preuve : analogie prudente, sans proposition parfaitement équivalente.	codage	169
government	pays-bas	Pays-Bas — gouvernement Jetten (D66–VVD–CDA)	13	État	Les citoyens devraient avoir davantage de liberté pour choisir eux-mêmes comment utiliser leur argent plutôt que de passer par des systèmes publics obligatoires.	1	1	https://www.government.nl/site/binaries/site-content/collections/documents/2026/02/23/2026-2030-coalition-agreement-lets-get-to-work---building-a-better-netherlands/2026-2030-coalition-agreement-let%E2%80%99s-get-to-work-building-a-better-netherlands.pdf	Accord modéré : codage fondé sur les documents officiels retenus pour le thème « État ». Niveau de preuve : analogie prudente, sans proposition parfaitement équivalente.	codage	169
government	pays-bas	Pays-Bas — gouvernement Jetten (D66–VVD–CDA)	14	Social / société	La société devrait accepter beaucoup plus largement les différents modes de vie, même lorsqu'ils s'éloignent des normes traditionnelles.	2	3	https://www.government.nl/site/binaries/site-content/collections/documents/2026/02/23/2026-2030-coalition-agreement-lets-get-to-work---building-a-better-netherlands/2026-2030-coalition-agreement-let%E2%80%99s-get-to-work-building-a-better-netherlands.pdf	Accord net : codage fondé sur les documents officiels retenus pour le thème « Social / société ». Niveau de preuve : position ou mesure explicitement documentée.	codage	161
government	pays-bas	Pays-Bas — gouvernement Jetten (D66–VVD–CDA)	16	Social / société	Réduire les inégalités peut parfois justifier de restreindre certaines libertés individuelles.	-2	1	https://www.government.nl/site/binaries/site-content/collections/documents/2026/02/23/2026-2030-coalition-agreement-lets-get-to-work---building-a-better-netherlands/2026-2030-coalition-agreement-let%E2%80%99s-get-to-work-building-a-better-netherlands.pdf	Désaccord net : codage fondé sur les documents officiels retenus pour le thème « Social / société ». Niveau de preuve : analogie prudente, sans proposition parfaitement équivalente.	codage	181
government	pays-bas	Pays-Bas — gouvernement Jetten (D66–VVD–CDA)	17	Social / société	Les politiques publiques devraient chercher à corriger activement les discriminations historiques ou structurelles entre groupes sociaux.	2	3	https://www.government.nl/site/binaries/site-content/collections/documents/2026/02/23/2026-2030-coalition-agreement-lets-get-to-work---building-a-better-netherlands/2026-2030-coalition-agreement-let%E2%80%99s-get-to-work-building-a-better-netherlands.pdf	Accord net : codage fondé sur les documents officiels retenus pour le thème « Social / société ». Niveau de preuve : position ou mesure explicitement documentée.	codage	161
government	pays-bas	Pays-Bas — gouvernement Jetten (D66–VVD–CDA)	19	Social / société	Certaines traditions et valeurs culturelles méritent d'être préservées même si elles évoluent moins vite que la société.	1	1	https://www.government.nl/site/binaries/site-content/collections/documents/2026/02/23/2026-2030-coalition-agreement-lets-get-to-work---building-a-better-netherlands/2026-2030-coalition-agreement-let%E2%80%99s-get-to-work-building-a-better-netherlands.pdf	Accord modéré : codage fondé sur les documents officiels retenus pour le thème « Social / société ». Niveau de preuve : analogie prudente, sans proposition parfaitement équivalente.	codage	181
government	pays-bas	Pays-Bas — gouvernement Jetten (D66–VVD–CDA)	21	Immigration	L'immigration économique est globalement bénéfique pour l'économie française.	2	3	https://www.government.nl/site/binaries/site-content/collections/documents/2026/02/23/2026-2030-coalition-agreement-lets-get-to-work---building-a-better-netherlands/2026-2030-coalition-agreement-let%E2%80%99s-get-to-work-building-a-better-netherlands.pdf	Accord net : codage fondé sur les documents officiels retenus pour le thème « Immigration ». Niveau de preuve : position ou mesure explicitement documentée.	codage	156
government	pays-bas	Pays-Bas — gouvernement Jetten (D66–VVD–CDA)	23	Immigration	L'accès à la nationalité française devrait être rendu plus exigeant.	2	3	https://www.government.nl/site/binaries/site-content/collections/documents/2026/02/23/2026-2030-coalition-agreement-lets-get-to-work---building-a-better-netherlands/2026-2030-coalition-agreement-let%E2%80%99s-get-to-work-building-a-better-netherlands.pdf	Accord net : codage fondé sur les documents officiels retenus pour le thème « Immigration ». Niveau de preuve : position ou mesure explicitement documentée.	codage	156
government	pays-bas	Pays-Bas — gouvernement Jetten (D66–VVD–CDA)	24	Immigration	La France devrait être beaucoup plus stricte concernant l'expulsion des étrangers condamnés pour des crimes graves.	3	3	https://www.government.nl/site/binaries/site-content/collections/documents/2026/02/23/2026-2030-coalition-agreement-lets-get-to-work---building-a-better-netherlands/2026-2030-coalition-agreement-let%E2%80%99s-get-to-work-building-a-better-netherlands.pdf	Accord fort : codage fondé sur les documents officiels retenus pour le thème « Immigration ». Niveau de preuve : position ou mesure explicitement documentée.	codage	157
government	pays-bas	Pays-Bas — gouvernement Jetten (D66–VVD–CDA)	25	Immigration	Même lorsque l'immigration est économiquement bénéfique, elle peut être légitimement limitée pour préserver la cohésion culturelle du pays.	1	1	https://www.government.nl/site/binaries/site-content/collections/documents/2026/02/23/2026-2030-coalition-agreement-lets-get-to-work---building-a-better-netherlands/2026-2030-coalition-agreement-let%E2%80%99s-get-to-work-building-a-better-netherlands.pdf	Accord modéré : codage fondé sur les documents officiels retenus pour le thème « Immigration ». Niveau de preuve : analogie prudente, sans proposition parfaitement équivalente.	codage	176
government	pays-bas	Pays-Bas — gouvernement Jetten (D66–VVD–CDA)	26	Immigration	La France devrait accueillir davantage de réfugiés lorsqu'ils fuient une guerre ou une persécution, même si cela représente un coût économique.	0	3	https://www.government.nl/site/binaries/site-content/collections/documents/2026/02/23/2026-2030-coalition-agreement-lets-get-to-work---building-a-better-netherlands/2026-2030-coalition-agreement-let%E2%80%99s-get-to-work-building-a-better-netherlands.pdf	Position neutre, partagée ou non arrêtée : codage fondé sur les documents officiels retenus pour le thème « Immigration ». Niveau de preuve : position ou mesure explicitement documentée.	codage	186
government	pays-bas	Pays-Bas — gouvernement Jetten (D66–VVD–CDA)	27	Sécurité / justice	Les peines de prison effectives devraient être plus sévères, même si cela augmente fortement la population carcérale.	1	1	https://www.government.nl/site/binaries/site-content/collections/documents/2026/02/23/2026-2030-coalition-agreement-lets-get-to-work---building-a-better-netherlands/2026-2030-coalition-agreement-let%E2%80%99s-get-to-work-building-a-better-netherlands.pdf	Accord modéré : codage fondé sur les documents officiels retenus pour le thème « Sécurité / justice ». Niveau de preuve : analogie prudente, sans proposition parfaitement équivalente.	codage	183
government	pays-bas	Pays-Bas — gouvernement Jetten (D66–VVD–CDA)	28	Sécurité / justice	Il vaut mieux investir dans la prévention et la réinsertion que dans l'augmentation des sanctions.	2	1	https://www.government.nl/site/binaries/site-content/collections/documents/2026/02/23/2026-2030-coalition-agreement-lets-get-to-work---building-a-better-netherlands/2026-2030-coalition-agreement-let%E2%80%99s-get-to-work-building-a-better-netherlands.pdf	Accord net : codage fondé sur les documents officiels retenus pour le thème « Sécurité / justice ». Niveau de preuve : analogie prudente, sans proposition parfaitement équivalente.	codage	180
government	pays-bas	Pays-Bas — gouvernement Jetten (D66–VVD–CDA)	29	Sécurité / justice	La police devrait disposer de pouvoirs plus importants pour lutter contre la criminalité, quitte à accepter davantage de contrôles sur certaines libertés individuelles.	2	3	https://www.government.nl/site/binaries/site-content/collections/documents/2026/02/23/2026-2030-coalition-agreement-lets-get-to-work---building-a-better-netherlands/2026-2030-coalition-agreement-let%E2%80%99s-get-to-work-building-a-better-netherlands.pdf	Accord net : codage fondé sur les documents officiels retenus pour le thème « Sécurité / justice ». Niveau de preuve : position ou mesure explicitement documentée.	codage	163
government	pays-bas	Pays-Bas — gouvernement Jetten (D66–VVD–CDA)	34	Economie	Une partie des cotisations sociales sur les salaires devrait être remplacée par une hausse de la TVA afin d’augmenter les salaires nets et de réduire le coût du travail, même si cela augmente le prix des biens et services consommés	0	1	https://www.government.nl/documents/publications/2026/02/23/2026-2030-coalition-agreement-lets-get-to-work-building-a-better-netherlands	Le programme de coalition actuel ne fournit pas de position suffisamment précise sur une substitution de cotisations sociales par la TVA. Score neutre, confiance 1.	pas de position suffisamment précise	164
government	pays-bas	Pays-Bas — gouvernement Jetten (D66–VVD–CDA)	36	Écologie	Il est justifié d'interdire certains produits ou comportements très polluants même lorsque les consommateurs les souhaitent.	2	3	https://www.government.nl/site/binaries/site-content/collections/documents/2026/02/23/2026-2030-coalition-agreement-lets-get-to-work---building-a-better-netherlands/2026-2030-coalition-agreement-let%E2%80%99s-get-to-work-building-a-better-netherlands.pdf	Accord net : codage fondé sur les documents officiels retenus pour le thème « Écologie ». Niveau de preuve : position ou mesure explicitement documentée.	codage	153
government	pays-bas	Pays-Bas — gouvernement Jetten (D66–VVD–CDA)	37	Écologie	Les pays riches devraient supporter une part prépondérante du coût de la transition écologique mondiale.	2	1	https://www.government.nl/site/binaries/site-content/collections/documents/2026/02/23/2026-2030-coalition-agreement-lets-get-to-work---building-a-better-netherlands/2026-2030-coalition-agreement-let%E2%80%99s-get-to-work-building-a-better-netherlands.pdf	Accord net : codage fondé sur les documents officiels retenus pour le thème « Écologie ». Niveau de preuve : analogie prudente, sans proposition parfaitement équivalente.	codage	170
government	pays-bas	Pays-Bas — gouvernement Jetten (D66–VVD–CDA)	38	Europe	La France devrait transférer davantage de compétences à l'Union européenne afin de renforcer son poids économique et géopolitique.	2	3	https://www.government.nl/site/binaries/site-content/collections/documents/2026/02/23/2026-2030-coalition-agreement-lets-get-to-work---building-a-better-netherlands/2026-2030-coalition-agreement-let%E2%80%99s-get-to-work-building-a-better-netherlands.pdf	Accord net : codage fondé sur les documents officiels retenus pour le thème « Europe ». Niveau de preuve : position ou mesure explicitement documentée.	codage	151
government	pays-bas	Pays-Bas — gouvernement Jetten (D66–VVD–CDA)	39	Europe	La France devrait conserver autant que possible sa souveraineté nationale, même si cela réduit son influence au niveau européen.	-2	2	https://www.government.nl/site/binaries/site-content/collections/documents/2026/02/23/2026-2030-coalition-agreement-lets-get-to-work---building-a-better-netherlands/2026-2030-coalition-agreement-let%E2%80%99s-get-to-work-building-a-better-netherlands.pdf	Désaccord net : codage fondé sur les documents officiels retenus pour le thème « Europe ». Niveau de preuve : orientation cohérente étayée par plusieurs éléments.	codage	162
government	pays-bas	Pays-Bas — gouvernement Jetten (D66–VVD–CDA)	40	Europe	L'euro est globalement bénéfique pour la France malgré la perte de certains instruments de politique économique.	3	3	https://www.government.nl/site/binaries/site-content/collections/documents/2026/02/23/2026-2030-coalition-agreement-lets-get-to-work---building-a-better-netherlands/2026-2030-coalition-agreement-let%E2%80%99s-get-to-work-building-a-better-netherlands.pdf	Accord fort : codage fondé sur les documents officiels retenus pour le thème « Europe ». Niveau de preuve : position ou mesure explicitement documentée.	codage	152
government	pays-bas	Pays-Bas — gouvernement Jetten (D66–VVD–CDA)	41	Europe	L'Union européenne devrait pouvoir imposer davantage de règles communes aux États membres.	2	3	https://www.government.nl/site/binaries/site-content/collections/documents/2026/02/23/2026-2030-coalition-agreement-lets-get-to-work---building-a-better-netherlands/2026-2030-coalition-agreement-let%E2%80%99s-get-to-work-building-a-better-netherlands.pdf	Accord net : codage fondé sur les documents officiels retenus pour le thème « Europe ». Niveau de preuve : position ou mesure explicitement documentée.	codage	151
government	pays-bas	Pays-Bas — gouvernement Jetten (D66–VVD–CDA)	42	Europe	En cas de conflit entre les intérêts économiques français et les règles européennes, la France devrait pouvoir désobéir à certaines règles européennes.	-3	3	https://www.government.nl/site/binaries/site-content/collections/documents/2026/02/23/2026-2030-coalition-agreement-lets-get-to-work---building-a-better-netherlands/2026-2030-coalition-agreement-let%E2%80%99s-get-to-work-building-a-better-netherlands.pdf	Désaccord fort : codage fondé sur les documents officiels retenus pour le thème « Europe ». Niveau de preuve : position ou mesure explicitement documentée.	codage	155
government	pays-bas	Pays-Bas — gouvernement Jetten (D66–VVD–CDA)	44	Fiscalité / patrimoine	L'héritage devrait être davantage taxé au-delà d'un certain seuil de patrimoine transmis, même si cela conduit certaines familles à transmettre moins de patrimoine à leurs enfants.	0	1	https://www.government.nl/site/binaries/site-content/collections/documents/2026/02/23/2026-2030-coalition-agreement-lets-get-to-work---building-a-better-netherlands/2026-2030-coalition-agreement-let%E2%80%99s-get-to-work-building-a-better-netherlands.pdf	Position neutre, partagée ou non arrêtée : codage fondé sur les documents officiels retenus pour le thème « Fiscalité / patrimoine ». Niveau de preuve : analogie prudente, sans proposition parfaitement équivalente.	codage	214
government	pays-bas	Pays-Bas — gouvernement Jetten (D66–VVD–CDA)	45	Fiscalité / patrimoine	Les très grandes fortunes devraient être imposées sur leur patrimoine mondial, même lorsqu'elles quittent la France.	0	1	https://www.government.nl/site/binaries/site-content/collections/documents/2026/02/23/2026-2030-coalition-agreement-lets-get-to-work---building-a-better-netherlands/2026-2030-coalition-agreement-let%E2%80%99s-get-to-work-building-a-better-netherlands.pdf	Position neutre, partagée ou non arrêtée : codage fondé sur les documents officiels retenus pour le thème « Fiscalité / patrimoine ». Niveau de preuve : analogie prudente, sans proposition parfaitement équivalente.	codage	214
government	pays-bas	Pays-Bas — gouvernement Jetten (D66–VVD–CDA)	46	Travail / chômage	Un chômeur devrait pouvoir perdre une partie significative de ses allocations s'il refuse plusieurs emplois raisonnablement adaptés à ses compétences.	2	3	https://www.government.nl/site/binaries/site-content/collections/documents/2026/02/23/2026-2030-coalition-agreement-lets-get-to-work---building-a-better-netherlands/2026-2030-coalition-agreement-let%E2%80%99s-get-to-work-building-a-better-netherlands.pdf	Accord net : codage fondé sur les documents officiels retenus pour le thème « Travail / chômage ». Niveau de preuve : position ou mesure explicitement documentée.	codage	162
government	pays-bas	Pays-Bas — gouvernement Jetten (D66–VVD–CDA)	48	Travail / chômage	Le CDI protège trop fortement les salariés déjà en poste et peut rendre plus difficile l’accès à l’emploi stable, au détriment des jeunes, chômeurs ou travailleurs en contrats précaires.	1	2	https://www.government.nl/site/binaries/site-content/collections/documents/2026/02/23/2026-2030-coalition-agreement-lets-get-to-work---building-a-better-netherlands/2026-2030-coalition-agreement-let%E2%80%99s-get-to-work-building-a-better-netherlands.pdf	Accord modéré : codage fondé sur les documents officiels retenus pour le thème « Travail / chômage ». Niveau de preuve : orientation cohérente étayée par plusieurs éléments.	codage	173
government	pays-bas	Pays-Bas — gouvernement Jetten (D66–VVD–CDA)	49	Retraites	Les retraites devraient être progressivement réformées vers un système combinant répartition et capitalisation, même si cela implique une période de transition coûteuse.	3	3	https://www.government.nl/site/binaries/site-content/collections/documents/2026/02/23/2026-2030-coalition-agreement-lets-get-to-work---building-a-better-netherlands/2026-2030-coalition-agreement-let%E2%80%99s-get-to-work-building-a-better-netherlands.pdf	Accord fort : codage fondé sur les documents officiels retenus pour le thème « Retraites ». Niveau de preuve : position ou mesure explicitement documentée.	codage	155
government	pays-bas	Pays-Bas — gouvernement Jetten (D66–VVD–CDA)	50	Retraites	L'âge légal de départ à la retraite devrait être automatiquement indexé sur l'espérance de vie nationale.	3	3	https://www.government.nl/site/binaries/site-content/collections/documents/2026/02/23/2026-2030-coalition-agreement-lets-get-to-work---building-a-better-netherlands/2026-2030-coalition-agreement-let%E2%80%99s-get-to-work-building-a-better-netherlands.pdf	Accord fort : codage fondé sur les documents officiels retenus pour le thème « Retraites ». Niveau de preuve : position ou mesure explicitement documentée.	codage	155
government	pays-bas	Pays-Bas — gouvernement Jetten (D66–VVD–CDA)	51	Protection sociale	Les prestations sociales devraient être fortement conditionnées à la durée de cotisation et de participation au marché du travail.	2	3	https://www.government.nl/site/binaries/site-content/collections/documents/2026/02/23/2026-2030-coalition-agreement-lets-get-to-work---building-a-better-netherlands/2026-2030-coalition-agreement-let%E2%80%99s-get-to-work-building-a-better-netherlands.pdf	Accord net : codage fondé sur les documents officiels retenus pour le thème « Protection sociale ». Niveau de preuve : position ou mesure explicitement documentée.	codage	163
government	pays-bas	Pays-Bas — gouvernement Jetten (D66–VVD–CDA)	53	État / entreprises	Une entreprise qui reçoit plusieurs milliards d'euros d'aides publiques devrait pouvoir être contrainte de limiter ses dividendes et les rémunérations de ses dirigeants tant que l'aide n'est pas remboursée.	1	1	https://www.government.nl/site/binaries/site-content/collections/documents/2026/02/23/2026-2030-coalition-agreement-lets-get-to-work---building-a-better-netherlands/2026-2030-coalition-agreement-let%E2%80%99s-get-to-work-building-a-better-netherlands.pdf	Accord modéré : codage fondé sur les documents officiels retenus pour le thème « État / entreprises ». Niveau de preuve : analogie prudente, sans proposition parfaitement équivalente.	codage	183
government	pays-bas	Pays-Bas — gouvernement Jetten (D66–VVD–CDA)	54	État / entreprises	L'État devrait davantage utiliser son pouvoir d'actionnaire pour orienter les grandes entreprises françaises vers des objectifs industriels de long terme.	1	1	https://www.government.nl/site/binaries/site-content/collections/documents/2026/02/23/2026-2030-coalition-agreement-lets-get-to-work---building-a-better-netherlands/2026-2030-coalition-agreement-let%E2%80%99s-get-to-work-building-a-better-netherlands.pdf	Accord modéré : codage fondé sur les documents officiels retenus pour le thème « État / entreprises ». Niveau de preuve : analogie prudente, sans proposition parfaitement équivalente.	codage	183
government	pays-bas	Pays-Bas — gouvernement Jetten (D66–VVD–CDA)	55	État / entreprises	Il faudrait réduire fortement les normes administratives pesant sur les entreprises, même si certaines protections environnementales ou sociales deviennent moins strictes.	2	3	https://www.government.nl/site/binaries/site-content/collections/documents/2026/02/23/2026-2030-coalition-agreement-lets-get-to-work---building-a-better-netherlands/2026-2030-coalition-agreement-let%E2%80%99s-get-to-work-building-a-better-netherlands.pdf	Accord net : codage fondé sur les documents officiels retenus pour le thème « État / entreprises ». Niveau de preuve : position ou mesure explicitement documentée.	codage	163
government	pays-bas	Pays-Bas — gouvernement Jetten (D66–VVD–CDA)	57	Immigration / assimilation	L'accès à certaines prestations sociales devrait être beaucoup plus limité pendant les premières années suivant l'arrivée d'un immigré.	2	3	https://www.government.nl/site/binaries/site-content/collections/documents/2026/02/23/2026-2030-coalition-agreement-lets-get-to-work---building-a-better-netherlands/2026-2030-coalition-agreement-let%E2%80%99s-get-to-work-building-a-better-netherlands.pdf	Accord net : codage fondé sur les documents officiels retenus pour le thème « Immigration / assimilation ». Niveau de preuve : position ou mesure explicitement documentée.	codage	171
government	pays-bas	Pays-Bas — gouvernement Jetten (D66–VVD–CDA)	58	Immigration / assimilation	La France devrait privilégier l'immigration économique qualifiée, même si cela signifie accueillir moins de personnes peu qualifiées.	3	3	https://www.government.nl/site/binaries/site-content/collections/documents/2026/02/23/2026-2030-coalition-agreement-lets-get-to-work---building-a-better-netherlands/2026-2030-coalition-agreement-let%E2%80%99s-get-to-work-building-a-better-netherlands.pdf	Accord fort : codage fondé sur les documents officiels retenus pour le thème « Immigration / assimilation ». Niveau de preuve : position ou mesure explicitement documentée.	codage	172
government	pays-bas	Pays-Bas — gouvernement Jetten (D66–VVD–CDA)	61	Immigration / assimilation	Le fait de conserver des pratiques culturelles ou religieuses très différentes de celles de la majorité française n'est pas en soi un problème tant que les lois françaises sont respectées.	2	1	https://www.government.nl/site/binaries/site-content/collections/documents/2026/02/23/2026-2030-coalition-agreement-lets-get-to-work---building-a-better-netherlands/2026-2030-coalition-agreement-let%E2%80%99s-get-to-work-building-a-better-netherlands.pdf	Accord net : codage fondé sur les documents officiels retenus pour le thème « Immigration / assimilation ». Niveau de preuve : analogie prudente, sans proposition parfaitement équivalente.	codage	188
government	pays-bas	Pays-Bas — gouvernement Jetten (D66–VVD–CDA)	63	Libertés / sécurité	Pour lutter contre le terrorisme, l'État devrait pouvoir surveiller préventivement une personne considérée comme présentant un risque sérieux, même sans preuve suffisante pour engager des poursuites pénales.	2	3	https://www.government.nl/site/binaries/site-content/collections/documents/2026/02/23/2026-2030-coalition-agreement-lets-get-to-work---building-a-better-netherlands/2026-2030-coalition-agreement-let%E2%80%99s-get-to-work-building-a-better-netherlands.pdf	Accord net : codage fondé sur les documents officiels retenus pour le thème « Libertés / sécurité ». Niveau de preuve : position ou mesure explicitement documentée.	codage	164
government	pays-bas	Pays-Bas — gouvernement Jetten (D66–VVD–CDA)	64	Libertés / expression	Une personne qui tient publiquement des propos profondément offensants mais qui n'appelle ni à la violence ni à commettre une infraction devrait être protégée par la liberté d'expression.	2	1	https://www.government.nl/site/binaries/site-content/collections/documents/2026/02/23/2026-2030-coalition-agreement-lets-get-to-work---building-a-better-netherlands/2026-2030-coalition-agreement-let%E2%80%99s-get-to-work-building-a-better-netherlands.pdf	Accord net : codage fondé sur les documents officiels retenus pour le thème « Libertés / expression ». Niveau de preuve : analogie prudente, sans proposition parfaitement équivalente.	codage	183
government	pays-bas	Pays-Bas — gouvernement Jetten (D66–VVD–CDA)	66	Sécurité	Lorsqu’un conducteur refuse d’obtempérer et prend la fuite, les policiers devraient pouvoir utiliser leur arme à feu même si le danger pour leur vie n’est pas immédiat.	-2	1	https://www.government.nl/site/binaries/site-content/collections/documents/2026/02/23/2026-2030-coalition-agreement-lets-get-to-work---building-a-better-netherlands/2026-2030-coalition-agreement-let%E2%80%99s-get-to-work-building-a-better-netherlands.pdf	Désaccord net : codage fondé sur les documents officiels retenus pour le thème « Sécurité ». Niveau de preuve : analogie prudente, sans proposition parfaitement équivalente.	codage	173
government	pays-bas	Pays-Bas — gouvernement Jetten (D66–VVD–CDA)	67	Écologie	Une taxe carbone qui réduit les émissions de CO₂ devrait être maintenue même si elle diminue le pouvoir d’achat des ménages modestes, à condition de compenser ces derniers par des aides ciblées.	2	3	https://www.government.nl/site/binaries/site-content/collections/documents/2026/02/23/2026-2030-coalition-agreement-lets-get-to-work---building-a-better-netherlands/2026-2030-coalition-agreement-let%E2%80%99s-get-to-work-building-a-better-netherlands.pdf	Accord net : codage fondé sur les documents officiels retenus pour le thème « Écologie ». Niveau de preuve : position ou mesure explicitement documentée.	codage	153
government	pays-bas	Pays-Bas — gouvernement Jetten (D66–VVD–CDA)	68	Écologie	La France devrait interdire progressivement la vente de voitures thermiques même si cela augmente temporairement le prix moyen des véhicules.	2	3	https://www.government.nl/site/binaries/site-content/collections/documents/2026/02/23/2026-2030-coalition-agreement-lets-get-to-work---building-a-better-netherlands/2026-2030-coalition-agreement-let%E2%80%99s-get-to-work-building-a-better-netherlands.pdf	Accord net : codage fondé sur les documents officiels retenus pour le thème « Écologie ». Niveau de preuve : position ou mesure explicitement documentée.	codage	153
government	pays-bas	Pays-Bas — gouvernement Jetten (D66–VVD–CDA)	69	Écologie	Il faut privilégier le nucléaire même si cela conduit à réduire certains investissements dans les renouvelables.	0	1	https://www.government.nl/site/binaries/site-content/collections/documents/2026/02/23/2026-2030-coalition-agreement-lets-get-to-work---building-a-better-netherlands/2026-2030-coalition-agreement-let%E2%80%99s-get-to-work-building-a-better-netherlands.pdf	Position neutre, partagée ou non arrêtée : codage fondé sur les documents officiels retenus pour le thème « Écologie ». Niveau de preuve : analogie prudente, sans proposition parfaitement équivalente.	codage	200
government	pays-bas	Pays-Bas — gouvernement Jetten (D66–VVD–CDA)	71	Écologie / croissance	Si la France pouvait réduire ses émissions de 20 % mais que cela réduisait son PIB de 3 %, alors que les autres pays ne faisaient aucun effort comparable, il faudrait quand même le faire.	1	2	https://www.government.nl/site/binaries/site-content/collections/documents/2026/02/23/2026-2030-coalition-agreement-lets-get-to-work---building-a-better-netherlands/2026-2030-coalition-agreement-let%E2%80%99s-get-to-work-building-a-better-netherlands.pdf	Accord modéré : codage fondé sur les documents officiels retenus pour le thème « Écologie / croissance ». Niveau de preuve : orientation cohérente étayée par plusieurs éléments.	codage	177
government	pays-bas	Pays-Bas — gouvernement Jetten (D66–VVD–CDA)	72	Institutions	Pour certaines décisions économiques complexes, il serait préférable de confier davantage de pouvoir à des institutions indépendantes composées d'experts plutôt qu'aux responsables politiques élus.	1	1	https://www.government.nl/site/binaries/site-content/collections/documents/2026/02/23/2026-2030-coalition-agreement-lets-get-to-work---building-a-better-netherlands/2026-2030-coalition-agreement-let%E2%80%99s-get-to-work-building-a-better-netherlands.pdf	Accord modéré : codage fondé sur les documents officiels retenus pour le thème « Institutions ». Niveau de preuve : analogie prudente, sans proposition parfaitement équivalente.	codage	177
government	pays-bas	Pays-Bas — gouvernement Jetten (D66–VVD–CDA)	73	Institutions	Un gouvernement devrait pouvoir prendre une décision économiquement nécessaire mais très impopulaire sans chercher à obtenir l'approbation immédiate de la population.	1	1	https://www.government.nl/site/binaries/site-content/collections/documents/2026/02/23/2026-2030-coalition-agreement-lets-get-to-work---building-a-better-netherlands/2026-2030-coalition-agreement-let%E2%80%99s-get-to-work-building-a-better-netherlands.pdf	Accord modéré : codage fondé sur les documents officiels retenus pour le thème « Institutions ». Niveau de preuve : analogie prudente, sans proposition parfaitement équivalente.	codage	177
government	pays-bas	Pays-Bas — gouvernement Jetten (D66–VVD–CDA)	74	Institutions	Le référendum devrait être beaucoup plus utilisé, même lorsque les citoyens votent sur des sujets dont ils maîtrisent mal les aspects techniques.	-1	1	https://www.government.nl/site/binaries/site-content/collections/documents/2026/02/23/2026-2030-coalition-agreement-lets-get-to-work---building-a-better-netherlands/2026-2030-coalition-agreement-let%E2%80%99s-get-to-work-building-a-better-netherlands.pdf	Réserve : codage fondé sur les documents officiels retenus pour le thème « Institutions ». Niveau de preuve : analogie prudente, sans proposition parfaitement équivalente.	codage	171
government	pays-bas	Pays-Bas — gouvernement Jetten (D66–VVD–CDA)	75	Institutions	Il serait acceptable de donner davantage de poids politique aux citoyens qui démontrent un niveau élevé de connaissance du fonctionnement des institutions et de l'économie.	-2	1	https://www.government.nl/site/binaries/site-content/collections/documents/2026/02/23/2026-2030-coalition-agreement-lets-get-to-work---building-a-better-netherlands/2026-2030-coalition-agreement-let%E2%80%99s-get-to-work-building-a-better-netherlands.pdf	Désaccord net : codage fondé sur les documents officiels retenus pour le thème « Institutions ». Niveau de preuve : analogie prudente, sans proposition parfaitement équivalente.	codage	177
government	pays-bas	Pays-Bas — gouvernement Jetten (D66–VVD–CDA)	76	Institutions	Le président de la République devrait disposer de davantage de pouvoirs pour pouvoir mettre en œuvre un programme pendant cinq ans sans être constamment bloqué par le Parlement.	-2	3	https://www.government.nl/site/binaries/site-content/collections/documents/2026/02/23/2026-2030-coalition-agreement-lets-get-to-work---building-a-better-netherlands/2026-2030-coalition-agreement-let%E2%80%99s-get-to-work-building-a-better-netherlands.pdf	Désaccord net : codage fondé sur les documents officiels retenus pour le thème « Institutions ». Niveau de preuve : position ou mesure explicitement documentée.	codage	160
government	pays-bas	Pays-Bas — gouvernement Jetten (D66–VVD–CDA)	77	Institutions	La proportionnelle intégrale serait préférable au système actuel, même si elle rendait plus fréquentes les coalitions et les gouvernements instables.	3	3	https://www.government.nl/site/binaries/site-content/collections/documents/2026/02/23/2026-2030-coalition-agreement-lets-get-to-work---building-a-better-netherlands/2026-2030-coalition-agreement-let%E2%80%99s-get-to-work-building-a-better-netherlands.pdf	Accord fort : codage fondé sur les documents officiels retenus pour le thème « Institutions ». Niveau de preuve : position ou mesure explicitement documentée.	codage	158
government	pays-bas	Pays-Bas — gouvernement Jetten (D66–VVD–CDA)	78	Immigration / assimilation	Le droit de séjour durable en France devrait dépendre, sauf impossibilité particulière, d’efforts concrets pour apprendre le français, comprendre les règles et usages du pays et participer à la vie collective.	3	3	https://www.government.nl/site/binaries/site-content/collections/documents/2026/02/23/2026-2030-coalition-agreement-lets-get-to-work---building-a-better-netherlands/2026-2030-coalition-agreement-let%E2%80%99s-get-to-work-building-a-better-netherlands.pdf	Accord fort : codage fondé sur les documents officiels retenus pour le thème « Immigration / assimilation ». Niveau de preuve : position ou mesure explicitement documentée.	codage	172
government	pays-bas	Pays-Bas — gouvernement Jetten (D66–VVD–CDA)	79	Immigration / délinquance	Les différences de délinquance observées s’expliquent davantage par les inégalités sociales et économiques que par la culture d’origine des personnes concernées.	1	1	https://www.government.nl/site/binaries/site-content/collections/documents/2026/02/23/2026-2030-coalition-agreement-lets-get-to-work---building-a-better-netherlands/2026-2030-coalition-agreement-let%E2%80%99s-get-to-work-building-a-better-netherlands.pdf	Accord modéré : codage fondé sur les documents officiels retenus pour le thème « Immigration / délinquance ». Niveau de preuve : analogie prudente, sans proposition parfaitement équivalente.	codage	190
government	pays-bas	Pays-Bas — gouvernement Jetten (D66–VVD–CDA)	81	Santé / accès aux soins	Dans les zones où l'accès aux soins est insuffisant, l'Assurance maladie devrait pouvoir limiter le conventionnement de nouveaux médecins dans les zones déjà bien dotées afin d'encourager leur installation dans les déserts médicaux.	1	1	https://www.government.nl/site/binaries/site-content/collections/documents/2026/02/23/2026-2030-coalition-agreement-lets-get-to-work---building-a-better-netherlands/2026-2030-coalition-agreement-let%E2%80%99s-get-to-work-building-a-better-netherlands.pdf	Accord modéré : codage fondé sur les documents officiels retenus pour le thème « Santé / accès aux soins ». Niveau de preuve : analogie prudente, sans proposition parfaitement équivalente.	codage	188
government	pays-bas	Pays-Bas — gouvernement Jetten (D66–VVD–CDA)	83	Santé / hôpital	Il faut accepter de fermer ou regrouper certaines petites maternités et certains services d'urgence afin de concentrer les équipes et les équipements dans des établissements plus importants.	2	1	https://www.government.nl/site/binaries/site-content/collections/documents/2026/02/23/2026-2030-coalition-agreement-lets-get-to-work---building-a-better-netherlands/2026-2030-coalition-agreement-let%E2%80%99s-get-to-work-building-a-better-netherlands.pdf	Accord net : codage fondé sur les documents officiels retenus pour le thème « Santé / hôpital ». Niveau de preuve : analogie prudente, sans proposition parfaitement équivalente.	codage	177
government	pays-bas	Pays-Bas — gouvernement Jetten (D66–VVD–CDA)	84	Éducation / autonomie	Les chefs d'établissement scolaire devraient pouvoir recruter eux-même une partie de leurs enseignants et peser davantage dans leur évaluation.	2	3	https://www.government.nl/site/binaries/site-content/collections/documents/2026/02/23/2026-2030-coalition-agreement-lets-get-to-work---building-a-better-netherlands/2026-2030-coalition-agreement-let%E2%80%99s-get-to-work-building-a-better-netherlands.pdf	Accord net : codage fondé sur les documents officiels retenus pour le thème « Éducation / autonomie ». Niveau de preuve : position ou mesure explicitement documentée.	codage	166
government	pays-bas	Pays-Bas — gouvernement Jetten (D66–VVD–CDA)	87	Défense / Ukraine	La France devrait continuer à fournir une aide militaire et financière importante à l'Ukraine tant que son territoire reste occupé, même si la guerre se prolonge.	3	3	https://www.government.nl/site/binaries/site-content/collections/documents/2026/02/23/2026-2030-coalition-agreement-lets-get-to-work---building-a-better-netherlands/2026-2030-coalition-agreement-let%E2%80%99s-get-to-work-building-a-better-netherlands.pdf	Accord fort : codage fondé sur les documents officiels retenus pour le thème « Défense / Ukraine ». Niveau de preuve : position ou mesure explicitement documentée.	codage	163
government	pays-bas	Pays-Bas — gouvernement Jetten (D66–VVD–CDA)	88	Défense / dissuasion nucléaire	La dissuasion nucléaire française devrait aussi protéger les partenaires européens, tout en laissant à la France seule la décision finale de l'employer.	2	3	https://www.government.nl/site/binaries/site-content/collections/documents/2026/02/23/2026-2030-coalition-agreement-lets-get-to-work---building-a-better-netherlands/2026-2030-coalition-agreement-let%E2%80%99s-get-to-work-building-a-better-netherlands.pdf	Accord net : codage fondé sur les documents officiels retenus pour le thème « Défense / dissuasion nucléaire ». Niveau de preuve : position ou mesure explicitement documentée.	codage	175
government	pays-bas	Pays-Bas — gouvernement Jetten (D66–VVD–CDA)	90	Dépendance / EHPAD	Les groupes privés à but lucratif ne devraient plus pouvoir gérer d'EHPAD. Les établissements existants devraient progressivement devenir publics ou non lucratifs.	-2	3	https://www.government.nl/site/binaries/site-content/collections/documents/2026/02/23/2026-2030-coalition-agreement-lets-get-to-work---building-a-better-netherlands/2026-2030-coalition-agreement-let%E2%80%99s-get-to-work-building-a-better-netherlands.pdf	Désaccord net : codage fondé sur les documents officiels retenus pour le thème « Dépendance / EHPAD ». Niveau de preuve : position ou mesure explicitement documentée.	codage	166
government	pays-bas	Pays-Bas — gouvernement Jetten (D66–VVD–CDA)	91	Famille / prestations	Les allocations familiales devraient être versées à toutes les familles selon le nombre d'enfants, sans diminuer lorsque les revenus augmentent.	1	3	https://www.government.nl/site/binaries/site-content/collections/documents/2026/02/23/2026-2030-coalition-agreement-lets-get-to-work---building-a-better-netherlands/2026-2030-coalition-agreement-let%E2%80%99s-get-to-work-building-a-better-netherlands.pdf	Accord modéré : codage fondé sur les documents officiels retenus pour le thème « Famille / prestations ». Niveau de preuve : position ou mesure explicitement documentée.	codage	169
government	pays-bas	Pays-Bas — gouvernement Jetten (D66–VVD–CDA)	92	Numérique / mineurs	L'accès aux réseaux sociaux devrait être interdit aux moins de 15 ans, même avec l'accord de leurs parents.	3	3	https://www.government.nl/site/binaries/site-content/collections/documents/2026/02/23/2026-2030-coalition-agreement-lets-get-to-work---building-a-better-netherlands/2026-2030-coalition-agreement-let%E2%80%99s-get-to-work-building-a-better-netherlands.pdf	Accord fort : codage fondé sur les documents officiels retenus pour le thème « Numérique / mineurs ». Niveau de preuve : position ou mesure explicitement documentée.	codage	165
government	pays-bas	Pays-Bas — gouvernement Jetten (D66–VVD–CDA)	93	Numérique / intelligence artificielle	Les administrations publiques devraient privilégier des modèles d'intelligence artificielle hébergés en Europe, même s'ils sont temporairement moins performants ou plus coûteux que leurs concurrents étrangers.	2	3	https://www.government.nl/site/binaries/site-content/collections/documents/2026/02/23/2026-2030-coalition-agreement-lets-get-to-work---building-a-better-netherlands/2026-2030-coalition-agreement-let%E2%80%99s-get-to-work-building-a-better-netherlands.pdf	Accord net : codage fondé sur les documents officiels retenus pour le thème « Numérique / intelligence artificielle ». Niveau de preuve : position ou mesure explicitement documentée.	codage	182
government	pologne	Pologne — gouvernement Tusk (KO–PSL–Polska 2050–Nouvelle Gauche)	1	Économie	Il faut réduire les impôts sur le travail et le capital, même si cela implique de réduire certaines dépenses publiques.	1	2	https://www.gov.pl/web/primeminister/poland-a-year-of-breakthrough---the-prime-minister-unveils-polands-2025-economic-plan	Accord modéré : codage fondé sur les documents officiels retenus pour le thème « Économie ». Niveau de preuve : orientation cohérente étayée par plusieurs éléments.	codage	164
government	pologne	Pologne — gouvernement Tusk (KO–PSL–Polska 2050–Nouvelle Gauche)	2	Économie	Les inégalités économiques sont acceptables tant qu'elles résultent principalement du travail ou de la prise de risque.	1	1	https://www.gov.pl/web/primeminister/poland-a-year-of-breakthrough---the-prime-minister-unveils-polands-2025-economic-plan	Accord modéré : codage fondé sur les documents officiels retenus pour le thème « Économie ». Niveau de preuve : analogie prudente, sans proposition parfaitement équivalente.	codage	173
government	pologne	Pologne — gouvernement Tusk (KO–PSL–Polska 2050–Nouvelle Gauche)	3	Économie	L'État devrait davantage taxer les hauts revenus et les gros patrimoines afin de réduire les inégalités.	0	1	https://www.gov.pl/web/primeminister/poland-a-year-of-breakthrough---the-prime-minister-unveils-polands-2025-economic-plan	Position neutre, partagée ou non arrêtée : codage fondé sur les documents officiels retenus pour le thème « Économie ». Niveau de preuve : analogie prudente, sans proposition parfaitement équivalente.	codage	200
government	pologne	Pologne — gouvernement Tusk (KO–PSL–Polska 2050–Nouvelle Gauche)	6	Économie	Les entreprises privées sont généralement plus efficaces que l'État pour fournir des biens et services, même dans certains secteurs essentiels.	1	1	https://www.gov.pl/web/primeminister/poland-a-year-of-breakthrough---the-prime-minister-unveils-polands-2025-economic-plan	Accord modéré : codage fondé sur les documents officiels retenus pour le thème « Économie ». Niveau de preuve : analogie prudente, sans proposition parfaitement équivalente.	codage	173
government	pologne	Pologne — gouvernement Tusk (KO–PSL–Polska 2050–Nouvelle Gauche)	7	Économie	L'État devrait pouvoir nationaliser temporairement ou durablement une entreprise privée lorsqu'elle contrôle une activité stratégique pour le pays.	1	1	https://www.gov.pl/web/primeminister/poland-a-year-of-breakthrough---the-prime-minister-unveils-polands-2025-economic-plan	Accord modéré : codage fondé sur les documents officiels retenus pour le thème « Économie ». Niveau de preuve : analogie prudente, sans proposition parfaitement équivalente.	codage	173
government	pologne	Pologne — gouvernement Tusk (KO–PSL–Polska 2050–Nouvelle Gauche)	8	Économie	La concurrence est généralement préférable à la réglementation pour améliorer les prix, la qualité et l'innovation.	2	1	https://www.gov.pl/web/primeminister/poland-a-year-of-breakthrough---the-prime-minister-unveils-polands-2025-economic-plan	Accord net : codage fondé sur les documents officiels retenus pour le thème « Économie ». Niveau de preuve : analogie prudente, sans proposition parfaitement équivalente.	codage	170
government	pologne	Pologne — gouvernement Tusk (KO–PSL–Polska 2050–Nouvelle Gauche)	9	État	La France dépense trop d'argent public et devrait accepter de réduire certaines politiques sociales pour revenir à l'équilibre budgétaire.	0	2	https://www.gov.pl/web/primeminister/poland-a-year-of-breakthrough---the-prime-minister-unveils-polands-2025-economic-plan	Position neutre, partagée ou non arrêtée : codage fondé sur les documents officiels retenus pour le thème « État ». Niveau de preuve : orientation cohérente étayée par plusieurs éléments.	codage	187
government	pologne	Pologne — gouvernement Tusk (KO–PSL–Polska 2050–Nouvelle Gauche)	10	État	L'État devrait garantir un niveau élevé de protection sociale, même si cela implique une fiscalité importante.	2	3	https://www.gov.pl/web/primeminister/poland-a-year-of-breakthrough---the-prime-minister-unveils-polands-2025-economic-plan	Accord net : codage fondé sur les documents officiels retenus pour le thème « État ». Niveau de preuve : position ou mesure explicitement documentée.	codage	149
government	pologne	Pologne — gouvernement Tusk (KO–PSL–Polska 2050–Nouvelle Gauche)	12	État	L'État devrait intervenir beaucoup plus fortement dans l'économie lorsque le marché produit des résultats jugés socialement indésirables.	1	1	https://www.gov.pl/web/primeminister/poland-a-year-of-breakthrough---the-prime-minister-unveils-polands-2025-economic-plan	Accord modéré : codage fondé sur les documents officiels retenus pour le thème « État ». Niveau de preuve : analogie prudente, sans proposition parfaitement équivalente.	codage	169
government	pologne	Pologne — gouvernement Tusk (KO–PSL–Polska 2050–Nouvelle Gauche)	13	État	Les citoyens devraient avoir davantage de liberté pour choisir eux-mêmes comment utiliser leur argent plutôt que de passer par des systèmes publics obligatoires.	0	1	https://www.gov.pl/web/primeminister/poland-a-year-of-breakthrough---the-prime-minister-unveils-polands-2025-economic-plan	Position neutre, partagée ou non arrêtée : codage fondé sur les documents officiels retenus pour le thème « État ». Niveau de preuve : analogie prudente, sans proposition parfaitement équivalente.	codage	196
government	pologne	Pologne — gouvernement Tusk (KO–PSL–Polska 2050–Nouvelle Gauche)	14	Social / société	La société devrait accepter beaucoup plus largement les différents modes de vie, même lorsqu'ils s'éloignent des normes traditionnelles.	1	1	https://www.gov.pl/web/primeminister/expose	Accord modéré : codage fondé sur les documents officiels retenus pour le thème « Social / société ». Niveau de preuve : analogie prudente, sans proposition parfaitement équivalente.	codage	181
government	pologne	Pologne — gouvernement Tusk (KO–PSL–Polska 2050–Nouvelle Gauche)	16	Social / société	Réduire les inégalités peut parfois justifier de restreindre certaines libertés individuelles.	-1	1	https://www.gov.pl/web/primeminister/expose	Réserve : codage fondé sur les documents officiels retenus pour le thème « Social / société ». Niveau de preuve : analogie prudente, sans proposition parfaitement équivalente.	codage	175
government	pologne	Pologne — gouvernement Tusk (KO–PSL–Polska 2050–Nouvelle Gauche)	17	Social / société	Les politiques publiques devraient chercher à corriger activement les discriminations historiques ou structurelles entre groupes sociaux.	1	1	https://www.gov.pl/web/primeminister/expose	Accord modéré : codage fondé sur les documents officiels retenus pour le thème « Social / société ». Niveau de preuve : analogie prudente, sans proposition parfaitement équivalente.	codage	181
government	pologne	Pologne — gouvernement Tusk (KO–PSL–Polska 2050–Nouvelle Gauche)	19	Social / société	Certaines traditions et valeurs culturelles méritent d'être préservées même si elles évoluent moins vite que la société.	2	1	https://www.gov.pl/web/primeminister/expose	Accord net : codage fondé sur les documents officiels retenus pour le thème « Social / société ». Niveau de preuve : analogie prudente, sans proposition parfaitement équivalente.	codage	178
government	pologne	Pologne — gouvernement Tusk (KO–PSL–Polska 2050–Nouvelle Gauche)	20	Immigration	La France devrait réduire le nombre d'immigrants qu'elle accueille chaque année.	3	3	https://www.gov.pl/web/primeminister/taking-back-control-ensuring-security	Accord fort : codage fondé sur les documents officiels retenus pour le thème « Immigration ». Niveau de preuve : position ou mesure explicitement documentée.	codage	157
government	pologne	Pologne — gouvernement Tusk (KO–PSL–Polska 2050–Nouvelle Gauche)	21	Immigration	L'immigration économique est globalement bénéfique pour l'économie française.	2	1	https://www.gov.pl/web/primeminister/taking-back-control-ensuring-security	Accord net : codage fondé sur les documents officiels retenus pour le thème « Immigration ». Niveau de preuve : analogie prudente, sans proposition parfaitement équivalente.	codage	173
government	pologne	Pologne — gouvernement Tusk (KO–PSL–Polska 2050–Nouvelle Gauche)	23	Immigration	L'accès à la nationalité française devrait être rendu plus exigeant.	2	3	https://www.gov.pl/web/primeminister/taking-back-control-ensuring-security	Accord net : codage fondé sur les documents officiels retenus pour le thème « Immigration ». Niveau de preuve : position ou mesure explicitement documentée.	codage	156
government	pologne	Pologne — gouvernement Tusk (KO–PSL–Polska 2050–Nouvelle Gauche)	24	Immigration	La France devrait être beaucoup plus stricte concernant l'expulsion des étrangers condamnés pour des crimes graves.	3	3	https://www.gov.pl/web/primeminister/taking-back-control-ensuring-security	Accord fort : codage fondé sur les documents officiels retenus pour le thème « Immigration ». Niveau de preuve : position ou mesure explicitement documentée.	codage	157
government	pologne	Pologne — gouvernement Tusk (KO–PSL–Polska 2050–Nouvelle Gauche)	26	Immigration	La France devrait accueillir davantage de réfugiés lorsqu'ils fuient une guerre ou une persécution, même si cela représente un coût économique.	0	1	https://www.gov.pl/web/primeminister/taking-back-control-ensuring-security	Position neutre, partagée ou non arrêtée : codage fondé sur les documents officiels retenus pour le thème « Immigration ». Niveau de preuve : analogie prudente, sans proposition parfaitement équivalente.	codage	203
government	pologne	Pologne — gouvernement Tusk (KO–PSL–Polska 2050–Nouvelle Gauche)	27	Sécurité / justice	Les peines de prison effectives devraient être plus sévères, même si cela augmente fortement la population carcérale.	2	1	https://www.gov.pl/web/primeminister/expose	Accord net : codage fondé sur les documents officiels retenus pour le thème « Sécurité / justice ». Niveau de preuve : analogie prudente, sans proposition parfaitement équivalente.	codage	180
government	pologne	Pologne — gouvernement Tusk (KO–PSL–Polska 2050–Nouvelle Gauche)	28	Sécurité / justice	Il vaut mieux investir dans la prévention et la réinsertion que dans l'augmentation des sanctions.	1	1	https://www.gov.pl/web/primeminister/expose	Accord modéré : codage fondé sur les documents officiels retenus pour le thème « Sécurité / justice ». Niveau de preuve : analogie prudente, sans proposition parfaitement équivalente.	codage	183
government	pologne	Pologne — gouvernement Tusk (KO–PSL–Polska 2050–Nouvelle Gauche)	29	Sécurité / justice	La police devrait disposer de pouvoirs plus importants pour lutter contre la criminalité, quitte à accepter davantage de contrôles sur certaines libertés individuelles.	2	3	https://www.gov.pl/web/primeminister/expose	Accord net : codage fondé sur les documents officiels retenus pour le thème « Sécurité / justice ». Niveau de preuve : position ou mesure explicitement documentée.	codage	163
government	pologne	Pologne — gouvernement Tusk (KO–PSL–Polska 2050–Nouvelle Gauche)	33	Écologie	Il faut accepter une hausse importante du prix des énergies fossiles pour accélérer la transition écologique.	-2	3	https://www.gov.pl/web/primeminister/poland-a-year-of-breakthrough---the-prime-minister-unveils-polands-2025-economic-plan	Désaccord net : codage fondé sur les documents officiels retenus pour le thème « Écologie ». Niveau de preuve : position ou mesure explicitement documentée.	codage	156
government	pologne	Pologne — gouvernement Tusk (KO–PSL–Polska 2050–Nouvelle Gauche)	36	Écologie	Il est justifié d'interdire certains produits ou comportements très polluants même lorsque les consommateurs les souhaitent.	0	1	https://www.gov.pl/web/primeminister/poland-a-year-of-breakthrough---the-prime-minister-unveils-polands-2025-economic-plan	Position neutre, partagée ou non arrêtée : codage fondé sur les documents officiels retenus pour le thème « Écologie ». Niveau de preuve : analogie prudente, sans proposition parfaitement équivalente.	codage	200
government	pologne	Pologne — gouvernement Tusk (KO–PSL–Polska 2050–Nouvelle Gauche)	37	Écologie	Les pays riches devraient supporter une part prépondérante du coût de la transition écologique mondiale.	0	1	https://www.gov.pl/web/primeminister/poland-a-year-of-breakthrough---the-prime-minister-unveils-polands-2025-economic-plan	Position neutre, partagée ou non arrêtée : codage fondé sur les documents officiels retenus pour le thème « Écologie ». Niveau de preuve : analogie prudente, sans proposition parfaitement équivalente.	codage	200
government	pologne	Pologne — gouvernement Tusk (KO–PSL–Polska 2050–Nouvelle Gauche)	40	Europe	L'euro est globalement bénéfique pour la France malgré la perte de certains instruments de politique économique.	-1	1	https://www.gov.pl/web/primeminister/poland-doubles-down-on-alliances-as-pm-tusk-returns-from-epc-summit	Réserve : codage fondé sur les documents officiels retenus pour le thème « Europe ». Niveau de preuve : analogie prudente, sans proposition parfaitement équivalente.	codage	165
government	pologne	Pologne — gouvernement Tusk (KO–PSL–Polska 2050–Nouvelle Gauche)	41	Europe	L'Union européenne devrait pouvoir imposer davantage de règles communes aux États membres.	1	1	https://www.gov.pl/web/primeminister/poland-doubles-down-on-alliances-as-pm-tusk-returns-from-epc-summit	Accord modéré : codage fondé sur les documents officiels retenus pour le thème « Europe ». Niveau de preuve : analogie prudente, sans proposition parfaitement équivalente.	codage	171
government	pologne	Pologne — gouvernement Tusk (KO–PSL–Polska 2050–Nouvelle Gauche)	43	Fiscalité / patrimoine	Il faudrait supprimer l'IFI et ne plus taxer spécifiquement le patrimoine immobilier au-delà de la fiscalité ordinaire.	2	1	https://www.gov.pl/web/primeminister/poland-a-year-of-breakthrough---the-prime-minister-unveils-polands-2025-economic-plan	Accord net : codage fondé sur les documents officiels retenus pour le thème « Fiscalité / patrimoine ». Niveau de preuve : analogie prudente, sans proposition parfaitement équivalente.	codage	184
government	pologne	Pologne — gouvernement Tusk (KO–PSL–Polska 2050–Nouvelle Gauche)	44	Fiscalité / patrimoine	L'héritage devrait être davantage taxé au-delà d'un certain seuil de patrimoine transmis, même si cela conduit certaines familles à transmettre moins de patrimoine à leurs enfants.	-2	1	https://www.gov.pl/web/primeminister/poland-a-year-of-breakthrough---the-prime-minister-unveils-polands-2025-economic-plan	Désaccord net : codage fondé sur les documents officiels retenus pour le thème « Fiscalité / patrimoine ». Niveau de preuve : analogie prudente, sans proposition parfaitement équivalente.	codage	187
government	pologne	Pologne — gouvernement Tusk (KO–PSL–Polska 2050–Nouvelle Gauche)	45	Fiscalité / patrimoine	Les très grandes fortunes devraient être imposées sur leur patrimoine mondial, même lorsqu'elles quittent la France.	-1	1	https://www.gov.pl/web/primeminister/poland-a-year-of-breakthrough---the-prime-minister-unveils-polands-2025-economic-plan	Réserve : codage fondé sur les documents officiels retenus pour le thème « Fiscalité / patrimoine ». Niveau de preuve : analogie prudente, sans proposition parfaitement équivalente.	codage	181
government	pologne	Pologne — gouvernement Tusk (KO–PSL–Polska 2050–Nouvelle Gauche)	46	Travail / chômage	Un chômeur devrait pouvoir perdre une partie significative de ses allocations s'il refuse plusieurs emplois raisonnablement adaptés à ses compétences.	2	3	https://www.gov.pl/web/primeminister/poland-a-year-of-breakthrough---the-prime-minister-unveils-polands-2025-economic-plan	Accord net : codage fondé sur les documents officiels retenus pour le thème « Travail / chômage ». Niveau de preuve : position ou mesure explicitement documentée.	codage	162
government	pologne	Pologne — gouvernement Tusk (KO–PSL–Polska 2050–Nouvelle Gauche)	48	Travail / chômage	Le CDI protège trop fortement les salariés déjà en poste et peut rendre plus difficile l’accès à l’emploi stable, au détriment des jeunes, chômeurs ou travailleurs en contrats précaires.	1	1	https://www.gov.pl/web/primeminister/poland-a-year-of-breakthrough---the-prime-minister-unveils-polands-2025-economic-plan	Accord modéré : codage fondé sur les documents officiels retenus pour le thème « Travail / chômage ». Niveau de preuve : analogie prudente, sans proposition parfaitement équivalente.	codage	182
government	pologne	Pologne — gouvernement Tusk (KO–PSL–Polska 2050–Nouvelle Gauche)	49	Retraites	Les retraites devraient être progressivement réformées vers un système combinant répartition et capitalisation, même si cela implique une période de transition coûteuse.	2	1	https://www.gov.pl/web/primeminister/poland-a-year-of-breakthrough---the-prime-minister-unveils-polands-2025-economic-plan	Accord net : codage fondé sur les documents officiels retenus pour le thème « Retraites ». Niveau de preuve : analogie prudente, sans proposition parfaitement équivalente.	codage	171
government	pologne	Pologne — gouvernement Tusk (KO–PSL–Polska 2050–Nouvelle Gauche)	50	Retraites	L'âge légal de départ à la retraite devrait être automatiquement indexé sur l'espérance de vie nationale.	-2	1	https://www.gov.pl/web/primeminister/poland-a-year-of-breakthrough---the-prime-minister-unveils-polands-2025-economic-plan	Désaccord net : codage fondé sur les documents officiels retenus pour le thème « Retraites ». Niveau de preuve : analogie prudente, sans proposition parfaitement équivalente.	codage	174
government	pologne	Pologne — gouvernement Tusk (KO–PSL–Polska 2050–Nouvelle Gauche)	51	Protection sociale	Les prestations sociales devraient être fortement conditionnées à la durée de cotisation et de participation au marché du travail.	1	1	https://www.gov.pl/web/primeminister/expose	Accord modéré : codage fondé sur les documents officiels retenus pour le thème « Protection sociale ». Niveau de preuve : analogie prudente, sans proposition parfaitement équivalente.	codage	183
government	pologne	Pologne — gouvernement Tusk (KO–PSL–Polska 2050–Nouvelle Gauche)	53	État / entreprises	Une entreprise qui reçoit plusieurs milliards d'euros d'aides publiques devrait pouvoir être contrainte de limiter ses dividendes et les rémunérations de ses dirigeants tant que l'aide n'est pas remboursée.	1	1	https://www.gov.pl/web/primeminister/poland-a-year-of-breakthrough---the-prime-minister-unveils-polands-2025-economic-plan	Accord modéré : codage fondé sur les documents officiels retenus pour le thème « État / entreprises ». Niveau de preuve : analogie prudente, sans proposition parfaitement équivalente.	codage	183
government	pologne	Pologne — gouvernement Tusk (KO–PSL–Polska 2050–Nouvelle Gauche)	54	État / entreprises	L'État devrait davantage utiliser son pouvoir d'actionnaire pour orienter les grandes entreprises françaises vers des objectifs industriels de long terme.	2	1	https://www.gov.pl/web/primeminister/poland-a-year-of-breakthrough---the-prime-minister-unveils-polands-2025-economic-plan	Accord net : codage fondé sur les documents officiels retenus pour le thème « État / entreprises ». Niveau de preuve : analogie prudente, sans proposition parfaitement équivalente.	codage	180
government	pologne	Pologne — gouvernement Tusk (KO–PSL–Polska 2050–Nouvelle Gauche)	55	État / entreprises	Il faudrait réduire fortement les normes administratives pesant sur les entreprises, même si certaines protections environnementales ou sociales deviennent moins strictes.	2	3	https://www.gov.pl/web/primeminister/poland-a-year-of-breakthrough---the-prime-minister-unveils-polands-2025-economic-plan	Accord net : codage fondé sur les documents officiels retenus pour le thème « État / entreprises ». Niveau de preuve : position ou mesure explicitement documentée.	codage	163
government	pologne	Pologne — gouvernement Tusk (KO–PSL–Polska 2050–Nouvelle Gauche)	57	Immigration / assimilation	L'accès à certaines prestations sociales devrait être beaucoup plus limité pendant les premières années suivant l'arrivée d'un immigré.	2	3	https://www.gov.pl/web/primeminister/taking-back-control-ensuring-security	Accord net : codage fondé sur les documents officiels retenus pour le thème « Immigration / assimilation ». Niveau de preuve : position ou mesure explicitement documentée.	codage	171
government	pologne	Pologne — gouvernement Tusk (KO–PSL–Polska 2050–Nouvelle Gauche)	58	Immigration / assimilation	La France devrait privilégier l'immigration économique qualifiée, même si cela signifie accueillir moins de personnes peu qualifiées.	2	3	https://www.gov.pl/web/primeminister/taking-back-control-ensuring-security	Accord net : codage fondé sur les documents officiels retenus pour le thème « Immigration / assimilation ». Niveau de preuve : position ou mesure explicitement documentée.	codage	171
government	pologne	Pologne — gouvernement Tusk (KO–PSL–Polska 2050–Nouvelle Gauche)	60	Immigration / assimilation	La France devrait pouvoir refuser l'entrée à un immigré légalement admissible lorsqu'il existe de fortes raisons de penser qu'il ne souhaite pas s'intégrer culturellement à la société française.	2	3	https://www.gov.pl/web/primeminister/taking-back-control-ensuring-security	Accord net : codage fondé sur les documents officiels retenus pour le thème « Immigration / assimilation ». Niveau de preuve : position ou mesure explicitement documentée.	codage	171
government	pologne	Pologne — gouvernement Tusk (KO–PSL–Polska 2050–Nouvelle Gauche)	63	Libertés / sécurité	Pour lutter contre le terrorisme, l'État devrait pouvoir surveiller préventivement une personne considérée comme présentant un risque sérieux, même sans preuve suffisante pour engager des poursuites pénales.	2	3	https://www.gov.pl/web/primeminister/expose	Accord net : codage fondé sur les documents officiels retenus pour le thème « Libertés / sécurité ». Niveau de preuve : position ou mesure explicitement documentée.	codage	164
government	pologne	Pologne — gouvernement Tusk (KO–PSL–Polska 2050–Nouvelle Gauche)	64	Libertés / expression	Une personne qui tient publiquement des propos profondément offensants mais qui n'appelle ni à la violence ni à commettre une infraction devrait être protégée par la liberté d'expression.	2	1	https://www.gov.pl/web/primeminister/expose	Accord net : codage fondé sur les documents officiels retenus pour le thème « Libertés / expression ». Niveau de preuve : analogie prudente, sans proposition parfaitement équivalente.	codage	183
government	pologne	Pologne — gouvernement Tusk (KO–PSL–Polska 2050–Nouvelle Gauche)	66	Sécurité	Lorsqu’un conducteur refuse d’obtempérer et prend la fuite, les policiers devraient pouvoir utiliser leur arme à feu même si le danger pour leur vie n’est pas immédiat.	-2	1	https://www.gov.pl/web/primeminister/expose	Désaccord net : codage fondé sur les documents officiels retenus pour le thème « Sécurité ». Niveau de preuve : analogie prudente, sans proposition parfaitement équivalente.	codage	173
government	pologne	Pologne — gouvernement Tusk (KO–PSL–Polska 2050–Nouvelle Gauche)	71	Écologie / croissance	Si la France pouvait réduire ses émissions de 20 % mais que cela réduisait son PIB de 3 %, alors que les autres pays ne faisaient aucun effort comparable, il faudrait quand même le faire.	-2	3	https://www.gov.pl/web/primeminister/poland-a-year-of-breakthrough---the-prime-minister-unveils-polands-2025-economic-plan	Désaccord net : codage fondé sur les documents officiels retenus pour le thème « Écologie / croissance ». Niveau de preuve : position ou mesure explicitement documentée.	codage	169
government	pologne	Pologne — gouvernement Tusk (KO–PSL–Polska 2050–Nouvelle Gauche)	72	Institutions	Pour certaines décisions économiques complexes, il serait préférable de confier davantage de pouvoir à des institutions indépendantes composées d'experts plutôt qu'aux responsables politiques élus.	1	1	https://www.gov.pl/web/primeminister/expose	Accord modéré : codage fondé sur les documents officiels retenus pour le thème « Institutions ». Niveau de preuve : analogie prudente, sans proposition parfaitement équivalente.	codage	177
government	pologne	Pologne — gouvernement Tusk (KO–PSL–Polska 2050–Nouvelle Gauche)	73	Institutions	Un gouvernement devrait pouvoir prendre une décision économiquement nécessaire mais très impopulaire sans chercher à obtenir l'approbation immédiate de la population.	1	1	https://www.gov.pl/web/primeminister/expose	Accord modéré : codage fondé sur les documents officiels retenus pour le thème « Institutions ». Niveau de preuve : analogie prudente, sans proposition parfaitement équivalente.	codage	177
government	pologne	Pologne — gouvernement Tusk (KO–PSL–Polska 2050–Nouvelle Gauche)	74	Institutions	Le référendum devrait être beaucoup plus utilisé, même lorsque les citoyens votent sur des sujets dont ils maîtrisent mal les aspects techniques.	-1	1	https://www.gov.pl/web/primeminister/expose	Réserve : codage fondé sur les documents officiels retenus pour le thème « Institutions ». Niveau de preuve : analogie prudente, sans proposition parfaitement équivalente.	codage	171
government	pologne	Pologne — gouvernement Tusk (KO–PSL–Polska 2050–Nouvelle Gauche)	75	Institutions	Il serait acceptable de donner davantage de poids politique aux citoyens qui démontrent un niveau élevé de connaissance du fonctionnement des institutions et de l'économie.	-2	1	https://www.gov.pl/web/primeminister/expose	Désaccord net : codage fondé sur les documents officiels retenus pour le thème « Institutions ». Niveau de preuve : analogie prudente, sans proposition parfaitement équivalente.	codage	177
government	pologne	Pologne — gouvernement Tusk (KO–PSL–Polska 2050–Nouvelle Gauche)	76	Institutions	Le président de la République devrait disposer de davantage de pouvoirs pour pouvoir mettre en œuvre un programme pendant cinq ans sans être constamment bloqué par le Parlement.	-2	3	https://www.gov.pl/web/primeminister/expose	Désaccord net : codage fondé sur les documents officiels retenus pour le thème « Institutions ». Niveau de preuve : position ou mesure explicitement documentée.	codage	160
government	pologne	Pologne — gouvernement Tusk (KO–PSL–Polska 2050–Nouvelle Gauche)	77	Institutions	La proportionnelle intégrale serait préférable au système actuel, même si elle rendait plus fréquentes les coalitions et les gouvernements instables.	2	3	https://www.gov.pl/web/primeminister/expose	Accord net : codage fondé sur les documents officiels retenus pour le thème « Institutions ». Niveau de preuve : position ou mesure explicitement documentée.	codage	157
government	pologne	Pologne — gouvernement Tusk (KO–PSL–Polska 2050–Nouvelle Gauche)	78	Immigration / assimilation	Le droit de séjour durable en France devrait dépendre, sauf impossibilité particulière, d’efforts concrets pour apprendre le français, comprendre les règles et usages du pays et participer à la vie collective.	3	3	https://www.gov.pl/web/primeminister/taking-back-control-ensuring-security	Accord fort : codage fondé sur les documents officiels retenus pour le thème « Immigration / assimilation ». Niveau de preuve : position ou mesure explicitement documentée.	codage	172
government	pologne	Pologne — gouvernement Tusk (KO–PSL–Polska 2050–Nouvelle Gauche)	79	Immigration / délinquance	Les différences de délinquance observées s’expliquent davantage par les inégalités sociales et économiques que par la culture d’origine des personnes concernées.	0	1	https://www.gov.pl/web/primeminister/taking-back-control-ensuring-security	Position neutre, partagée ou non arrêtée : codage fondé sur les documents officiels retenus pour le thème « Immigration / délinquance ». Niveau de preuve : analogie prudente, sans proposition parfaitement équivalente.	codage	217
government	pologne	Pologne — gouvernement Tusk (KO–PSL–Polska 2050–Nouvelle Gauche)	80	Écologie / agriculture	La France devrait interdire aux agriculteurs l’usage d’un produit jugé trop polluant, même si cette interdiction les désavantage face à des concurrents étrangers qui peuvent encore l’utiliser.	-1	1	https://www.gov.pl/web/primeminister/poland-a-year-of-breakthrough---the-prime-minister-unveils-polands-2025-economic-plan	Réserve : codage fondé sur les documents officiels retenus pour le thème « Écologie / agriculture ». Niveau de preuve : analogie prudente, sans proposition parfaitement équivalente.	codage	181
government	pologne	Pologne — gouvernement Tusk (KO–PSL–Polska 2050–Nouvelle Gauche)	81	Santé / accès aux soins	Dans les zones où l'accès aux soins est insuffisant, l'Assurance maladie devrait pouvoir limiter le conventionnement de nouveaux médecins dans les zones déjà bien dotées afin d'encourager leur installation dans les déserts médicaux.	1	1	https://www.gov.pl/web/primeminister/expose	Accord modéré : codage fondé sur les documents officiels retenus pour le thème « Santé / accès aux soins ». Niveau de preuve : analogie prudente, sans proposition parfaitement équivalente.	codage	188
government	pologne	Pologne — gouvernement Tusk (KO–PSL–Polska 2050–Nouvelle Gauche)	82	Santé / assurance maladie	L'Assurance maladie devrait rembourser intégralement les soins essentiels, quitte à réduire fortement le rôle des complémentaires santé.	2	3	https://www.gov.pl/web/primeminister/expose	Accord net : codage fondé sur les documents officiels retenus pour le thème « Santé / assurance maladie ». Niveau de preuve : position ou mesure explicitement documentée.	codage	170
government	pologne	Pologne — gouvernement Tusk (KO–PSL–Polska 2050–Nouvelle Gauche)	83	Santé / hôpital	Il faut accepter de fermer ou regrouper certaines petites maternités et certains services d'urgence afin de concentrer les équipes et les équipements dans des établissements plus importants.	1	1	https://www.gov.pl/web/primeminister/expose	Accord modéré : codage fondé sur les documents officiels retenus pour le thème « Santé / hôpital ». Niveau de preuve : analogie prudente, sans proposition parfaitement équivalente.	codage	180
government	pologne	Pologne — gouvernement Tusk (KO–PSL–Polska 2050–Nouvelle Gauche)	84	Éducation / autonomie	Les chefs d'établissement scolaire devraient pouvoir recruter eux-même une partie de leurs enseignants et peser davantage dans leur évaluation.	-1	1	https://www.gov.pl/web/primeminister/expose	Réserve : codage fondé sur les documents officiels retenus pour le thème « Éducation / autonomie ». Niveau de preuve : analogie prudente, sans proposition parfaitement équivalente.	codage	180
government	pologne	Pologne — gouvernement Tusk (KO–PSL–Polska 2050–Nouvelle Gauche)	85	Éducation / mixité sociale	Le financement public des établissements privés sous contrat devrait être conditionné à des objectifs mesurables de mixité sociale.	1	1	https://www.gov.pl/web/primeminister/expose	Accord modéré : codage fondé sur les documents officiels retenus pour le thème « Éducation / mixité sociale ». Niveau de preuve : analogie prudente, sans proposition parfaitement équivalente.	codage	191
government	pologne	Pologne — gouvernement Tusk (KO–PSL–Polska 2050–Nouvelle Gauche)	86	Logement / locations touristiques	Dans les zones où le logement manque, une commune devrait pouvoir interdire la location touristique régulière d'un logement qui n'est pas la résidence principale de son propriétaire.	1	1	https://www.gov.pl/web/primeminister/expose	Accord modéré : codage fondé sur les documents officiels retenus pour le thème « Logement / locations touristiques ». Niveau de preuve : analogie prudente, sans proposition parfaitement équivalente.	codage	198
government	pologne	Pologne — gouvernement Tusk (KO–PSL–Polska 2050–Nouvelle Gauche)	87	Défense / Ukraine	La France devrait continuer à fournir une aide militaire et financière importante à l'Ukraine tant que son territoire reste occupé, même si la guerre se prolonge.	3	3	https://www.gov.pl/web/primeminister/safe-polands-blueprint-for-european-security-and-domestic-defence-growth	Accord fort : codage fondé sur les documents officiels retenus pour le thème « Défense / Ukraine ». Niveau de preuve : position ou mesure explicitement documentée.	codage	163
government	pologne	Pologne — gouvernement Tusk (KO–PSL–Polska 2050–Nouvelle Gauche)	89	Santé / fin de vie	Une personne majeure atteinte d'une maladie grave et incurable provoquant des souffrances insupportables devrait pouvoir recevoir une aide médicale à mourir dans un cadre strictement contrôlé.	-2	1	https://www.gov.pl/web/primeminister/expose	Désaccord net : codage fondé sur les documents officiels retenus pour le thème « Santé / fin de vie ». Niveau de preuve : analogie prudente, sans proposition parfaitement équivalente.	codage	183
government	pologne	Pologne — gouvernement Tusk (KO–PSL–Polska 2050–Nouvelle Gauche)	90	Dépendance / EHPAD	Les groupes privés à but lucratif ne devraient plus pouvoir gérer d'EHPAD. Les établissements existants devraient progressivement devenir publics ou non lucratifs.	-1	1	https://www.gov.pl/web/primeminister/expose	Réserve : codage fondé sur les documents officiels retenus pour le thème « Dépendance / EHPAD ». Niveau de preuve : analogie prudente, sans proposition parfaitement équivalente.	codage	177
government	pologne	Pologne — gouvernement Tusk (KO–PSL–Polska 2050–Nouvelle Gauche)	91	Famille / prestations	Les allocations familiales devraient être versées à toutes les familles selon le nombre d'enfants, sans diminuer lorsque les revenus augmentent.	3	3	https://www.gov.pl/web/primeminister/expose	Accord fort : codage fondé sur les documents officiels retenus pour le thème « Famille / prestations ». Niveau de preuve : position ou mesure explicitement documentée.	codage	167
government	pologne	Pologne — gouvernement Tusk (KO–PSL–Polska 2050–Nouvelle Gauche)	92	Numérique / mineurs	L'accès aux réseaux sociaux devrait être interdit aux moins de 15 ans, même avec l'accord de leurs parents.	1	1	https://www.gov.pl/web/primeminister/poland-a-year-of-breakthrough---the-prime-minister-unveils-polands-2025-economic-plan	Accord modéré : codage fondé sur les documents officiels retenus pour le thème « Numérique / mineurs ». Niveau de preuve : analogie prudente, sans proposition parfaitement équivalente.	codage	184
government	pologne	Pologne — gouvernement Tusk (KO–PSL–Polska 2050–Nouvelle Gauche)	93	Numérique / intelligence artificielle	Les administrations publiques devraient privilégier des modèles d'intelligence artificielle hébergés en Europe, même s'ils sont temporairement moins performants ou plus coûteux que leurs concurrents étrangers.	2	3	https://www.gov.pl/web/primeminister/poland-a-year-of-breakthrough---the-prime-minister-unveils-polands-2025-economic-plan	Accord net : codage fondé sur les documents officiels retenus pour le thème « Numérique / intelligence artificielle ». Niveau de preuve : position ou mesure explicitement documentée.	codage	182
government	royaume-uni	Royaume-Uni — gouvernement Burnham (Labour)	1	Économie	Il faut réduire les impôts sur le travail et le capital, même si cela implique de réduire certaines dépenses publiques.	0	2	https://www.gov.uk/government/publications/plan-for-change	Position de compromis : Le gouvernement Labour combine croissance, investissement public, renforcement des droits du travail et discipline budgétaire modérée. Transposition ou inférence prudente.	inférence	195
government	royaume-uni	Royaume-Uni — gouvernement Burnham (Labour)	2	Économie	Les inégalités économiques sont acceptables tant qu'elles résultent principalement du travail ou de la prise de risque.	-1	2	https://www.gov.uk/government/publications/plan-for-change	Réserve : Le gouvernement Labour combine croissance, investissement public, renforcement des droits du travail et discipline budgétaire modérée. Transposition ou inférence prudente.	inférence	181
government	royaume-uni	Royaume-Uni — gouvernement Burnham (Labour)	3	Économie	L'État devrait davantage taxer les hauts revenus et les gros patrimoines afin de réduire les inégalités.	1	2	https://www.gov.uk/government/publications/plan-for-change	Accord modéré : Le gouvernement Labour combine croissance, investissement public, renforcement des droits du travail et discipline budgétaire modérée. Transposition ou inférence prudente.	inférence	187
government	royaume-uni	Royaume-Uni — gouvernement Burnham (Labour)	6	Économie	Les entreprises privées sont généralement plus efficaces que l'État pour fournir des biens et services, même dans certains secteurs essentiels.	0	2	https://www.gov.uk/government/publications/plan-for-change	Position de compromis : Le gouvernement Labour combine croissance, investissement public, renforcement des droits du travail et discipline budgétaire modérée. Transposition ou inférence prudente.	inférence	195
government	royaume-uni	Royaume-Uni — gouvernement Burnham (Labour)	8	Économie	La concurrence est généralement préférable à la réglementation pour améliorer les prix, la qualité et l'innovation.	0	2	https://www.gov.uk/government/publications/plan-for-change	Position de compromis : Le gouvernement Labour combine croissance, investissement public, renforcement des droits du travail et discipline budgétaire modérée. Transposition ou inférence prudente.	inférence	195
government	royaume-uni	Royaume-Uni — gouvernement Burnham (Labour)	9	État	La France dépense trop d'argent public et devrait accepter de réduire certaines politiques sociales pour revenir à l'équilibre budgétaire.	0	2	https://www.gov.uk/government/publications/plan-for-change	Position de compromis : Le gouvernement Labour combine croissance, investissement public, renforcement des droits du travail et discipline budgétaire modérée. Transposition ou inférence prudente.	inférence	195
government	royaume-uni	Royaume-Uni — gouvernement Burnham (Labour)	13	État	Les citoyens devraient avoir davantage de liberté pour choisir eux-mêmes comment utiliser leur argent plutôt que de passer par des systèmes publics obligatoires.	-1	2	https://www.gov.uk/government/publications/plan-for-change	Réserve : Le gouvernement Labour combine croissance, investissement public, renforcement des droits du travail et discipline budgétaire modérée. Transposition ou inférence prudente.	inférence	181
government	royaume-uni	Royaume-Uni — gouvernement Burnham (Labour)	14	Social / société	La société devrait accepter beaucoup plus largement les différents modes de vie, même lorsqu'ils s'éloignent des normes traditionnelles.	2	2	https://www.gov.uk/government/publications/plan-for-change	Accord net : La ligne Labour est progressiste sur les droits et les discriminations, avec un discours plus communautaire et territorial sous Andy Burnham. Transposition ou inférence prudente.	inférence	191
government	royaume-uni	Royaume-Uni — gouvernement Burnham (Labour)	17	Social / société	Les politiques publiques devraient chercher à corriger activement les discriminations historiques ou structurelles entre groupes sociaux.	2	2	https://www.gov.uk/government/publications/plan-for-change	Accord net : La ligne Labour est progressiste sur les droits et les discriminations, avec un discours plus communautaire et territorial sous Andy Burnham. Transposition ou inférence prudente.	inférence	191
government	royaume-uni	Royaume-Uni — gouvernement Burnham (Labour)	19	Social / société	Certaines traditions et valeurs culturelles méritent d'être préservées même si elles évoluent moins vite que la société.	0	2	https://www.gov.uk/government/publications/plan-for-change	Position de compromis : La ligne Labour est progressiste sur les droits et les discriminations, avec un discours plus communautaire et territorial sous Andy Burnham. Transposition ou inférence prudente.	inférence	202
government	royaume-uni	Royaume-Uni — gouvernement Burnham (Labour)	21	Immigration	L'immigration économique est globalement bénéfique pour l'économie française.	2	2	https://www.gov.uk/government/news/kings-speech-to-build-a-stronger-and-fairer-britain	Accord net : Le gouvernement veut réduire l’immigration légale et irrégulière, tout en maintenant une approche relativement inclusive de l’intégration. Transposition ou inférence prudente.	inférence	188
government	royaume-uni	Royaume-Uni — gouvernement Burnham (Labour)	25	Immigration	Même lorsque l'immigration est économiquement bénéfique, elle peut être légitimement limitée pour préserver la cohésion culturelle du pays.	1	2	https://www.gov.uk/government/news/kings-speech-to-build-a-stronger-and-fairer-britain	Accord modéré : Le gouvernement veut réduire l’immigration légale et irrégulière, tout en maintenant une approche relativement inclusive de l’intégration. Transposition ou inférence prudente.	inférence	191
government	royaume-uni	Royaume-Uni — gouvernement Burnham (Labour)	26	Immigration	La France devrait accueillir davantage de réfugiés lorsqu'ils fuient une guerre ou une persécution, même si cela représente un coût économique.	1	2	https://www.gov.uk/government/news/kings-speech-to-build-a-stronger-and-fairer-britain	Accord modéré : Le gouvernement veut réduire l’immigration légale et irrégulière, tout en maintenant une approche relativement inclusive de l’intégration. Transposition ou inférence prudente.	inférence	191
government	royaume-uni	Royaume-Uni — gouvernement Burnham (Labour)	35	Écologie	Les politiques écologiques devraient reposer principalement sur des mécanismes de marché comme la taxe carbone plutôt que sur des interdictions.	1	2	https://www.gov.uk/government/publications/plan-for-change	Accord modéré : Le gouvernement poursuit une transition énergétique ambitieuse, avec Great British Energy, le nucléaire et les renouvelables. Transposition ou inférence prudente.	inférence	178
government	royaume-uni	Royaume-Uni — gouvernement Burnham (Labour)	36	Écologie	Il est justifié d'interdire certains produits ou comportements très polluants même lorsque les consommateurs les souhaitent.	2	2	https://www.gov.uk/government/publications/plan-for-change	Accord net : Le gouvernement poursuit une transition énergétique ambitieuse, avec Great British Energy, le nucléaire et les renouvelables. Transposition ou inférence prudente.	inférence	175
government	royaume-uni	Royaume-Uni — gouvernement Burnham (Labour)	37	Écologie	Les pays riches devraient supporter une part prépondérante du coût de la transition écologique mondiale.	2	2	https://www.gov.uk/government/publications/plan-for-change	Accord net : Le gouvernement poursuit une transition énergétique ambitieuse, avec Great British Energy, le nucléaire et les renouvelables. Transposition ou inférence prudente.	inférence	175
government	royaume-uni	Royaume-Uni — gouvernement Burnham (Labour)	39	Europe	La France devrait conserver autant que possible sa souveraineté nationale, même si cela réduit son influence au niveau européen.	1	2	https://www.gov.uk/government/publications/plan-for-change	Accord modéré : Le Royaume-Uni reste hors UE ; le gouvernement Labour recherche cependant des relations plus étroites avec l’Europe. Transposition ou inférence prudente.	inférence	169
government	royaume-uni	Royaume-Uni — gouvernement Burnham (Labour)	55	État / entreprises	Il faudrait réduire fortement les normes administratives pesant sur les entreprises, même si certaines protections environnementales ou sociales deviennent moins strictes.	-1	2	https://www.gov.uk/government/publications/plan-for-change	Réserve : Le gouvernement Labour combine croissance, investissement public, renforcement des droits du travail et discipline budgétaire modérée. Transposition ou inférence prudente.	inférence	181
government	royaume-uni	Royaume-Uni — gouvernement Burnham (Labour)	60	Immigration / assimilation	La France devrait pouvoir refuser l'entrée à un immigré légalement admissible lorsqu'il existe de fortes raisons de penser qu'il ne souhaite pas s'intégrer culturellement à la société française.	1	2	https://www.gov.uk/government/news/kings-speech-to-build-a-stronger-and-fairer-britain	Accord modéré : Le gouvernement veut réduire l’immigration légale et irrégulière, tout en maintenant une approche relativement inclusive de l’intégration. Transposition ou inférence prudente.	inférence	191
government	royaume-uni	Royaume-Uni — gouvernement Burnham (Labour)	61	Immigration / assimilation	Le fait de conserver des pratiques culturelles ou religieuses très différentes de celles de la majorité française n'est pas en soi un problème tant que les lois françaises sont respectées.	2	2	https://www.gov.uk/government/news/kings-speech-to-build-a-stronger-and-fairer-britain	Accord net : Le gouvernement veut réduire l’immigration légale et irrégulière, tout en maintenant une approche relativement inclusive de l’intégration. Transposition ou inférence prudente.	inférence	188
government	royaume-uni	Royaume-Uni — gouvernement Burnham (Labour)	71	Écologie / croissance	Si la France pouvait réduire ses émissions de 20 % mais que cela réduisait son PIB de 3 %, alors que les autres pays ne faisaient aucun effort comparable, il faudrait quand même le faire.	1	2	https://www.gov.uk/government/publications/plan-for-change	Accord modéré : Le gouvernement poursuit une transition énergétique ambitieuse, avec Great British Energy, le nucléaire et les renouvelables. Transposition ou inférence prudente.	inférence	178
government	royaume-uni	Royaume-Uni — gouvernement Burnham (Labour)	80	Écologie / agriculture	La France devrait interdire aux agriculteurs l’usage d’un produit jugé trop polluant, même si cette interdiction les désavantage face à des concurrents étrangers qui peuvent encore l’utiliser.	2	2	https://www.gov.uk/government/news/pesticide-emergency-authorisation-denied-for-2025-to-protect-bees	Accord net : la politique gouvernementale britannique a refusé en 2025 une autorisation d’urgence d’un néonicotinoïde demandée par la filière betteravière afin de protéger les pollinisateurs, tout en finançant des alternatives. Le gouvernement Burnham étant très récent, le codage suppose la continuité de cette politique Labour et conserve une confiance de 2.	codage	360
government	royaume-uni	Royaume-Uni — gouvernement Burnham (Labour)	86	Logement / locations touristiques	Dans les zones où le logement manque, une commune devrait pouvoir interdire la location touristique régulière d'un logement qui n'est pas la résidence principale de son propriétaire.	2	2	https://www.gov.uk/government/publications/plan-for-change	Accord net : la source retenue précise le degré de régulation souhaité pour les meublés touristiques et les pouvoirs locaux. Niveau de preuve : faisceau d’indices cohérent, sans équivalent toujours parfaitement identique.	source retenue	221
government	royaume-uni	Royaume-Uni — gouvernement Burnham (Labour)	88	Défense / dissuasion nucléaire	La dissuasion nucléaire française devrait aussi protéger les partenaires européens, tout en laissant à la France seule la décision finale de l'employer.	2	2	https://www.gov.uk/government/news/unbreakable-bond-between-uk-and-ukraine-will-continue-under-my-government-26-july-2026	Accord net : la source retenue porte sur l'extension européenne de la dissuasion ou, pour les pays non dotés, sur la protection nucléaire alliée. Niveau de preuve : faisceau d’indices cohérent, sans équivalent toujours parfaitement identique.	source retenue	242
government	suisse	Suisse — Conseil fédéral 2026	2	Économie	Les inégalités économiques sont acceptables tant qu'elles résultent principalement du travail ou de la prise de risque.	1	2	https://www.bfs.admin.ch/bfs/en/home/statistics/cross-sectional-topics/monitoring-legislature-plan.html	Accord modéré : Le Conseil fédéral suit une économie sociale de marché relativement libérale, avec discipline budgétaire et protection sociale multipiliers. Transposition ou inférence prudente.	inférence	193
government	suisse	Suisse — Conseil fédéral 2026	3	Économie	L'État devrait davantage taxer les hauts revenus et les gros patrimoines afin de réduire les inégalités.	-1	2	https://www.bfs.admin.ch/bfs/en/home/statistics/cross-sectional-topics/monitoring-legislature-plan.html	Réserve : Le Conseil fédéral suit une économie sociale de marché relativement libérale, avec discipline budgétaire et protection sociale multipiliers. Transposition ou inférence prudente.	inférence	187
government	suisse	Suisse — Conseil fédéral 2026	5	Économie	Le salaire minimum devrait être augmenté significativement.	-2	2	https://www.bfs.admin.ch/bfs/en/home/statistics/cross-sectional-topics/monitoring-legislature-plan.html	Désaccord net : Le Conseil fédéral suit une économie sociale de marché relativement libérale, avec discipline budgétaire et protection sociale multipiliers. Transposition ou inférence prudente.	inférence	193
government	suisse	Suisse — Conseil fédéral 2026	6	Économie	Les entreprises privées sont généralement plus efficaces que l'État pour fournir des biens et services, même dans certains secteurs essentiels.	2	2	https://www.bfs.admin.ch/bfs/en/home/statistics/cross-sectional-topics/monitoring-legislature-plan.html	Accord net : Le Conseil fédéral suit une économie sociale de marché relativement libérale, avec discipline budgétaire et protection sociale multipiliers. Transposition ou inférence prudente.	inférence	190
government	suisse	Suisse — Conseil fédéral 2026	7	Économie	L'État devrait pouvoir nationaliser temporairement ou durablement une entreprise privée lorsqu'elle contrôle une activité stratégique pour le pays.	-2	2	https://www.bfs.admin.ch/bfs/en/home/statistics/cross-sectional-topics/monitoring-legislature-plan.html	Désaccord net : Le Conseil fédéral suit une économie sociale de marché relativement libérale, avec discipline budgétaire et protection sociale multipiliers. Transposition ou inférence prudente.	inférence	193
government	suisse	Suisse — Conseil fédéral 2026	12	État	L'État devrait intervenir beaucoup plus fortement dans l'économie lorsque le marché produit des résultats jugés socialement indésirables.	0	2	https://www.bfs.admin.ch/bfs/en/home/statistics/cross-sectional-topics/monitoring-legislature-plan.html	Position de compromis : Le Conseil fédéral suit une économie sociale de marché relativement libérale, avec discipline budgétaire et protection sociale multipiliers. Transposition ou inférence prudente.	inférence	201
government	suisse	Suisse — Conseil fédéral 2026	13	État	Les citoyens devraient avoir davantage de liberté pour choisir eux-mêmes comment utiliser leur argent plutôt que de passer par des systèmes publics obligatoires.	2	2	https://www.bfs.admin.ch/bfs/en/home/statistics/cross-sectional-topics/monitoring-legislature-plan.html	Accord net : Le Conseil fédéral suit une économie sociale de marché relativement libérale, avec discipline budgétaire et protection sociale multipiliers. Transposition ou inférence prudente.	inférence	190
government	suisse	Suisse — Conseil fédéral 2026	14	Social / société	La société devrait accepter beaucoup plus largement les différents modes de vie, même lorsqu'ils s'éloignent des normes traditionnelles.	1	2	https://www.bfs.admin.ch/bfs/en/home/statistics/cross-sectional-topics/monitoring-legislature-plan.html	Accord modéré : Le consensus gouvernemental est modérément libéral sur les droits individuels, tout en restant prudent sur les transformations sociales. Transposition ou inférence prudente.	inférence	189
government	suisse	Suisse — Conseil fédéral 2026	17	Social / société	Les politiques publiques devraient chercher à corriger activement les discriminations historiques ou structurelles entre groupes sociaux.	1	2	https://www.bfs.admin.ch/bfs/en/home/statistics/cross-sectional-topics/monitoring-legislature-plan.html	Accord modéré : Le consensus gouvernemental est modérément libéral sur les droits individuels, tout en restant prudent sur les transformations sociales. Transposition ou inférence prudente.	inférence	189
government	suisse	Suisse — Conseil fédéral 2026	19	Social / société	Certaines traditions et valeurs culturelles méritent d'être préservées même si elles évoluent moins vite que la société.	2	2	https://www.bfs.admin.ch/bfs/en/home/statistics/cross-sectional-topics/monitoring-legislature-plan.html	Accord net : Le consensus gouvernemental est modérément libéral sur les droits individuels, tout en restant prudent sur les transformations sociales. Transposition ou inférence prudente.	inférence	186
government	suisse	Suisse — Conseil fédéral 2026	20	Immigration	La France devrait réduire le nombre d'immigrants qu'elle accueille chaque année.	1	2	https://www.bfs.admin.ch/bfs/en/home/statistics/cross-sectional-topics/monitoring-legislature-plan.html	Accord modéré : La Suisse privilégie l’immigration économique contrôlée, l’intégration et des conditions strictes de séjour durable. Transposition ou inférence prudente.	inférence	169
government	suisse	Suisse — Conseil fédéral 2026	23	Immigration	L'accès à la nationalité française devrait être rendu plus exigeant.	2	2	https://www.bfs.admin.ch/bfs/en/home/statistics/cross-sectional-topics/monitoring-legislature-plan.html	Accord net : La Suisse privilégie l’immigration économique contrôlée, l’intégration et des conditions strictes de séjour durable. Transposition ou inférence prudente.	inférence	166
government	suisse	Suisse — Conseil fédéral 2026	24	Immigration	La France devrait être beaucoup plus stricte concernant l'expulsion des étrangers condamnés pour des crimes graves.	3	2	https://www.bfs.admin.ch/bfs/en/home/statistics/cross-sectional-topics/monitoring-legislature-plan.html	Accord fort : La Suisse privilégie l’immigration économique contrôlée, l’intégration et des conditions strictes de séjour durable. Transposition ou inférence prudente.	inférence	167
government	suisse	Suisse — Conseil fédéral 2026	25	Immigration	Même lorsque l'immigration est économiquement bénéfique, elle peut être légitimement limitée pour préserver la cohésion culturelle du pays.	2	2	https://www.bfs.admin.ch/bfs/en/home/statistics/cross-sectional-topics/monitoring-legislature-plan.html	Accord net : La Suisse privilégie l’immigration économique contrôlée, l’intégration et des conditions strictes de séjour durable. Transposition ou inférence prudente.	inférence	166
government	suisse	Suisse — Conseil fédéral 2026	28	Sécurité / justice	Il vaut mieux investir dans la prévention et la réinsertion que dans l'augmentation des sanctions.	2	2	https://www.bfs.admin.ch/bfs/en/home/statistics/cross-sectional-topics/monitoring-legislature-plan.html	Accord net : La politique combine prévention, police efficace et fortes garanties de l’État de droit. Transposition ou inférence prudente.	inférence	138
government	suisse	Suisse — Conseil fédéral 2026	29	Sécurité / justice	La police devrait disposer de pouvoirs plus importants pour lutter contre la criminalité, quitte à accepter davantage de contrôles sur certaines libertés individuelles.	1	2	https://www.bfs.admin.ch/bfs/en/home/statistics/cross-sectional-topics/monitoring-legislature-plan.html	Accord modéré : La politique combine prévention, police efficace et fortes garanties de l’État de droit. Transposition ou inférence prudente.	inférence	141
government	suisse	Suisse — Conseil fédéral 2026	32	Écologie	La lutte contre le changement climatique doit rester prioritaire même lorsqu'elle réduit la croissance économique à court terme.	1	2	https://www.bfs.admin.ch/bfs/en/home/statistics/cross-sectional-topics/monitoring-legislature-plan.html	Accord modéré : La stratégie climatique repose largement sur la technologie, les incitations économiques et une mise en œuvre compatible avec la compétitivité. Transposition ou inférence prudente.	inférence	196
government	suisse	Suisse — Conseil fédéral 2026	33	Écologie	Il faut accepter une hausse importante du prix des énergies fossiles pour accélérer la transition écologique.	1	2	https://www.bfs.admin.ch/bfs/en/home/statistics/cross-sectional-topics/monitoring-legislature-plan.html	Accord modéré : La stratégie climatique repose largement sur la technologie, les incitations économiques et une mise en œuvre compatible avec la compétitivité. Transposition ou inférence prudente.	inférence	196
government	suisse	Suisse — Conseil fédéral 2026	36	Écologie	Il est justifié d'interdire certains produits ou comportements très polluants même lorsque les consommateurs les souhaitent.	0	2	https://www.bfs.admin.ch/bfs/en/home/statistics/cross-sectional-topics/monitoring-legislature-plan.html	Position de compromis : La stratégie climatique repose largement sur la technologie, les incitations économiques et une mise en œuvre compatible avec la compétitivité. Transposition ou inférence prudente.	inférence	204
government	suisse	Suisse — Conseil fédéral 2026	37	Écologie	Les pays riches devraient supporter une part prépondérante du coût de la transition écologique mondiale.	0	2	https://www.bfs.admin.ch/bfs/en/home/statistics/cross-sectional-topics/monitoring-legislature-plan.html	Position de compromis : La stratégie climatique repose largement sur la technologie, les incitations économiques et une mise en œuvre compatible avec la compétitivité. Transposition ou inférence prudente.	inférence	204
government	suisse	Suisse — Conseil fédéral 2026	38	Europe	La France devrait transférer davantage de compétences à l'Union européenne afin de renforcer son poids économique et géopolitique.	-2	2	https://www.eda.admin.ch/en/foreign-policy-strategy-2024-27	Désaccord net : La Suisse recherche des accords étroits avec l’Europe tout en maintenant sa souveraineté et son statut hors UE. Transposition ou inférence prudente.	inférence	164
government	suisse	Suisse — Conseil fédéral 2026	44	Fiscalité / patrimoine	L'héritage devrait être davantage taxé au-delà d'un certain seuil de patrimoine transmis, même si cela conduit certaines familles à transmettre moins de patrimoine à leurs enfants.	-2	2	https://www.bfs.admin.ch/bfs/en/home/statistics/cross-sectional-topics/monitoring-legislature-plan.html	Désaccord net : Le Conseil fédéral suit une économie sociale de marché relativement libérale, avec discipline budgétaire et protection sociale multipiliers. Transposition ou inférence prudente.	inférence	193
government	suisse	Suisse — Conseil fédéral 2026	61	Immigration / assimilation	Le fait de conserver des pratiques culturelles ou religieuses très différentes de celles de la majorité française n'est pas en soi un problème tant que les lois françaises sont respectées.	2	2	https://www.bfs.admin.ch/bfs/en/home/statistics/cross-sectional-topics/monitoring-legislature-plan.html	Accord net : La Suisse privilégie l’immigration économique contrôlée, l’intégration et des conditions strictes de séjour durable. Transposition ou inférence prudente.	inférence	166
government	suisse	Suisse — Conseil fédéral 2026	64	Libertés / expression	Une personne qui tient publiquement des propos profondément offensants mais qui n'appelle ni à la violence ni à commettre une infraction devrait être protégée par la liberté d'expression.	2	2	https://www.bfs.admin.ch/bfs/en/home/statistics/cross-sectional-topics/monitoring-legislature-plan.html	Accord net : La politique combine prévention, police efficace et fortes garanties de l’État de droit. Transposition ou inférence prudente.	inférence	138
government	suisse	Suisse — Conseil fédéral 2026	67	Écologie	Une taxe carbone qui réduit les émissions de CO₂ devrait être maintenue même si elle diminue le pouvoir d’achat des ménages modestes, à condition de compenser ces derniers par des aides ciblées.	2	2	https://www.bfs.admin.ch/bfs/en/home/statistics/cross-sectional-topics/monitoring-legislature-plan.html	Accord net : La stratégie climatique repose largement sur la technologie, les incitations économiques et une mise en œuvre compatible avec la compétitivité. Transposition ou inférence prudente.	inférence	193
government	suisse	Suisse — Conseil fédéral 2026	72	Institutions	Pour certaines décisions économiques complexes, il serait préférable de confier davantage de pouvoir à des institutions indépendantes composées d'experts plutôt qu'aux responsables politiques élus.	-1	2	https://www.aboutswitzerland.eda.admin.ch/en/political-system	Réserve : La démocratie directe, le fédéralisme, la proportionnelle et le gouvernement collégial structurent fortement le système suisse. Transposition ou inférence prudente.	inférence	174
government	suisse	Suisse — Conseil fédéral 2026	73	Institutions	Un gouvernement devrait pouvoir prendre une décision économiquement nécessaire mais très impopulaire sans chercher à obtenir l'approbation immédiate de la population.	-1	2	https://www.aboutswitzerland.eda.admin.ch/en/political-system	Réserve : La démocratie directe, le fédéralisme, la proportionnelle et le gouvernement collégial structurent fortement le système suisse. Transposition ou inférence prudente.	inférence	174
government	suisse	Suisse — Conseil fédéral 2026	75	Institutions	Il serait acceptable de donner davantage de poids politique aux citoyens qui démontrent un niveau élevé de connaissance du fonctionnement des institutions et de l'économie.	-2	2	https://www.aboutswitzerland.eda.admin.ch/en/political-system	Désaccord net : La démocratie directe, le fédéralisme, la proportionnelle et le gouvernement collégial structurent fortement le système suisse. Transposition ou inférence prudente.	inférence	180
government	suisse	Suisse — Conseil fédéral 2026	76	Institutions	Le président de la République devrait disposer de davantage de pouvoirs pour pouvoir mettre en œuvre un programme pendant cinq ans sans être constamment bloqué par le Parlement.	-2	2	https://www.aboutswitzerland.eda.admin.ch/en/political-system	Désaccord net : La démocratie directe, le fédéralisme, la proportionnelle et le gouvernement collégial structurent fortement le système suisse. Transposition ou inférence prudente.	inférence	180
government	suisse	Suisse — Conseil fédéral 2026	78	Immigration / assimilation	Le droit de séjour durable en France devrait dépendre, sauf impossibilité particulière, d’efforts concrets pour apprendre le français, comprendre les règles et usages du pays et participer à la vie collective.	3	2	https://www.bfs.admin.ch/bfs/en/home/statistics/cross-sectional-topics/monitoring-legislature-plan.html	Accord fort : La Suisse privilégie l’immigration économique contrôlée, l’intégration et des conditions strictes de séjour durable. Transposition ou inférence prudente.	inférence	167
government	suisse	Suisse — Conseil fédéral 2026	86	Logement / locations touristiques	Dans les zones où le logement manque, une commune devrait pouvoir interdire la location touristique régulière d'un logement qui n'est pas la résidence principale de son propriétaire.	1	1	https://www.aboutswitzerland.eda.admin.ch/en/political-system	Accord modéré : la source retenue précise le degré de régulation souhaité pour les meublés touristiques et les pouvoirs locaux. Niveau de preuve : estimation prudente à partir de la ligne générale.	source retenue	197
government	suisse	Suisse — Conseil fédéral 2026	88	Défense / dissuasion nucléaire	La dissuasion nucléaire française devrait aussi protéger les partenaires européens, tout en laissant à la France seule la décision finale de l'employer.	-3	3	https://www.eda.admin.ch/en/foreign-policy-strategy-2024-27	Désaccord fort : la source retenue porte sur l'extension européenne de la dissuasion ou, pour les pays non dotés, sur la protection nucléaire alliée. Niveau de preuve : preuve directe ou politique explicitement documentée.	source retenue	222
party	horizons	Horizons	1	Économie	Il faut réduire les impôts sur le travail et le capital, même si cela implique de réduire certaines dépenses publiques.	3	2	https://horizonsleparti.fr/le-manifeste/	Accord fort : orientation cohérente avec le document officiel retenu, sans passage isolé directement équivalent à la question.	orientation cohérente avec le document officiel retenu|sans passage isolé directement équivalent|cohérent(?:e)? avec (?:la|le|les) (?:ligne|programme|document)	126
party	horizons	Horizons	3	Économie	L'État devrait davantage taxer les hauts revenus et les gros patrimoines afin de réduire les inégalités.	-2	2	https://horizonsleparti.fr/le-manifeste/	Désaccord net : codage cohérent avec la ligne programmatique générale du parti sur économie.	cohérent(?:e)? avec (?:la|le|les) (?:ligne|programme|document)|codage	92
party	horizons	Horizons	5	Économie	Le salaire minimum devrait être augmenté significativement.	-2	2	https://horizonsleparti.fr/le-manifeste/	Désaccord net : codage cohérent avec la ligne programmatique générale du parti sur économie.	cohérent(?:e)? avec (?:la|le|les) (?:ligne|programme|document)|codage	92
party	horizons	Horizons	6	Économie	Les entreprises privées sont généralement plus efficaces que l'État pour fournir des biens et services, même dans certains secteurs essentiels.	2	2	https://horizonsleparti.fr/le-manifeste/	Accord net : sources officielles et prises de position convergentes ; le niveau de confiance documentaire a été réévalué indépendamment de l’intensité de la réponse.	niveau de confiance documentaire|sources officielles et prises de position convergentes|réévalué	165
party	horizons	Horizons	7	Économie	L'État devrait pouvoir nationaliser temporairement ou durablement une entreprise privée lorsqu'elle contrôle une activité stratégique pour le pays.	-1	2	https://horizonsleparti.fr/le-manifeste/	Réserve : codage cohérent avec la ligne programmatique générale du parti sur économie.	cohérent(?:e)? avec (?:la|le|les) (?:ligne|programme|document)|codage	86
party	horizons	Horizons	8	Économie	La concurrence est généralement préférable à la réglementation pour améliorer les prix, la qualité et l'innovation.	2	2	https://horizonsleparti.fr/le-manifeste/	Accord net : sources officielles et prises de position convergentes ; le niveau de confiance documentaire a été réévalué indépendamment de l’intensité de la réponse.	niveau de confiance documentaire|sources officielles et prises de position convergentes|réévalué	165
party	horizons	Horizons	9	État	La France dépense trop d'argent public et devrait accepter de réduire certaines politiques sociales pour revenir à l'équilibre budgétaire.	3	2	https://horizonsleparti.fr/le-manifeste/	Accord fort : orientation cohérente avec le document officiel retenu, sans passage isolé directement équivalent à la question.	orientation cohérente avec le document officiel retenu|sans passage isolé directement équivalent|cohérent(?:e)? avec (?:la|le|les) (?:ligne|programme|document)	126
party	horizons	Horizons	10	État	L'État devrait garantir un niveau élevé de protection sociale, même si cela implique une fiscalité importante.	0	2	https://horizonsleparti.fr/le-manifeste/	Position équilibrée ou non tranchée : codage cohérent avec la ligne programmatique générale du parti sur état.	cohérent(?:e)? avec (?:la|le|les) (?:ligne|programme|document)|codage	110
party	horizons	Horizons	12	État	L'État devrait intervenir beaucoup plus fortement dans l'économie lorsque le marché produit des résultats jugés socialement indésirables.	0	2	https://horizonsleparti.fr/le-manifeste/	Position équilibrée ou non tranchée : codage cohérent avec la ligne programmatique générale du parti sur état.	cohérent(?:e)? avec (?:la|le|les) (?:ligne|programme|document)|codage	110
party	horizons	Horizons	13	État	Les citoyens devraient avoir davantage de liberté pour choisir eux-mêmes comment utiliser leur argent plutôt que de passer par des systèmes publics obligatoires.	2	2	https://horizonsleparti.fr/le-manifeste/	Accord net : sources officielles et prises de position convergentes ; le niveau de confiance documentaire a été réévalué indépendamment de l’intensité de la réponse.	niveau de confiance documentaire|sources officielles et prises de position convergentes|réévalué	165
party	horizons	Horizons	14	Social / société	La société devrait accepter beaucoup plus largement les différents modes de vie, même lorsqu'ils s'éloignent des normes traditionnelles.	1	2	https://horizonsleparti.fr/le-manifeste/	Accord modéré : codage cohérent avec la ligne programmatique générale du parti sur social / société.	cohérent(?:e)? avec (?:la|le|les) (?:ligne|programme|document)|codage	100
party	horizons	Horizons	17	Social / société	Les politiques publiques devraient chercher à corriger activement les discriminations historiques ou structurelles entre groupes sociaux.	1	2	https://horizonsleparti.fr/le-manifeste/	Accord modéré : codage cohérent avec la ligne programmatique générale du parti sur social / société.	cohérent(?:e)? avec (?:la|le|les) (?:ligne|programme|document)|codage	100
party	horizons	Horizons	19	Social / société	Certaines traditions et valeurs culturelles méritent d'être préservées même si elles évoluent moins vite que la société.	2	2	https://horizonsleparti.fr/le-manifeste/	Accord net : codage cohérent avec la ligne programmatique générale du parti sur social / société.	cohérent(?:e)? avec (?:la|le|les) (?:ligne|programme|document)|codage	97
party	horizons	Horizons	20	Immigration	La France devrait réduire le nombre d'immigrants qu'elle accueille chaque année.	2	2	https://horizonsleparti.fr/le-manifeste/	Accord net : orientation cohérente avec le document officiel retenu, sans passage isolé directement équivalent à la question.	orientation cohérente avec le document officiel retenu|sans passage isolé directement équivalent|cohérent(?:e)? avec (?:la|le|les) (?:ligne|programme|document)	125
party	horizons	Horizons	21	Immigration	L'immigration économique est globalement bénéfique pour l'économie française.	2	2	https://horizonsleparti.fr/le-manifeste/	Accord net : sources officielles et prises de position convergentes ; le niveau de confiance documentaire a été réévalué indépendamment de l’intensité de la réponse.	niveau de confiance documentaire|sources officielles et prises de position convergentes|réévalué	165
party	horizons	Horizons	23	Immigration	L'accès à la nationalité française devrait être rendu plus exigeant.	1	2	https://horizonsleparti.fr/le-manifeste/	Accord modéré : codage cohérent avec la ligne programmatique générale du parti sur immigration.	cohérent(?:e)? avec (?:la|le|les) (?:ligne|programme|document)|codage	95
party	horizons	Horizons	24	Immigration	La France devrait être beaucoup plus stricte concernant l'expulsion des étrangers condamnés pour des crimes graves.	3	2	https://horizonsleparti.fr/le-manifeste/	Accord fort : orientation cohérente avec le document officiel retenu, sans passage isolé directement équivalent à la question.	orientation cohérente avec le document officiel retenu|sans passage isolé directement équivalent|cohérent(?:e)? avec (?:la|le|les) (?:ligne|programme|document)	126
party	horizons	Horizons	25	Immigration	Même lorsque l'immigration est économiquement bénéfique, elle peut être légitimement limitée pour préserver la cohésion culturelle du pays.	2	2	https://horizonsleparti.fr/le-manifeste/	Accord net : codage cohérent avec la ligne programmatique générale du parti sur immigration.	cohérent(?:e)? avec (?:la|le|les) (?:ligne|programme|document)|codage	92
party	horizons	Horizons	26	Immigration	La France devrait accueillir davantage de réfugiés lorsqu'ils fuient une guerre ou une persécution, même si cela représente un coût économique.	-1	2	https://horizonsleparti.fr/le-manifeste/	Réserve : codage cohérent avec la ligne programmatique générale du parti sur immigration.	cohérent(?:e)? avec (?:la|le|les) (?:ligne|programme|document)|codage	89
party	horizons	Horizons	27	Sécurité / justice	Les peines de prison effectives devraient être plus sévères, même si cela augmente fortement la population carcérale.	2	2	https://horizonsleparti.fr/le-manifeste/	Accord net : codage cohérent avec la ligne programmatique générale du parti sur sécurité / justice.	cohérent(?:e)? avec (?:la|le|les) (?:ligne|programme|document)|codage	99
party	horizons	Horizons	29	Sécurité / justice	La police devrait disposer de pouvoirs plus importants pour lutter contre la criminalité, quitte à accepter davantage de contrôles sur certaines libertés individuelles.	2	2	https://horizonsleparti.fr/le-manifeste/	Accord fort : orientation cohérente avec le document officiel retenu, sans passage isolé directement équivalent à la question.	orientation cohérente avec le document officiel retenu|sans passage isolé directement équivalent|cohérent(?:e)? avec (?:la|le|les) (?:ligne|programme|document)	126
party	horizons	Horizons	32	Écologie	La lutte contre le changement climatique doit rester prioritaire même lorsqu'elle réduit la croissance économique à court terme.	2	2	https://horizonsleparti.fr/le-manifeste/	Accord net : orientation cohérente avec le document officiel retenu, sans passage isolé directement équivalent à la question.	orientation cohérente avec le document officiel retenu|sans passage isolé directement équivalent|cohérent(?:e)? avec (?:la|le|les) (?:ligne|programme|document)	125
party	horizons	Horizons	33	Écologie	Il faut accepter une hausse importante du prix des énergies fossiles pour accélérer la transition écologique.	1	2	https://horizonsleparti.fr/le-manifeste/	Accord modéré : codage cohérent avec la ligne programmatique générale du parti sur écologie.	cohérent(?:e)? avec (?:la|le|les) (?:ligne|programme|document)|codage	92
party	horizons	Horizons	35	Écologie	Les politiques écologiques devraient reposer principalement sur des mécanismes de marché comme la taxe carbone plutôt que sur des interdictions.	2	2	https://horizonsleparti.fr/le-manifeste/	Accord net : sources officielles et prises de position convergentes ; le niveau de confiance documentaire a été réévalué indépendamment de l’intensité de la réponse.	niveau de confiance documentaire|sources officielles et prises de position convergentes|réévalué	165
party	horizons	Horizons	36	Écologie	Il est justifié d'interdire certains produits ou comportements très polluants même lorsque les consommateurs les souhaitent.	1	2	https://horizonsleparti.fr/le-manifeste/	Accord modéré : codage cohérent avec la ligne programmatique générale du parti sur écologie.	cohérent(?:e)? avec (?:la|le|les) (?:ligne|programme|document)|codage	92
party	horizons	Horizons	38	Europe	La France devrait transférer davantage de compétences à l'Union européenne afin de renforcer son poids économique et géopolitique.	2	2	https://horizonsleparti.fr/le-manifeste/	Accord net : orientation cohérente avec le document officiel retenu, sans passage isolé directement équivalent à la question.	orientation cohérente avec le document officiel retenu|sans passage isolé directement équivalent|cohérent(?:e)? avec (?:la|le|les) (?:ligne|programme|document)	125
party	horizons	Horizons	39	Europe	La France devrait conserver autant que possible sa souveraineté nationale, même si cela réduit son influence au niveau européen.	-2	2	https://horizonsleparti.fr/le-manifeste/	Désaccord net : codage cohérent avec la ligne programmatique générale du parti sur europe.	cohérent(?:e)? avec (?:la|le|les) (?:ligne|programme|document)|codage	90
party	horizons	Horizons	40	Europe	L'euro est globalement bénéfique pour la France malgré la perte de certains instruments de politique économique.	3	2	https://horizonsleparti.fr/le-manifeste/	Accord fort : orientation cohérente avec le document officiel retenu, sans passage isolé directement équivalent à la question.	orientation cohérente avec le document officiel retenu|sans passage isolé directement équivalent|cohérent(?:e)? avec (?:la|le|les) (?:ligne|programme|document)	126
party	horizons	Horizons	41	Europe	L'Union européenne devrait pouvoir imposer davantage de règles communes aux États membres.	2	2	https://horizonsleparti.fr/le-manifeste/	Accord net : codage cohérent avec la ligne programmatique générale du parti sur europe.	cohérent(?:e)? avec (?:la|le|les) (?:ligne|programme|document)|codage	87
party	horizons	Horizons	42	Europe	En cas de conflit entre les intérêts économiques français et les règles européennes, la France devrait pouvoir désobéir à certaines règles européennes.	-2	2	https://horizonsleparti.fr/le-manifeste/	Désaccord net : codage cohérent avec la ligne programmatique générale du parti sur europe.	cohérent(?:e)? avec (?:la|le|les) (?:ligne|programme|document)|codage	90
party	horizons	Horizons	43	Fiscalité / patrimoine	Il faudrait supprimer l'IFI et ne plus taxer spécifiquement le patrimoine immobilier au-delà de la fiscalité ordinaire.	2	2	https://horizonsleparti.fr/le-manifeste/	Accord net : orientation cohérente avec le document officiel retenu, sans passage isolé directement équivalent à la question.	orientation cohérente avec le document officiel retenu|sans passage isolé directement équivalent|cohérent(?:e)? avec (?:la|le|les) (?:ligne|programme|document)	125
party	horizons	Horizons	44	Fiscalité / patrimoine	L'héritage devrait être davantage taxé au-delà d'un certain seuil de patrimoine transmis, même si cela conduit certaines familles à transmettre moins de patrimoine à leurs enfants.	-2	2	https://horizonsleparti.fr/le-manifeste/	Désaccord net : codage cohérent avec la ligne programmatique générale du parti sur fiscalité / patrimoine.	cohérent(?:e)? avec (?:la|le|les) (?:ligne|programme|document)|codage	106
party	horizons	Horizons	45	Fiscalité / patrimoine	Les très grandes fortunes devraient être imposées sur leur patrimoine mondial, même lorsqu'elles quittent la France.	-1	2	https://horizonsleparti.fr/le-manifeste/	Réserve : codage cohérent avec la ligne programmatique générale du parti sur fiscalité / patrimoine.	cohérent(?:e)? avec (?:la|le|les) (?:ligne|programme|document)|codage	100
party	horizons	Horizons	46	Travail / chômage	Un chômeur devrait pouvoir perdre une partie significative de ses allocations s'il refuse plusieurs emplois raisonnablement adaptés à ses compétences.	2	2	https://horizonsleparti.fr/le-manifeste/	Accord fort : codage cohérent avec la ligne programmatique générale du parti sur travail / chômage.	cohérent(?:e)? avec (?:la|le|les) (?:ligne|programme|document)|codage	99
party	horizons	Horizons	48	Travail / chômage	Le CDI protège trop fortement les salariés déjà en poste et peut rendre plus difficile l’accès à l’emploi stable, au détriment des jeunes, chômeurs ou travailleurs en contrats précaires.	2	2	https://horizonsleparti.fr/le-manifeste/	Accord net : sources officielles et prises de position convergentes ; le niveau de confiance documentaire a été réévalué indépendamment de l’intensité de la réponse.	niveau de confiance documentaire|sources officielles et prises de position convergentes|réévalué	165
party	horizons	Horizons	51	Protection sociale	Les prestations sociales devraient être fortement conditionnées à la durée de cotisation et de participation au marché du travail.	2	2	https://horizonsleparti.fr/le-manifeste/	Accord fort : codage cohérent avec la ligne programmatique générale du parti sur protection sociale.	cohérent(?:e)? avec (?:la|le|les) (?:ligne|programme|document)|codage	100
party	horizons	Horizons	53	État / entreprises	Une entreprise qui reçoit plusieurs milliards d'euros d'aides publiques devrait pouvoir être contrainte de limiter ses dividendes et les rémunérations de ses dirigeants tant que l'aide n'est pas remboursée.	1	2	https://horizonsleparti.fr/le-manifeste/	Accord modéré : codage cohérent avec la ligne programmatique générale du parti sur état / entreprises.	cohérent(?:e)? avec (?:la|le|les) (?:ligne|programme|document)|codage	102
party	horizons	Horizons	55	État / entreprises	Il faudrait réduire fortement les normes administratives pesant sur les entreprises, même si certaines protections environnementales ou sociales deviennent moins strictes.	2	2	https://horizonsleparti.fr/le-manifeste/	Accord net : orientation cohérente avec le document officiel retenu, sans passage isolé directement équivalent à la question.	orientation cohérente avec le document officiel retenu|sans passage isolé directement équivalent|cohérent(?:e)? avec (?:la|le|les) (?:ligne|programme|document)	125
party	horizons	Horizons	59	Immigration / assimilation	Une personne née en France de parents étrangers devrait automatiquement devenir française à sa majorité si elle y a grandi, même si elle ne manifeste pas particulièrement d'attachement à la France.	1	2	https://horizonsleparti.fr/le-manifeste/	Accord modéré : codage cohérent avec la ligne programmatique générale du parti sur immigration / assimilation.	cohérent(?:e)? avec (?:la|le|les) (?:ligne|programme|document)|codage	110
party	horizons	Horizons	60	Immigration / assimilation	La France devrait pouvoir refuser l'entrée à un immigré légalement admissible lorsqu'il existe de fortes raisons de penser qu'il ne souhaite pas s'intégrer culturellement à la société française.	2	2	https://horizonsleparti.fr/le-manifeste/	Accord net : codage cohérent avec la ligne programmatique générale du parti sur immigration / assimilation.	cohérent(?:e)? avec (?:la|le|les) (?:ligne|programme|document)|codage	107
party	horizons	Horizons	63	Libertés / sécurité	Pour lutter contre le terrorisme, l'État devrait pouvoir surveiller préventivement une personne considérée comme présentant un risque sérieux, même sans preuve suffisante pour engager des poursuites pénales.	2	2	https://horizonsleparti.fr/le-manifeste/	Accord net : orientation cohérente avec le document officiel retenu, sans passage isolé directement équivalent à la question.	orientation cohérente avec le document officiel retenu|sans passage isolé directement équivalent|cohérent(?:e)? avec (?:la|le|les) (?:ligne|programme|document)	125
party	horizons	Horizons	64	Libertés / expression	Une personne qui tient publiquement des propos profondément offensants mais qui n'appelle ni à la violence ni à commettre une infraction devrait être protégée par la liberté d'expression.	2	2	https://horizonsleparti.fr/le-manifeste/	Accord net : sources officielles et prises de position convergentes ; le niveau de confiance documentaire a été réévalué indépendamment de l’intensité de la réponse.	niveau de confiance documentaire|sources officielles et prises de position convergentes|réévalué	165
party	horizons	Horizons	67	Écologie	Une taxe carbone qui réduit les émissions de CO₂ devrait être maintenue même si elle diminue le pouvoir d’achat des ménages modestes, à condition de compenser ces derniers par des aides ciblées.	2	2	https://horizonsleparti.fr/le-manifeste/	Accord net : codage cohérent avec la ligne programmatique générale du parti sur écologie.	cohérent(?:e)? avec (?:la|le|les) (?:ligne|programme|document)|codage	89
party	horizons	Horizons	68	Écologie	La France devrait interdire progressivement la vente de voitures thermiques même si cela augmente temporairement le prix moyen des véhicules.	1	2	https://horizonsleparti.fr/le-manifeste/	Accord modéré : codage cohérent avec la ligne programmatique générale du parti sur écologie.	cohérent(?:e)? avec (?:la|le|les) (?:ligne|programme|document)|codage	92
party	horizons	Horizons	74	Institutions	Le référendum devrait être beaucoup plus utilisé, même lorsque les citoyens votent sur des sujets dont ils maîtrisent mal les aspects techniques.	0	2	https://horizonsleparti.fr/le-manifeste/	Position équilibrée ou non tranchée : codage cohérent avec la ligne programmatique générale du parti sur institutions.	cohérent(?:e)? avec (?:la|le|les) (?:ligne|programme|document)|codage	118
party	horizons	Horizons	76	Institutions	Le président de la République devrait disposer de davantage de pouvoirs pour pouvoir mettre en œuvre un programme pendant cinq ans sans être constamment bloqué par le Parlement.	2	2	https://horizonsleparti.fr/le-manifeste/	Accord net : sources officielles et prises de position convergentes ; le niveau de confiance documentaire a été réévalué indépendamment de l’intensité de la réponse.	niveau de confiance documentaire|sources officielles et prises de position convergentes|réévalué	165
party	horizons	Horizons	77	Institutions	La proportionnelle intégrale serait préférable au système actuel, même si elle rendait plus fréquentes les coalitions et les gouvernements instables.	-1	2	https://horizonsleparti.fr/le-manifeste/	Réserve : codage cohérent avec la ligne programmatique générale du parti sur institutions.	cohérent(?:e)? avec (?:la|le|les) (?:ligne|programme|document)|codage	90
party	horizons	Horizons	78	Immigration / assimilation	Le droit de séjour durable en France devrait dépendre, sauf impossibilité particulière, d’efforts concrets pour apprendre le français, comprendre les règles et usages du pays et participer à la vie collective.	3	2	https://horizonsleparti.fr/le-manifeste/	Accord fort : orientation cohérente avec le document officiel retenu, sans passage isolé directement équivalent à la question.	orientation cohérente avec le document officiel retenu|sans passage isolé directement équivalent|cohérent(?:e)? avec (?:la|le|les) (?:ligne|programme|document)	126
party	horizons	Horizons	79	Immigration / délinquance	Les différences de délinquance observées s’expliquent davantage par les inégalités sociales et économiques que par la culture d’origine des personnes concernées.	0	2	https://horizonsleparti.fr/le-manifeste/	Position équilibrée ou non tranchée : codage cohérent avec la ligne programmatique générale du parti sur immigration / délinquance.	cohérent(?:e)? avec (?:la|le|les) (?:ligne|programme|document)|codage	131
party	horizons	Horizons	81	Santé / accès aux soins	Dans les zones où l'accès aux soins est insuffisant, l'Assurance maladie devrait pouvoir limiter le conventionnement de nouveaux médecins dans les zones déjà bien dotées afin d'encourager leur installation dans les déserts médicaux.	1	3	https://www.assemblee-nationale.fr/dyn/17/scrutins/1214	Accord modéré : le scrutin sur la régulation du conventionnement médical fournit la position parlementaire la plus proche ; pour les formations non représentées, le codage est déduit de leur ligne sur la liberté d'installation. Niveau de preuve : preuve directe ou politique explicitement documentée.	codage	300
party	horizons	Horizons	86	Logement / locations touristiques	Dans les zones où le logement manque, une commune devrait pouvoir interdire la location touristique régulière d'un logement qui n'est pas la résidence principale de son propriétaire.	0	1	https://horizonsleparti.fr/le-manifeste/	Position neutre, partagée ou non arrêtée : la source retenue précise le degré de régulation souhaité pour les meublés touristiques et les pouvoirs locaux. Niveau de preuve : estimation prudente à partir de la ligne générale.	source retenue	224
party	horizons	Horizons	88	Défense / dissuasion nucléaire	La dissuasion nucléaire française devrait aussi protéger les partenaires européens, tout en laissant à la France seule la décision finale de l'employer.	3	2	https://horizonsleparti.fr/le-manifeste/	Accord fort : la source retenue porte sur l'extension européenne de la dissuasion ou, pour les pays non dotés, sur la protection nucléaire alliée. Niveau de preuve : faisceau d’indices cohérent, sans équivalent toujours parfaitement identique.	source retenue	243
party	france-humaniste	La France Humaniste	17	Social / société	Les politiques publiques devraient chercher à corriger activement les discriminations historiques ou structurelles entre groupes sociaux.	2	3	https://lafrancehumaniste.fr/articles/le-moment-francais-sorbonne.html	Accord net : codage fondé sur les documents officiels retenus pour le thème « Social / société ». Niveau de preuve : position ou mesure explicitement documentée.	codage	161
party	france-humaniste	La France Humaniste	19	Social / société	Certaines traditions et valeurs culturelles méritent d'être préservées même si elles évoluent moins vite que la société.	2	3	https://lafrancehumaniste.fr/articles/le-moment-francais-sorbonne.html	Accord net : codage fondé sur les documents officiels retenus pour le thème « Social / société ». Niveau de preuve : position ou mesure explicitement documentée.	codage	161
party	france-humaniste	La France Humaniste	24	Immigration	La France devrait être beaucoup plus stricte concernant l'expulsion des étrangers condamnés pour des crimes graves.	2	2	https://lafrancehumaniste.fr/articles/la-france-face-au-piege-identitaire.html	Accord net : sources officielles et prises de position convergentes ; le niveau de confiance documentaire a été réévalué indépendamment de l’intensité de la réponse.	niveau de confiance documentaire|sources officielles et prises de position convergentes|réévalué	165
party	france-humaniste	La France Humaniste	28	Sécurité / justice	Il vaut mieux investir dans la prévention et la réinsertion que dans l'augmentation des sanctions.	2	2	https://lafrancehumaniste.fr/articles/la-lutte-antiterroriste.html	Accord fort : codage fondé sur les documents officiels retenus pour le thème « Sécurité / justice ». Niveau de preuve : orientation cohérente étayée par plusieurs éléments.	codage	172
party	france-humaniste	La France Humaniste	36	Écologie	Il est justifié d'interdire certains produits ou comportements très polluants même lorsque les consommateurs les souhaitent.	2	2	https://lafrancehumaniste.fr/articles/pourquoi-je-suis-ecogaulliste.html	Accord net : codage fondé sur les documents officiels retenus pour le thème « Écologie ». Niveau de preuve : orientation cohérente étayée par plusieurs éléments.	codage	161
party	france-humaniste	La France Humaniste	54	État / entreprises	L'État devrait davantage utiliser son pouvoir d'actionnaire pour orienter les grandes entreprises françaises vers des objectifs industriels de long terme.	3	3	https://lafrancehumaniste.fr/articles/le-sursaut-budgetaire.html	Accord fort : codage fondé sur les documents officiels retenus pour le thème « État / entreprises ». Niveau de preuve : position ou mesure explicitement documentée.	codage	164
party	france-humaniste	La France Humaniste	64	Libertés / expression	Une personne qui tient publiquement des propos profondément offensants mais qui n'appelle ni à la violence ni à commettre une infraction devrait être protégée par la liberté d'expression.	2	3	https://lafrancehumaniste.fr/articles/la-lutte-antiterroriste.html	Accord net : codage fondé sur les documents officiels retenus pour le thème « Libertés / expression ». Niveau de preuve : position ou mesure explicitement documentée.	codage	166
party	france-humaniste	La France Humaniste	66	Sécurité	Lorsqu’un conducteur refuse d’obtempérer et prend la fuite, les policiers devraient pouvoir utiliser leur arme à feu même si le danger pour leur vie n’est pas immédiat.	-1	2	https://lafrancehumaniste.fr/articles/la-lutte-antiterroriste.html	Réserve : sources officielles et prises de position convergentes ; le niveau de confiance documentaire a été réévalué indépendamment de l’intensité de la réponse.	niveau de confiance documentaire|sources officielles et prises de position convergentes|réévalué	162
party	france-humaniste	La France Humaniste	88	Défense / dissuasion nucléaire	La dissuasion nucléaire française devrait aussi protéger les partenaires européens, tout en laissant à la France seule la décision finale de l'employer.	3	3	https://lafrancehumaniste.fr/articles/moment-europeen-europe-souveraine.html	Accord fort : codage fondé sur les documents officiels retenus pour le thème « Défense / dissuasion nucléaire ». Niveau de preuve : position ou mesure explicitement documentée.	codage	176
party	france-humaniste	La France Humaniste	89	Santé / fin de vie	Une personne majeure atteinte d'une maladie grave et incurable provoquant des souffrances insupportables devrait pouvoir recevoir une aide médicale à mourir dans un cadre strictement contrôlé.	1	1	https://lafrancehumaniste.fr/articles/protection-sociale.html	Accord modéré : codage fondé sur les documents officiels retenus pour le thème « Santé / fin de vie ». Niveau de preuve : analogie prudente, sans proposition parfaitement équivalente.	codage	183
party	france-humaniste	La France Humaniste	93	Numérique / intelligence artificielle	Les administrations publiques devraient privilégier des modèles d'intelligence artificielle hébergés en Europe, même s'ils sont temporairement moins performants ou plus coûteux que leurs concurrents étrangers.	2	3	https://lafrancehumaniste.fr/articles/ia-pouvoir-de-dire-non-monopole-americain.html	Accord fort : codage fondé sur les documents officiels retenus pour le thème « Numérique / intelligence artificielle ». Niveau de preuve : position ou mesure explicitement documentée.	codage	183
party	les-ecologistes	Les Écologistes	1	Économie	Il faut réduire les impôts sur le travail et le capital, même si cela implique de réduire certaines dépenses publiques.	-3	2	https://lesecologistes.fr/document/5ZhR2m5t2ZaGKqIdD1bJaD/vdef-programme-1.pdf	Désaccord fort : orientation cohérente avec le document officiel retenu, sans passage isolé directement équivalent à la question.	orientation cohérente avec le document officiel retenu|sans passage isolé directement équivalent|cohérent(?:e)? avec (?:la|le|les) (?:ligne|programme|document)	129
party	les-ecologistes	Les Écologistes	2	Économie	Les inégalités économiques sont acceptables tant qu'elles résultent principalement du travail ou de la prise de risque.	-1	2	https://lesecologistes.fr/document/5ZhR2m5t2ZaGKqIdD1bJaD/vdef-programme-1.pdf	Réserve : sources officielles et prises de position convergentes ; le niveau de confiance documentaire a été réévalué indépendamment de l’intensité de la réponse.	niveau de confiance documentaire|sources officielles et prises de position convergentes|réévalué	162
party	les-ecologistes	Les Écologistes	3	Économie	L'État devrait davantage taxer les hauts revenus et les gros patrimoines afin de réduire les inégalités.	3	2	https://lesecologistes.fr/document/5ZhR2m5t2ZaGKqIdD1bJaD/vdef-programme-1.pdf	Accord fort : orientation cohérente avec le document officiel retenu, sans passage isolé directement équivalent à la question.	orientation cohérente avec le document officiel retenu|sans passage isolé directement équivalent|cohérent(?:e)? avec (?:la|le|les) (?:ligne|programme|document)	126
party	les-ecologistes	Les Écologistes	5	Économie	Le salaire minimum devrait être augmenté significativement.	3	2	https://lesecologistes.fr/document/5ZhR2m5t2ZaGKqIdD1bJaD/vdef-programme-1.pdf	Accord fort : orientation cohérente avec le document officiel retenu, sans passage isolé directement équivalent à la question.	orientation cohérente avec le document officiel retenu|sans passage isolé directement équivalent|cohérent(?:e)? avec (?:la|le|les) (?:ligne|programme|document)	126
party	les-ecologistes	Les Écologistes	6	Économie	Les entreprises privées sont généralement plus efficaces que l'État pour fournir des biens et services, même dans certains secteurs essentiels.	-2	2	https://lesecologistes.fr/document/5ZhR2m5t2ZaGKqIdD1bJaD/vdef-programme-1.pdf	Désaccord net : sources officielles et prises de position convergentes ; le niveau de confiance documentaire a été réévalué indépendamment de l’intensité de la réponse.	niveau de confiance documentaire|sources officielles et prises de position convergentes|réévalué	168
party	les-ecologistes	Les Écologistes	7	Économie	L'État devrait pouvoir nationaliser temporairement ou durablement une entreprise privée lorsqu'elle contrôle une activité stratégique pour le pays.	2	2	https://lesecologistes.fr/document/5ZhR2m5t2ZaGKqIdD1bJaD/vdef-programme-1.pdf	Accord net : orientation cohérente avec le document officiel retenu, sans passage isolé directement équivalent à la question.	orientation cohérente avec le document officiel retenu|sans passage isolé directement équivalent|cohérent(?:e)? avec (?:la|le|les) (?:ligne|programme|document)	125
party	les-ecologistes	Les Écologistes	8	Économie	La concurrence est généralement préférable à la réglementation pour améliorer les prix, la qualité et l'innovation.	-2	2	https://lesecologistes.fr/document/5ZhR2m5t2ZaGKqIdD1bJaD/vdef-programme-1.pdf	Désaccord net : sources officielles et prises de position convergentes ; le niveau de confiance documentaire a été réévalué indépendamment de l’intensité de la réponse.	niveau de confiance documentaire|sources officielles et prises de position convergentes|réévalué	168
party	les-ecologistes	Les Écologistes	9	État	La France dépense trop d'argent public et devrait accepter de réduire certaines politiques sociales pour revenir à l'équilibre budgétaire.	-2	2	https://lesecologistes.fr/document/5ZhR2m5t2ZaGKqIdD1bJaD/vdef-programme-1.pdf	Désaccord net : orientation cohérente avec le document officiel retenu, sans passage isolé directement équivalent à la question.	orientation cohérente avec le document officiel retenu|sans passage isolé directement équivalent|cohérent(?:e)? avec (?:la|le|les) (?:ligne|programme|document)	128
party	les-ecologistes	Les Écologistes	10	État	L'État devrait garantir un niveau élevé de protection sociale, même si cela implique une fiscalité importante.	3	2	https://lesecologistes.fr/document/5ZhR2m5t2ZaGKqIdD1bJaD/vdef-programme-1.pdf	Accord fort : orientation cohérente avec le document officiel retenu, sans passage isolé directement équivalent à la question.	orientation cohérente avec le document officiel retenu|sans passage isolé directement équivalent|cohérent(?:e)? avec (?:la|le|les) (?:ligne|programme|document)	126
party	les-ecologistes	Les Écologistes	12	État	L'État devrait intervenir beaucoup plus fortement dans l'économie lorsque le marché produit des résultats jugés socialement indésirables.	3	2	https://lesecologistes.fr/document/5ZhR2m5t2ZaGKqIdD1bJaD/vdef-programme-1.pdf	Accord fort : orientation cohérente avec le document officiel retenu, sans passage isolé directement équivalent à la question.	orientation cohérente avec le document officiel retenu|sans passage isolé directement équivalent|cohérent(?:e)? avec (?:la|le|les) (?:ligne|programme|document)	126
party	les-ecologistes	Les Écologistes	13	État	Les citoyens devraient avoir davantage de liberté pour choisir eux-mêmes comment utiliser leur argent plutôt que de passer par des systèmes publics obligatoires.	-2	2	https://lesecologistes.fr/document/5ZhR2m5t2ZaGKqIdD1bJaD/vdef-programme-1.pdf	Désaccord net : sources officielles et prises de position convergentes ; le niveau de confiance documentaire a été réévalué indépendamment de l’intensité de la réponse.	niveau de confiance documentaire|sources officielles et prises de position convergentes|réévalué	168
party	les-ecologistes	Les Écologistes	14	Social / société	La société devrait accepter beaucoup plus largement les différents modes de vie, même lorsqu'ils s'éloignent des normes traditionnelles.	3	2	https://lesecologistes.fr/pages/358vv7W974UgosGhCBbIPT/notre-projet	Accord fort : codage cohérent avec la ligne programmatique générale du parti sur social / société.	cohérent(?:e)? avec (?:la|le|les) (?:ligne|programme|document)|codage	98
party	les-ecologistes	Les Écologistes	16	Social / société	Réduire les inégalités peut parfois justifier de restreindre certaines libertés individuelles.	1	2	https://lesecologistes.fr/pages/358vv7W974UgosGhCBbIPT/notre-projet	Accord modéré : sources officielles et prises de position convergentes ; le niveau de confiance documentaire a été réévalué indépendamment de l’intensité de la réponse.	niveau de confiance documentaire|sources officielles et prises de position convergentes|réévalué	168
party	les-ecologistes	Les Écologistes	17	Social / société	Les politiques publiques devraient chercher à corriger activement les discriminations historiques ou structurelles entre groupes sociaux.	3	2	https://lesecologistes.fr/pages/358vv7W974UgosGhCBbIPT/notre-projet	Accord fort : codage cohérent avec la ligne programmatique générale du parti sur social / société.	cohérent(?:e)? avec (?:la|le|les) (?:ligne|programme|document)|codage	98
party	les-ecologistes	Les Écologistes	19	Social / société	Certaines traditions et valeurs culturelles méritent d'être préservées même si elles évoluent moins vite que la société.	-2	2	https://lesecologistes.fr/pages/358vv7W974UgosGhCBbIPT/notre-projet	Désaccord fort : codage cohérent avec la ligne programmatique générale du parti sur social / société.	cohérent(?:e)? avec (?:la|le|les) (?:ligne|programme|document)|codage	101
party	les-ecologistes	Les Écologistes	20	Immigration	La France devrait réduire le nombre d'immigrants qu'elle accueille chaque année.	-3	3	https://lesecologistes.fr/pages/358vv7W974UgosGhCBbIPT/notre-projet	Désaccord fort : preuve primaire directe ou proposition officielle très proche ; le niveau de confiance documentaire a été réévalué indépendamment de l’intensité de la réponse.	niveau de confiance documentaire|réévalué	176
party	les-ecologistes	Les Écologistes	21	Immigration	L'immigration économique est globalement bénéfique pour l'économie française.	2	2	https://lesecologistes.fr/pages/358vv7W974UgosGhCBbIPT/notre-projet	Accord net : sources officielles et prises de position convergentes ; le niveau de confiance documentaire a été réévalué indépendamment de l’intensité de la réponse.	niveau de confiance documentaire|sources officielles et prises de position convergentes|réévalué	165
party	les-ecologistes	Les Écologistes	23	Immigration	L'accès à la nationalité française devrait être rendu plus exigeant.	-3	3	https://lesecologistes.fr/pages/358vv7W974UgosGhCBbIPT/notre-projet	Désaccord fort : preuve primaire directe ou proposition officielle très proche ; le niveau de confiance documentaire a été réévalué indépendamment de l’intensité de la réponse.	niveau de confiance documentaire|réévalué	176
party	les-ecologistes	Les Écologistes	25	Immigration	Même lorsque l'immigration est économiquement bénéfique, elle peut être légitimement limitée pour préserver la cohésion culturelle du pays.	-3	2	https://lesecologistes.fr/pages/358vv7W974UgosGhCBbIPT/notre-projet	Désaccord fort : orientation cohérente avec le document officiel retenu, sans passage isolé directement équivalent à la question.	orientation cohérente avec le document officiel retenu|sans passage isolé directement équivalent|cohérent(?:e)? avec (?:la|le|les) (?:ligne|programme|document)	129
party	les-ecologistes	Les Écologistes	26	Immigration	La France devrait accueillir davantage de réfugiés lorsqu'ils fuient une guerre ou une persécution, même si cela représente un coût économique.	3	3	https://lesecologistes.fr/pages/358vv7W974UgosGhCBbIPT/notre-projet	Accord fort : preuve primaire directe ou proposition officielle très proche ; le niveau de confiance documentaire a été réévalué indépendamment de l’intensité de la réponse.	niveau de confiance documentaire|réévalué	173
party	les-ecologistes	Les Écologistes	27	Sécurité / justice	Les peines de prison effectives devraient être plus sévères, même si cela augmente fortement la population carcérale.	-2	2	https://lesecologistes.fr/pages/358vv7W974UgosGhCBbIPT/notre-projet	Désaccord net : orientation cohérente avec le document officiel retenu, sans passage isolé directement équivalent à la question.	orientation cohérente avec le document officiel retenu|sans passage isolé directement équivalent|cohérent(?:e)? avec (?:la|le|les) (?:ligne|programme|document)	128
party	les-ecologistes	Les Écologistes	29	Sécurité / justice	La police devrait disposer de pouvoirs plus importants pour lutter contre la criminalité, quitte à accepter davantage de contrôles sur certaines libertés individuelles.	-3	2	https://lesecologistes.fr/pages/358vv7W974UgosGhCBbIPT/notre-projet	Désaccord fort : orientation cohérente avec le document officiel retenu, sans passage isolé directement équivalent à la question.	orientation cohérente avec le document officiel retenu|sans passage isolé directement équivalent|cohérent(?:e)? avec (?:la|le|les) (?:ligne|programme|document)	129
party	les-ecologistes	Les Écologistes	32	Écologie	La lutte contre le changement climatique doit rester prioritaire même lorsqu'elle réduit la croissance économique à court terme.	3	3	https://lesecologistes.fr/document/5ZhR2m5t2ZaGKqIdD1bJaD/vdef-programme-1.pdf	Accord fort : preuve primaire directe ou proposition officielle très proche ; le niveau de confiance documentaire a été réévalué indépendamment de l’intensité de la réponse.	niveau de confiance documentaire|réévalué	173
party	les-ecologistes	Les Écologistes	33	Écologie	Il faut accepter une hausse importante du prix des énergies fossiles pour accélérer la transition écologique.	3	3	https://lesecologistes.fr/document/5ZhR2m5t2ZaGKqIdD1bJaD/vdef-programme-1.pdf	Accord fort : preuve primaire directe ou proposition officielle très proche ; le niveau de confiance documentaire a été réévalué indépendamment de l’intensité de la réponse.	niveau de confiance documentaire|réévalué	173
party	les-ecologistes	Les Écologistes	35	Écologie	Les politiques écologiques devraient reposer principalement sur des mécanismes de marché comme la taxe carbone plutôt que sur des interdictions.	-1	2	https://lesecologistes.fr/document/5ZhR2m5t2ZaGKqIdD1bJaD/vdef-programme-1.pdf	Réserve : sources officielles et prises de position convergentes ; le niveau de confiance documentaire a été réévalué indépendamment de l’intensité de la réponse.	niveau de confiance documentaire|sources officielles et prises de position convergentes|réévalué	162
party	les-ecologistes	Les Écologistes	36	Écologie	Il est justifié d'interdire certains produits ou comportements très polluants même lorsque les consommateurs les souhaitent.	3	3	https://lesecologistes.fr/document/5ZhR2m5t2ZaGKqIdD1bJaD/vdef-programme-1.pdf	Accord fort : codage cohérent avec la ligne programmatique générale du parti sur écologie.	cohérent(?:e)? avec (?:la|le|les) (?:ligne|programme|document)|codage	90
party	les-ecologistes	Les Écologistes	37	Écologie	Les pays riches devraient supporter une part prépondérante du coût de la transition écologique mondiale.	3	2	https://lesecologistes.fr/document/5ZhR2m5t2ZaGKqIdD1bJaD/vdef-programme-1.pdf	Accord fort : sources officielles et prises de position convergentes ; le niveau de confiance documentaire a été réévalué indépendamment de l’intensité de la réponse.	niveau de confiance documentaire|sources officielles et prises de position convergentes|réévalué	166
party	les-ecologistes	Les Écologistes	38	Europe	La France devrait transférer davantage de compétences à l'Union européenne afin de renforcer son poids économique et géopolitique.	3	2	https://lesecologistes.fr/pages/358vv7W974UgosGhCBbIPT/notre-projet	Accord fort : orientation cohérente avec le document officiel retenu, sans passage isolé directement équivalent à la question.	orientation cohérente avec le document officiel retenu|sans passage isolé directement équivalent|cohérent(?:e)? avec (?:la|le|les) (?:ligne|programme|document)	126
party	les-ecologistes	Les Écologistes	39	Europe	La France devrait conserver autant que possible sa souveraineté nationale, même si cela réduit son influence au niveau européen.	-3	2	https://lesecologistes.fr/pages/358vv7W974UgosGhCBbIPT/notre-projet	Désaccord fort : orientation cohérente avec le document officiel retenu, sans passage isolé directement équivalent à la question.	orientation cohérente avec le document officiel retenu|sans passage isolé directement équivalent|cohérent(?:e)? avec (?:la|le|les) (?:ligne|programme|document)	129
party	les-ecologistes	Les Écologistes	40	Europe	L'euro est globalement bénéfique pour la France malgré la perte de certains instruments de politique économique.	3	2	https://lesecologistes.fr/pages/358vv7W974UgosGhCBbIPT/notre-projet	Accord fort : orientation cohérente avec le document officiel retenu, sans passage isolé directement équivalent à la question.	orientation cohérente avec le document officiel retenu|sans passage isolé directement équivalent|cohérent(?:e)? avec (?:la|le|les) (?:ligne|programme|document)	126
party	les-ecologistes	Les Écologistes	41	Europe	L'Union européenne devrait pouvoir imposer davantage de règles communes aux États membres.	3	2	https://lesecologistes.fr/pages/358vv7W974UgosGhCBbIPT/notre-projet	Accord fort : orientation cohérente avec le document officiel retenu, sans passage isolé directement équivalent à la question.	orientation cohérente avec le document officiel retenu|sans passage isolé directement équivalent|cohérent(?:e)? avec (?:la|le|les) (?:ligne|programme|document)	126
party	les-ecologistes	Les Écologistes	42	Europe	En cas de conflit entre les intérêts économiques français et les règles européennes, la France devrait pouvoir désobéir à certaines règles européennes.	-2	2	https://lesecologistes.fr/pages/358vv7W974UgosGhCBbIPT/notre-projet	Désaccord net : orientation cohérente avec le document officiel retenu, sans passage isolé directement équivalent à la question.	orientation cohérente avec le document officiel retenu|sans passage isolé directement équivalent|cohérent(?:e)? avec (?:la|le|les) (?:ligne|programme|document)	128
party	les-ecologistes	Les Écologistes	43	Fiscalité / patrimoine	Il faudrait supprimer l'IFI et ne plus taxer spécifiquement le patrimoine immobilier au-delà de la fiscalité ordinaire.	-3	2	https://lesecologistes.fr/document/5ZhR2m5t2ZaGKqIdD1bJaD/vdef-programme-1.pdf	Désaccord fort : orientation cohérente avec le document officiel retenu, sans passage isolé directement équivalent à la question.	orientation cohérente avec le document officiel retenu|sans passage isolé directement équivalent|cohérent(?:e)? avec (?:la|le|les) (?:ligne|programme|document)	129
party	les-ecologistes	Les Écologistes	44	Fiscalité / patrimoine	L'héritage devrait être davantage taxé au-delà d'un certain seuil de patrimoine transmis, même si cela conduit certaines familles à transmettre moins de patrimoine à leurs enfants.	2	2	https://lesecologistes.fr/document/5ZhR2m5t2ZaGKqIdD1bJaD/vdef-programme-1.pdf	Accord fort : orientation cohérente avec le document officiel retenu, sans passage isolé directement équivalent à la question.	orientation cohérente avec le document officiel retenu|sans passage isolé directement équivalent|cohérent(?:e)? avec (?:la|le|les) (?:ligne|programme|document)	126
party	les-ecologistes	Les Écologistes	45	Fiscalité / patrimoine	Les très grandes fortunes devraient être imposées sur leur patrimoine mondial, même lorsqu'elles quittent la France.	2	2	https://lesecologistes.fr/document/5ZhR2m5t2ZaGKqIdD1bJaD/vdef-programme-1.pdf	Accord fort : orientation cohérente avec le document officiel retenu, sans passage isolé directement équivalent à la question.	orientation cohérente avec le document officiel retenu|sans passage isolé directement équivalent|cohérent(?:e)? avec (?:la|le|les) (?:ligne|programme|document)	126
party	les-ecologistes	Les Écologistes	46	Travail / chômage	Un chômeur devrait pouvoir perdre une partie significative de ses allocations s'il refuse plusieurs emplois raisonnablement adaptés à ses compétences.	-3	2	https://lesecologistes.fr/document/5ZhR2m5t2ZaGKqIdD1bJaD/vdef-programme-1.pdf	Désaccord fort : orientation cohérente avec le document officiel retenu, sans passage isolé directement équivalent à la question.	orientation cohérente avec le document officiel retenu|sans passage isolé directement équivalent|cohérent(?:e)? avec (?:la|le|les) (?:ligne|programme|document)	129
party	les-ecologistes	Les Écologistes	49	Retraites	Les retraites devraient être progressivement réformées vers un système combinant répartition et capitalisation, même si cela implique une période de transition coûteuse.	-3	2	https://lesecologistes.fr/document/5ZhR2m5t2ZaGKqIdD1bJaD/vdef-programme-1.pdf	Désaccord fort : orientation cohérente avec le document officiel retenu, sans passage isolé directement équivalent à la question.	orientation cohérente avec le document officiel retenu|sans passage isolé directement équivalent|cohérent(?:e)? avec (?:la|le|les) (?:ligne|programme|document)	129
party	les-ecologistes	Les Écologistes	50	Retraites	L'âge légal de départ à la retraite devrait être automatiquement indexé sur l'espérance de vie nationale.	-2	2	https://lesecologistes.fr/document/5ZhR2m5t2ZaGKqIdD1bJaD/vdef-programme-1.pdf	Désaccord net : sources officielles et prises de position convergentes ; le niveau de confiance documentaire a été réévalué indépendamment de l’intensité de la réponse.	niveau de confiance documentaire|sources officielles et prises de position convergentes|réévalué	168
party	les-ecologistes	Les Écologistes	51	Protection sociale	Les prestations sociales devraient être fortement conditionnées à la durée de cotisation et de participation au marché du travail.	-3	2	https://lesecologistes.fr/document/5ZhR2m5t2ZaGKqIdD1bJaD/vdef-programme-1.pdf	Désaccord fort : orientation cohérente avec le document officiel retenu, sans passage isolé directement équivalent à la question.	orientation cohérente avec le document officiel retenu|sans passage isolé directement équivalent|cohérent(?:e)? avec (?:la|le|les) (?:ligne|programme|document)	129
party	les-ecologistes	Les Écologistes	53	État / entreprises	Une entreprise qui reçoit plusieurs milliards d'euros d'aides publiques devrait pouvoir être contrainte de limiter ses dividendes et les rémunérations de ses dirigeants tant que l'aide n'est pas remboursée.	3	2	https://lesecologistes.fr/document/5ZhR2m5t2ZaGKqIdD1bJaD/vdef-programme-1.pdf	Accord fort : codage cohérent avec la ligne programmatique générale du parti sur état / entreprises.	cohérent(?:e)? avec (?:la|le|les) (?:ligne|programme|document)|codage	100
party	les-ecologistes	Les Écologistes	54	État / entreprises	L'État devrait davantage utiliser son pouvoir d'actionnaire pour orienter les grandes entreprises françaises vers des objectifs industriels de long terme.	2	2	https://lesecologistes.fr/document/5ZhR2m5t2ZaGKqIdD1bJaD/vdef-programme-1.pdf	Accord fort : sources officielles et prises de position convergentes ; le niveau de confiance documentaire a été réévalué indépendamment de l’intensité de la réponse.	niveau de confiance documentaire|sources officielles et prises de position convergentes|réévalué	166
party	les-ecologistes	Les Écologistes	55	État / entreprises	Il faudrait réduire fortement les normes administratives pesant sur les entreprises, même si certaines protections environnementales ou sociales deviennent moins strictes.	-3	2	https://lesecologistes.fr/document/5ZhR2m5t2ZaGKqIdD1bJaD/vdef-programme-1.pdf	Désaccord fort : orientation cohérente avec le document officiel retenu, sans passage isolé directement équivalent à la question.	orientation cohérente avec le document officiel retenu|sans passage isolé directement équivalent|cohérent(?:e)? avec (?:la|le|les) (?:ligne|programme|document)	129
party	les-ecologistes	Les Écologistes	57	Immigration / assimilation	L'accès à certaines prestations sociales devrait être beaucoup plus limité pendant les premières années suivant l'arrivée d'un immigré.	-3	2	https://lesecologistes.fr/pages/358vv7W974UgosGhCBbIPT/notre-projet	Désaccord fort : orientation cohérente avec le document officiel retenu, sans passage isolé directement équivalent à la question.	orientation cohérente avec le document officiel retenu|sans passage isolé directement équivalent|cohérent(?:e)? avec (?:la|le|les) (?:ligne|programme|document)	129
party	les-ecologistes	Les Écologistes	60	Immigration / assimilation	La France devrait pouvoir refuser l'entrée à un immigré légalement admissible lorsqu'il existe de fortes raisons de penser qu'il ne souhaite pas s'intégrer culturellement à la société française.	-3	2	https://lesecologistes.fr/pages/358vv7W974UgosGhCBbIPT/notre-projet	Désaccord fort : orientation cohérente avec le document officiel retenu, sans passage isolé directement équivalent à la question.	orientation cohérente avec le document officiel retenu|sans passage isolé directement équivalent|cohérent(?:e)? avec (?:la|le|les) (?:ligne|programme|document)	129
party	les-ecologistes	Les Écologistes	61	Immigration / assimilation	Le fait de conserver des pratiques culturelles ou religieuses très différentes de celles de la majorité française n'est pas en soi un problème tant que les lois françaises sont respectées.	3	2	https://lesecologistes.fr/pages/358vv7W974UgosGhCBbIPT/notre-projet	Accord fort : sources officielles et prises de position convergentes ; le niveau de confiance documentaire a été réévalué indépendamment de l’intensité de la réponse.	niveau de confiance documentaire|sources officielles et prises de position convergentes|réévalué	166
party	les-ecologistes	Les Écologistes	63	Libertés / sécurité	Pour lutter contre le terrorisme, l'État devrait pouvoir surveiller préventivement une personne considérée comme présentant un risque sérieux, même sans preuve suffisante pour engager des poursuites pénales.	-1	2	https://lesecologistes.fr/pages/358vv7W974UgosGhCBbIPT/notre-projet	Réserve : orientation cohérente avec le document officiel retenu, sans passage isolé directement équivalent à la question.	orientation cohérente avec le document officiel retenu|sans passage isolé directement équivalent|cohérent(?:e)? avec (?:la|le|les) (?:ligne|programme|document)	122
party	les-ecologistes	Les Écologistes	64	Libertés / expression	Une personne qui tient publiquement des propos profondément offensants mais qui n'appelle ni à la violence ni à commettre une infraction devrait être protégée par la liberté d'expression.	2	2	https://lesecologistes.fr/pages/358vv7W974UgosGhCBbIPT/notre-projet	Accord net : sources officielles et prises de position convergentes ; le niveau de confiance documentaire a été réévalué indépendamment de l’intensité de la réponse.	niveau de confiance documentaire|sources officielles et prises de position convergentes|réévalué	165
party	les-ecologistes	Les Écologistes	67	Écologie	Une taxe carbone qui réduit les émissions de CO₂ devrait être maintenue même si elle diminue le pouvoir d’achat des ménages modestes, à condition de compenser ces derniers par des aides ciblées.	3	2	https://lesecologistes.fr/document/5ZhR2m5t2ZaGKqIdD1bJaD/vdef-programme-1.pdf	Accord fort : orientation cohérente avec le document officiel retenu, sans passage isolé directement équivalent à la question.	orientation cohérente avec le document officiel retenu|sans passage isolé directement équivalent|cohérent(?:e)? avec (?:la|le|les) (?:ligne|programme|document)	126
party	les-ecologistes	Les Écologistes	68	Écologie	La France devrait interdire progressivement la vente de voitures thermiques même si cela augmente temporairement le prix moyen des véhicules.	3	3	https://lesecologistes.fr/document/5ZhR2m5t2ZaGKqIdD1bJaD/vdef-programme-1.pdf	Accord fort : preuve primaire directe ou proposition officielle très proche ; le niveau de confiance documentaire a été réévalué indépendamment de l’intensité de la réponse.	niveau de confiance documentaire|réévalué	173
party	les-ecologistes	Les Écologistes	69	Écologie	Il faut privilégier le nucléaire même si cela conduit à réduire certains investissements dans les renouvelables.	-3	2	https://lesecologistes.fr/document/5ZhR2m5t2ZaGKqIdD1bJaD/vdef-programme-1.pdf	Désaccord fort : orientation cohérente avec le document officiel retenu, sans passage isolé directement équivalent à la question.	orientation cohérente avec le document officiel retenu|sans passage isolé directement équivalent|cohérent(?:e)? avec (?:la|le|les) (?:ligne|programme|document)	129
party	les-ecologistes	Les Écologistes	71	Écologie / croissance	Si la France pouvait réduire ses émissions de 20 % mais que cela réduisait son PIB de 3 %, alors que les autres pays ne faisaient aucun effort comparable, il faudrait quand même le faire.	2	2	https://lesecologistes.fr/document/5ZhR2m5t2ZaGKqIdD1bJaD/vdef-programme-1.pdf	Accord net : sources officielles et prises de position convergentes ; le niveau de confiance documentaire a été réévalué indépendamment de l’intensité de la réponse.	niveau de confiance documentaire|sources officielles et prises de position convergentes|réévalué	165
party	les-ecologistes	Les Écologistes	74	Institutions	Le référendum devrait être beaucoup plus utilisé, même lorsque les citoyens votent sur des sujets dont ils maîtrisent mal les aspects techniques.	2	2	https://lesecologistes.fr/document/5ZhR2m5t2ZaGKqIdD1bJaD/vdef-programme-1.pdf	Accord net : orientation cohérente avec le document officiel retenu, sans passage isolé directement équivalent à la question.	orientation cohérente avec le document officiel retenu|sans passage isolé directement équivalent|cohérent(?:e)? avec (?:la|le|les) (?:ligne|programme|document)	125
party	les-ecologistes	Les Écologistes	76	Institutions	Le président de la République devrait disposer de davantage de pouvoirs pour pouvoir mettre en œuvre un programme pendant cinq ans sans être constamment bloqué par le Parlement.	-2	2	https://lesecologistes.fr/document/5ZhR2m5t2ZaGKqIdD1bJaD/vdef-programme-1.pdf	Désaccord net : sources officielles et prises de position convergentes ; le niveau de confiance documentaire a été réévalué indépendamment de l’intensité de la réponse.	niveau de confiance documentaire|sources officielles et prises de position convergentes|réévalué	168
party	les-ecologistes	Les Écologistes	77	Institutions	La proportionnelle intégrale serait préférable au système actuel, même si elle rendait plus fréquentes les coalitions et les gouvernements instables.	2	2	https://lesecologistes.fr/document/5ZhR2m5t2ZaGKqIdD1bJaD/vdef-programme-1.pdf	Accord fort : orientation cohérente avec le document officiel retenu, sans passage isolé directement équivalent à la question.	orientation cohérente avec le document officiel retenu|sans passage isolé directement équivalent|cohérent(?:e)? avec (?:la|le|les) (?:ligne|programme|document)	126
party	les-ecologistes	Les Écologistes	78	Immigration / assimilation	Le droit de séjour durable en France devrait dépendre, sauf impossibilité particulière, d’efforts concrets pour apprendre le français, comprendre les règles et usages du pays et participer à la vie collective.	-1	2	https://lesecologistes.fr/pages/358vv7W974UgosGhCBbIPT/notre-projet	Réserve : orientation cohérente avec le document officiel retenu, sans passage isolé directement équivalent à la question.	orientation cohérente avec le document officiel retenu|sans passage isolé directement équivalent|cohérent(?:e)? avec (?:la|le|les) (?:ligne|programme|document)	122
party	les-ecologistes	Les Écologistes	79	Immigration / délinquance	Les différences de délinquance observées s’expliquent davantage par les inégalités sociales et économiques que par la culture d’origine des personnes concernées.	3	2	https://lesecologistes.fr/pages/358vv7W974UgosGhCBbIPT/notre-projet	Accord fort : orientation cohérente avec le document officiel retenu, sans passage isolé directement équivalent à la question.	orientation cohérente avec le document officiel retenu|sans passage isolé directement équivalent|cohérent(?:e)? avec (?:la|le|les) (?:ligne|programme|document)	126
party	les-ecologistes	Les Écologistes	81	Santé / accès aux soins	Dans les zones où l'accès aux soins est insuffisant, l'Assurance maladie devrait pouvoir limiter le conventionnement de nouveaux médecins dans les zones déjà bien dotées afin d'encourager leur installation dans les déserts médicaux.	3	3	https://www.assemblee-nationale.fr/dyn/17/scrutins/1214	Accord fort : le scrutin sur la régulation du conventionnement médical fournit la position parlementaire la plus proche ; pour les formations non représentées, le codage est déduit de leur ligne sur la liberté d'installation. Niveau de preuve : preuve directe ou politique explicitement documentée.	codage	298
party	les-ecologistes	Les Écologistes	86	Logement / locations touristiques	Dans les zones où le logement manque, une commune devrait pouvoir interdire la location touristique régulière d'un logement qui n'est pas la résidence principale de son propriétaire.	3	3	https://lesecologistes.fr/document/5ZhR2m5t2ZaGKqIdD1bJaD/vdef-programme-1.pdf	Accord fort : la source retenue précise le degré de régulation souhaité pour les meublés touristiques et les pouvoirs locaux. Niveau de preuve : preuve directe ou politique explicitement documentée.	source retenue	198
party	lfi	LFI	1	Économie	Il faut réduire les impôts sur le travail et le capital, même si cela implique de réduire certaines dépenses publiques.	-3	2	https://lafranceinsoumise.fr/europeennes-2024/programme-de-lunion-populaire/chapitre-1-sortir-de-lausterite-et-partager-les-richesses/	Désaccord fort : orientation cohérente avec le document officiel retenu, sans passage isolé directement équivalent à la question.	orientation cohérente avec le document officiel retenu|sans passage isolé directement équivalent|cohérent(?:e)? avec (?:la|le|les) (?:ligne|programme|document)	129
party	lfi	LFI	2	Économie	Les inégalités économiques sont acceptables tant qu'elles résultent principalement du travail ou de la prise de risque.	-1	2	https://lafranceinsoumise.fr/	Réserve : sources officielles et prises de position convergentes ; le niveau de confiance documentaire a été réévalué indépendamment de l’intensité de la réponse.	niveau de confiance documentaire|sources officielles et prises de position convergentes|réévalué	162
party	lfi	LFI	3	Économie	L'État devrait davantage taxer les hauts revenus et les gros patrimoines afin de réduire les inégalités.	3	3	https://lafranceinsoumise.fr/	Accord fort : preuve primaire directe ou proposition officielle très proche ; le niveau de confiance documentaire a été réévalué indépendamment de l’intensité de la réponse.	niveau de confiance documentaire|réévalué	173
party	lfi	LFI	5	Économie	Le salaire minimum devrait être augmenté significativement.	3	3	https://lafranceinsoumise.fr/	Accord fort : preuve primaire directe ou proposition officielle très proche ; le niveau de confiance documentaire a été réévalué indépendamment de l’intensité de la réponse.	niveau de confiance documentaire|réévalué	173
party	lfi	LFI	6	Économie	Les entreprises privées sont généralement plus efficaces que l'État pour fournir des biens et services, même dans certains secteurs essentiels.	-3	2	https://lafranceinsoumise.fr/	Désaccord fort : sources officielles et prises de position convergentes ; le niveau de confiance documentaire a été réévalué indépendamment de l’intensité de la réponse.	niveau de confiance documentaire|sources officielles et prises de position convergentes|réévalué	169
party	lfi	LFI	7	Économie	L'État devrait pouvoir nationaliser temporairement ou durablement une entreprise privée lorsqu'elle contrôle une activité stratégique pour le pays.	3	3	https://lafranceinsoumise.fr/europeennes-2024/programme-de-lunion-populaire/chapitre-1-sortir-de-lausterite-et-partager-les-richesses/	Accord fort : preuve primaire directe ou proposition officielle très proche ; le niveau de confiance documentaire a été réévalué indépendamment de l’intensité de la réponse.	niveau de confiance documentaire|réévalué	173
party	lfi	LFI	8	Économie	La concurrence est généralement préférable à la réglementation pour améliorer les prix, la qualité et l'innovation.	-3	2	https://lafranceinsoumise.fr/	Désaccord fort : sources officielles et prises de position convergentes ; le niveau de confiance documentaire a été réévalué indépendamment de l’intensité de la réponse.	niveau de confiance documentaire|sources officielles et prises de position convergentes|réévalué	169
party	lfi	LFI	9	État	La France dépense trop d'argent public et devrait accepter de réduire certaines politiques sociales pour revenir à l'équilibre budgétaire.	-3	3	https://lafranceinsoumise.fr/	Désaccord fort : preuve primaire directe ou proposition officielle très proche ; le niveau de confiance documentaire a été réévalué indépendamment de l’intensité de la réponse.	niveau de confiance documentaire|réévalué	176
party	lfi	LFI	10	État	L'État devrait garantir un niveau élevé de protection sociale, même si cela implique une fiscalité importante.	3	3	https://lafranceinsoumise.fr/	Accord fort : preuve primaire directe ou proposition officielle très proche ; le niveau de confiance documentaire a été réévalué indépendamment de l’intensité de la réponse.	niveau de confiance documentaire|réévalué	173
party	lfi	LFI	12	État	L'État devrait intervenir beaucoup plus fortement dans l'économie lorsque le marché produit des résultats jugés socialement indésirables.	3	3	https://lafranceinsoumise.fr/	Accord fort : preuve primaire directe ou proposition officielle très proche ; le niveau de confiance documentaire a été réévalué indépendamment de l’intensité de la réponse.	niveau de confiance documentaire|réévalué	173
party	lfi	LFI	13	État	Les citoyens devraient avoir davantage de liberté pour choisir eux-mêmes comment utiliser leur argent plutôt que de passer par des systèmes publics obligatoires.	-3	2	https://lafranceinsoumise.fr/	Désaccord fort : sources officielles et prises de position convergentes ; le niveau de confiance documentaire a été réévalué indépendamment de l’intensité de la réponse.	niveau de confiance documentaire|sources officielles et prises de position convergentes|réévalué	169
party	lfi	LFI	14	Social / société	La société devrait accepter beaucoup plus largement les différents modes de vie, même lorsqu'ils s'éloignent des normes traditionnelles.	3	2	https://lafranceinsoumise.fr/wp-content/uploads/2024/06/Programme-nouveaufrontpopulaire.pdf	Accord fort : codage cohérent avec la ligne programmatique générale du parti sur social / société.	cohérent(?:e)? avec (?:la|le|les) (?:ligne|programme|document)|codage	98
party	lfi	LFI	16	Social / société	Réduire les inégalités peut parfois justifier de restreindre certaines libertés individuelles.	2	2	https://lafranceinsoumise.fr/wp-content/uploads/2024/06/Programme-nouveaufrontpopulaire.pdf	Accord modéré : sources officielles et prises de position convergentes ; le niveau de confiance documentaire a été réévalué indépendamment de l’intensité de la réponse.	niveau de confiance documentaire|sources officielles et prises de position convergentes|réévalué	168
party	lfi	LFI	17	Social / société	Les politiques publiques devraient chercher à corriger activement les discriminations historiques ou structurelles entre groupes sociaux.	3	2	https://lafranceinsoumise.fr/wp-content/uploads/2024/06/Programme-nouveaufrontpopulaire.pdf	Accord fort : codage cohérent avec la ligne programmatique générale du parti sur social / société.	cohérent(?:e)? avec (?:la|le|les) (?:ligne|programme|document)|codage	98
party	lfi	LFI	19	Social / société	Certaines traditions et valeurs culturelles méritent d'être préservées même si elles évoluent moins vite que la société.	-2	2	https://lafranceinsoumise.fr/wp-content/uploads/2024/06/Programme-nouveaufrontpopulaire.pdf	Désaccord net : codage cohérent avec la ligne programmatique générale du parti sur social / société.	cohérent(?:e)? avec (?:la|le|les) (?:ligne|programme|document)|codage	100
party	lfi	LFI	20	Immigration	La France devrait réduire le nombre d'immigrants qu'elle accueille chaque année.	-3	3	https://lafranceinsoumise.fr/wp-content/uploads/2024/06/Programme-nouveaufrontpopulaire.pdf	Désaccord fort : preuve primaire directe ou proposition officielle très proche ; le niveau de confiance documentaire a été réévalué indépendamment de l’intensité de la réponse.	niveau de confiance documentaire|réévalué	176
party	lfi	LFI	21	Immigration	L'immigration économique est globalement bénéfique pour l'économie française.	3	2	https://lafranceinsoumise.fr/wp-content/uploads/2024/06/Programme-nouveaufrontpopulaire.pdf	Accord net : sources officielles et prises de position convergentes ; le niveau de confiance documentaire a été réévalué indépendamment de l’intensité de la réponse.	niveau de confiance documentaire|sources officielles et prises de position convergentes|réévalué	165
party	lfi	LFI	23	Immigration	L'accès à la nationalité française devrait être rendu plus exigeant.	-3	3	https://lafranceinsoumise.fr/wp-content/uploads/2024/06/Programme-nouveaufrontpopulaire.pdf	Désaccord fort : preuve primaire directe ou proposition officielle très proche ; le niveau de confiance documentaire a été réévalué indépendamment de l’intensité de la réponse.	niveau de confiance documentaire|réévalué	176
party	lfi	LFI	25	Immigration	Même lorsque l'immigration est économiquement bénéfique, elle peut être légitimement limitée pour préserver la cohésion culturelle du pays.	-3	2	https://lafranceinsoumise.fr/wp-content/uploads/2024/06/Programme-nouveaufrontpopulaire.pdf	Désaccord fort : orientation cohérente avec le document officiel retenu, sans passage isolé directement équivalent à la question.	orientation cohérente avec le document officiel retenu|sans passage isolé directement équivalent|cohérent(?:e)? avec (?:la|le|les) (?:ligne|programme|document)	129
party	lfi	LFI	26	Immigration	La France devrait accueillir davantage de réfugiés lorsqu'ils fuient une guerre ou une persécution, même si cela représente un coût économique.	3	3	https://lafranceinsoumise.fr/wp-content/uploads/2024/06/Programme-nouveaufrontpopulaire.pdf	Accord fort : preuve primaire directe ou proposition officielle très proche ; le niveau de confiance documentaire a été réévalué indépendamment de l’intensité de la réponse.	niveau de confiance documentaire|réévalué	173
party	lfi	LFI	27	Sécurité / justice	Les peines de prison effectives devraient être plus sévères, même si cela augmente fortement la population carcérale.	-2	2	https://lafranceinsoumise.fr/wp-content/uploads/2024/06/Programme-nouveaufrontpopulaire.pdf	Désaccord net : orientation cohérente avec le document officiel retenu, sans passage isolé directement équivalent à la question.	orientation cohérente avec le document officiel retenu|sans passage isolé directement équivalent|cohérent(?:e)? avec (?:la|le|les) (?:ligne|programme|document)	128
party	lfi	LFI	28	Sécurité / justice	Il vaut mieux investir dans la prévention et la réinsertion que dans l'augmentation des sanctions.	3	2	https://lafranceinsoumise.fr/wp-content/uploads/2024/06/Programme-nouveaufrontpopulaire.pdf	Accord fort : sources officielles et prises de position convergentes ; le niveau de confiance documentaire a été réévalué indépendamment de l’intensité de la réponse.	niveau de confiance documentaire|sources officielles et prises de position convergentes|réévalué	166
party	lfi	LFI	29	Sécurité / justice	La police devrait disposer de pouvoirs plus importants pour lutter contre la criminalité, quitte à accepter davantage de contrôles sur certaines libertés individuelles.	-3	2	https://lafranceinsoumise.fr/wp-content/uploads/2024/06/Programme-nouveaufrontpopulaire.pdf	Désaccord fort : orientation cohérente avec le document officiel retenu, sans passage isolé directement équivalent à la question.	orientation cohérente avec le document officiel retenu|sans passage isolé directement équivalent|cohérent(?:e)? avec (?:la|le|les) (?:ligne|programme|document)	129
party	lfi	LFI	32	Écologie	La lutte contre le changement climatique doit rester prioritaire même lorsqu'elle réduit la croissance économique à court terme.	3	2	https://lafranceinsoumise.fr/wp-content/uploads/2024/06/Programme-nouveaufrontpopulaire.pdf	Accord fort : orientation cohérente avec le document officiel retenu, sans passage isolé directement équivalent à la question.	orientation cohérente avec le document officiel retenu|sans passage isolé directement équivalent|cohérent(?:e)? avec (?:la|le|les) (?:ligne|programme|document)	126
party	lfi	LFI	33	Écologie	Il faut accepter une hausse importante du prix des énergies fossiles pour accélérer la transition écologique.	2	2	https://lafranceinsoumise.fr/wp-content/uploads/2024/06/Programme-nouveaufrontpopulaire.pdf	Accord net : codage cohérent avec la ligne programmatique générale du parti sur écologie.	cohérent(?:e)? avec (?:la|le|les) (?:ligne|programme|document)|codage	89
party	lfi	LFI	36	Écologie	Il est justifié d'interdire certains produits ou comportements très polluants même lorsque les consommateurs les souhaitent.	3	2	https://lafranceinsoumise.fr/wp-content/uploads/2024/06/Programme-nouveaufrontpopulaire.pdf	Accord fort : codage cohérent avec la ligne programmatique générale du parti sur écologie.	cohérent(?:e)? avec (?:la|le|les) (?:ligne|programme|document)|codage	90
party	lfi	LFI	37	Écologie	Les pays riches devraient supporter une part prépondérante du coût de la transition écologique mondiale.	3	2	https://lafranceinsoumise.fr/wp-content/uploads/2024/06/Programme-nouveaufrontpopulaire.pdf	Accord fort : sources officielles et prises de position convergentes ; le niveau de confiance documentaire a été réévalué indépendamment de l’intensité de la réponse.	niveau de confiance documentaire|sources officielles et prises de position convergentes|réévalué	166
party	lfi	LFI	38	Europe	La France devrait transférer davantage de compétences à l'Union européenne afin de renforcer son poids économique et géopolitique.	-1	2	https://lafranceinsoumise.fr/wp-content/uploads/2024/05/PROGRAMME-UNION-POPULAIRE_EURO-2024.pdf	Réserve : orientation cohérente avec le document officiel retenu, sans passage isolé directement équivalent à la question.	orientation cohérente avec le document officiel retenu|sans passage isolé directement équivalent|cohérent(?:e)? avec (?:la|le|les) (?:ligne|programme|document)	122
party	lfi	LFI	39	Europe	La France devrait conserver autant que possible sa souveraineté nationale, même si cela réduit son influence au niveau européen.	2	2	https://lafranceinsoumise.fr/wp-content/uploads/2024/05/PROGRAMME-UNION-POPULAIRE_EURO-2024.pdf	Accord net : orientation cohérente avec le document officiel retenu, sans passage isolé directement équivalent à la question.	orientation cohérente avec le document officiel retenu|sans passage isolé directement équivalent|cohérent(?:e)? avec (?:la|le|les) (?:ligne|programme|document)	125
party	lfi	LFI	40	Europe	L'euro est globalement bénéfique pour la France malgré la perte de certains instruments de politique économique.	0	2	https://lafranceinsoumise.fr/wp-content/uploads/2024/05/PROGRAMME-UNION-POPULAIRE_EURO-2024.pdf	Position équilibrée ou non tranchée : orientation cohérente avec le document officiel retenu, sans passage isolé directement équivalent à la question.	orientation cohérente avec le document officiel retenu|sans passage isolé directement équivalent|cohérent(?:e)? avec (?:la|le|les) (?:ligne|programme|document)	150
party	lfi	LFI	41	Europe	L'Union européenne devrait pouvoir imposer davantage de règles communes aux États membres.	0	2	https://lafranceinsoumise.fr/wp-content/uploads/2024/05/PROGRAMME-UNION-POPULAIRE_EURO-2024.pdf	Position équilibrée ou non tranchée : orientation cohérente avec le document officiel retenu, sans passage isolé directement équivalent à la question.	orientation cohérente avec le document officiel retenu|sans passage isolé directement équivalent|cohérent(?:e)? avec (?:la|le|les) (?:ligne|programme|document)	150
party	lfi	LFI	42	Europe	En cas de conflit entre les intérêts économiques français et les règles européennes, la France devrait pouvoir désobéir à certaines règles européennes.	3	2	https://lafranceinsoumise.fr/wp-content/uploads/2024/05/PROGRAMME-UNION-POPULAIRE_EURO-2024.pdf	Accord fort : orientation cohérente avec le document officiel retenu, sans passage isolé directement équivalent à la question.	orientation cohérente avec le document officiel retenu|sans passage isolé directement équivalent|cohérent(?:e)? avec (?:la|le|les) (?:ligne|programme|document)	126
party	lfi	LFI	43	Fiscalité / patrimoine	Il faudrait supprimer l'IFI et ne plus taxer spécifiquement le patrimoine immobilier au-delà de la fiscalité ordinaire.	-3	3	https://lafranceinsoumise.fr/	Désaccord fort : preuve primaire directe ou proposition officielle très proche ; le niveau de confiance documentaire a été réévalué indépendamment de l’intensité de la réponse.	niveau de confiance documentaire|réévalué	176
party	lfi	LFI	44	Fiscalité / patrimoine	L'héritage devrait être davantage taxé au-delà d'un certain seuil de patrimoine transmis, même si cela conduit certaines familles à transmettre moins de patrimoine à leurs enfants.	2	2	https://lafranceinsoumise.fr/europeennes-2024/programme-de-lunion-populaire/chapitre-1-sortir-de-lausterite-et-partager-les-richesses/	Accord fort : orientation cohérente avec le document officiel retenu, sans passage isolé directement équivalent à la question.	orientation cohérente avec le document officiel retenu|sans passage isolé directement équivalent|cohérent(?:e)? avec (?:la|le|les) (?:ligne|programme|document)	126
party	lfi	LFI	45	Fiscalité / patrimoine	Les très grandes fortunes devraient être imposées sur leur patrimoine mondial, même lorsqu'elles quittent la France.	2	2	https://lafranceinsoumise.fr/europeennes-2024/programme-de-lunion-populaire/chapitre-1-sortir-de-lausterite-et-partager-les-richesses/	Accord fort : orientation cohérente avec le document officiel retenu, sans passage isolé directement équivalent à la question.	orientation cohérente avec le document officiel retenu|sans passage isolé directement équivalent|cohérent(?:e)? avec (?:la|le|les) (?:ligne|programme|document)	126
party	lfi	LFI	46	Travail / chômage	Un chômeur devrait pouvoir perdre une partie significative de ses allocations s'il refuse plusieurs emplois raisonnablement adaptés à ses compétences.	-2	2	https://lafranceinsoumise.fr/europeennes-2024/programme-de-lunion-populaire/chapitre-1-sortir-de-lausterite-et-partager-les-richesses/	Désaccord fort : orientation cohérente avec le document officiel retenu, sans passage isolé directement équivalent à la question.	orientation cohérente avec le document officiel retenu|sans passage isolé directement équivalent|cohérent(?:e)? avec (?:la|le|les) (?:ligne|programme|document)	129
party	lfi	LFI	49	Retraites	Les retraites devraient être progressivement réformées vers un système combinant répartition et capitalisation, même si cela implique une période de transition coûteuse.	-3	2	https://lafranceinsoumise.fr/europeennes-2024/programme-de-lunion-populaire/chapitre-1-sortir-de-lausterite-et-partager-les-richesses/	Désaccord fort : orientation cohérente avec le document officiel retenu, sans passage isolé directement équivalent à la question.	orientation cohérente avec le document officiel retenu|sans passage isolé directement équivalent|cohérent(?:e)? avec (?:la|le|les) (?:ligne|programme|document)	129
party	lfi	LFI	50	Retraites	L'âge légal de départ à la retraite devrait être automatiquement indexé sur l'espérance de vie nationale.	-3	2	https://lafranceinsoumise.fr/	Désaccord fort : sources officielles et prises de position convergentes ; le niveau de confiance documentaire a été réévalué indépendamment de l’intensité de la réponse.	niveau de confiance documentaire|sources officielles et prises de position convergentes|réévalué	169
party	lfi	LFI	51	Protection sociale	Les prestations sociales devraient être fortement conditionnées à la durée de cotisation et de participation au marché du travail.	-3	2	https://lafranceinsoumise.fr/europeennes-2024/programme-de-lunion-populaire/chapitre-1-sortir-de-lausterite-et-partager-les-richesses/	Désaccord fort : orientation cohérente avec le document officiel retenu, sans passage isolé directement équivalent à la question.	orientation cohérente avec le document officiel retenu|sans passage isolé directement équivalent|cohérent(?:e)? avec (?:la|le|les) (?:ligne|programme|document)	129
party	lfi	LFI	53	État / entreprises	Une entreprise qui reçoit plusieurs milliards d'euros d'aides publiques devrait pouvoir être contrainte de limiter ses dividendes et les rémunérations de ses dirigeants tant que l'aide n'est pas remboursée.	3	3	https://lafranceinsoumise.fr/europeennes-2024/programme-de-lunion-populaire/chapitre-1-sortir-de-lausterite-et-partager-les-richesses/	Accord fort : preuve primaire directe ou proposition officielle très proche ; le niveau de confiance documentaire a été réévalué indépendamment de l’intensité de la réponse.	niveau de confiance documentaire|réévalué	173
party	lfi	LFI	54	État / entreprises	L'État devrait davantage utiliser son pouvoir d'actionnaire pour orienter les grandes entreprises françaises vers des objectifs industriels de long terme.	3	2	https://lafranceinsoumise.fr/	Accord fort : sources officielles et prises de position convergentes ; le niveau de confiance documentaire a été réévalué indépendamment de l’intensité de la réponse.	niveau de confiance documentaire|sources officielles et prises de position convergentes|réévalué	166
party	lfi	LFI	55	État / entreprises	Il faudrait réduire fortement les normes administratives pesant sur les entreprises, même si certaines protections environnementales ou sociales deviennent moins strictes.	-3	2	https://lafranceinsoumise.fr/europeennes-2024/programme-de-lunion-populaire/chapitre-1-sortir-de-lausterite-et-partager-les-richesses/	Désaccord fort : orientation cohérente avec le document officiel retenu, sans passage isolé directement équivalent à la question.	orientation cohérente avec le document officiel retenu|sans passage isolé directement équivalent|cohérent(?:e)? avec (?:la|le|les) (?:ligne|programme|document)	129
party	lfi	LFI	57	Immigration / assimilation	L'accès à certaines prestations sociales devrait être beaucoup plus limité pendant les premières années suivant l'arrivée d'un immigré.	-3	2	https://lafranceinsoumise.fr/wp-content/uploads/2024/06/Programme-nouveaufrontpopulaire.pdf	Désaccord fort : orientation cohérente avec le document officiel retenu, sans passage isolé directement équivalent à la question.	orientation cohérente avec le document officiel retenu|sans passage isolé directement équivalent|cohérent(?:e)? avec (?:la|le|les) (?:ligne|programme|document)	129
party	lfi	LFI	59	Immigration / assimilation	Une personne née en France de parents étrangers devrait automatiquement devenir française à sa majorité si elle y a grandi, même si elle ne manifeste pas particulièrement d'attachement à la France.	3	2	https://lafranceinsoumise.fr/wp-content/uploads/2024/06/Programme-nouveaufrontpopulaire.pdf	Accord fort : orientation cohérente avec le document officiel retenu, sans passage isolé directement équivalent à la question.	orientation cohérente avec le document officiel retenu|sans passage isolé directement équivalent|cohérent(?:e)? avec (?:la|le|les) (?:ligne|programme|document)	126
party	lfi	LFI	60	Immigration / assimilation	La France devrait pouvoir refuser l'entrée à un immigré légalement admissible lorsqu'il existe de fortes raisons de penser qu'il ne souhaite pas s'intégrer culturellement à la société française.	-3	2	https://lafranceinsoumise.fr/wp-content/uploads/2024/06/Programme-nouveaufrontpopulaire.pdf	Désaccord fort : orientation cohérente avec le document officiel retenu, sans passage isolé directement équivalent à la question.	orientation cohérente avec le document officiel retenu|sans passage isolé directement équivalent|cohérent(?:e)? avec (?:la|le|les) (?:ligne|programme|document)	129
party	lfi	LFI	61	Immigration / assimilation	Le fait de conserver des pratiques culturelles ou religieuses très différentes de celles de la majorité française n'est pas en soi un problème tant que les lois françaises sont respectées.	3	2	https://lafranceinsoumise.fr/wp-content/uploads/2024/06/Programme-nouveaufrontpopulaire.pdf	Accord fort : sources officielles et prises de position convergentes ; le niveau de confiance documentaire a été réévalué indépendamment de l’intensité de la réponse.	niveau de confiance documentaire|sources officielles et prises de position convergentes|réévalué	166
party	lfi	LFI	63	Libertés / sécurité	Pour lutter contre le terrorisme, l'État devrait pouvoir surveiller préventivement une personne considérée comme présentant un risque sérieux, même sans preuve suffisante pour engager des poursuites pénales.	-1	2	https://lafranceinsoumise.fr/wp-content/uploads/2024/06/Programme-nouveaufrontpopulaire.pdf	Réserve : orientation cohérente avec le document officiel retenu, sans passage isolé directement équivalent à la question.	orientation cohérente avec le document officiel retenu|sans passage isolé directement équivalent|cohérent(?:e)? avec (?:la|le|les) (?:ligne|programme|document)	122
party	lfi	LFI	64	Libertés / expression	Une personne qui tient publiquement des propos profondément offensants mais qui n'appelle ni à la violence ni à commettre une infraction devrait être protégée par la liberté d'expression.	2	2	https://lafranceinsoumise.fr/wp-content/uploads/2024/06/Programme-nouveaufrontpopulaire.pdf	Accord net : sources officielles et prises de position convergentes ; le niveau de confiance documentaire a été réévalué indépendamment de l’intensité de la réponse.	niveau de confiance documentaire|sources officielles et prises de position convergentes|réévalué	165
party	lfi	LFI	68	Écologie	La France devrait interdire progressivement la vente de voitures thermiques même si cela augmente temporairement le prix moyen des véhicules.	3	2	https://lafranceinsoumise.fr/wp-content/uploads/2024/06/Programme-nouveaufrontpopulaire.pdf	Accord fort : orientation cohérente avec le document officiel retenu, sans passage isolé directement équivalent à la question.	orientation cohérente avec le document officiel retenu|sans passage isolé directement équivalent|cohérent(?:e)? avec (?:la|le|les) (?:ligne|programme|document)	126
party	lfi	LFI	69	Écologie	Il faut privilégier le nucléaire même si cela conduit à réduire certains investissements dans les renouvelables.	-3	2	https://lafranceinsoumise.fr/wp-content/uploads/2024/06/Programme-nouveaufrontpopulaire.pdf	Désaccord fort : orientation cohérente avec le document officiel retenu, sans passage isolé directement équivalent à la question.	orientation cohérente avec le document officiel retenu|sans passage isolé directement équivalent|cohérent(?:e)? avec (?:la|le|les) (?:ligne|programme|document)	129
party	lfi	LFI	74	Institutions	Le référendum devrait être beaucoup plus utilisé, même lorsque les citoyens votent sur des sujets dont ils maîtrisent mal les aspects techniques.	2	2	https://lafranceinsoumise.fr/europeennes-2024/programme-de-lunion-populaire/chapitre-1-sortir-de-lausterite-et-partager-les-richesses/	Accord net : orientation cohérente avec le document officiel retenu, sans passage isolé directement équivalent à la question.	orientation cohérente avec le document officiel retenu|sans passage isolé directement équivalent|cohérent(?:e)? avec (?:la|le|les) (?:ligne|programme|document)	125
party	lfi	LFI	77	Institutions	La proportionnelle intégrale serait préférable au système actuel, même si elle rendait plus fréquentes les coalitions et les gouvernements instables.	3	2	https://lafranceinsoumise.fr/europeennes-2024/programme-de-lunion-populaire/chapitre-1-sortir-de-lausterite-et-partager-les-richesses/	Accord fort : orientation cohérente avec le document officiel retenu, sans passage isolé directement équivalent à la question.	orientation cohérente avec le document officiel retenu|sans passage isolé directement équivalent|cohérent(?:e)? avec (?:la|le|les) (?:ligne|programme|document)	126
party	lfi	LFI	78	Immigration / assimilation	Le droit de séjour durable en France devrait dépendre, sauf impossibilité particulière, d’efforts concrets pour apprendre le français, comprendre les règles et usages du pays et participer à la vie collective.	0	2	https://lafranceinsoumise.fr/wp-content/uploads/2024/06/Programme-nouveaufrontpopulaire.pdf	Position équilibrée ou non tranchée : orientation cohérente avec le document officiel retenu, sans passage isolé directement équivalent à la question.	orientation cohérente avec le document officiel retenu|sans passage isolé directement équivalent|cohérent(?:e)? avec (?:la|le|les) (?:ligne|programme|document)	150
party	lfi	LFI	79	Immigration / délinquance	Les différences de délinquance observées s’expliquent davantage par les inégalités sociales et économiques que par la culture d’origine des personnes concernées.	3	2	https://lafranceinsoumise.fr/wp-content/uploads/2024/06/Programme-nouveaufrontpopulaire.pdf	Accord fort : orientation cohérente avec le document officiel retenu, sans passage isolé directement équivalent à la question.	orientation cohérente avec le document officiel retenu|sans passage isolé directement équivalent|cohérent(?:e)? avec (?:la|le|les) (?:ligne|programme|document)	126
party	lfi	LFI	81	Santé / accès aux soins	Dans les zones où l'accès aux soins est insuffisant, l'Assurance maladie devrait pouvoir limiter le conventionnement de nouveaux médecins dans les zones déjà bien dotées afin d'encourager leur installation dans les déserts médicaux.	3	3	https://www.assemblee-nationale.fr/dyn/17/scrutins/1214	Accord fort : le scrutin sur la régulation du conventionnement médical fournit la position parlementaire la plus proche ; pour les formations non représentées, le codage est déduit de leur ligne sur la liberté d'installation. Niveau de preuve : preuve directe ou politique explicitement documentée.	codage	298
party	lfi	LFI	86	Logement / locations touristiques	Dans les zones où le logement manque, une commune devrait pouvoir interdire la location touristique régulière d'un logement qui n'est pas la résidence principale de son propriétaire.	2	2	https://lafranceinsoumise.fr/wp-content/uploads/2025/07/KIT-ARGU_VF.pdf	Accord net : la source retenue précise le degré de régulation souhaité pour les meublés touristiques et les pouvoirs locaux. Niveau de preuve : faisceau d’indices cohérent, sans équivalent toujours parfaitement identique.	source retenue	221
party	lfi	LFI	88	Défense / dissuasion nucléaire	La dissuasion nucléaire française devrait aussi protéger les partenaires européens, tout en laissant à la France seule la décision finale de l'employer.	-3	2	https://lafranceinsoumise.fr/2019/02/05/question-ecrite-sur-la-dissuasion-nucleaire-dans-le-traite-daix-la-chapelle/	Désaccord fort : la source retenue porte sur l'extension européenne de la dissuasion ou, pour les pays non dotés, sur la protection nucléaire alliée. Niveau de preuve : faisceau d’indices cohérent, sans équivalent toujours parfaitement identique.	source retenue	246
party	lfi	LFI	93	Numérique / intelligence artificielle	Les administrations publiques devraient privilégier des modèles d'intelligence artificielle hébergés en Europe, même s'ils sont temporairement moins performants ou plus coûteux que leurs concurrents étrangers.	1	2	https://lafranceinsoumise.fr/wp-content/uploads/2024/06/Programme-nouveaufrontpopulaire.pdf	Accord modéré : sources officielles et prises de position convergentes ; le niveau de confiance documentaire a été réévalué indépendamment de l’intensité de la réponse.	niveau de confiance documentaire|sources officielles et prises de position convergentes|réévalué	168
party	lr	LR	1	Économie	Il faut réduire les impôts sur le travail et le capital, même si cela implique de réduire certaines dépenses publiques.	3	2	https://republicains.fr/nos-idees/	Accord fort : orientation cohérente avec le document officiel retenu, sans passage isolé directement équivalent à la question.	orientation cohérente avec le document officiel retenu|sans passage isolé directement équivalent|cohérent(?:e)? avec (?:la|le|les) (?:ligne|programme|document)	126
party	lr	LR	2	Économie	Les inégalités économiques sont acceptables tant qu'elles résultent principalement du travail ou de la prise de risque.	2	2	https://republicains.fr/	Accord net : sources officielles et prises de position convergentes ; le niveau de confiance documentaire a été réévalué indépendamment de l’intensité de la réponse.	niveau de confiance documentaire|sources officielles et prises de position convergentes|réévalué	165
party	lr	LR	3	Économie	L'État devrait davantage taxer les hauts revenus et les gros patrimoines afin de réduire les inégalités.	-3	2	https://republicains.fr/nos-idees/	Désaccord fort : orientation cohérente avec le document officiel retenu, sans passage isolé directement équivalent à la question.	orientation cohérente avec le document officiel retenu|sans passage isolé directement équivalent|cohérent(?:e)? avec (?:la|le|les) (?:ligne|programme|document)	129
party	lr	LR	5	Économie	Le salaire minimum devrait être augmenté significativement.	-2	2	https://republicains.fr/nos-idees/	Désaccord net : orientation cohérente avec le document officiel retenu, sans passage isolé directement équivalent à la question.	orientation cohérente avec le document officiel retenu|sans passage isolé directement équivalent|cohérent(?:e)? avec (?:la|le|les) (?:ligne|programme|document)	128
party	lr	LR	6	Économie	Les entreprises privées sont généralement plus efficaces que l'État pour fournir des biens et services, même dans certains secteurs essentiels.	2	2	https://republicains.fr/	Accord net : sources officielles et prises de position convergentes ; le niveau de confiance documentaire a été réévalué indépendamment de l’intensité de la réponse.	niveau de confiance documentaire|sources officielles et prises de position convergentes|réévalué	165
party	lr	LR	7	Économie	L'État devrait pouvoir nationaliser temporairement ou durablement une entreprise privée lorsqu'elle contrôle une activité stratégique pour le pays.	-1	2	https://republicains.fr/nos-idees/	Réserve : orientation cohérente avec le document officiel retenu, sans passage isolé directement équivalent à la question.	orientation cohérente avec le document officiel retenu|sans passage isolé directement équivalent|cohérent(?:e)? avec (?:la|le|les) (?:ligne|programme|document)	122
party	lr	LR	8	Économie	La concurrence est généralement préférable à la réglementation pour améliorer les prix, la qualité et l'innovation.	2	2	https://republicains.fr/	Accord net : sources officielles et prises de position convergentes ; le niveau de confiance documentaire a été réévalué indépendamment de l’intensité de la réponse.	niveau de confiance documentaire|sources officielles et prises de position convergentes|réévalué	165
party	lr	LR	9	État	La France dépense trop d'argent public et devrait accepter de réduire certaines politiques sociales pour revenir à l'équilibre budgétaire.	3	2	https://republicains.fr/nos-idees/	Accord fort : orientation cohérente avec le document officiel retenu, sans passage isolé directement équivalent à la question.	orientation cohérente avec le document officiel retenu|sans passage isolé directement équivalent|cohérent(?:e)? avec (?:la|le|les) (?:ligne|programme|document)	126
party	lr	LR	10	État	L'État devrait garantir un niveau élevé de protection sociale, même si cela implique une fiscalité importante.	-1	2	https://republicains.fr/nos-idees/	Réserve : orientation cohérente avec le document officiel retenu, sans passage isolé directement équivalent à la question.	orientation cohérente avec le document officiel retenu|sans passage isolé directement équivalent|cohérent(?:e)? avec (?:la|le|les) (?:ligne|programme|document)	122
party	lr	LR	12	État	L'État devrait intervenir beaucoup plus fortement dans l'économie lorsque le marché produit des résultats jugés socialement indésirables.	-1	2	https://republicains.fr/nos-idees/	Réserve : orientation cohérente avec le document officiel retenu, sans passage isolé directement équivalent à la question.	orientation cohérente avec le document officiel retenu|sans passage isolé directement équivalent|cohérent(?:e)? avec (?:la|le|les) (?:ligne|programme|document)	122
party	lr	LR	14	Social / société	La société devrait accepter beaucoup plus largement les différents modes de vie, même lorsqu'ils s'éloignent des normes traditionnelles.	-1	2	https://republicains.fr/nos-idees/	Réserve : codage cohérent avec la ligne programmatique générale du parti sur social / société.	cohérent(?:e)? avec (?:la|le|les) (?:ligne|programme|document)|codage	94
party	lr	LR	16	Social / société	Réduire les inégalités peut parfois justifier de restreindre certaines libertés individuelles.	-2	2	https://republicains.fr/	Désaccord net : sources officielles et prises de position convergentes ; le niveau de confiance documentaire a été réévalué indépendamment de l’intensité de la réponse.	niveau de confiance documentaire|sources officielles et prises de position convergentes|réévalué	168
party	lr	LR	17	Social / société	Les politiques publiques devraient chercher à corriger activement les discriminations historiques ou structurelles entre groupes sociaux.	-1	2	https://republicains.fr/nos-idees/	Réserve : codage cohérent avec la ligne programmatique générale du parti sur social / société.	cohérent(?:e)? avec (?:la|le|les) (?:ligne|programme|document)|codage	94
party	lr	LR	19	Social / société	Certaines traditions et valeurs culturelles méritent d'être préservées même si elles évoluent moins vite que la société.	3	2	https://republicains.fr/nos-idees/	Accord fort : codage cohérent avec la ligne programmatique générale du parti sur social / société.	cohérent(?:e)? avec (?:la|le|les) (?:ligne|programme|document)|codage	98
party	lr	LR	20	Immigration	La France devrait réduire le nombre d'immigrants qu'elle accueille chaque année.	3	3	https://republicains.fr/nos-idees/	Accord fort : preuve primaire directe ou proposition officielle très proche ; le niveau de confiance documentaire a été réévalué indépendamment de l’intensité de la réponse.	niveau de confiance documentaire|réévalué	173
party	lr	LR	23	Immigration	L'accès à la nationalité française devrait être rendu plus exigeant.	2	2	https://republicains.fr/nos-idees/	Accord net : orientation cohérente avec le document officiel retenu, sans passage isolé directement équivalent à la question.	orientation cohérente avec le document officiel retenu|sans passage isolé directement équivalent|cohérent(?:e)? avec (?:la|le|les) (?:ligne|programme|document)	125
party	lr	LR	24	Immigration	La France devrait être beaucoup plus stricte concernant l'expulsion des étrangers condamnés pour des crimes graves.	3	2	https://republicains.fr/nos-idees/	Accord fort : orientation cohérente avec le document officiel retenu, sans passage isolé directement équivalent à la question.	orientation cohérente avec le document officiel retenu|sans passage isolé directement équivalent|cohérent(?:e)? avec (?:la|le|les) (?:ligne|programme|document)	126
party	lr	LR	25	Immigration	Même lorsque l'immigration est économiquement bénéfique, elle peut être légitimement limitée pour préserver la cohésion culturelle du pays.	3	2	https://republicains.fr/nos-idees/	Accord fort : orientation cohérente avec le document officiel retenu, sans passage isolé directement équivalent à la question.	orientation cohérente avec le document officiel retenu|sans passage isolé directement équivalent|cohérent(?:e)? avec (?:la|le|les) (?:ligne|programme|document)	126
party	lr	LR	26	Immigration	La France devrait accueillir davantage de réfugiés lorsqu'ils fuient une guerre ou une persécution, même si cela représente un coût économique.	-2	2	https://republicains.fr/nos-idees/	Désaccord net : orientation cohérente avec le document officiel retenu, sans passage isolé directement équivalent à la question.	orientation cohérente avec le document officiel retenu|sans passage isolé directement équivalent|cohérent(?:e)? avec (?:la|le|les) (?:ligne|programme|document)	128
party	lr	LR	27	Sécurité / justice	Les peines de prison effectives devraient être plus sévères, même si cela augmente fortement la population carcérale.	3	2	https://republicains.fr/nos-idees/	Accord fort : orientation cohérente avec le document officiel retenu, sans passage isolé directement équivalent à la question.	orientation cohérente avec le document officiel retenu|sans passage isolé directement équivalent|cohérent(?:e)? avec (?:la|le|les) (?:ligne|programme|document)	126
party	lr	LR	28	Sécurité / justice	Il vaut mieux investir dans la prévention et la réinsertion que dans l'augmentation des sanctions.	1	2	https://republicains.fr/	Accord modéré : sources officielles et prises de position convergentes ; le niveau de confiance documentaire a été réévalué indépendamment de l’intensité de la réponse.	niveau de confiance documentaire|sources officielles et prises de position convergentes|réévalué	168
party	lr	LR	29	Sécurité / justice	La police devrait disposer de pouvoirs plus importants pour lutter contre la criminalité, quitte à accepter davantage de contrôles sur certaines libertés individuelles.	2	2	https://republicains.fr/nos-idees/	Accord fort : orientation cohérente avec le document officiel retenu, sans passage isolé directement équivalent à la question.	orientation cohérente avec le document officiel retenu|sans passage isolé directement équivalent|cohérent(?:e)? avec (?:la|le|les) (?:ligne|programme|document)	126
party	lr	LR	32	Écologie	La lutte contre le changement climatique doit rester prioritaire même lorsqu'elle réduit la croissance économique à court terme.	1	2	https://republicains.fr/nos-idees/	Accord modéré : orientation cohérente avec le document officiel retenu, sans passage isolé directement équivalent à la question.	orientation cohérente avec le document officiel retenu|sans passage isolé directement équivalent|cohérent(?:e)? avec (?:la|le|les) (?:ligne|programme|document)	128
party	lr	LR	33	Écologie	Il faut accepter une hausse importante du prix des énergies fossiles pour accélérer la transition écologique.	-1	2	https://republicains.fr/nos-idees/	Réserve : codage cohérent avec la ligne programmatique générale du parti sur écologie.	cohérent(?:e)? avec (?:la|le|les) (?:ligne|programme|document)|codage	86
party	lr	LR	35	Écologie	Les politiques écologiques devraient reposer principalement sur des mécanismes de marché comme la taxe carbone plutôt que sur des interdictions.	2	2	https://republicains.fr/	Accord net : sources officielles et prises de position convergentes ; le niveau de confiance documentaire a été réévalué indépendamment de l’intensité de la réponse.	niveau de confiance documentaire|sources officielles et prises de position convergentes|réévalué	165
party	lr	LR	36	Écologie	Il est justifié d'interdire certains produits ou comportements très polluants même lorsque les consommateurs les souhaitent.	0	2	https://republicains.fr/nos-idees/	Position équilibrée ou non tranchée : codage cohérent avec la ligne programmatique générale du parti sur écologie.	cohérent(?:e)? avec (?:la|le|les) (?:ligne|programme|document)|codage	114
party	lr	LR	38	Europe	La France devrait transférer davantage de compétences à l'Union européenne afin de renforcer son poids économique et géopolitique.	0	2	https://republicains.fr/nos-idees/	Position équilibrée ou non tranchée : orientation cohérente avec le document officiel retenu, sans passage isolé directement équivalent à la question.	orientation cohérente avec le document officiel retenu|sans passage isolé directement équivalent|cohérent(?:e)? avec (?:la|le|les) (?:ligne|programme|document)	150
party	lr	LR	39	Europe	La France devrait conserver autant que possible sa souveraineté nationale, même si cela réduit son influence au niveau européen.	1	2	https://republicains.fr/nos-idees/	Accord modéré : orientation cohérente avec le document officiel retenu, sans passage isolé directement équivalent à la question.	orientation cohérente avec le document officiel retenu|sans passage isolé directement équivalent|cohérent(?:e)? avec (?:la|le|les) (?:ligne|programme|document)	128
party	lr	LR	40	Europe	L'euro est globalement bénéfique pour la France malgré la perte de certains instruments de politique économique.	2	2	https://republicains.fr/nos-idees/	Accord net : orientation cohérente avec le document officiel retenu, sans passage isolé directement équivalent à la question.	orientation cohérente avec le document officiel retenu|sans passage isolé directement équivalent|cohérent(?:e)? avec (?:la|le|les) (?:ligne|programme|document)	125
party	lr	LR	41	Europe	L'Union européenne devrait pouvoir imposer davantage de règles communes aux États membres.	0	2	https://republicains.fr/nos-idees/	Position équilibrée ou non tranchée : orientation cohérente avec le document officiel retenu, sans passage isolé directement équivalent à la question.	orientation cohérente avec le document officiel retenu|sans passage isolé directement équivalent|cohérent(?:e)? avec (?:la|le|les) (?:ligne|programme|document)	150
party	lr	LR	42	Europe	En cas de conflit entre les intérêts économiques français et les règles européennes, la France devrait pouvoir désobéir à certaines règles européennes.	2	2	https://republicains.fr/nos-idees/	Accord net : orientation cohérente avec le document officiel retenu, sans passage isolé directement équivalent à la question.	orientation cohérente avec le document officiel retenu|sans passage isolé directement équivalent|cohérent(?:e)? avec (?:la|le|les) (?:ligne|programme|document)	125
party	lr	LR	43	Fiscalité / patrimoine	Il faudrait supprimer l'IFI et ne plus taxer spécifiquement le patrimoine immobilier au-delà de la fiscalité ordinaire.	3	2	https://republicains.fr/nos-idees/	Accord fort : orientation cohérente avec le document officiel retenu, sans passage isolé directement équivalent à la question.	orientation cohérente avec le document officiel retenu|sans passage isolé directement équivalent|cohérent(?:e)? avec (?:la|le|les) (?:ligne|programme|document)	126
party	lr	LR	44	Fiscalité / patrimoine	L'héritage devrait être davantage taxé au-delà d'un certain seuil de patrimoine transmis, même si cela conduit certaines familles à transmettre moins de patrimoine à leurs enfants.	-3	2	https://republicains.fr/nos-idees/	Désaccord fort : orientation cohérente avec le document officiel retenu, sans passage isolé directement équivalent à la question.	orientation cohérente avec le document officiel retenu|sans passage isolé directement équivalent|cohérent(?:e)? avec (?:la|le|les) (?:ligne|programme|document)	129
party	lr	LR	45	Fiscalité / patrimoine	Les très grandes fortunes devraient être imposées sur leur patrimoine mondial, même lorsqu'elles quittent la France.	-2	2	https://republicains.fr/nos-idees/	Désaccord net : orientation cohérente avec le document officiel retenu, sans passage isolé directement équivalent à la question.	orientation cohérente avec le document officiel retenu|sans passage isolé directement équivalent|cohérent(?:e)? avec (?:la|le|les) (?:ligne|programme|document)	128
party	lr	LR	46	Travail / chômage	Un chômeur devrait pouvoir perdre une partie significative de ses allocations s'il refuse plusieurs emplois raisonnablement adaptés à ses compétences.	3	2	https://republicains.fr/nos-idees/	Accord fort : orientation cohérente avec le document officiel retenu, sans passage isolé directement équivalent à la question.	orientation cohérente avec le document officiel retenu|sans passage isolé directement équivalent|cohérent(?:e)? avec (?:la|le|les) (?:ligne|programme|document)	126
party	lr	LR	48	Travail / chômage	Le CDI protège trop fortement les salariés déjà en poste et peut rendre plus difficile l’accès à l’emploi stable, au détriment des jeunes, chômeurs ou travailleurs en contrats précaires.	2	2	https://republicains.fr/	Accord net : sources officielles et prises de position convergentes ; le niveau de confiance documentaire a été réévalué indépendamment de l’intensité de la réponse.	niveau de confiance documentaire|sources officielles et prises de position convergentes|réévalué	165
party	lr	LR	51	Protection sociale	Les prestations sociales devraient être fortement conditionnées à la durée de cotisation et de participation au marché du travail.	3	2	https://republicains.fr/nos-idees/	Accord fort : orientation cohérente avec le document officiel retenu, sans passage isolé directement équivalent à la question.	orientation cohérente avec le document officiel retenu|sans passage isolé directement équivalent|cohérent(?:e)? avec (?:la|le|les) (?:ligne|programme|document)	126
party	lr	LR	53	État / entreprises	Une entreprise qui reçoit plusieurs milliards d'euros d'aides publiques devrait pouvoir être contrainte de limiter ses dividendes et les rémunérations de ses dirigeants tant que l'aide n'est pas remboursée.	0	2	https://republicains.fr/nos-idees/	Position équilibrée ou non tranchée : codage cohérent avec la ligne programmatique générale du parti sur état / entreprises.	cohérent(?:e)? avec (?:la|le|les) (?:ligne|programme|document)|codage	124
party	lr	LR	55	État / entreprises	Il faudrait réduire fortement les normes administratives pesant sur les entreprises, même si certaines protections environnementales ou sociales deviennent moins strictes.	2	2	https://republicains.fr/nos-idees/	Accord fort : orientation cohérente avec le document officiel retenu, sans passage isolé directement équivalent à la question.	orientation cohérente avec le document officiel retenu|sans passage isolé directement équivalent|cohérent(?:e)? avec (?:la|le|les) (?:ligne|programme|document)	126
party	lr	LR	58	Immigration / assimilation	La France devrait privilégier l'immigration économique qualifiée, même si cela signifie accueillir moins de personnes peu qualifiées.	2	2	https://republicains.fr/	Accord net : sources officielles et prises de position convergentes ; le niveau de confiance documentaire a été réévalué indépendamment de l’intensité de la réponse.	niveau de confiance documentaire|sources officielles et prises de position convergentes|réévalué	165
party	lr	LR	60	Immigration / assimilation	La France devrait pouvoir refuser l'entrée à un immigré légalement admissible lorsqu'il existe de fortes raisons de penser qu'il ne souhaite pas s'intégrer culturellement à la société française.	3	2	https://republicains.fr/nos-idees/	Accord fort : orientation cohérente avec le document officiel retenu, sans passage isolé directement équivalent à la question.	orientation cohérente avec le document officiel retenu|sans passage isolé directement équivalent|cohérent(?:e)? avec (?:la|le|les) (?:ligne|programme|document)	126
party	lr	LR	63	Libertés / sécurité	Pour lutter contre le terrorisme, l'État devrait pouvoir surveiller préventivement une personne considérée comme présentant un risque sérieux, même sans preuve suffisante pour engager des poursuites pénales.	3	2	https://republicains.fr/nos-idees/	Accord fort : orientation cohérente avec le document officiel retenu, sans passage isolé directement équivalent à la question.	orientation cohérente avec le document officiel retenu|sans passage isolé directement équivalent|cohérent(?:e)? avec (?:la|le|les) (?:ligne|programme|document)	126
party	lr	LR	64	Libertés / expression	Une personne qui tient publiquement des propos profondément offensants mais qui n'appelle ni à la violence ni à commettre une infraction devrait être protégée par la liberté d'expression.	2	2	https://republicains.fr/	Accord net : sources officielles et prises de position convergentes ; le niveau de confiance documentaire a été réévalué indépendamment de l’intensité de la réponse.	niveau de confiance documentaire|sources officielles et prises de position convergentes|réévalué	165
party	lr	LR	67	Écologie	Une taxe carbone qui réduit les émissions de CO₂ devrait être maintenue même si elle diminue le pouvoir d’achat des ménages modestes, à condition de compenser ces derniers par des aides ciblées.	0	2	https://republicains.fr/nos-idees/	Position équilibrée ou non tranchée : orientation cohérente avec le document officiel retenu, sans passage isolé directement équivalent à la question.	orientation cohérente avec le document officiel retenu|sans passage isolé directement équivalent|cohérent(?:e)? avec (?:la|le|les) (?:ligne|programme|document)	150
party	lr	LR	68	Écologie	La France devrait interdire progressivement la vente de voitures thermiques même si cela augmente temporairement le prix moyen des véhicules.	-2	2	https://republicains.fr/nos-idees/	Désaccord net : orientation cohérente avec le document officiel retenu, sans passage isolé directement équivalent à la question.	orientation cohérente avec le document officiel retenu|sans passage isolé directement équivalent|cohérent(?:e)? avec (?:la|le|les) (?:ligne|programme|document)	128
party	lr	LR	69	Écologie	Il faut privilégier le nucléaire même si cela conduit à réduire certains investissements dans les renouvelables.	3	2	https://republicains.fr/nos-idees/	Accord fort : orientation cohérente avec le document officiel retenu, sans passage isolé directement équivalent à la question.	orientation cohérente avec le document officiel retenu|sans passage isolé directement équivalent|cohérent(?:e)? avec (?:la|le|les) (?:ligne|programme|document)	126
party	lr	LR	73	Institutions	Un gouvernement devrait pouvoir prendre une décision économiquement nécessaire mais très impopulaire sans chercher à obtenir l'approbation immédiate de la population.	2	2	https://republicains.fr/	Accord net : sources officielles et prises de position convergentes ; le niveau de confiance documentaire a été réévalué indépendamment de l’intensité de la réponse.	niveau de confiance documentaire|sources officielles et prises de position convergentes|réévalué	165
party	lr	LR	74	Institutions	Le référendum devrait être beaucoup plus utilisé, même lorsque les citoyens votent sur des sujets dont ils maîtrisent mal les aspects techniques.	2	2	https://republicains.fr/nos-idees/	Accord net : orientation cohérente avec le document officiel retenu, sans passage isolé directement équivalent à la question.	orientation cohérente avec le document officiel retenu|sans passage isolé directement équivalent|cohérent(?:e)? avec (?:la|le|les) (?:ligne|programme|document)	125
party	lr	LR	76	Institutions	Le président de la République devrait disposer de davantage de pouvoirs pour pouvoir mettre en œuvre un programme pendant cinq ans sans être constamment bloqué par le Parlement.	2	2	https://republicains.fr/	Accord net : sources officielles et prises de position convergentes ; le niveau de confiance documentaire a été réévalué indépendamment de l’intensité de la réponse.	niveau de confiance documentaire|sources officielles et prises de position convergentes|réévalué	165
party	lr	LR	78	Immigration / assimilation	Le droit de séjour durable en France devrait dépendre, sauf impossibilité particulière, d’efforts concrets pour apprendre le français, comprendre les règles et usages du pays et participer à la vie collective.	3	2	https://republicains.fr/nos-idees/	Accord fort : orientation cohérente avec le document officiel retenu, sans passage isolé directement équivalent à la question.	orientation cohérente avec le document officiel retenu|sans passage isolé directement équivalent|cohérent(?:e)? avec (?:la|le|les) (?:ligne|programme|document)	126
party	lr	LR	79	Immigration / délinquance	Les différences de délinquance observées s’expliquent davantage par les inégalités sociales et économiques que par la culture d’origine des personnes concernées.	-1	2	https://republicains.fr/nos-idees/	Réserve : orientation cohérente avec le document officiel retenu, sans passage isolé directement équivalent à la question.	orientation cohérente avec le document officiel retenu|sans passage isolé directement équivalent|cohérent(?:e)? avec (?:la|le|les) (?:ligne|programme|document)	122
party	lr	LR	81	Santé / accès aux soins	Dans les zones où l'accès aux soins est insuffisant, l'Assurance maladie devrait pouvoir limiter le conventionnement de nouveaux médecins dans les zones déjà bien dotées afin d'encourager leur installation dans les déserts médicaux.	0	3	https://www.assemblee-nationale.fr/dyn/17/scrutins/1214	Position neutre, partagée ou non arrêtée : le scrutin sur la régulation du conventionnement médical fournit la position parlementaire la plus proche ; pour les formations non représentées, le codage est déduit de leur ligne sur la liberté d'installation. Niveau de preuve : preuve directe ou politique explicitement documentée.	codage	327
party	lr	LR	86	Logement / locations touristiques	Dans les zones où le logement manque, une commune devrait pouvoir interdire la location touristique régulière d'un logement qui n'est pas la résidence principale de son propriétaire.	-1	1	https://republicains.fr/nos-idees/	Réserve : la source retenue précise le degré de régulation souhaité pour les meublés touristiques et les pouvoirs locaux. Niveau de preuve : estimation prudente à partir de la ligne générale.	source retenue	191
party	modem	MoDem	1	Économie	Il faut réduire les impôts sur le travail et le capital, même si cela implique de réduire certaines dépenses publiques.	1	2	https://www.mouvementdemocrate.fr/actualites/marc-fesneau-un-chemin-vers-un-cap-collectif-et-vers-jose-le-mot-une-esperance-video	Accord modéré : orientation cohérente avec le document officiel retenu, sans passage isolé directement équivalent à la question.	orientation cohérente avec le document officiel retenu|sans passage isolé directement équivalent|cohérent(?:e)? avec (?:la|le|les) (?:ligne|programme|document)	128
party	modem	MoDem	3	Économie	L'État devrait davantage taxer les hauts revenus et les gros patrimoines afin de réduire les inégalités.	0	2	https://www.mouvementdemocrate.fr/actualites/marc-fesneau-un-chemin-vers-un-cap-collectif-et-vers-jose-le-mot-une-esperance-video	Position équilibrée ou non tranchée : codage cohérent avec la ligne programmatique générale du parti sur économie.	cohérent(?:e)? avec (?:la|le|les) (?:ligne|programme|document)|codage	114
party	modem	MoDem	5	Économie	Le salaire minimum devrait être augmenté significativement.	0	2	https://www.mouvementdemocrate.fr/actualites/marc-fesneau-un-chemin-vers-un-cap-collectif-et-vers-jose-le-mot-une-esperance-video	Position équilibrée ou non tranchée : codage cohérent avec la ligne programmatique générale du parti sur économie.	cohérent(?:e)? avec (?:la|le|les) (?:ligne|programme|document)|codage	114
party	modem	MoDem	7	Économie	L'État devrait pouvoir nationaliser temporairement ou durablement une entreprise privée lorsqu'elle contrôle une activité stratégique pour le pays.	-1	2	https://www.mouvementdemocrate.fr/actualites/marc-fesneau-un-chemin-vers-un-cap-collectif-et-vers-jose-le-mot-une-esperance-video	Réserve : codage cohérent avec la ligne programmatique générale du parti sur économie.	cohérent(?:e)? avec (?:la|le|les) (?:ligne|programme|document)|codage	86
party	modem	MoDem	8	Économie	La concurrence est généralement préférable à la réglementation pour améliorer les prix, la qualité et l'innovation.	1	2	https://www.mouvementdemocrate.fr/actualites/marc-fesneau-un-chemin-vers-un-cap-collectif-et-vers-jose-le-mot-une-esperance-video	Accord modéré : sources officielles et prises de position convergentes ; le niveau de confiance documentaire a été réévalué indépendamment de l’intensité de la réponse.	niveau de confiance documentaire|sources officielles et prises de position convergentes|réévalué	168
party	modem	MoDem	12	État	L'État devrait intervenir beaucoup plus fortement dans l'économie lorsque le marché produit des résultats jugés socialement indésirables.	1	2	https://www.mouvementdemocrate.fr/actualites/marc-fesneau-un-chemin-vers-un-cap-collectif-et-vers-jose-le-mot-une-esperance-video	Accord modéré : codage cohérent avec la ligne programmatique générale du parti sur état.	cohérent(?:e)? avec (?:la|le|les) (?:ligne|programme|document)|codage	88
party	modem	MoDem	14	Social / société	La société devrait accepter beaucoup plus largement les différents modes de vie, même lorsqu'ils s'éloignent des normes traditionnelles.	2	2	https://www.mouvementdemocrate.fr/	Accord net : codage cohérent avec la ligne programmatique générale du parti sur social / société.	cohérent(?:e)? avec (?:la|le|les) (?:ligne|programme|document)|codage	97
party	modem	MoDem	17	Social / société	Les politiques publiques devraient chercher à corriger activement les discriminations historiques ou structurelles entre groupes sociaux.	2	2	https://www.mouvementdemocrate.fr/	Accord net : codage cohérent avec la ligne programmatique générale du parti sur social / société.	cohérent(?:e)? avec (?:la|le|les) (?:ligne|programme|document)|codage	97
party	modem	MoDem	19	Social / société	Certaines traditions et valeurs culturelles méritent d'être préservées même si elles évoluent moins vite que la société.	1	2	https://www.mouvementdemocrate.fr/	Accord modéré : codage cohérent avec la ligne programmatique générale du parti sur social / société.	cohérent(?:e)? avec (?:la|le|les) (?:ligne|programme|document)|codage	100
party	modem	MoDem	20	Immigration	La France devrait réduire le nombre d'immigrants qu'elle accueille chaque année.	0	2	https://www.mouvementdemocrate.fr/	Position équilibrée ou non tranchée : orientation cohérente avec le document officiel retenu, sans passage isolé directement équivalent à la question.	orientation cohérente avec le document officiel retenu|sans passage isolé directement équivalent|cohérent(?:e)? avec (?:la|le|les) (?:ligne|programme|document)	150
party	modem	MoDem	21	Immigration	L'immigration économique est globalement bénéfique pour l'économie française.	2	2	https://www.mouvementdemocrate.fr/	Accord net : sources officielles et prises de position convergentes ; le niveau de confiance documentaire a été réévalué indépendamment de l’intensité de la réponse.	niveau de confiance documentaire|sources officielles et prises de position convergentes|réévalué	165
party	modem	MoDem	23	Immigration	L'accès à la nationalité française devrait être rendu plus exigeant.	0	2	https://www.mouvementdemocrate.fr/	Position équilibrée ou non tranchée : codage cohérent avec la ligne programmatique générale du parti sur immigration.	cohérent(?:e)? avec (?:la|le|les) (?:ligne|programme|document)|codage	117
party	modem	MoDem	24	Immigration	La France devrait être beaucoup plus stricte concernant l'expulsion des étrangers condamnés pour des crimes graves.	2	2	https://www.mouvementdemocrate.fr/	Accord net : orientation cohérente avec le document officiel retenu, sans passage isolé directement équivalent à la question.	orientation cohérente avec le document officiel retenu|sans passage isolé directement équivalent|cohérent(?:e)? avec (?:la|le|les) (?:ligne|programme|document)	125
party	modem	MoDem	26	Immigration	La France devrait accueillir davantage de réfugiés lorsqu'ils fuient une guerre ou une persécution, même si cela représente un coût économique.	1	2	https://www.mouvementdemocrate.fr/	Accord modéré : codage cohérent avec la ligne programmatique générale du parti sur immigration.	cohérent(?:e)? avec (?:la|le|les) (?:ligne|programme|document)|codage	95
party	modem	MoDem	27	Sécurité / justice	Les peines de prison effectives devraient être plus sévères, même si cela augmente fortement la population carcérale.	0	2	https://www.mouvementdemocrate.fr/	Position équilibrée ou non tranchée : codage cohérent avec la ligne programmatique générale du parti sur sécurité / justice.	cohérent(?:e)? avec (?:la|le|les) (?:ligne|programme|document)|codage	124
party	modem	MoDem	28	Sécurité / justice	Il vaut mieux investir dans la prévention et la réinsertion que dans l'augmentation des sanctions.	2	2	https://www.mouvementdemocrate.fr/	Accord net : sources officielles et prises de position convergentes ; le niveau de confiance documentaire a été réévalué indépendamment de l’intensité de la réponse.	niveau de confiance documentaire|sources officielles et prises de position convergentes|réévalué	165
party	modem	MoDem	29	Sécurité / justice	La police devrait disposer de pouvoirs plus importants pour lutter contre la criminalité, quitte à accepter davantage de contrôles sur certaines libertés individuelles.	1	2	https://www.mouvementdemocrate.fr/	Accord modéré : orientation cohérente avec le document officiel retenu, sans passage isolé directement équivalent à la question.	orientation cohérente avec le document officiel retenu|sans passage isolé directement équivalent|cohérent(?:e)? avec (?:la|le|les) (?:ligne|programme|document)	128
party	modem	MoDem	32	Écologie	La lutte contre le changement climatique doit rester prioritaire même lorsqu'elle réduit la croissance économique à court terme.	2	2	https://www.mouvementdemocrate.fr/vers-une-transition-ecologique-solidaire-7925	Accord fort : orientation cohérente avec le document officiel retenu, sans passage isolé directement équivalent à la question.	orientation cohérente avec le document officiel retenu|sans passage isolé directement équivalent|cohérent(?:e)? avec (?:la|le|les) (?:ligne|programme|document)	126
party	modem	MoDem	33	Écologie	Il faut accepter une hausse importante du prix des énergies fossiles pour accélérer la transition écologique.	1	2	https://www.mouvementdemocrate.fr/vers-une-transition-ecologique-solidaire-7925	Accord modéré : codage cohérent avec la ligne programmatique générale du parti sur écologie.	cohérent(?:e)? avec (?:la|le|les) (?:ligne|programme|document)|codage	92
party	modem	MoDem	35	Écologie	Les politiques écologiques devraient reposer principalement sur des mécanismes de marché comme la taxe carbone plutôt que sur des interdictions.	1	2	https://www.mouvementdemocrate.fr/vers-une-transition-ecologique-solidaire-7925	Accord modéré : sources officielles et prises de position convergentes ; le niveau de confiance documentaire a été réévalué indépendamment de l’intensité de la réponse.	niveau de confiance documentaire|sources officielles et prises de position convergentes|réévalué	168
party	modem	MoDem	36	Écologie	Il est justifié d'interdire certains produits ou comportements très polluants même lorsque les consommateurs les souhaitent.	2	2	https://www.mouvementdemocrate.fr/vers-une-transition-ecologique-solidaire-7925	Accord net : codage cohérent avec la ligne programmatique générale du parti sur écologie.	cohérent(?:e)? avec (?:la|le|les) (?:ligne|programme|document)|codage	89
party	modem	MoDem	37	Écologie	Les pays riches devraient supporter une part prépondérante du coût de la transition écologique mondiale.	2	2	https://www.mouvementdemocrate.fr/vers-une-transition-ecologique-solidaire-7925	Accord net : sources officielles et prises de position convergentes ; le niveau de confiance documentaire a été réévalué indépendamment de l’intensité de la réponse.	niveau de confiance documentaire|sources officielles et prises de position convergentes|réévalué	165
party	modem	MoDem	38	Europe	La France devrait transférer davantage de compétences à l'Union européenne afin de renforcer son poids économique et géopolitique.	2	2	https://www.mouvementdemocrate.fr/	Accord net : orientation cohérente avec le document officiel retenu, sans passage isolé directement équivalent à la question.	orientation cohérente avec le document officiel retenu|sans passage isolé directement équivalent|cohérent(?:e)? avec (?:la|le|les) (?:ligne|programme|document)	125
party	modem	MoDem	39	Europe	La France devrait conserver autant que possible sa souveraineté nationale, même si cela réduit son influence au niveau européen.	-2	2	https://www.mouvementdemocrate.fr/	Désaccord net : codage cohérent avec la ligne programmatique générale du parti sur europe.	cohérent(?:e)? avec (?:la|le|les) (?:ligne|programme|document)|codage	90
party	modem	MoDem	40	Europe	L'euro est globalement bénéfique pour la France malgré la perte de certains instruments de politique économique.	3	2	https://www.mouvementdemocrate.fr/	Accord fort : orientation cohérente avec le document officiel retenu, sans passage isolé directement équivalent à la question.	orientation cohérente avec le document officiel retenu|sans passage isolé directement équivalent|cohérent(?:e)? avec (?:la|le|les) (?:ligne|programme|document)	126
party	modem	MoDem	41	Europe	L'Union européenne devrait pouvoir imposer davantage de règles communes aux États membres.	2	2	https://www.mouvementdemocrate.fr/	Accord net : codage cohérent avec la ligne programmatique générale du parti sur europe.	cohérent(?:e)? avec (?:la|le|les) (?:ligne|programme|document)|codage	87
party	modem	MoDem	42	Europe	En cas de conflit entre les intérêts économiques français et les règles européennes, la France devrait pouvoir désobéir à certaines règles européennes.	-2	2	https://www.mouvementdemocrate.fr/	Désaccord net : codage cohérent avec la ligne programmatique générale du parti sur europe.	cohérent(?:e)? avec (?:la|le|les) (?:ligne|programme|document)|codage	90
party	modem	MoDem	43	Fiscalité / patrimoine	Il faudrait supprimer l'IFI et ne plus taxer spécifiquement le patrimoine immobilier au-delà de la fiscalité ordinaire.	0	2	https://www.mouvementdemocrate.fr/actualites/marc-fesneau-un-chemin-vers-un-cap-collectif-et-vers-jose-le-mot-une-esperance-video	Position équilibrée ou non tranchée : orientation cohérente avec le document officiel retenu, sans passage isolé directement équivalent à la question.	orientation cohérente avec le document officiel retenu|sans passage isolé directement équivalent|cohérent(?:e)? avec (?:la|le|les) (?:ligne|programme|document)	150
party	modem	MoDem	44	Fiscalité / patrimoine	L'héritage devrait être davantage taxé au-delà d'un certain seuil de patrimoine transmis, même si cela conduit certaines familles à transmettre moins de patrimoine à leurs enfants.	0	2	https://www.mouvementdemocrate.fr/actualites/marc-fesneau-un-chemin-vers-un-cap-collectif-et-vers-jose-le-mot-une-esperance-video	Position équilibrée ou non tranchée : codage cohérent avec la ligne programmatique générale du parti sur fiscalité / patrimoine.	cohérent(?:e)? avec (?:la|le|les) (?:ligne|programme|document)|codage	128
party	modem	MoDem	45	Fiscalité / patrimoine	Les très grandes fortunes devraient être imposées sur leur patrimoine mondial, même lorsqu'elles quittent la France.	1	2	https://www.mouvementdemocrate.fr/actualites/marc-fesneau-un-chemin-vers-un-cap-collectif-et-vers-jose-le-mot-une-esperance-video	Accord modéré : codage cohérent avec la ligne programmatique générale du parti sur fiscalité / patrimoine.	cohérent(?:e)? avec (?:la|le|les) (?:ligne|programme|document)|codage	106
party	modem	MoDem	46	Travail / chômage	Un chômeur devrait pouvoir perdre une partie significative de ses allocations s'il refuse plusieurs emplois raisonnablement adaptés à ses compétences.	1	2	https://www.mouvementdemocrate.fr/actualites/marc-fesneau-un-chemin-vers-un-cap-collectif-et-vers-jose-le-mot-une-esperance-video	Accord modéré : codage cohérent avec la ligne programmatique générale du parti sur travail / chômage.	cohérent(?:e)? avec (?:la|le|les) (?:ligne|programme|document)|codage	101
party	modem	MoDem	49	Retraites	Les retraites devraient être progressivement réformées vers un système combinant répartition et capitalisation, même si cela implique une période de transition coûteuse.	0	2	https://www.mouvementdemocrate.fr/actualites/marc-fesneau-un-chemin-vers-un-cap-collectif-et-vers-jose-le-mot-une-esperance-video	Position équilibrée ou non tranchée : codage cohérent avec la ligne programmatique générale du parti sur retraites.	cohérent(?:e)? avec (?:la|le|les) (?:ligne|programme|document)|codage	115
party	modem	MoDem	50	Retraites	L'âge légal de départ à la retraite devrait être automatiquement indexé sur l'espérance de vie nationale.	1	2	https://www.mouvementdemocrate.fr/actualites/marc-fesneau-un-chemin-vers-un-cap-collectif-et-vers-jose-le-mot-une-esperance-video	Accord modéré : sources officielles et prises de position convergentes ; le niveau de confiance documentaire a été réévalué indépendamment de l’intensité de la réponse.	niveau de confiance documentaire|sources officielles et prises de position convergentes|réévalué	168
party	modem	MoDem	51	Protection sociale	Les prestations sociales devraient être fortement conditionnées à la durée de cotisation et de participation au marché du travail.	1	2	https://www.mouvementdemocrate.fr/actualites/marc-fesneau-un-chemin-vers-un-cap-collectif-et-vers-jose-le-mot-une-esperance-video	Accord modéré : codage cohérent avec la ligne programmatique générale du parti sur protection sociale.	cohérent(?:e)? avec (?:la|le|les) (?:ligne|programme|document)|codage	102
party	modem	MoDem	53	État / entreprises	Une entreprise qui reçoit plusieurs milliards d'euros d'aides publiques devrait pouvoir être contrainte de limiter ses dividendes et les rémunérations de ses dirigeants tant que l'aide n'est pas remboursée.	2	2	https://www.mouvementdemocrate.fr/actualites/marc-fesneau-un-chemin-vers-un-cap-collectif-et-vers-jose-le-mot-une-esperance-video	Accord net : codage cohérent avec la ligne programmatique générale du parti sur état / entreprises.	cohérent(?:e)? avec (?:la|le|les) (?:ligne|programme|document)|codage	99
party	modem	MoDem	57	Immigration / assimilation	L'accès à certaines prestations sociales devrait être beaucoup plus limité pendant les premières années suivant l'arrivée d'un immigré.	0	2	https://www.mouvementdemocrate.fr/	Position équilibrée ou non tranchée : codage cohérent avec la ligne programmatique générale du parti sur immigration / assimilation.	cohérent(?:e)? avec (?:la|le|les) (?:ligne|programme|document)|codage	132
party	modem	MoDem	59	Immigration / assimilation	Une personne née en France de parents étrangers devrait automatiquement devenir française à sa majorité si elle y a grandi, même si elle ne manifeste pas particulièrement d'attachement à la France.	2	2	https://www.mouvementdemocrate.fr/	Accord net : codage cohérent avec la ligne programmatique générale du parti sur immigration / assimilation.	cohérent(?:e)? avec (?:la|le|les) (?:ligne|programme|document)|codage	107
party	modem	MoDem	63	Libertés / sécurité	Pour lutter contre le terrorisme, l'État devrait pouvoir surveiller préventivement une personne considérée comme présentant un risque sérieux, même sans preuve suffisante pour engager des poursuites pénales.	1	2	https://www.mouvementdemocrate.fr/	Accord modéré : orientation cohérente avec le document officiel retenu, sans passage isolé directement équivalent à la question.	orientation cohérente avec le document officiel retenu|sans passage isolé directement équivalent|cohérent(?:e)? avec (?:la|le|les) (?:ligne|programme|document)	128
party	modem	MoDem	64	Libertés / expression	Une personne qui tient publiquement des propos profondément offensants mais qui n'appelle ni à la violence ni à commettre une infraction devrait être protégée par la liberté d'expression.	2	2	https://www.mouvementdemocrate.fr/	Accord net : sources officielles et prises de position convergentes ; le niveau de confiance documentaire a été réévalué indépendamment de l’intensité de la réponse.	niveau de confiance documentaire|sources officielles et prises de position convergentes|réévalué	165
party	modem	MoDem	67	Écologie	Une taxe carbone qui réduit les émissions de CO₂ devrait être maintenue même si elle diminue le pouvoir d’achat des ménages modestes, à condition de compenser ces derniers par des aides ciblées.	2	2	https://www.mouvementdemocrate.fr/vers-une-transition-ecologique-solidaire-7925	Accord net : codage cohérent avec la ligne programmatique générale du parti sur écologie.	cohérent(?:e)? avec (?:la|le|les) (?:ligne|programme|document)|codage	89
party	modem	MoDem	68	Écologie	La France devrait interdire progressivement la vente de voitures thermiques même si cela augmente temporairement le prix moyen des véhicules.	2	2	https://www.mouvementdemocrate.fr/vers-une-transition-ecologique-solidaire-7925	Accord net : codage cohérent avec la ligne programmatique générale du parti sur écologie.	cohérent(?:e)? avec (?:la|le|les) (?:ligne|programme|document)|codage	89
party	modem	MoDem	74	Institutions	Le référendum devrait être beaucoup plus utilisé, même lorsque les citoyens votent sur des sujets dont ils maîtrisent mal les aspects techniques.	1	2	https://www.mouvementdemocrate.fr/actualites/marc-fesneau-un-chemin-vers-un-cap-collectif-et-vers-jose-le-mot-une-esperance-video	Accord modéré : codage cohérent avec la ligne programmatique générale du parti sur institutions.	cohérent(?:e)? avec (?:la|le|les) (?:ligne|programme|document)|codage	96
party	modem	MoDem	76	Institutions	Le président de la République devrait disposer de davantage de pouvoirs pour pouvoir mettre en œuvre un programme pendant cinq ans sans être constamment bloqué par le Parlement.	1	2	https://www.mouvementdemocrate.fr/actualites/marc-fesneau-un-chemin-vers-un-cap-collectif-et-vers-jose-le-mot-une-esperance-video	Accord modéré : sources officielles et prises de position convergentes ; le niveau de confiance documentaire a été réévalué indépendamment de l’intensité de la réponse.	niveau de confiance documentaire|sources officielles et prises de position convergentes|réévalué	168
party	modem	MoDem	78	Immigration / assimilation	Le droit de séjour durable en France devrait dépendre, sauf impossibilité particulière, d’efforts concrets pour apprendre le français, comprendre les règles et usages du pays et participer à la vie collective.	2	2	https://www.mouvementdemocrate.fr/	Accord net : orientation cohérente avec le document officiel retenu, sans passage isolé directement équivalent à la question.	orientation cohérente avec le document officiel retenu|sans passage isolé directement équivalent|cohérent(?:e)? avec (?:la|le|les) (?:ligne|programme|document)	125
party	modem	MoDem	81	Santé / accès aux soins	Dans les zones où l'accès aux soins est insuffisant, l'Assurance maladie devrait pouvoir limiter le conventionnement de nouveaux médecins dans les zones déjà bien dotées afin d'encourager leur installation dans les déserts médicaux.	2	3	https://www.assemblee-nationale.fr/dyn/17/scrutins/1214	Accord net : le scrutin sur la régulation du conventionnement médical fournit la position parlementaire la plus proche ; pour les formations non représentées, le codage est déduit de leur ligne sur la liberté d'installation. Niveau de preuve : preuve directe ou politique explicitement documentée.	codage	297
party	modem	MoDem	82	Santé / assurance maladie	L'Assurance maladie devrait rembourser intégralement les soins essentiels, quitte à réduire fortement le rôle des complémentaires santé.	-1	2	https://www.mouvementdemocrate.fr/	Réserve : sources officielles et prises de position convergentes ; le niveau de confiance documentaire a été réévalué indépendamment de l’intensité de la réponse.	niveau de confiance documentaire|sources officielles et prises de position convergentes|réévalué	162
party	modem	MoDem	86	Logement / locations touristiques	Dans les zones où le logement manque, une commune devrait pouvoir interdire la location touristique régulière d'un logement qui n'est pas la résidence principale de son propriétaire.	1	1	https://www.mouvementdemocrate.fr/	Accord modéré : la source retenue précise le degré de régulation souhaité pour les meublés touristiques et les pouvoirs locaux. Niveau de preuve : estimation prudente à partir de la ligne générale.	source retenue	197
party	modem	MoDem	88	Défense / dissuasion nucléaire	La dissuasion nucléaire française devrait aussi protéger les partenaires européens, tout en laissant à la France seule la décision finale de l'employer.	3	2	https://www.mouvementdemocrate.fr/	Accord fort : la source retenue porte sur l'extension européenne de la dissuasion ou, pour les pays non dotés, sur la protection nucléaire alliée. Niveau de preuve : faisceau d’indices cohérent, sans équivalent toujours parfaitement identique.	source retenue	243
party	nouvelle-energie	Nouvelle Énergie	1	Économie	Il faut réduire les impôts sur le travail et le capital, même si cela implique de réduire certaines dépenses publiques.	3	3	https://www.unenouvelleenergie.fr/notre-programme/	Accord fort : preuve primaire directe ou proposition officielle très proche ; le niveau de confiance documentaire a été réévalué indépendamment de l’intensité de la réponse.	niveau de confiance documentaire|réévalué	173
party	nouvelle-energie	Nouvelle Énergie	2	Économie	Les inégalités économiques sont acceptables tant qu'elles résultent principalement du travail ou de la prise de risque.	2	2	https://www.unenouvelleenergie.fr/notre-programme/	Accord net : sources officielles et prises de position convergentes ; le niveau de confiance documentaire a été réévalué indépendamment de l’intensité de la réponse.	niveau de confiance documentaire|sources officielles et prises de position convergentes|réévalué	165
party	nouvelle-energie	Nouvelle Énergie	3	Économie	L'État devrait davantage taxer les hauts revenus et les gros patrimoines afin de réduire les inégalités.	-3	2	https://www.unenouvelleenergie.fr/notre-programme/	Désaccord fort : orientation cohérente avec le document officiel retenu, sans passage isolé directement équivalent à la question.	orientation cohérente avec le document officiel retenu|sans passage isolé directement équivalent|cohérent(?:e)? avec (?:la|le|les) (?:ligne|programme|document)	129
party	nouvelle-energie	Nouvelle Énergie	5	Économie	Le salaire minimum devrait être augmenté significativement.	-2	2	https://www.unenouvelleenergie.fr/notre-programme/	Désaccord net : orientation cohérente avec le document officiel retenu, sans passage isolé directement équivalent à la question.	orientation cohérente avec le document officiel retenu|sans passage isolé directement équivalent|cohérent(?:e)? avec (?:la|le|les) (?:ligne|programme|document)	128
party	nouvelle-energie	Nouvelle Énergie	6	Économie	Les entreprises privées sont généralement plus efficaces que l'État pour fournir des biens et services, même dans certains secteurs essentiels.	2	2	https://www.unenouvelleenergie.fr/notre-programme/	Accord net : sources officielles et prises de position convergentes ; le niveau de confiance documentaire a été réévalué indépendamment de l’intensité de la réponse.	niveau de confiance documentaire|sources officielles et prises de position convergentes|réévalué	165
party	nouvelle-energie	Nouvelle Énergie	7	Économie	L'État devrait pouvoir nationaliser temporairement ou durablement une entreprise privée lorsqu'elle contrôle une activité stratégique pour le pays.	-2	2	https://www.unenouvelleenergie.fr/notre-programme/	Désaccord net : orientation cohérente avec le document officiel retenu, sans passage isolé directement équivalent à la question.	orientation cohérente avec le document officiel retenu|sans passage isolé directement équivalent|cohérent(?:e)? avec (?:la|le|les) (?:ligne|programme|document)	128
party	nouvelle-energie	Nouvelle Énergie	8	Économie	La concurrence est généralement préférable à la réglementation pour améliorer les prix, la qualité et l'innovation.	3	3	https://www.unenouvelleenergie.fr/notre-programme/	Accord fort : preuve primaire directe ou proposition officielle très proche ; le niveau de confiance documentaire a été réévalué indépendamment de l’intensité de la réponse.	niveau de confiance documentaire|réévalué	173
party	nouvelle-energie	Nouvelle Énergie	9	État	La France dépense trop d'argent public et devrait accepter de réduire certaines politiques sociales pour revenir à l'équilibre budgétaire.	3	3	https://www.unenouvelleenergie.fr/notre-programme/	Accord fort : preuve primaire directe ou proposition officielle très proche ; le niveau de confiance documentaire a été réévalué indépendamment de l’intensité de la réponse.	niveau de confiance documentaire|réévalué	173
party	nouvelle-energie	Nouvelle Énergie	10	État	L'État devrait garantir un niveau élevé de protection sociale, même si cela implique une fiscalité importante.	-1	2	https://www.unenouvelleenergie.fr/notre-programme/	Réserve : orientation cohérente avec le document officiel retenu, sans passage isolé directement équivalent à la question.	orientation cohérente avec le document officiel retenu|sans passage isolé directement équivalent|cohérent(?:e)? avec (?:la|le|les) (?:ligne|programme|document)	122
party	nouvelle-energie	Nouvelle Énergie	12	État	L'État devrait intervenir beaucoup plus fortement dans l'économie lorsque le marché produit des résultats jugés socialement indésirables.	-2	2	https://www.unenouvelleenergie.fr/notre-programme/	Désaccord net : orientation cohérente avec le document officiel retenu, sans passage isolé directement équivalent à la question.	orientation cohérente avec le document officiel retenu|sans passage isolé directement équivalent|cohérent(?:e)? avec (?:la|le|les) (?:ligne|programme|document)	128
party	nouvelle-energie	Nouvelle Énergie	13	État	Les citoyens devraient avoir davantage de liberté pour choisir eux-mêmes comment utiliser leur argent plutôt que de passer par des systèmes publics obligatoires.	3	3	https://www.unenouvelleenergie.fr/notre-programme/	Accord fort : preuve primaire directe ou proposition officielle très proche ; le niveau de confiance documentaire a été réévalué indépendamment de l’intensité de la réponse.	niveau de confiance documentaire|réévalué	173
party	nouvelle-energie	Nouvelle Énergie	14	Social / société	La société devrait accepter beaucoup plus largement les différents modes de vie, même lorsqu'ils s'éloignent des normes traditionnelles.	0	2	https://www.unenouvelleenergie.fr/notre-programme/	Position équilibrée ou non tranchée : codage cohérent avec la ligne programmatique générale du parti sur social / société.	cohérent(?:e)? avec (?:la|le|les) (?:ligne|programme|document)|codage	122
party	nouvelle-energie	Nouvelle Énergie	17	Social / société	Les politiques publiques devraient chercher à corriger activement les discriminations historiques ou structurelles entre groupes sociaux.	-1	2	https://www.unenouvelleenergie.fr/notre-programme/	Réserve : codage cohérent avec la ligne programmatique générale du parti sur social / société.	cohérent(?:e)? avec (?:la|le|les) (?:ligne|programme|document)|codage	94
party	nouvelle-energie	Nouvelle Énergie	19	Social / société	Certaines traditions et valeurs culturelles méritent d'être préservées même si elles évoluent moins vite que la société.	3	2	https://www.unenouvelleenergie.fr/notre-programme/	Accord fort : codage cohérent avec la ligne programmatique générale du parti sur social / société.	cohérent(?:e)? avec (?:la|le|les) (?:ligne|programme|document)|codage	98
party	nouvelle-energie	Nouvelle Énergie	20	Immigration	La France devrait réduire le nombre d'immigrants qu'elle accueille chaque année.	3	3	https://www.unenouvelleenergie.fr/notre-programme/immigration/	Accord fort : preuve primaire directe ou proposition officielle très proche ; le niveau de confiance documentaire a été réévalué indépendamment de l’intensité de la réponse.	niveau de confiance documentaire|réévalué	173
party	nouvelle-energie	Nouvelle Énergie	21	Immigration	L'immigration économique est globalement bénéfique pour l'économie française.	1	2	https://www.unenouvelleenergie.fr/notre-programme/	Accord modéré : sources officielles et prises de position convergentes ; le niveau de confiance documentaire a été réévalué indépendamment de l’intensité de la réponse.	niveau de confiance documentaire|sources officielles et prises de position convergentes|réévalué	168
party	nouvelle-energie	Nouvelle Énergie	23	Immigration	L'accès à la nationalité française devrait être rendu plus exigeant.	3	3	https://www.unenouvelleenergie.fr/notre-programme/immigration/	Accord fort : preuve primaire directe ou proposition officielle très proche ; le niveau de confiance documentaire a été réévalué indépendamment de l’intensité de la réponse.	niveau de confiance documentaire|réévalué	173
party	nouvelle-energie	Nouvelle Énergie	24	Immigration	La France devrait être beaucoup plus stricte concernant l'expulsion des étrangers condamnés pour des crimes graves.	3	3	https://www.unenouvelleenergie.fr/notre-programme/immigration/	Accord fort : preuve primaire directe ou proposition officielle très proche ; le niveau de confiance documentaire a été réévalué indépendamment de l’intensité de la réponse.	niveau de confiance documentaire|réévalué	173
party	nouvelle-energie	Nouvelle Énergie	25	Immigration	Même lorsque l'immigration est économiquement bénéfique, elle peut être légitimement limitée pour préserver la cohésion culturelle du pays.	3	2	https://www.unenouvelleenergie.fr/notre-programme/	Accord fort : orientation cohérente avec le document officiel retenu, sans passage isolé directement équivalent à la question.	orientation cohérente avec le document officiel retenu|sans passage isolé directement équivalent|cohérent(?:e)? avec (?:la|le|les) (?:ligne|programme|document)	126
party	nouvelle-energie	Nouvelle Énergie	26	Immigration	La France devrait accueillir davantage de réfugiés lorsqu'ils fuient une guerre ou une persécution, même si cela représente un coût économique.	-2	2	https://www.unenouvelleenergie.fr/notre-programme/	Désaccord net : orientation cohérente avec le document officiel retenu, sans passage isolé directement équivalent à la question.	orientation cohérente avec le document officiel retenu|sans passage isolé directement équivalent|cohérent(?:e)? avec (?:la|le|les) (?:ligne|programme|document)	128
party	nouvelle-energie	Nouvelle Énergie	27	Sécurité / justice	Les peines de prison effectives devraient être plus sévères, même si cela augmente fortement la population carcérale.	2	2	https://www.unenouvelleenergie.fr/notre-programme/	Accord net : orientation cohérente avec le document officiel retenu, sans passage isolé directement équivalent à la question.	orientation cohérente avec le document officiel retenu|sans passage isolé directement équivalent|cohérent(?:e)? avec (?:la|le|les) (?:ligne|programme|document)	125
party	nouvelle-energie	Nouvelle Énergie	29	Sécurité / justice	La police devrait disposer de pouvoirs plus importants pour lutter contre la criminalité, quitte à accepter davantage de contrôles sur certaines libertés individuelles.	2	2	https://www.unenouvelleenergie.fr/notre-programme/	Accord fort : orientation cohérente avec le document officiel retenu, sans passage isolé directement équivalent à la question.	orientation cohérente avec le document officiel retenu|sans passage isolé directement équivalent|cohérent(?:e)? avec (?:la|le|les) (?:ligne|programme|document)	126
party	nouvelle-energie	Nouvelle Énergie	32	Écologie	La lutte contre le changement climatique doit rester prioritaire même lorsqu'elle réduit la croissance économique à court terme.	0	2	https://www.unenouvelleenergie.fr/notre-programme/	Position équilibrée ou non tranchée : orientation cohérente avec le document officiel retenu, sans passage isolé directement équivalent à la question.	orientation cohérente avec le document officiel retenu|sans passage isolé directement équivalent|cohérent(?:e)? avec (?:la|le|les) (?:ligne|programme|document)	150
party	nouvelle-energie	Nouvelle Énergie	36	Écologie	Il est justifié d'interdire certains produits ou comportements très polluants même lorsque les consommateurs les souhaitent.	0	2	https://www.unenouvelleenergie.fr/notre-programme/	Position équilibrée ou non tranchée : codage cohérent avec la ligne programmatique générale du parti sur écologie.	cohérent(?:e)? avec (?:la|le|les) (?:ligne|programme|document)|codage	114
party	nouvelle-energie	Nouvelle Énergie	39	Europe	La France devrait conserver autant que possible sa souveraineté nationale, même si cela réduit son influence au niveau européen.	2	2	https://www.unenouvelleenergie.fr/notre-programme/	Accord net : orientation cohérente avec le document officiel retenu, sans passage isolé directement équivalent à la question.	orientation cohérente avec le document officiel retenu|sans passage isolé directement équivalent|cohérent(?:e)? avec (?:la|le|les) (?:ligne|programme|document)	125
party	nouvelle-energie	Nouvelle Énergie	40	Europe	L'euro est globalement bénéfique pour la France malgré la perte de certains instruments de politique économique.	2	2	https://www.unenouvelleenergie.fr/notre-programme/	Accord fort : orientation cohérente avec le document officiel retenu, sans passage isolé directement équivalent à la question.	orientation cohérente avec le document officiel retenu|sans passage isolé directement équivalent|cohérent(?:e)? avec (?:la|le|les) (?:ligne|programme|document)	126
party	nouvelle-energie	Nouvelle Énergie	42	Europe	En cas de conflit entre les intérêts économiques français et les règles européennes, la France devrait pouvoir désobéir à certaines règles européennes.	2	2	https://www.unenouvelleenergie.fr/notre-programme/	Accord fort : orientation cohérente avec le document officiel retenu, sans passage isolé directement équivalent à la question.	orientation cohérente avec le document officiel retenu|sans passage isolé directement équivalent|cohérent(?:e)? avec (?:la|le|les) (?:ligne|programme|document)	126
party	nouvelle-energie	Nouvelle Énergie	43	Fiscalité / patrimoine	Il faudrait supprimer l'IFI et ne plus taxer spécifiquement le patrimoine immobilier au-delà de la fiscalité ordinaire.	3	2	https://www.unenouvelleenergie.fr/notre-programme/	Accord fort : orientation cohérente avec le document officiel retenu, sans passage isolé directement équivalent à la question.	orientation cohérente avec le document officiel retenu|sans passage isolé directement équivalent|cohérent(?:e)? avec (?:la|le|les) (?:ligne|programme|document)	126
party	nouvelle-energie	Nouvelle Énergie	44	Fiscalité / patrimoine	L'héritage devrait être davantage taxé au-delà d'un certain seuil de patrimoine transmis, même si cela conduit certaines familles à transmettre moins de patrimoine à leurs enfants.	-3	2	https://www.unenouvelleenergie.fr/notre-programme/	Désaccord fort : orientation cohérente avec le document officiel retenu, sans passage isolé directement équivalent à la question.	orientation cohérente avec le document officiel retenu|sans passage isolé directement équivalent|cohérent(?:e)? avec (?:la|le|les) (?:ligne|programme|document)	129
party	nouvelle-energie	Nouvelle Énergie	46	Travail / chômage	Un chômeur devrait pouvoir perdre une partie significative de ses allocations s'il refuse plusieurs emplois raisonnablement adaptés à ses compétences.	2	2	https://www.unenouvelleenergie.fr/notre-programme/	Accord fort : orientation cohérente avec le document officiel retenu, sans passage isolé directement équivalent à la question.	orientation cohérente avec le document officiel retenu|sans passage isolé directement équivalent|cohérent(?:e)? avec (?:la|le|les) (?:ligne|programme|document)	126
party	nouvelle-energie	Nouvelle Énergie	51	Protection sociale	Les prestations sociales devraient être fortement conditionnées à la durée de cotisation et de participation au marché du travail.	2	2	https://www.unenouvelleenergie.fr/notre-programme/	Accord fort : orientation cohérente avec le document officiel retenu, sans passage isolé directement équivalent à la question.	orientation cohérente avec le document officiel retenu|sans passage isolé directement équivalent|cohérent(?:e)? avec (?:la|le|les) (?:ligne|programme|document)	126
party	nouvelle-energie	Nouvelle Énergie	53	État / entreprises	Une entreprise qui reçoit plusieurs milliards d'euros d'aides publiques devrait pouvoir être contrainte de limiter ses dividendes et les rémunérations de ses dirigeants tant que l'aide n'est pas remboursée.	1	2	https://www.unenouvelleenergie.fr/notre-programme/	Accord modéré : codage cohérent avec la ligne programmatique générale du parti sur état / entreprises.	cohérent(?:e)? avec (?:la|le|les) (?:ligne|programme|document)|codage	102
party	nouvelle-energie	Nouvelle Énergie	54	État / entreprises	L'État devrait davantage utiliser son pouvoir d'actionnaire pour orienter les grandes entreprises françaises vers des objectifs industriels de long terme.	1	2	https://www.unenouvelleenergie.fr/notre-programme/	Accord modéré : sources officielles et prises de position convergentes ; le niveau de confiance documentaire a été réévalué indépendamment de l’intensité de la réponse.	niveau de confiance documentaire|sources officielles et prises de position convergentes|réévalué	168
party	nouvelle-energie	Nouvelle Énergie	55	État / entreprises	Il faudrait réduire fortement les normes administratives pesant sur les entreprises, même si certaines protections environnementales ou sociales deviennent moins strictes.	3	3	https://www.unenouvelleenergie.fr/notre-programme/	Accord fort : preuve primaire directe ou proposition officielle très proche ; le niveau de confiance documentaire a été réévalué indépendamment de l’intensité de la réponse.	niveau de confiance documentaire|réévalué	173
party	nouvelle-energie	Nouvelle Énergie	57	Immigration / assimilation	L'accès à certaines prestations sociales devrait être beaucoup plus limité pendant les premières années suivant l'arrivée d'un immigré.	3	3	https://www.unenouvelleenergie.fr/notre-programme/immigration/	Accord fort : preuve primaire directe ou proposition officielle très proche ; le niveau de confiance documentaire a été réévalué indépendamment de l’intensité de la réponse.	niveau de confiance documentaire|réévalué	173
party	nouvelle-energie	Nouvelle Énergie	58	Immigration / assimilation	La France devrait privilégier l'immigration économique qualifiée, même si cela signifie accueillir moins de personnes peu qualifiées.	3	3	https://www.unenouvelleenergie.fr/notre-programme/immigration/	Accord fort : preuve primaire directe ou proposition officielle très proche ; le niveau de confiance documentaire a été réévalué indépendamment de l’intensité de la réponse.	niveau de confiance documentaire|réévalué	173
party	nouvelle-energie	Nouvelle Énergie	60	Immigration / assimilation	La France devrait pouvoir refuser l'entrée à un immigré légalement admissible lorsqu'il existe de fortes raisons de penser qu'il ne souhaite pas s'intégrer culturellement à la société française.	3	3	https://www.unenouvelleenergie.fr/notre-programme/immigration/	Accord fort : preuve primaire directe ou proposition officielle très proche ; le niveau de confiance documentaire a été réévalué indépendamment de l’intensité de la réponse.	niveau de confiance documentaire|réévalué	173
party	nouvelle-energie	Nouvelle Énergie	61	Immigration / assimilation	Le fait de conserver des pratiques culturelles ou religieuses très différentes de celles de la majorité française n'est pas en soi un problème tant que les lois françaises sont respectées.	-2	2	https://www.unenouvelleenergie.fr/notre-programme/	Désaccord net : sources officielles et prises de position convergentes ; le niveau de confiance documentaire a été réévalué indépendamment de l’intensité de la réponse.	niveau de confiance documentaire|sources officielles et prises de position convergentes|réévalué	168
party	nouvelle-energie	Nouvelle Énergie	63	Libertés / sécurité	Pour lutter contre le terrorisme, l'État devrait pouvoir surveiller préventivement une personne considérée comme présentant un risque sérieux, même sans preuve suffisante pour engager des poursuites pénales.	2	2	https://www.unenouvelleenergie.fr/notre-programme/	Accord fort : orientation cohérente avec le document officiel retenu, sans passage isolé directement équivalent à la question.	orientation cohérente avec le document officiel retenu|sans passage isolé directement équivalent|cohérent(?:e)? avec (?:la|le|les) (?:ligne|programme|document)	126
party	nouvelle-energie	Nouvelle Énergie	64	Libertés / expression	Une personne qui tient publiquement des propos profondément offensants mais qui n'appelle ni à la violence ni à commettre une infraction devrait être protégée par la liberté d'expression.	2	2	https://www.unenouvelleenergie.fr/notre-programme/	Accord net : sources officielles et prises de position convergentes ; le niveau de confiance documentaire a été réévalué indépendamment de l’intensité de la réponse.	niveau de confiance documentaire|sources officielles et prises de position convergentes|réévalué	165
party	nouvelle-energie	Nouvelle Énergie	68	Écologie	La France devrait interdire progressivement la vente de voitures thermiques même si cela augmente temporairement le prix moyen des véhicules.	-2	2	https://www.unenouvelleenergie.fr/notre-programme/	Désaccord net : orientation cohérente avec le document officiel retenu, sans passage isolé directement équivalent à la question.	orientation cohérente avec le document officiel retenu|sans passage isolé directement équivalent|cohérent(?:e)? avec (?:la|le|les) (?:ligne|programme|document)	128
party	nouvelle-energie	Nouvelle Énergie	69	Écologie	Il faut privilégier le nucléaire même si cela conduit à réduire certains investissements dans les renouvelables.	3	3	https://www.unenouvelleenergie.fr/le-grand-entretien-avec-david-lisnard-quelle-strategie-pour-la-france-dans-le-nouveau-desordre-mondial/	Accord fort : preuve primaire directe ou proposition officielle très proche ; le niveau de confiance documentaire a été réévalué indépendamment de l’intensité de la réponse.	niveau de confiance documentaire|réévalué	173
party	nouvelle-energie	Nouvelle Énergie	76	Institutions	Le président de la République devrait disposer de davantage de pouvoirs pour pouvoir mettre en œuvre un programme pendant cinq ans sans être constamment bloqué par le Parlement.	2	2	https://www.unenouvelleenergie.fr/notre-programme/	Accord net : sources officielles et prises de position convergentes ; le niveau de confiance documentaire a été réévalué indépendamment de l’intensité de la réponse.	niveau de confiance documentaire|sources officielles et prises de position convergentes|réévalué	165
party	nouvelle-energie	Nouvelle Énergie	78	Immigration / assimilation	Le droit de séjour durable en France devrait dépendre, sauf impossibilité particulière, d’efforts concrets pour apprendre le français, comprendre les règles et usages du pays et participer à la vie collective.	3	3	https://www.unenouvelleenergie.fr/notre-programme/immigration/	Accord fort : preuve primaire directe ou proposition officielle très proche ; le niveau de confiance documentaire a été réévalué indépendamment de l’intensité de la réponse.	niveau de confiance documentaire|réévalué	173
party	nouvelle-energie	Nouvelle Énergie	79	Immigration / délinquance	Les différences de délinquance observées s’expliquent davantage par les inégalités sociales et économiques que par la culture d’origine des personnes concernées.	-1	2	https://www.unenouvelleenergie.fr/notre-programme/	Réserve : orientation cohérente avec le document officiel retenu, sans passage isolé directement équivalent à la question.	orientation cohérente avec le document officiel retenu|sans passage isolé directement équivalent|cohérent(?:e)? avec (?:la|le|les) (?:ligne|programme|document)	122
party	nouvelle-energie	Nouvelle Énergie	86	Logement / locations touristiques	Dans les zones où le logement manque, une commune devrait pouvoir interdire la location touristique régulière d'un logement qui n'est pas la résidence principale de son propriétaire.	-2	1	https://www.unenouvelleenergie.fr/notre-programme/	Désaccord net : la source retenue précise le degré de régulation souhaité pour les meublés touristiques et les pouvoirs locaux. Niveau de preuve : estimation prudente à partir de la ligne générale.	source retenue	197
party	pcf	PCF	1	Économie	Il faut réduire les impôts sur le travail et le capital, même si cela implique de réduire certaines dépenses publiques.	-3	2	https://www.pcf.fr/feuille_de_route_confnat_pcf	Désaccord fort : orientation cohérente avec le document officiel retenu, sans passage isolé directement équivalent à la question.	orientation cohérente avec le document officiel retenu|sans passage isolé directement équivalent|cohérent(?:e)? avec (?:la|le|les) (?:ligne|programme|document)	129
party	pcf	PCF	2	Économie	Les inégalités économiques sont acceptables tant qu'elles résultent principalement du travail ou de la prise de risque.	-2	2	https://www.pcf.fr/feuille_de_route_confnat_pcf	Désaccord net : sources officielles et prises de position convergentes ; le niveau de confiance documentaire a été réévalué indépendamment de l’intensité de la réponse.	niveau de confiance documentaire|sources officielles et prises de position convergentes|réévalué	168
party	pcf	PCF	3	Économie	L'État devrait davantage taxer les hauts revenus et les gros patrimoines afin de réduire les inégalités.	3	3	https://www.pcf.fr/contrat_de_legislature_projet_propos_par_le_pcf	Accord fort : preuve primaire directe ou proposition officielle très proche ; le niveau de confiance documentaire a été réévalué indépendamment de l’intensité de la réponse.	niveau de confiance documentaire|réévalué	173
party	pcf	PCF	5	Économie	Le salaire minimum devrait être augmenté significativement.	3	3	https://www.pcf.fr/contrat_de_legislature_projet_propos_par_le_pcf	Accord fort : preuve primaire directe ou proposition officielle très proche ; le niveau de confiance documentaire a été réévalué indépendamment de l’intensité de la réponse.	niveau de confiance documentaire|réévalué	173
party	pcf	PCF	7	Économie	L'État devrait pouvoir nationaliser temporairement ou durablement une entreprise privée lorsqu'elle contrôle une activité stratégique pour le pays.	3	3	https://www.pcf.fr/contrat_de_legislature_projet_propos_par_le_pcf	Accord fort : preuve primaire directe ou proposition officielle très proche ; le niveau de confiance documentaire a été réévalué indépendamment de l’intensité de la réponse.	niveau de confiance documentaire|réévalué	173
party	pcf	PCF	9	État	La France dépense trop d'argent public et devrait accepter de réduire certaines politiques sociales pour revenir à l'équilibre budgétaire.	-3	3	https://www.pcf.fr/contrat_de_legislature_projet_propos_par_le_pcf	Désaccord fort : preuve primaire directe ou proposition officielle très proche ; le niveau de confiance documentaire a été réévalué indépendamment de l’intensité de la réponse.	niveau de confiance documentaire|réévalué	176
party	pcf	PCF	10	État	L'État devrait garantir un niveau élevé de protection sociale, même si cela implique une fiscalité importante.	3	3	https://www.pcf.fr/contrat_de_legislature_projet_propos_par_le_pcf	Accord fort : preuve primaire directe ou proposition officielle très proche ; le niveau de confiance documentaire a été réévalué indépendamment de l’intensité de la réponse.	niveau de confiance documentaire|réévalué	173
party	pcf	PCF	12	État	L'État devrait intervenir beaucoup plus fortement dans l'économie lorsque le marché produit des résultats jugés socialement indésirables.	3	3	https://www.pcf.fr/contrat_de_legislature_projet_propos_par_le_pcf	Accord fort : preuve primaire directe ou proposition officielle très proche ; le niveau de confiance documentaire a été réévalué indépendamment de l’intensité de la réponse.	niveau de confiance documentaire|réévalué	173
party	pcf	PCF	14	Social / société	La société devrait accepter beaucoup plus largement les différents modes de vie, même lorsqu'ils s'éloignent des normes traditionnelles.	2	2	https://www.pcf.fr/immigration_est_un_enjeu_de_classe	Accord net : codage cohérent avec la ligne programmatique générale du parti sur social / société.	cohérent(?:e)? avec (?:la|le|les) (?:ligne|programme|document)|codage	97
party	pcf	PCF	16	Social / société	Réduire les inégalités peut parfois justifier de restreindre certaines libertés individuelles.	1	2	https://www.pcf.fr/immigration_est_un_enjeu_de_classe	Accord modéré : sources officielles et prises de position convergentes ; le niveau de confiance documentaire a été réévalué indépendamment de l’intensité de la réponse.	niveau de confiance documentaire|sources officielles et prises de position convergentes|réévalué	168
party	pcf	PCF	17	Social / société	Les politiques publiques devraient chercher à corriger activement les discriminations historiques ou structurelles entre groupes sociaux.	2	2	https://www.pcf.fr/immigration_est_un_enjeu_de_classe	Accord net : codage cohérent avec la ligne programmatique générale du parti sur social / société.	cohérent(?:e)? avec (?:la|le|les) (?:ligne|programme|document)|codage	97
party	pcf	PCF	19	Social / société	Certaines traditions et valeurs culturelles méritent d'être préservées même si elles évoluent moins vite que la société.	0	2	https://www.pcf.fr/immigration_est_un_enjeu_de_classe	Position équilibrée ou non tranchée : codage cohérent avec la ligne programmatique générale du parti sur social / société.	cohérent(?:e)? avec (?:la|le|les) (?:ligne|programme|document)|codage	122
party	pcf	PCF	20	Immigration	La France devrait réduire le nombre d'immigrants qu'elle accueille chaque année.	-3	3	https://www.pcf.fr/immigration_est_un_enjeu_de_classe	Désaccord fort : preuve primaire directe ou proposition officielle très proche ; le niveau de confiance documentaire a été réévalué indépendamment de l’intensité de la réponse.	niveau de confiance documentaire|réévalué	176
party	pcf	PCF	23	Immigration	L'accès à la nationalité française devrait être rendu plus exigeant.	-2	2	https://www.pcf.fr/immigration_est_un_enjeu_de_classe	Désaccord net : orientation cohérente avec le document officiel retenu, sans passage isolé directement équivalent à la question.	orientation cohérente avec le document officiel retenu|sans passage isolé directement équivalent|cohérent(?:e)? avec (?:la|le|les) (?:ligne|programme|document)	128
party	pcf	PCF	25	Immigration	Même lorsque l'immigration est économiquement bénéfique, elle peut être légitimement limitée pour préserver la cohésion culturelle du pays.	-2	2	https://www.pcf.fr/immigration_est_un_enjeu_de_classe	Désaccord net : orientation cohérente avec le document officiel retenu, sans passage isolé directement équivalent à la question.	orientation cohérente avec le document officiel retenu|sans passage isolé directement équivalent|cohérent(?:e)? avec (?:la|le|les) (?:ligne|programme|document)	128
party	pcf	PCF	26	Immigration	La France devrait accueillir davantage de réfugiés lorsqu'ils fuient une guerre ou une persécution, même si cela représente un coût économique.	3	3	https://www.pcf.fr/immigration_est_un_enjeu_de_classe	Accord fort : preuve primaire directe ou proposition officielle très proche ; le niveau de confiance documentaire a été réévalué indépendamment de l’intensité de la réponse.	niveau de confiance documentaire|réévalué	173
party	pcf	PCF	27	Sécurité / justice	Les peines de prison effectives devraient être plus sévères, même si cela augmente fortement la population carcérale.	-1	2	https://www.pcf.fr/immigration_est_un_enjeu_de_classe	Réserve : orientation cohérente avec le document officiel retenu, sans passage isolé directement équivalent à la question.	orientation cohérente avec le document officiel retenu|sans passage isolé directement équivalent|cohérent(?:e)? avec (?:la|le|les) (?:ligne|programme|document)	122
party	pcf	PCF	29	Sécurité / justice	La police devrait disposer de pouvoirs plus importants pour lutter contre la criminalité, quitte à accepter davantage de contrôles sur certaines libertés individuelles.	-2	2	https://www.pcf.fr/immigration_est_un_enjeu_de_classe	Désaccord net : orientation cohérente avec le document officiel retenu, sans passage isolé directement équivalent à la question.	orientation cohérente avec le document officiel retenu|sans passage isolé directement équivalent|cohérent(?:e)? avec (?:la|le|les) (?:ligne|programme|document)	128
party	pcf	PCF	32	Écologie	La lutte contre le changement climatique doit rester prioritaire même lorsqu'elle réduit la croissance économique à court terme.	2	2	https://www.pcf.fr/europe_le_programme_un_argumentaire_utile_aux_militants_et_un_outil_de_campagne_efficace	Accord fort : orientation cohérente avec le document officiel retenu, sans passage isolé directement équivalent à la question.	orientation cohérente avec le document officiel retenu|sans passage isolé directement équivalent|cohérent(?:e)? avec (?:la|le|les) (?:ligne|programme|document)	126
party	pcf	PCF	33	Écologie	Il faut accepter une hausse importante du prix des énergies fossiles pour accélérer la transition écologique.	2	2	https://www.pcf.fr/europe_le_programme_un_argumentaire_utile_aux_militants_et_un_outil_de_campagne_efficace	Accord net : codage cohérent avec la ligne programmatique générale du parti sur écologie.	cohérent(?:e)? avec (?:la|le|les) (?:ligne|programme|document)|codage	89
party	pcf	PCF	35	Écologie	Les politiques écologiques devraient reposer principalement sur des mécanismes de marché comme la taxe carbone plutôt que sur des interdictions.	-2	2	https://www.pcf.fr/europe_le_programme_un_argumentaire_utile_aux_militants_et_un_outil_de_campagne_efficace	Désaccord net : sources officielles et prises de position convergentes ; le niveau de confiance documentaire a été réévalué indépendamment de l’intensité de la réponse.	niveau de confiance documentaire|sources officielles et prises de position convergentes|réévalué	168
party	pcf	PCF	36	Écologie	Il est justifié d'interdire certains produits ou comportements très polluants même lorsque les consommateurs les souhaitent.	3	2	https://www.pcf.fr/europe_le_programme_un_argumentaire_utile_aux_militants_et_un_outil_de_campagne_efficace	Accord fort : codage cohérent avec la ligne programmatique générale du parti sur écologie.	cohérent(?:e)? avec (?:la|le|les) (?:ligne|programme|document)|codage	90
party	pcf	PCF	37	Écologie	Les pays riches devraient supporter une part prépondérante du coût de la transition écologique mondiale.	3	2	https://www.pcf.fr/europe_le_programme_un_argumentaire_utile_aux_militants_et_un_outil_de_campagne_efficace	Accord fort : sources officielles et prises de position convergentes ; le niveau de confiance documentaire a été réévalué indépendamment de l’intensité de la réponse.	niveau de confiance documentaire|sources officielles et prises de position convergentes|réévalué	166
party	pcf	PCF	39	Europe	La France devrait conserver autant que possible sa souveraineté nationale, même si cela réduit son influence au niveau européen.	2	2	https://www.pcf.fr/europe_le_programme_un_argumentaire_utile_aux_militants_et_un_outil_de_campagne_efficace	Accord net : orientation cohérente avec le document officiel retenu, sans passage isolé directement équivalent à la question.	orientation cohérente avec le document officiel retenu|sans passage isolé directement équivalent|cohérent(?:e)? avec (?:la|le|les) (?:ligne|programme|document)	125
party	pcf	PCF	40	Europe	L'euro est globalement bénéfique pour la France malgré la perte de certains instruments de politique économique.	0	2	https://www.pcf.fr/europe_le_programme_un_argumentaire_utile_aux_militants_et_un_outil_de_campagne_efficace	Position équilibrée ou non tranchée : orientation cohérente avec le document officiel retenu, sans passage isolé directement équivalent à la question.	orientation cohérente avec le document officiel retenu|sans passage isolé directement équivalent|cohérent(?:e)? avec (?:la|le|les) (?:ligne|programme|document)	150
party	pcf	PCF	41	Europe	L'Union européenne devrait pouvoir imposer davantage de règles communes aux États membres.	0	2	https://www.pcf.fr/europe_le_programme_un_argumentaire_utile_aux_militants_et_un_outil_de_campagne_efficace	Position équilibrée ou non tranchée : orientation cohérente avec le document officiel retenu, sans passage isolé directement équivalent à la question.	orientation cohérente avec le document officiel retenu|sans passage isolé directement équivalent|cohérent(?:e)? avec (?:la|le|les) (?:ligne|programme|document)	150
party	pcf	PCF	42	Europe	En cas de conflit entre les intérêts économiques français et les règles européennes, la France devrait pouvoir désobéir à certaines règles européennes.	3	2	https://www.pcf.fr/europe_le_programme_un_argumentaire_utile_aux_militants_et_un_outil_de_campagne_efficace	Accord fort : orientation cohérente avec le document officiel retenu, sans passage isolé directement équivalent à la question.	orientation cohérente avec le document officiel retenu|sans passage isolé directement équivalent|cohérent(?:e)? avec (?:la|le|les) (?:ligne|programme|document)	126
party	pcf	PCF	43	Fiscalité / patrimoine	Il faudrait supprimer l'IFI et ne plus taxer spécifiquement le patrimoine immobilier au-delà de la fiscalité ordinaire.	-3	3	https://www.pcf.fr/contrat_de_legislature_projet_propos_par_le_pcf	Désaccord fort : preuve primaire directe ou proposition officielle très proche ; le niveau de confiance documentaire a été réévalué indépendamment de l’intensité de la réponse.	niveau de confiance documentaire|réévalué	176
party	pcf	PCF	44	Fiscalité / patrimoine	L'héritage devrait être davantage taxé au-delà d'un certain seuil de patrimoine transmis, même si cela conduit certaines familles à transmettre moins de patrimoine à leurs enfants.	3	2	https://www.pcf.fr/feuille_de_route_confnat_pcf	Accord fort : orientation cohérente avec le document officiel retenu, sans passage isolé directement équivalent à la question.	orientation cohérente avec le document officiel retenu|sans passage isolé directement équivalent|cohérent(?:e)? avec (?:la|le|les) (?:ligne|programme|document)	126
party	pcf	PCF	45	Fiscalité / patrimoine	Les très grandes fortunes devraient être imposées sur leur patrimoine mondial, même lorsqu'elles quittent la France.	2	2	https://www.pcf.fr/feuille_de_route_confnat_pcf	Accord fort : orientation cohérente avec le document officiel retenu, sans passage isolé directement équivalent à la question.	orientation cohérente avec le document officiel retenu|sans passage isolé directement équivalent|cohérent(?:e)? avec (?:la|le|les) (?:ligne|programme|document)	126
party	pcf	PCF	46	Travail / chômage	Un chômeur devrait pouvoir perdre une partie significative de ses allocations s'il refuse plusieurs emplois raisonnablement adaptés à ses compétences.	-3	2	https://www.pcf.fr/feuille_de_route_confnat_pcf	Désaccord fort : orientation cohérente avec le document officiel retenu, sans passage isolé directement équivalent à la question.	orientation cohérente avec le document officiel retenu|sans passage isolé directement équivalent|cohérent(?:e)? avec (?:la|le|les) (?:ligne|programme|document)	129
party	pcf	PCF	49	Retraites	Les retraites devraient être progressivement réformées vers un système combinant répartition et capitalisation, même si cela implique une période de transition coûteuse.	-3	2	https://www.pcf.fr/feuille_de_route_confnat_pcf	Désaccord fort : orientation cohérente avec le document officiel retenu, sans passage isolé directement équivalent à la question.	orientation cohérente avec le document officiel retenu|sans passage isolé directement équivalent|cohérent(?:e)? avec (?:la|le|les) (?:ligne|programme|document)	129
party	pcf	PCF	50	Retraites	L'âge légal de départ à la retraite devrait être automatiquement indexé sur l'espérance de vie nationale.	-3	2	https://www.pcf.fr/feuille_de_route_confnat_pcf	Désaccord fort : sources officielles et prises de position convergentes ; le niveau de confiance documentaire a été réévalué indépendamment de l’intensité de la réponse.	niveau de confiance documentaire|sources officielles et prises de position convergentes|réévalué	169
party	pcf	PCF	51	Protection sociale	Les prestations sociales devraient être fortement conditionnées à la durée de cotisation et de participation au marché du travail.	-2	2	https://www.pcf.fr/feuille_de_route_confnat_pcf	Désaccord net : orientation cohérente avec le document officiel retenu, sans passage isolé directement équivalent à la question.	orientation cohérente avec le document officiel retenu|sans passage isolé directement équivalent|cohérent(?:e)? avec (?:la|le|les) (?:ligne|programme|document)	128
party	pcf	PCF	53	État / entreprises	Une entreprise qui reçoit plusieurs milliards d'euros d'aides publiques devrait pouvoir être contrainte de limiter ses dividendes et les rémunérations de ses dirigeants tant que l'aide n'est pas remboursée.	3	2	https://www.pcf.fr/feuille_de_route_confnat_pcf	Accord fort : codage cohérent avec la ligne programmatique générale du parti sur état / entreprises.	cohérent(?:e)? avec (?:la|le|les) (?:ligne|programme|document)|codage	100
party	pcf	PCF	54	État / entreprises	L'État devrait davantage utiliser son pouvoir d'actionnaire pour orienter les grandes entreprises françaises vers des objectifs industriels de long terme.	3	3	https://www.pcf.fr/contrat_de_legislature_projet_propos_par_le_pcf	Accord fort : preuve primaire directe ou proposition officielle très proche ; le niveau de confiance documentaire a été réévalué indépendamment de l’intensité de la réponse.	niveau de confiance documentaire|réévalué	173
party	pcf	PCF	55	État / entreprises	Il faudrait réduire fortement les normes administratives pesant sur les entreprises, même si certaines protections environnementales ou sociales deviennent moins strictes.	-3	2	https://www.pcf.fr/feuille_de_route_confnat_pcf	Désaccord fort : orientation cohérente avec le document officiel retenu, sans passage isolé directement équivalent à la question.	orientation cohérente avec le document officiel retenu|sans passage isolé directement équivalent|cohérent(?:e)? avec (?:la|le|les) (?:ligne|programme|document)	129
party	pcf	PCF	57	Immigration / assimilation	L'accès à certaines prestations sociales devrait être beaucoup plus limité pendant les premières années suivant l'arrivée d'un immigré.	-3	2	https://www.pcf.fr/immigration_est_un_enjeu_de_classe	Désaccord fort : codage cohérent avec la ligne programmatique générale du parti sur immigration / assimilation.	cohérent(?:e)? avec (?:la|le|les) (?:ligne|programme|document)|codage	111
party	pcf	PCF	59	Immigration / assimilation	Une personne née en France de parents étrangers devrait automatiquement devenir française à sa majorité si elle y a grandi, même si elle ne manifeste pas particulièrement d'attachement à la France.	3	2	https://www.pcf.fr/immigration_est_un_enjeu_de_classe	Accord fort : codage cohérent avec la ligne programmatique générale du parti sur immigration / assimilation.	cohérent(?:e)? avec (?:la|le|les) (?:ligne|programme|document)|codage	108
party	pcf	PCF	60	Immigration / assimilation	La France devrait pouvoir refuser l'entrée à un immigré légalement admissible lorsqu'il existe de fortes raisons de penser qu'il ne souhaite pas s'intégrer culturellement à la société française.	-2	2	https://www.pcf.fr/immigration_est_un_enjeu_de_classe	Désaccord net : codage cohérent avec la ligne programmatique générale du parti sur immigration / assimilation.	cohérent(?:e)? avec (?:la|le|les) (?:ligne|programme|document)|codage	110
party	pcf	PCF	61	Immigration / assimilation	Le fait de conserver des pratiques culturelles ou religieuses très différentes de celles de la majorité française n'est pas en soi un problème tant que les lois françaises sont respectées.	3	2	https://www.pcf.fr/immigration_est_un_enjeu_de_classe	Accord fort : sources officielles et prises de position convergentes ; le niveau de confiance documentaire a été réévalué indépendamment de l’intensité de la réponse.	niveau de confiance documentaire|sources officielles et prises de position convergentes|réévalué	166
party	pcf	PCF	63	Libertés / sécurité	Pour lutter contre le terrorisme, l'État devrait pouvoir surveiller préventivement une personne considérée comme présentant un risque sérieux, même sans preuve suffisante pour engager des poursuites pénales.	0	2	https://www.pcf.fr/immigration_est_un_enjeu_de_classe	Position équilibrée ou non tranchée : codage cohérent avec la ligne programmatique générale du parti sur libertés / sécurité.	cohérent(?:e)? avec (?:la|le|les) (?:ligne|programme|document)|codage	125
party	pcf	PCF	64	Libertés / expression	Une personne qui tient publiquement des propos profondément offensants mais qui n'appelle ni à la violence ni à commettre une infraction devrait être protégée par la liberté d'expression.	2	2	https://www.pcf.fr/immigration_est_un_enjeu_de_classe	Accord net : sources officielles et prises de position convergentes ; le niveau de confiance documentaire a été réévalué indépendamment de l’intensité de la réponse.	niveau de confiance documentaire|sources officielles et prises de position convergentes|réévalué	165
party	pcf	PCF	68	Écologie	La France devrait interdire progressivement la vente de voitures thermiques même si cela augmente temporairement le prix moyen des véhicules.	2	2	https://www.pcf.fr/europe_le_programme_un_argumentaire_utile_aux_militants_et_un_outil_de_campagne_efficace	Accord net : orientation cohérente avec le document officiel retenu, sans passage isolé directement équivalent à la question.	orientation cohérente avec le document officiel retenu|sans passage isolé directement équivalent|cohérent(?:e)? avec (?:la|le|les) (?:ligne|programme|document)	125
party	pcf	PCF	74	Institutions	Le référendum devrait être beaucoup plus utilisé, même lorsque les citoyens votent sur des sujets dont ils maîtrisent mal les aspects techniques.	3	2	https://www.pcf.fr/feuille_de_route_confnat_pcf	Accord fort : orientation cohérente avec le document officiel retenu, sans passage isolé directement équivalent à la question.	orientation cohérente avec le document officiel retenu|sans passage isolé directement équivalent|cohérent(?:e)? avec (?:la|le|les) (?:ligne|programme|document)	126
party	pcf	PCF	77	Institutions	La proportionnelle intégrale serait préférable au système actuel, même si elle rendait plus fréquentes les coalitions et les gouvernements instables.	3	2	https://www.pcf.fr/feuille_de_route_confnat_pcf	Accord fort : orientation cohérente avec le document officiel retenu, sans passage isolé directement équivalent à la question.	orientation cohérente avec le document officiel retenu|sans passage isolé directement équivalent|cohérent(?:e)? avec (?:la|le|les) (?:ligne|programme|document)	126
party	pcf	PCF	78	Immigration / assimilation	Le droit de séjour durable en France devrait dépendre, sauf impossibilité particulière, d’efforts concrets pour apprendre le français, comprendre les règles et usages du pays et participer à la vie collective.	-1	2	https://www.pcf.fr/immigration_est_un_enjeu_de_classe	Réserve : orientation cohérente avec le document officiel retenu, sans passage isolé directement équivalent à la question.	orientation cohérente avec le document officiel retenu|sans passage isolé directement équivalent|cohérent(?:e)? avec (?:la|le|les) (?:ligne|programme|document)	122
party	pcf	PCF	79	Immigration / délinquance	Les différences de délinquance observées s’expliquent davantage par les inégalités sociales et économiques que par la culture d’origine des personnes concernées.	3	2	https://www.pcf.fr/immigration_est_un_enjeu_de_classe	Accord fort : orientation cohérente avec le document officiel retenu, sans passage isolé directement équivalent à la question.	orientation cohérente avec le document officiel retenu|sans passage isolé directement équivalent|cohérent(?:e)? avec (?:la|le|les) (?:ligne|programme|document)	126
party	pcf	PCF	81	Santé / accès aux soins	Dans les zones où l'accès aux soins est insuffisant, l'Assurance maladie devrait pouvoir limiter le conventionnement de nouveaux médecins dans les zones déjà bien dotées afin d'encourager leur installation dans les déserts médicaux.	3	3	https://www.assemblee-nationale.fr/dyn/17/scrutins/1214	Accord fort : le scrutin sur la régulation du conventionnement médical fournit la position parlementaire la plus proche ; pour les formations non représentées, le codage est déduit de leur ligne sur la liberté d'installation. Niveau de preuve : preuve directe ou politique explicitement documentée.	codage	298
party	pcf	PCF	86	Logement / locations touristiques	Dans les zones où le logement manque, une commune devrait pouvoir interdire la location touristique régulière d'un logement qui n'est pas la résidence principale de son propriétaire.	2	3	https://www.pcf.fr/feuille_de_route_confnat_pcf	Accord net : preuve primaire directe ou proposition officielle très proche ; le niveau de confiance documentaire a été réévalué indépendamment de l’intensité de la réponse.	niveau de confiance documentaire|réévalué	172
party	pcf	PCF	88	Défense / dissuasion nucléaire	La dissuasion nucléaire française devrait aussi protéger les partenaires européens, tout en laissant à la France seule la décision finale de l'employer.	-3	3	https://www.pcf.fr/impasse_dangereuse_du_federalisme_nucleaire_de_macron	Désaccord fort : la source retenue porte sur l'extension européenne de la dissuasion ou, pour les pays non dotés, sur la protection nucléaire alliée. Niveau de preuve : preuve directe ou politique explicitement documentée.	source retenue	222
party	pcf	PCF	93	Numérique / intelligence artificielle	Les administrations publiques devraient privilégier des modèles d'intelligence artificielle hébergés en Europe, même s'ils sont temporairement moins performants ou plus coûteux que leurs concurrents étrangers.	2	2	https://www.pcf.fr/feuille_de_route_confnat_pcf	Accord net : sources officielles et prises de position convergentes ; le niveau de confiance documentaire a été réévalué indépendamment de l’intensité de la réponse.	niveau de confiance documentaire|sources officielles et prises de position convergentes|réévalué	165
party	ps	PS	1	Économie	Il faut réduire les impôts sur le travail et le capital, même si cela implique de réduire certaines dépenses publiques.	-2	2	https://parti-socialiste.fr/vie-parlementaire/notre-declaration-politique-17eme-legislature/	Désaccord net : orientation cohérente avec le document officiel retenu, sans passage isolé directement équivalent à la question.	orientation cohérente avec le document officiel retenu|sans passage isolé directement équivalent|cohérent(?:e)? avec (?:la|le|les) (?:ligne|programme|document)	128
party	ps	PS	2	Économie	Les inégalités économiques sont acceptables tant qu'elles résultent principalement du travail ou de la prise de risque.	0	2	https://parti-socialiste.fr/vie-parlementaire/notre-declaration-politique-17eme-legislature/	Position équilibrée ou non tranchée : sources officielles et prises de position convergentes ; le niveau de confiance documentaire a été réévalué indépendamment de l’intensité de la réponse.	niveau de confiance documentaire|sources officielles et prises de position convergentes|réévalué	190
party	ps	PS	3	Économie	L'État devrait davantage taxer les hauts revenus et les gros patrimoines afin de réduire les inégalités.	2	3	https://parti-socialiste.fr/vie-parlementaire/notre-declaration-politique-17eme-legislature/	Accord fort : preuve primaire directe ou proposition officielle très proche ; le niveau de confiance documentaire a été réévalué indépendamment de l’intensité de la réponse.	niveau de confiance documentaire|réévalué	173
party	ps	PS	5	Économie	Le salaire minimum devrait être augmenté significativement.	2	3	https://parti-socialiste.fr/vie-parlementaire/notre-declaration-politique-17eme-legislature/	Accord net : preuve primaire directe ou proposition officielle très proche ; le niveau de confiance documentaire a été réévalué indépendamment de l’intensité de la réponse.	niveau de confiance documentaire|réévalué	172
party	ps	PS	6	Économie	Les entreprises privées sont généralement plus efficaces que l'État pour fournir des biens et services, même dans certains secteurs essentiels.	-1	2	https://parti-socialiste.fr/vie-parlementaire/notre-declaration-politique-17eme-legislature/	Réserve : sources officielles et prises de position convergentes ; le niveau de confiance documentaire a été réévalué indépendamment de l’intensité de la réponse.	niveau de confiance documentaire|sources officielles et prises de position convergentes|réévalué	162
party	ps	PS	8	Économie	La concurrence est généralement préférable à la réglementation pour améliorer les prix, la qualité et l'innovation.	-1	2	https://parti-socialiste.fr/vie-parlementaire/notre-declaration-politique-17eme-legislature/	Réserve : sources officielles et prises de position convergentes ; le niveau de confiance documentaire a été réévalué indépendamment de l’intensité de la réponse.	niveau de confiance documentaire|sources officielles et prises de position convergentes|réévalué	162
party	ps	PS	9	État	La France dépense trop d'argent public et devrait accepter de réduire certaines politiques sociales pour revenir à l'équilibre budgétaire.	-1	2	https://parti-socialiste.fr/vie-parlementaire/notre-declaration-politique-17eme-legislature/	Réserve : orientation cohérente avec le document officiel retenu, sans passage isolé directement équivalent à la question.	orientation cohérente avec le document officiel retenu|sans passage isolé directement équivalent|cohérent(?:e)? avec (?:la|le|les) (?:ligne|programme|document)	122
party	ps	PS	10	État	L'État devrait garantir un niveau élevé de protection sociale, même si cela implique une fiscalité importante.	3	3	https://parti-socialiste.fr/vie-parlementaire/notre-declaration-politique-17eme-legislature/	Accord fort : preuve primaire directe ou proposition officielle très proche ; le niveau de confiance documentaire a été réévalué indépendamment de l’intensité de la réponse.	niveau de confiance documentaire|réévalué	173
party	ps	PS	12	État	L'État devrait intervenir beaucoup plus fortement dans l'économie lorsque le marché produit des résultats jugés socialement indésirables.	2	2	https://parti-socialiste.fr/vie-parlementaire/notre-declaration-politique-17eme-legislature/	Accord net : orientation cohérente avec le document officiel retenu, sans passage isolé directement équivalent à la question.	orientation cohérente avec le document officiel retenu|sans passage isolé directement équivalent|cohérent(?:e)? avec (?:la|le|les) (?:ligne|programme|document)	125
party	ps	PS	13	État	Les citoyens devraient avoir davantage de liberté pour choisir eux-mêmes comment utiliser leur argent plutôt que de passer par des systèmes publics obligatoires.	-2	2	https://parti-socialiste.fr/vie-parlementaire/notre-declaration-politique-17eme-legislature/	Désaccord net : sources officielles et prises de position convergentes ; le niveau de confiance documentaire a été réévalué indépendamment de l’intensité de la réponse.	niveau de confiance documentaire|sources officielles et prises de position convergentes|réévalué	168
party	ps	PS	14	Social / société	La société devrait accepter beaucoup plus largement les différents modes de vie, même lorsqu'ils s'éloignent des normes traditionnelles.	3	2	https://www.parti-socialiste.fr/pour_une_politique_migratoire_internationale_et_europeenne	Accord fort : codage cohérent avec la ligne programmatique générale du parti sur social / société.	cohérent(?:e)? avec (?:la|le|les) (?:ligne|programme|document)|codage	98
party	ps	PS	16	Social / société	Réduire les inégalités peut parfois justifier de restreindre certaines libertés individuelles.	0	2	https://www.parti-socialiste.fr/pour_une_politique_migratoire_internationale_et_europeenne	Position équilibrée ou non tranchée : sources officielles et prises de position convergentes ; le niveau de confiance documentaire a été réévalué indépendamment de l’intensité de la réponse.	niveau de confiance documentaire|sources officielles et prises de position convergentes|réévalué	190
party	ps	PS	17	Social / société	Les politiques publiques devraient chercher à corriger activement les discriminations historiques ou structurelles entre groupes sociaux.	3	2	https://www.parti-socialiste.fr/pour_une_politique_migratoire_internationale_et_europeenne	Accord fort : codage cohérent avec la ligne programmatique générale du parti sur social / société.	cohérent(?:e)? avec (?:la|le|les) (?:ligne|programme|document)|codage	98
party	ps	PS	19	Social / société	Certaines traditions et valeurs culturelles méritent d'être préservées même si elles évoluent moins vite que la société.	-1	2	https://www.parti-socialiste.fr/pour_une_politique_migratoire_internationale_et_europeenne	Réserve : codage cohérent avec la ligne programmatique générale du parti sur social / société.	cohérent(?:e)? avec (?:la|le|les) (?:ligne|programme|document)|codage	94
party	ps	PS	20	Immigration	La France devrait réduire le nombre d'immigrants qu'elle accueille chaque année.	-2	2	https://www.parti-socialiste.fr/pour_une_politique_migratoire_internationale_et_europeenne	Désaccord net : orientation cohérente avec le document officiel retenu, sans passage isolé directement équivalent à la question.	orientation cohérente avec le document officiel retenu|sans passage isolé directement équivalent|cohérent(?:e)? avec (?:la|le|les) (?:ligne|programme|document)	128
party	ps	PS	21	Immigration	L'immigration économique est globalement bénéfique pour l'économie française.	2	2	https://www.parti-socialiste.fr/pour_une_politique_migratoire_internationale_et_europeenne	Accord net : sources officielles et prises de position convergentes ; le niveau de confiance documentaire a été réévalué indépendamment de l’intensité de la réponse.	niveau de confiance documentaire|sources officielles et prises de position convergentes|réévalué	165
party	ps	PS	23	Immigration	L'accès à la nationalité française devrait être rendu plus exigeant.	-2	2	https://www.parti-socialiste.fr/pour_une_politique_migratoire_internationale_et_europeenne	Désaccord net : orientation cohérente avec le document officiel retenu, sans passage isolé directement équivalent à la question.	orientation cohérente avec le document officiel retenu|sans passage isolé directement équivalent|cohérent(?:e)? avec (?:la|le|les) (?:ligne|programme|document)	128
party	ps	PS	24	Immigration	La France devrait être beaucoup plus stricte concernant l'expulsion des étrangers condamnés pour des crimes graves.	-2	2	https://www.parti-socialiste.fr/pour_une_politique_migratoire_internationale_et_europeenne	Désaccord net : orientation cohérente avec le document officiel retenu, sans passage isolé directement équivalent à la question.	orientation cohérente avec le document officiel retenu|sans passage isolé directement équivalent|cohérent(?:e)? avec (?:la|le|les) (?:ligne|programme|document)	128
party	ps	PS	25	Immigration	Même lorsque l'immigration est économiquement bénéfique, elle peut être légitimement limitée pour préserver la cohésion culturelle du pays.	-2	2	https://www.parti-socialiste.fr/pour_une_politique_migratoire_internationale_et_europeenne	Désaccord net : orientation cohérente avec le document officiel retenu, sans passage isolé directement équivalent à la question.	orientation cohérente avec le document officiel retenu|sans passage isolé directement équivalent|cohérent(?:e)? avec (?:la|le|les) (?:ligne|programme|document)	128
party	ps	PS	26	Immigration	La France devrait accueillir davantage de réfugiés lorsqu'ils fuient une guerre ou une persécution, même si cela représente un coût économique.	3	2	https://www.parti-socialiste.fr/pour_une_politique_migratoire_internationale_et_europeenne	Accord fort : orientation cohérente avec le document officiel retenu, sans passage isolé directement équivalent à la question.	orientation cohérente avec le document officiel retenu|sans passage isolé directement équivalent|cohérent(?:e)? avec (?:la|le|les) (?:ligne|programme|document)	126
party	ps	PS	27	Sécurité / justice	Les peines de prison effectives devraient être plus sévères, même si cela augmente fortement la population carcérale.	-1	2	https://www.parti-socialiste.fr/pour_une_politique_migratoire_internationale_et_europeenne	Réserve : orientation cohérente avec le document officiel retenu, sans passage isolé directement équivalent à la question.	orientation cohérente avec le document officiel retenu|sans passage isolé directement équivalent|cohérent(?:e)? avec (?:la|le|les) (?:ligne|programme|document)	122
party	ps	PS	28	Sécurité / justice	Il vaut mieux investir dans la prévention et la réinsertion que dans l'augmentation des sanctions.	2	2	https://www.parti-socialiste.fr/pour_une_politique_migratoire_internationale_et_europeenne	Accord net : sources officielles et prises de position convergentes ; le niveau de confiance documentaire a été réévalué indépendamment de l’intensité de la réponse.	niveau de confiance documentaire|sources officielles et prises de position convergentes|réévalué	165
party	ps	PS	29	Sécurité / justice	La police devrait disposer de pouvoirs plus importants pour lutter contre la criminalité, quitte à accepter davantage de contrôles sur certaines libertés individuelles.	-1	2	https://www.parti-socialiste.fr/pour_une_politique_migratoire_internationale_et_europeenne	Réserve : orientation cohérente avec le document officiel retenu, sans passage isolé directement équivalent à la question.	orientation cohérente avec le document officiel retenu|sans passage isolé directement équivalent|cohérent(?:e)? avec (?:la|le|les) (?:ligne|programme|document)	122
party	ps	PS	32	Écologie	La lutte contre le changement climatique doit rester prioritaire même lorsqu'elle réduit la croissance économique à court terme.	3	2	https://parti-socialiste.fr/vie-parlementaire/notre-declaration-politique-17eme-legislature/	Accord fort : orientation cohérente avec le document officiel retenu, sans passage isolé directement équivalent à la question.	orientation cohérente avec le document officiel retenu|sans passage isolé directement équivalent|cohérent(?:e)? avec (?:la|le|les) (?:ligne|programme|document)	126
party	ps	PS	33	Écologie	Il faut accepter une hausse importante du prix des énergies fossiles pour accélérer la transition écologique.	2	2	https://parti-socialiste.fr/vie-parlementaire/notre-declaration-politique-17eme-legislature/	Accord net : codage cohérent avec la ligne programmatique générale du parti sur écologie.	cohérent(?:e)? avec (?:la|le|les) (?:ligne|programme|document)|codage	89
party	ps	PS	35	Écologie	Les politiques écologiques devraient reposer principalement sur des mécanismes de marché comme la taxe carbone plutôt que sur des interdictions.	0	2	https://parti-socialiste.fr/vie-parlementaire/notre-declaration-politique-17eme-legislature/	Position équilibrée ou non tranchée : sources officielles et prises de position convergentes ; le niveau de confiance documentaire a été réévalué indépendamment de l’intensité de la réponse.	niveau de confiance documentaire|sources officielles et prises de position convergentes|réévalué	190
party	ps	PS	36	Écologie	Il est justifié d'interdire certains produits ou comportements très polluants même lorsque les consommateurs les souhaitent.	2	2	https://parti-socialiste.fr/vie-parlementaire/notre-declaration-politique-17eme-legislature/	Accord net : codage cohérent avec la ligne programmatique générale du parti sur écologie.	cohérent(?:e)? avec (?:la|le|les) (?:ligne|programme|document)|codage	89
party	ps	PS	37	Écologie	Les pays riches devraient supporter une part prépondérante du coût de la transition écologique mondiale.	2	2	https://parti-socialiste.fr/vie-parlementaire/notre-declaration-politique-17eme-legislature/	Accord net : sources officielles et prises de position convergentes ; le niveau de confiance documentaire a été réévalué indépendamment de l’intensité de la réponse.	niveau de confiance documentaire|sources officielles et prises de position convergentes|réévalué	165
party	ps	PS	38	Europe	La France devrait transférer davantage de compétences à l'Union européenne afin de renforcer son poids économique et géopolitique.	3	2	https://www.parti-socialiste.fr/militantes_et_militants_de_l_europe	Accord fort : orientation cohérente avec le document officiel retenu, sans passage isolé directement équivalent à la question.	orientation cohérente avec le document officiel retenu|sans passage isolé directement équivalent|cohérent(?:e)? avec (?:la|le|les) (?:ligne|programme|document)	126
party	ps	PS	39	Europe	La France devrait conserver autant que possible sa souveraineté nationale, même si cela réduit son influence au niveau européen.	-3	2	https://www.parti-socialiste.fr/militantes_et_militants_de_l_europe	Désaccord fort : orientation cohérente avec le document officiel retenu, sans passage isolé directement équivalent à la question.	orientation cohérente avec le document officiel retenu|sans passage isolé directement équivalent|cohérent(?:e)? avec (?:la|le|les) (?:ligne|programme|document)	129
party	ps	PS	40	Europe	L'euro est globalement bénéfique pour la France malgré la perte de certains instruments de politique économique.	3	2	https://www.parti-socialiste.fr/militantes_et_militants_de_l_europe	Accord fort : orientation cohérente avec le document officiel retenu, sans passage isolé directement équivalent à la question.	orientation cohérente avec le document officiel retenu|sans passage isolé directement équivalent|cohérent(?:e)? avec (?:la|le|les) (?:ligne|programme|document)	126
party	ps	PS	41	Europe	L'Union européenne devrait pouvoir imposer davantage de règles communes aux États membres.	3	2	https://www.parti-socialiste.fr/militantes_et_militants_de_l_europe	Accord fort : orientation cohérente avec le document officiel retenu, sans passage isolé directement équivalent à la question.	orientation cohérente avec le document officiel retenu|sans passage isolé directement équivalent|cohérent(?:e)? avec (?:la|le|les) (?:ligne|programme|document)	126
party	ps	PS	42	Europe	En cas de conflit entre les intérêts économiques français et les règles européennes, la France devrait pouvoir désobéir à certaines règles européennes.	-2	2	https://www.parti-socialiste.fr/militantes_et_militants_de_l_europe	Désaccord net : orientation cohérente avec le document officiel retenu, sans passage isolé directement équivalent à la question.	orientation cohérente avec le document officiel retenu|sans passage isolé directement équivalent|cohérent(?:e)? avec (?:la|le|les) (?:ligne|programme|document)	128
party	ps	PS	43	Fiscalité / patrimoine	Il faudrait supprimer l'IFI et ne plus taxer spécifiquement le patrimoine immobilier au-delà de la fiscalité ordinaire.	-2	3	https://parti-socialiste.fr/vie-parlementaire/notre-declaration-politique-17eme-legislature/	Désaccord net : preuve primaire directe ou proposition officielle très proche ; le niveau de confiance documentaire a été réévalué indépendamment de l’intensité de la réponse.	niveau de confiance documentaire|réévalué	175
party	ps	PS	44	Fiscalité / patrimoine	L'héritage devrait être davantage taxé au-delà d'un certain seuil de patrimoine transmis, même si cela conduit certaines familles à transmettre moins de patrimoine à leurs enfants.	1	2	https://parti-socialiste.fr/vie-parlementaire/notre-declaration-politique-17eme-legislature/	Accord fort : orientation cohérente avec le document officiel retenu, sans passage isolé directement équivalent à la question.	orientation cohérente avec le document officiel retenu|sans passage isolé directement équivalent|cohérent(?:e)? avec (?:la|le|les) (?:ligne|programme|document)	126
party	ps	PS	45	Fiscalité / patrimoine	Les très grandes fortunes devraient être imposées sur leur patrimoine mondial, même lorsqu'elles quittent la France.	2	2	https://parti-socialiste.fr/vie-parlementaire/notre-declaration-politique-17eme-legislature/	Accord fort : orientation cohérente avec le document officiel retenu, sans passage isolé directement équivalent à la question.	orientation cohérente avec le document officiel retenu|sans passage isolé directement équivalent|cohérent(?:e)? avec (?:la|le|les) (?:ligne|programme|document)	126
party	ps	PS	46	Travail / chômage	Un chômeur devrait pouvoir perdre une partie significative de ses allocations s'il refuse plusieurs emplois raisonnablement adaptés à ses compétences.	-2	2	https://parti-socialiste.fr/vie-parlementaire/notre-declaration-politique-17eme-legislature/	Désaccord net : orientation cohérente avec le document officiel retenu, sans passage isolé directement équivalent à la question.	orientation cohérente avec le document officiel retenu|sans passage isolé directement équivalent|cohérent(?:e)? avec (?:la|le|les) (?:ligne|programme|document)	128
party	ps	PS	49	Retraites	Les retraites devraient être progressivement réformées vers un système combinant répartition et capitalisation, même si cela implique une période de transition coûteuse.	-2	2	https://parti-socialiste.fr/vie-parlementaire/notre-declaration-politique-17eme-legislature/	Désaccord net : orientation cohérente avec le document officiel retenu, sans passage isolé directement équivalent à la question.	orientation cohérente avec le document officiel retenu|sans passage isolé directement équivalent|cohérent(?:e)? avec (?:la|le|les) (?:ligne|programme|document)	128
party	ps	PS	51	Protection sociale	Les prestations sociales devraient être fortement conditionnées à la durée de cotisation et de participation au marché du travail.	-2	2	https://parti-socialiste.fr/vie-parlementaire/notre-declaration-politique-17eme-legislature/	Désaccord net : orientation cohérente avec le document officiel retenu, sans passage isolé directement équivalent à la question.	orientation cohérente avec le document officiel retenu|sans passage isolé directement équivalent|cohérent(?:e)? avec (?:la|le|les) (?:ligne|programme|document)	128
party	ps	PS	53	État / entreprises	Une entreprise qui reçoit plusieurs milliards d'euros d'aides publiques devrait pouvoir être contrainte de limiter ses dividendes et les rémunérations de ses dirigeants tant que l'aide n'est pas remboursée.	3	2	https://parti-socialiste.fr/vie-parlementaire/notre-declaration-politique-17eme-legislature/	Accord fort : codage cohérent avec la ligne programmatique générale du parti sur état / entreprises.	cohérent(?:e)? avec (?:la|le|les) (?:ligne|programme|document)|codage	100
party	ps	PS	54	État / entreprises	L'État devrait davantage utiliser son pouvoir d'actionnaire pour orienter les grandes entreprises françaises vers des objectifs industriels de long terme.	2	2	https://parti-socialiste.fr/vie-parlementaire/notre-declaration-politique-17eme-legislature/	Accord net : sources officielles et prises de position convergentes ; le niveau de confiance documentaire a été réévalué indépendamment de l’intensité de la réponse.	niveau de confiance documentaire|sources officielles et prises de position convergentes|réévalué	165
party	ps	PS	55	État / entreprises	Il faudrait réduire fortement les normes administratives pesant sur les entreprises, même si certaines protections environnementales ou sociales deviennent moins strictes.	-2	2	https://parti-socialiste.fr/vie-parlementaire/notre-declaration-politique-17eme-legislature/	Désaccord net : orientation cohérente avec le document officiel retenu, sans passage isolé directement équivalent à la question.	orientation cohérente avec le document officiel retenu|sans passage isolé directement équivalent|cohérent(?:e)? avec (?:la|le|les) (?:ligne|programme|document)	128
party	ps	PS	57	Immigration / assimilation	L'accès à certaines prestations sociales devrait être beaucoup plus limité pendant les premières années suivant l'arrivée d'un immigré.	-2	2	https://www.parti-socialiste.fr/pour_une_politique_migratoire_internationale_et_europeenne	Désaccord net : orientation cohérente avec le document officiel retenu, sans passage isolé directement équivalent à la question.	orientation cohérente avec le document officiel retenu|sans passage isolé directement équivalent|cohérent(?:e)? avec (?:la|le|les) (?:ligne|programme|document)	128
party	ps	PS	59	Immigration / assimilation	Une personne née en France de parents étrangers devrait automatiquement devenir française à sa majorité si elle y a grandi, même si elle ne manifeste pas particulièrement d'attachement à la France.	3	2	https://www.parti-socialiste.fr/pour_une_politique_migratoire_internationale_et_europeenne	Accord fort : orientation cohérente avec le document officiel retenu, sans passage isolé directement équivalent à la question.	orientation cohérente avec le document officiel retenu|sans passage isolé directement équivalent|cohérent(?:e)? avec (?:la|le|les) (?:ligne|programme|document)	126
party	ps	PS	60	Immigration / assimilation	La France devrait pouvoir refuser l'entrée à un immigré légalement admissible lorsqu'il existe de fortes raisons de penser qu'il ne souhaite pas s'intégrer culturellement à la société française.	-2	2	https://www.parti-socialiste.fr/pour_une_politique_migratoire_internationale_et_europeenne	Désaccord net : orientation cohérente avec le document officiel retenu, sans passage isolé directement équivalent à la question.	orientation cohérente avec le document officiel retenu|sans passage isolé directement équivalent|cohérent(?:e)? avec (?:la|le|les) (?:ligne|programme|document)	128
party	ps	PS	61	Immigration / assimilation	Le fait de conserver des pratiques culturelles ou religieuses très différentes de celles de la majorité française n'est pas en soi un problème tant que les lois françaises sont respectées.	2	2	https://www.parti-socialiste.fr/pour_une_politique_migratoire_internationale_et_europeenne	Accord net : sources officielles et prises de position convergentes ; le niveau de confiance documentaire a été réévalué indépendamment de l’intensité de la réponse.	niveau de confiance documentaire|sources officielles et prises de position convergentes|réévalué	165
party	ps	PS	63	Libertés / sécurité	Pour lutter contre le terrorisme, l'État devrait pouvoir surveiller préventivement une personne considérée comme présentant un risque sérieux, même sans preuve suffisante pour engager des poursuites pénales.	0	2	https://www.parti-socialiste.fr/pour_une_politique_migratoire_internationale_et_europeenne	Position équilibrée ou non tranchée : orientation cohérente avec le document officiel retenu, sans passage isolé directement équivalent à la question.	orientation cohérente avec le document officiel retenu|sans passage isolé directement équivalent|cohérent(?:e)? avec (?:la|le|les) (?:ligne|programme|document)	150
party	ps	PS	64	Libertés / expression	Une personne qui tient publiquement des propos profondément offensants mais qui n'appelle ni à la violence ni à commettre une infraction devrait être protégée par la liberté d'expression.	2	2	https://www.parti-socialiste.fr/pour_une_politique_migratoire_internationale_et_europeenne	Accord net : sources officielles et prises de position convergentes ; le niveau de confiance documentaire a été réévalué indépendamment de l’intensité de la réponse.	niveau de confiance documentaire|sources officielles et prises de position convergentes|réévalué	165
party	ps	PS	67	Écologie	Une taxe carbone qui réduit les émissions de CO₂ devrait être maintenue même si elle diminue le pouvoir d’achat des ménages modestes, à condition de compenser ces derniers par des aides ciblées.	3	2	https://parti-socialiste.fr/vie-parlementaire/notre-declaration-politique-17eme-legislature/	Accord fort : orientation cohérente avec le document officiel retenu, sans passage isolé directement équivalent à la question.	orientation cohérente avec le document officiel retenu|sans passage isolé directement équivalent|cohérent(?:e)? avec (?:la|le|les) (?:ligne|programme|document)	126
party	ps	PS	68	Écologie	La France devrait interdire progressivement la vente de voitures thermiques même si cela augmente temporairement le prix moyen des véhicules.	3	2	https://parti-socialiste.fr/vie-parlementaire/notre-declaration-politique-17eme-legislature/	Accord fort : orientation cohérente avec le document officiel retenu, sans passage isolé directement équivalent à la question.	orientation cohérente avec le document officiel retenu|sans passage isolé directement équivalent|cohérent(?:e)? avec (?:la|le|les) (?:ligne|programme|document)	126
party	ps	PS	69	Écologie	Il faut privilégier le nucléaire même si cela conduit à réduire certains investissements dans les renouvelables.	0	2	https://parti-socialiste.fr/vie-parlementaire/notre-declaration-politique-17eme-legislature/	Position équilibrée ou non tranchée : orientation cohérente avec le document officiel retenu, sans passage isolé directement équivalent à la question.	orientation cohérente avec le document officiel retenu|sans passage isolé directement équivalent|cohérent(?:e)? avec (?:la|le|les) (?:ligne|programme|document)	150
party	ps	PS	71	Écologie / croissance	Si la France pouvait réduire ses émissions de 20 % mais que cela réduisait son PIB de 3 %, alors que les autres pays ne faisaient aucun effort comparable, il faudrait quand même le faire.	2	2	https://parti-socialiste.fr/vie-parlementaire/notre-declaration-politique-17eme-legislature/	Accord net : sources officielles et prises de position convergentes ; le niveau de confiance documentaire a été réévalué indépendamment de l’intensité de la réponse.	niveau de confiance documentaire|sources officielles et prises de position convergentes|réévalué	165
party	ps	PS	74	Institutions	Le référendum devrait être beaucoup plus utilisé, même lorsque les citoyens votent sur des sujets dont ils maîtrisent mal les aspects techniques.	2	2	https://parti-socialiste.fr/vie-parlementaire/notre-declaration-politique-17eme-legislature/	Accord net : orientation cohérente avec le document officiel retenu, sans passage isolé directement équivalent à la question.	orientation cohérente avec le document officiel retenu|sans passage isolé directement équivalent|cohérent(?:e)? avec (?:la|le|les) (?:ligne|programme|document)	125
party	ps	PS	77	Institutions	La proportionnelle intégrale serait préférable au système actuel, même si elle rendait plus fréquentes les coalitions et les gouvernements instables.	2	2	https://parti-socialiste.fr/vie-parlementaire/notre-declaration-politique-17eme-legislature/	Accord fort : orientation cohérente avec le document officiel retenu, sans passage isolé directement équivalent à la question.	orientation cohérente avec le document officiel retenu|sans passage isolé directement équivalent|cohérent(?:e)? avec (?:la|le|les) (?:ligne|programme|document)	126
party	ps	PS	78	Immigration / assimilation	Le droit de séjour durable en France devrait dépendre, sauf impossibilité particulière, d’efforts concrets pour apprendre le français, comprendre les règles et usages du pays et participer à la vie collective.	1	2	https://www.parti-socialiste.fr/pour_une_politique_migratoire_internationale_et_europeenne	Accord modéré : orientation cohérente avec le document officiel retenu, sans passage isolé directement équivalent à la question.	orientation cohérente avec le document officiel retenu|sans passage isolé directement équivalent|cohérent(?:e)? avec (?:la|le|les) (?:ligne|programme|document)	128
party	ps	PS	79	Immigration / délinquance	Les différences de délinquance observées s’expliquent davantage par les inégalités sociales et économiques que par la culture d’origine des personnes concernées.	3	2	https://www.parti-socialiste.fr/pour_une_politique_migratoire_internationale_et_europeenne	Accord fort : orientation cohérente avec le document officiel retenu, sans passage isolé directement équivalent à la question.	orientation cohérente avec le document officiel retenu|sans passage isolé directement équivalent|cohérent(?:e)? avec (?:la|le|les) (?:ligne|programme|document)	126
party	ps	PS	81	Santé / accès aux soins	Dans les zones où l'accès aux soins est insuffisant, l'Assurance maladie devrait pouvoir limiter le conventionnement de nouveaux médecins dans les zones déjà bien dotées afin d'encourager leur installation dans les déserts médicaux.	3	3	https://www.assemblee-nationale.fr/dyn/17/scrutins/1214	Accord fort : le scrutin sur la régulation du conventionnement médical fournit la position parlementaire la plus proche ; pour les formations non représentées, le codage est déduit de leur ligne sur la liberté d'installation. Niveau de preuve : preuve directe ou politique explicitement documentée.	codage	298
party	ps	PS	86	Logement / locations touristiques	Dans les zones où le logement manque, une commune devrait pouvoir interdire la location touristique régulière d'un logement qui n'est pas la résidence principale de son propriétaire.	2	3	https://parti-socialiste.fr/wp-content/uploads/2026/06/PS_BataillesCommunes_V4_pages.pdf	Accord net : la source retenue précise le degré de régulation souhaité pour les meublés touristiques et les pouvoirs locaux. Niveau de preuve : preuve directe ou politique explicitement documentée.	source retenue	197
party	ps	PS	88	Défense / dissuasion nucléaire	La dissuasion nucléaire française devrait aussi protéger les partenaires européens, tout en laissant à la France seule la décision finale de l'employer.	3	3	https://parti-socialiste.fr/communiques-de-presse/dissuasion-nucleaire-francaise-le-ps-salue-une-ambition-europeenne-desormais-a-demontrer/	Accord fort : la source retenue porte sur l'extension européenne de la dissuasion ou, pour les pays non dotés, sur la protection nucléaire alliée. Niveau de preuve : preuve directe ou politique explicitement documentée.	source retenue	219
party	reconquete	Reconquête	1	Économie	Il faut réduire les impôts sur le travail et le capital, même si cela implique de réduire certaines dépenses publiques.	3	2	https://www.parti-reconquete.fr/	Accord fort : orientation cohérente avec le document officiel retenu, sans passage isolé directement équivalent à la question.	orientation cohérente avec le document officiel retenu|sans passage isolé directement équivalent|cohérent(?:e)? avec (?:la|le|les) (?:ligne|programme|document)	126
party	reconquete	Reconquête	3	Économie	L'État devrait davantage taxer les hauts revenus et les gros patrimoines afin de réduire les inégalités.	-3	2	https://www.parti-reconquete.fr/	Désaccord fort : codage cohérent avec la ligne programmatique générale du parti sur économie.	cohérent(?:e)? avec (?:la|le|les) (?:ligne|programme|document)|codage	93
party	reconquete	Reconquête	5	Économie	Le salaire minimum devrait être augmenté significativement.	-2	2	https://www.parti-reconquete.fr/	Désaccord net : codage cohérent avec la ligne programmatique générale du parti sur économie.	cohérent(?:e)? avec (?:la|le|les) (?:ligne|programme|document)|codage	92
party	reconquete	Reconquête	7	Économie	L'État devrait pouvoir nationaliser temporairement ou durablement une entreprise privée lorsqu'elle contrôle une activité stratégique pour le pays.	-2	2	https://www.parti-reconquete.fr/	Désaccord net : codage cohérent avec la ligne programmatique générale du parti sur économie.	cohérent(?:e)? avec (?:la|le|les) (?:ligne|programme|document)|codage	92
party	reconquete	Reconquête	9	État	La France dépense trop d'argent public et devrait accepter de réduire certaines politiques sociales pour revenir à l'équilibre budgétaire.	3	2	https://www.parti-reconquete.fr/	Accord fort : orientation cohérente avec le document officiel retenu, sans passage isolé directement équivalent à la question.	orientation cohérente avec le document officiel retenu|sans passage isolé directement équivalent|cohérent(?:e)? avec (?:la|le|les) (?:ligne|programme|document)	126
party	reconquete	Reconquête	10	État	L'État devrait garantir un niveau élevé de protection sociale, même si cela implique une fiscalité importante.	-2	2	https://www.parti-reconquete.fr/	Désaccord net : codage cohérent avec la ligne programmatique générale du parti sur état.	cohérent(?:e)? avec (?:la|le|les) (?:ligne|programme|document)|codage	88
party	reconquete	Reconquête	12	État	L'État devrait intervenir beaucoup plus fortement dans l'économie lorsque le marché produit des résultats jugés socialement indésirables.	-2	2	https://www.parti-reconquete.fr/	Désaccord net : codage cohérent avec la ligne programmatique générale du parti sur état.	cohérent(?:e)? avec (?:la|le|les) (?:ligne|programme|document)|codage	88
party	reconquete	Reconquête	14	Social / société	La société devrait accepter beaucoup plus largement les différents modes de vie, même lorsqu'ils s'éloignent des normes traditionnelles.	-2	3	https://www.parti-reconquete.fr/	Désaccord net : codage cohérent avec la ligne programmatique générale du parti sur social / société.	cohérent(?:e)? avec (?:la|le|les) (?:ligne|programme|document)|codage	100
party	reconquete	Reconquête	17	Social / société	Les politiques publiques devraient chercher à corriger activement les discriminations historiques ou structurelles entre groupes sociaux.	-2	2	https://www.parti-reconquete.fr/	Désaccord net : codage cohérent avec la ligne programmatique générale du parti sur social / société.	cohérent(?:e)? avec (?:la|le|les) (?:ligne|programme|document)|codage	100
party	reconquete	Reconquête	19	Social / société	Certaines traditions et valeurs culturelles méritent d'être préservées même si elles évoluent moins vite que la société.	3	3	https://www.parti-reconquete.fr/	Accord fort : codage cohérent avec la ligne programmatique générale du parti sur social / société.	cohérent(?:e)? avec (?:la|le|les) (?:ligne|programme|document)|codage	98
party	reconquete	Reconquête	20	Immigration	La France devrait réduire le nombre d'immigrants qu'elle accueille chaque année.	3	2	https://www.parti-reconquete.fr/	Accord fort : orientation cohérente avec le document officiel retenu, sans passage isolé directement équivalent à la question.	orientation cohérente avec le document officiel retenu|sans passage isolé directement équivalent|cohérent(?:e)? avec (?:la|le|les) (?:ligne|programme|document)	126
party	reconquete	Reconquête	23	Immigration	L'accès à la nationalité française devrait être rendu plus exigeant.	3	3	https://www.parti-reconquete.fr/	Accord fort : codage cohérent avec la ligne programmatique générale du parti sur immigration.	cohérent(?:e)? avec (?:la|le|les) (?:ligne|programme|document)|codage	93
party	reconquete	Reconquête	24	Immigration	La France devrait être beaucoup plus stricte concernant l'expulsion des étrangers condamnés pour des crimes graves.	3	2	https://www.parti-reconquete.fr/	Accord fort : orientation cohérente avec le document officiel retenu, sans passage isolé directement équivalent à la question.	orientation cohérente avec le document officiel retenu|sans passage isolé directement équivalent|cohérent(?:e)? avec (?:la|le|les) (?:ligne|programme|document)	126
party	reconquete	Reconquête	25	Immigration	Même lorsque l'immigration est économiquement bénéfique, elle peut être légitimement limitée pour préserver la cohésion culturelle du pays.	3	3	https://www.parti-reconquete.fr/	Accord fort : codage cohérent avec la ligne programmatique générale du parti sur immigration.	cohérent(?:e)? avec (?:la|le|les) (?:ligne|programme|document)|codage	93
party	reconquete	Reconquête	26	Immigration	La France devrait accueillir davantage de réfugiés lorsqu'ils fuient une guerre ou une persécution, même si cela représente un coût économique.	-3	2	https://www.parti-reconquete.fr/	Désaccord fort : codage cohérent avec la ligne programmatique générale du parti sur immigration.	cohérent(?:e)? avec (?:la|le|les) (?:ligne|programme|document)|codage	96
party	reconquete	Reconquête	27	Sécurité / justice	Les peines de prison effectives devraient être plus sévères, même si cela augmente fortement la population carcérale.	3	2	https://www.parti-reconquete.fr/	Accord fort : codage cohérent avec la ligne programmatique générale du parti sur sécurité / justice.	cohérent(?:e)? avec (?:la|le|les) (?:ligne|programme|document)|codage	100
party	reconquete	Reconquête	29	Sécurité / justice	La police devrait disposer de pouvoirs plus importants pour lutter contre la criminalité, quitte à accepter davantage de contrôles sur certaines libertés individuelles.	3	2	https://www.parti-reconquete.fr/	Accord fort : orientation cohérente avec le document officiel retenu, sans passage isolé directement équivalent à la question.	orientation cohérente avec le document officiel retenu|sans passage isolé directement équivalent|cohérent(?:e)? avec (?:la|le|les) (?:ligne|programme|document)	126
party	reconquete	Reconquête	32	Écologie	La lutte contre le changement climatique doit rester prioritaire même lorsqu'elle réduit la croissance économique à court terme.	0	2	https://www.parti-reconquete.fr/	Position équilibrée ou non tranchée : orientation cohérente avec le document officiel retenu, sans passage isolé directement équivalent à la question.	orientation cohérente avec le document officiel retenu|sans passage isolé directement équivalent|cohérent(?:e)? avec (?:la|le|les) (?:ligne|programme|document)	150
party	reconquete	Reconquête	33	Écologie	Il faut accepter une hausse importante du prix des énergies fossiles pour accélérer la transition écologique.	-2	2	https://www.parti-reconquete.fr/	Désaccord net : codage cohérent avec la ligne programmatique générale du parti sur écologie.	cohérent(?:e)? avec (?:la|le|les) (?:ligne|programme|document)|codage	92
party	reconquete	Reconquête	34	Economie	Une partie des cotisations sociales sur les salaires devrait être remplacée par une hausse de la TVA afin d’augmenter les salaires nets et de réduire le coût du travail, même si cela augmente le prix des biens et services consommés	0	1	https://www.parti-reconquete.fr/	Reconquête défend une baisse du coût du travail et des prélèvements, mais aucune proposition suffisamment précise de transfert vers la TVA n’a été retrouvée. Score neutre par prudence.	par prudence	184
party	reconquete	Reconquête	36	Écologie	Il est justifié d'interdire certains produits ou comportements très polluants même lorsque les consommateurs les souhaitent.	-1	2	https://www.parti-reconquete.fr/	Réserve : codage cohérent avec la ligne programmatique générale du parti sur écologie.	cohérent(?:e)? avec (?:la|le|les) (?:ligne|programme|document)|codage	86
party	reconquete	Reconquête	38	Europe	La France devrait transférer davantage de compétences à l'Union européenne afin de renforcer son poids économique et géopolitique.	-2	2	https://www.parti-reconquete.fr/	Désaccord net : orientation cohérente avec le document officiel retenu, sans passage isolé directement équivalent à la question.	orientation cohérente avec le document officiel retenu|sans passage isolé directement équivalent|cohérent(?:e)? avec (?:la|le|les) (?:ligne|programme|document)	128
party	reconquete	Reconquête	39	Europe	La France devrait conserver autant que possible sa souveraineté nationale, même si cela réduit son influence au niveau européen.	3	2	https://www.parti-reconquete.fr/	Accord fort : codage cohérent avec la ligne programmatique générale du parti sur europe.	cohérent(?:e)? avec (?:la|le|les) (?:ligne|programme|document)|codage	88
party	reconquete	Reconquête	40	Europe	L'euro est globalement bénéfique pour la France malgré la perte de certains instruments de politique économique.	1	2	https://www.parti-reconquete.fr/	Accord modéré : orientation cohérente avec le document officiel retenu, sans passage isolé directement équivalent à la question.	orientation cohérente avec le document officiel retenu|sans passage isolé directement équivalent|cohérent(?:e)? avec (?:la|le|les) (?:ligne|programme|document)	128
party	reconquete	Reconquête	41	Europe	L'Union européenne devrait pouvoir imposer davantage de règles communes aux États membres.	-2	2	https://www.parti-reconquete.fr/	Désaccord net : codage cohérent avec la ligne programmatique générale du parti sur europe.	cohérent(?:e)? avec (?:la|le|les) (?:ligne|programme|document)|codage	90
party	reconquete	Reconquête	42	Europe	En cas de conflit entre les intérêts économiques français et les règles européennes, la France devrait pouvoir désobéir à certaines règles européennes.	3	2	https://www.parti-reconquete.fr/	Accord fort : codage cohérent avec la ligne programmatique générale du parti sur europe.	cohérent(?:e)? avec (?:la|le|les) (?:ligne|programme|document)|codage	88
party	reconquete	Reconquête	43	Fiscalité / patrimoine	Il faudrait supprimer l'IFI et ne plus taxer spécifiquement le patrimoine immobilier au-delà de la fiscalité ordinaire.	2	2	https://www.parti-reconquete.fr/	Accord fort : orientation cohérente avec le document officiel retenu, sans passage isolé directement équivalent à la question.	orientation cohérente avec le document officiel retenu|sans passage isolé directement équivalent|cohérent(?:e)? avec (?:la|le|les) (?:ligne|programme|document)	126
party	reconquete	Reconquête	44	Fiscalité / patrimoine	L'héritage devrait être davantage taxé au-delà d'un certain seuil de patrimoine transmis, même si cela conduit certaines familles à transmettre moins de patrimoine à leurs enfants.	-3	2	https://www.parti-reconquete.fr/	Désaccord fort : codage cohérent avec la ligne programmatique générale du parti sur fiscalité / patrimoine.	cohérent(?:e)? avec (?:la|le|les) (?:ligne|programme|document)|codage	107
party	reconquete	Reconquête	46	Travail / chômage	Un chômeur devrait pouvoir perdre une partie significative de ses allocations s'il refuse plusieurs emplois raisonnablement adaptés à ses compétences.	2	2	https://www.parti-reconquete.fr/	Accord fort : codage cohérent avec la ligne programmatique générale du parti sur travail / chômage.	cohérent(?:e)? avec (?:la|le|les) (?:ligne|programme|document)|codage	99
party	reconquete	Reconquête	49	Retraites	Les retraites devraient être progressivement réformées vers un système combinant répartition et capitalisation, même si cela implique une période de transition coûteuse.	2	2	https://www.parti-reconquete.fr/	Accord net : codage cohérent avec la ligne programmatique générale du parti sur retraites.	cohérent(?:e)? avec (?:la|le|les) (?:ligne|programme|document)|codage	90
party	reconquete	Reconquête	51	Protection sociale	Les prestations sociales devraient être fortement conditionnées à la durée de cotisation et de participation au marché du travail.	2	2	https://www.parti-reconquete.fr/	Accord fort : codage cohérent avec la ligne programmatique générale du parti sur protection sociale.	cohérent(?:e)? avec (?:la|le|les) (?:ligne|programme|document)|codage	100
party	reconquete	Reconquête	53	État / entreprises	Une entreprise qui reçoit plusieurs milliards d'euros d'aides publiques devrait pouvoir être contrainte de limiter ses dividendes et les rémunérations de ses dirigeants tant que l'aide n'est pas remboursée.	0	2	https://www.parti-reconquete.fr/	Position équilibrée ou non tranchée : codage cohérent avec la ligne programmatique générale du parti sur état / entreprises.	cohérent(?:e)? avec (?:la|le|les) (?:ligne|programme|document)|codage	124
party	reconquete	Reconquête	55	État / entreprises	Il faudrait réduire fortement les normes administratives pesant sur les entreprises, même si certaines protections environnementales ou sociales deviennent moins strictes.	3	2	https://www.parti-reconquete.fr/	Accord fort : orientation cohérente avec le document officiel retenu, sans passage isolé directement équivalent à la question.	orientation cohérente avec le document officiel retenu|sans passage isolé directement équivalent|cohérent(?:e)? avec (?:la|le|les) (?:ligne|programme|document)	126
party	reconquete	Reconquête	57	Immigration / assimilation	L'accès à certaines prestations sociales devrait être beaucoup plus limité pendant les premières années suivant l'arrivée d'un immigré.	3	2	https://www.parti-reconquete.fr/	Accord fort : codage cohérent avec la ligne programmatique générale du parti sur immigration / assimilation.	cohérent(?:e)? avec (?:la|le|les) (?:ligne|programme|document)|codage	108
party	reconquete	Reconquête	59	Immigration / assimilation	Une personne née en France de parents étrangers devrait automatiquement devenir française à sa majorité si elle y a grandi, même si elle ne manifeste pas particulièrement d'attachement à la France.	-3	2	https://www.parti-reconquete.fr/	Désaccord fort : codage cohérent avec la ligne programmatique générale du parti sur immigration / assimilation.	cohérent(?:e)? avec (?:la|le|les) (?:ligne|programme|document)|codage	111
party	reconquete	Reconquête	60	Immigration / assimilation	La France devrait pouvoir refuser l'entrée à un immigré légalement admissible lorsqu'il existe de fortes raisons de penser qu'il ne souhaite pas s'intégrer culturellement à la société française.	3	2	https://www.parti-reconquete.fr/	Accord fort : codage cohérent avec la ligne programmatique générale du parti sur immigration / assimilation.	cohérent(?:e)? avec (?:la|le|les) (?:ligne|programme|document)|codage	108
party	reconquete	Reconquête	63	Libertés / sécurité	Pour lutter contre le terrorisme, l'État devrait pouvoir surveiller préventivement une personne considérée comme présentant un risque sérieux, même sans preuve suffisante pour engager des poursuites pénales.	3	2	https://www.parti-reconquete.fr/	Accord fort : orientation cohérente avec le document officiel retenu, sans passage isolé directement équivalent à la question.	orientation cohérente avec le document officiel retenu|sans passage isolé directement équivalent|cohérent(?:e)? avec (?:la|le|les) (?:ligne|programme|document)	126
party	reconquete	Reconquête	67	Écologie	Une taxe carbone qui réduit les émissions de CO₂ devrait être maintenue même si elle diminue le pouvoir d’achat des ménages modestes, à condition de compenser ces derniers par des aides ciblées.	-1	2	https://www.parti-reconquete.fr/	Réserve : codage cohérent avec la ligne programmatique générale du parti sur écologie.	cohérent(?:e)? avec (?:la|le|les) (?:ligne|programme|document)|codage	86
party	reconquete	Reconquête	68	Écologie	La France devrait interdire progressivement la vente de voitures thermiques même si cela augmente temporairement le prix moyen des véhicules.	-3	2	https://www.parti-reconquete.fr/	Désaccord fort : codage cohérent avec la ligne programmatique générale du parti sur écologie.	cohérent(?:e)? avec (?:la|le|les) (?:ligne|programme|document)|codage	93
party	reconquete	Reconquête	69	Écologie	Il faut privilégier le nucléaire même si cela conduit à réduire certains investissements dans les renouvelables.	3	2	https://www.parti-reconquete.fr/	Accord fort : codage cohérent avec la ligne programmatique générale du parti sur écologie.	cohérent(?:e)? avec (?:la|le|les) (?:ligne|programme|document)|codage	90
party	reconquete	Reconquête	74	Institutions	Le référendum devrait être beaucoup plus utilisé, même lorsque les citoyens votent sur des sujets dont ils maîtrisent mal les aspects techniques.	3	2	https://www.parti-reconquete.fr/	Accord fort : codage cohérent avec la ligne programmatique générale du parti sur institutions.	cohérent(?:e)? avec (?:la|le|les) (?:ligne|programme|document)|codage	94
party	reconquete	Reconquête	77	Institutions	La proportionnelle intégrale serait préférable au système actuel, même si elle rendait plus fréquentes les coalitions et les gouvernements instables.	1	2	https://www.parti-reconquete.fr/	Accord modéré : codage cohérent avec la ligne programmatique générale du parti sur institutions.	cohérent(?:e)? avec (?:la|le|les) (?:ligne|programme|document)|codage	96
party	reconquete	Reconquête	78	Immigration / assimilation	Le droit de séjour durable en France devrait dépendre, sauf impossibilité particulière, d’efforts concrets pour apprendre le français, comprendre les règles et usages du pays et participer à la vie collective.	3	2	https://www.parti-reconquete.fr/	Accord fort : orientation cohérente avec le document officiel retenu, sans passage isolé directement équivalent à la question.	orientation cohérente avec le document officiel retenu|sans passage isolé directement équivalent|cohérent(?:e)? avec (?:la|le|les) (?:ligne|programme|document)	126
party	reconquete	Reconquête	79	Immigration / délinquance	Les différences de délinquance observées s’expliquent davantage par les inégalités sociales et économiques que par la culture d’origine des personnes concernées.	-3	2	https://www.parti-reconquete.fr/	Désaccord fort : codage cohérent avec la ligne programmatique générale du parti sur immigration / délinquance.	cohérent(?:e)? avec (?:la|le|les) (?:ligne|programme|document)|codage	110
party	reconquete	Reconquête	81	Santé / accès aux soins	Dans les zones où l'accès aux soins est insuffisant, l'Assurance maladie devrait pouvoir limiter le conventionnement de nouveaux médecins dans les zones déjà bien dotées afin d'encourager leur installation dans les déserts médicaux.	-2	1	https://www.parti-reconquete.fr/	Désaccord net : le scrutin sur la régulation du conventionnement médical fournit la position parlementaire la plus proche ; pour les formations non représentées, le codage est déduit de leur ligne sur la liberté d'installation. Niveau de preuve : estimation prudente à partir de la ligne générale.	codage	297
party	reconquete	Reconquête	86	Logement / locations touristiques	Dans les zones où le logement manque, une commune devrait pouvoir interdire la location touristique régulière d'un logement qui n'est pas la résidence principale de son propriétaire.	-2	1	https://www.parti-reconquete.fr/	Désaccord net : la source retenue précise le degré de régulation souhaité pour les meublés touristiques et les pouvoirs locaux. Niveau de preuve : estimation prudente à partir de la ligne générale.	source retenue	197
party	reconquete	Reconquête	88	Défense / dissuasion nucléaire	La dissuasion nucléaire française devrait aussi protéger les partenaires européens, tout en laissant à la France seule la décision finale de l'employer.	-3	2	https://www.parti-reconquete.fr/	Désaccord fort : la source retenue porte sur l'extension européenne de la dissuasion ou, pour les pays non dotés, sur la protection nucléaire alliée. Niveau de preuve : faisceau d’indices cohérent, sans équivalent toujours parfaitement identique.	source retenue	246
party	renaissance	Renaissance	1	Économie	Il faut réduire les impôts sur le travail et le capital, même si cela implique de réduire certaines dépenses publiques.	2	2	https://parti-renaissance.fr/	Accord net : orientation cohérente avec le document officiel retenu, sans passage isolé directement équivalent à la question.	orientation cohérente avec le document officiel retenu|sans passage isolé directement équivalent|cohérent(?:e)? avec (?:la|le|les) (?:ligne|programme|document)	125
party	renaissance	Renaissance	2	Économie	Les inégalités économiques sont acceptables tant qu'elles résultent principalement du travail ou de la prise de risque.	2	2	https://parti-renaissance.fr/	Accord net : sources officielles et prises de position convergentes ; le niveau de confiance documentaire a été réévalué indépendamment de l’intensité de la réponse.	niveau de confiance documentaire|sources officielles et prises de position convergentes|réévalué	165
party	renaissance	Renaissance	3	Économie	L'État devrait davantage taxer les hauts revenus et les gros patrimoines afin de réduire les inégalités.	-1	2	https://parti-renaissance.fr/	Réserve : orientation cohérente avec le document officiel retenu, sans passage isolé directement équivalent à la question.	orientation cohérente avec le document officiel retenu|sans passage isolé directement équivalent|cohérent(?:e)? avec (?:la|le|les) (?:ligne|programme|document)	122
party	renaissance	Renaissance	5	Économie	Le salaire minimum devrait être augmenté significativement.	-1	2	https://parti-renaissance.fr/	Réserve : orientation cohérente avec le document officiel retenu, sans passage isolé directement équivalent à la question.	orientation cohérente avec le document officiel retenu|sans passage isolé directement équivalent|cohérent(?:e)? avec (?:la|le|les) (?:ligne|programme|document)	122
party	renaissance	Renaissance	6	Économie	Les entreprises privées sont généralement plus efficaces que l'État pour fournir des biens et services, même dans certains secteurs essentiels.	2	2	https://parti-renaissance.fr/	Accord net : sources officielles et prises de position convergentes ; le niveau de confiance documentaire a été réévalué indépendamment de l’intensité de la réponse.	niveau de confiance documentaire|sources officielles et prises de position convergentes|réévalué	165
party	renaissance	Renaissance	7	Économie	L'État devrait pouvoir nationaliser temporairement ou durablement une entreprise privée lorsqu'elle contrôle une activité stratégique pour le pays.	-1	2	https://parti-renaissance.fr/	Réserve : orientation cohérente avec le document officiel retenu, sans passage isolé directement équivalent à la question.	orientation cohérente avec le document officiel retenu|sans passage isolé directement équivalent|cohérent(?:e)? avec (?:la|le|les) (?:ligne|programme|document)	122
party	renaissance	Renaissance	8	Économie	La concurrence est généralement préférable à la réglementation pour améliorer les prix, la qualité et l'innovation.	2	2	https://parti-renaissance.fr/	Accord net : sources officielles et prises de position convergentes ; le niveau de confiance documentaire a été réévalué indépendamment de l’intensité de la réponse.	niveau de confiance documentaire|sources officielles et prises de position convergentes|réévalué	165
party	renaissance	Renaissance	9	État	La France dépense trop d'argent public et devrait accepter de réduire certaines politiques sociales pour revenir à l'équilibre budgétaire.	2	2	https://parti-renaissance.fr/	Accord net : orientation cohérente avec le document officiel retenu, sans passage isolé directement équivalent à la question.	orientation cohérente avec le document officiel retenu|sans passage isolé directement équivalent|cohérent(?:e)? avec (?:la|le|les) (?:ligne|programme|document)	125
party	renaissance	Renaissance	12	État	L'État devrait intervenir beaucoup plus fortement dans l'économie lorsque le marché produit des résultats jugés socialement indésirables.	0	2	https://parti-renaissance.fr/	Position équilibrée ou non tranchée : orientation cohérente avec le document officiel retenu, sans passage isolé directement équivalent à la question.	orientation cohérente avec le document officiel retenu|sans passage isolé directement équivalent|cohérent(?:e)? avec (?:la|le|les) (?:ligne|programme|document)	150
party	renaissance	Renaissance	13	État	Les citoyens devraient avoir davantage de liberté pour choisir eux-mêmes comment utiliser leur argent plutôt que de passer par des systèmes publics obligatoires.	1	2	https://parti-renaissance.fr/	Accord modéré : sources officielles et prises de position convergentes ; le niveau de confiance documentaire a été réévalué indépendamment de l’intensité de la réponse.	niveau de confiance documentaire|sources officielles et prises de position convergentes|réévalué	168
party	renaissance	Renaissance	14	Social / société	La société devrait accepter beaucoup plus largement les différents modes de vie, même lorsqu'ils s'éloignent des normes traditionnelles.	2	2	https://parti-renaissance.fr/	Accord net : codage cohérent avec la ligne programmatique générale du parti sur social / société.	cohérent(?:e)? avec (?:la|le|les) (?:ligne|programme|document)|codage	97
party	renaissance	Renaissance	16	Social / société	Réduire les inégalités peut parfois justifier de restreindre certaines libertés individuelles.	-2	2	https://parti-renaissance.fr/	Désaccord net : sources officielles et prises de position convergentes ; le niveau de confiance documentaire a été réévalué indépendamment de l’intensité de la réponse.	niveau de confiance documentaire|sources officielles et prises de position convergentes|réévalué	168
party	renaissance	Renaissance	17	Social / société	Les politiques publiques devraient chercher à corriger activement les discriminations historiques ou structurelles entre groupes sociaux.	2	2	https://parti-renaissance.fr/	Accord net : codage cohérent avec la ligne programmatique générale du parti sur social / société.	cohérent(?:e)? avec (?:la|le|les) (?:ligne|programme|document)|codage	97
party	renaissance	Renaissance	19	Social / société	Certaines traditions et valeurs culturelles méritent d'être préservées même si elles évoluent moins vite que la société.	1	2	https://parti-renaissance.fr/	Accord modéré : codage cohérent avec la ligne programmatique générale du parti sur social / société.	cohérent(?:e)? avec (?:la|le|les) (?:ligne|programme|document)|codage	100
party	renaissance	Renaissance	20	Immigration	La France devrait réduire le nombre d'immigrants qu'elle accueille chaque année.	1	2	https://parti-renaissance.fr/	Accord modéré : orientation cohérente avec le document officiel retenu, sans passage isolé directement équivalent à la question.	orientation cohérente avec le document officiel retenu|sans passage isolé directement équivalent|cohérent(?:e)? avec (?:la|le|les) (?:ligne|programme|document)	128
party	renaissance	Renaissance	21	Immigration	L'immigration économique est globalement bénéfique pour l'économie française.	2	2	https://parti-renaissance.fr/	Accord net : sources officielles et prises de position convergentes ; le niveau de confiance documentaire a été réévalué indépendamment de l’intensité de la réponse.	niveau de confiance documentaire|sources officielles et prises de position convergentes|réévalué	165
party	renaissance	Renaissance	23	Immigration	L'accès à la nationalité française devrait être rendu plus exigeant.	1	2	https://parti-renaissance.fr/	Accord modéré : orientation cohérente avec le document officiel retenu, sans passage isolé directement équivalent à la question.	orientation cohérente avec le document officiel retenu|sans passage isolé directement équivalent|cohérent(?:e)? avec (?:la|le|les) (?:ligne|programme|document)	128
party	renaissance	Renaissance	24	Immigration	La France devrait être beaucoup plus stricte concernant l'expulsion des étrangers condamnés pour des crimes graves.	3	2	https://parti-renaissance.fr/	Accord fort : orientation cohérente avec le document officiel retenu, sans passage isolé directement équivalent à la question.	orientation cohérente avec le document officiel retenu|sans passage isolé directement équivalent|cohérent(?:e)? avec (?:la|le|les) (?:ligne|programme|document)	126
party	renaissance	Renaissance	25	Immigration	Même lorsque l'immigration est économiquement bénéfique, elle peut être légitimement limitée pour préserver la cohésion culturelle du pays.	1	2	https://parti-renaissance.fr/	Accord modéré : orientation cohérente avec le document officiel retenu, sans passage isolé directement équivalent à la question.	orientation cohérente avec le document officiel retenu|sans passage isolé directement équivalent|cohérent(?:e)? avec (?:la|le|les) (?:ligne|programme|document)	128
party	renaissance	Renaissance	26	Immigration	La France devrait accueillir davantage de réfugiés lorsqu'ils fuient une guerre ou une persécution, même si cela représente un coût économique.	0	2	https://parti-renaissance.fr/	Position équilibrée ou non tranchée : orientation cohérente avec le document officiel retenu, sans passage isolé directement équivalent à la question.	orientation cohérente avec le document officiel retenu|sans passage isolé directement équivalent|cohérent(?:e)? avec (?:la|le|les) (?:ligne|programme|document)	150
party	renaissance	Renaissance	27	Sécurité / justice	Les peines de prison effectives devraient être plus sévères, même si cela augmente fortement la population carcérale.	1	2	https://parti-renaissance.fr/	Accord modéré : orientation cohérente avec le document officiel retenu, sans passage isolé directement équivalent à la question.	orientation cohérente avec le document officiel retenu|sans passage isolé directement équivalent|cohérent(?:e)? avec (?:la|le|les) (?:ligne|programme|document)	128
party	renaissance	Renaissance	29	Sécurité / justice	La police devrait disposer de pouvoirs plus importants pour lutter contre la criminalité, quitte à accepter davantage de contrôles sur certaines libertés individuelles.	2	2	https://parti-renaissance.fr/	Accord net : orientation cohérente avec le document officiel retenu, sans passage isolé directement équivalent à la question.	orientation cohérente avec le document officiel retenu|sans passage isolé directement équivalent|cohérent(?:e)? avec (?:la|le|les) (?:ligne|programme|document)	125
party	renaissance	Renaissance	32	Écologie	La lutte contre le changement climatique doit rester prioritaire même lorsqu'elle réduit la croissance économique à court terme.	2	2	https://parti-renaissance.fr/	Accord net : orientation cohérente avec le document officiel retenu, sans passage isolé directement équivalent à la question.	orientation cohérente avec le document officiel retenu|sans passage isolé directement équivalent|cohérent(?:e)? avec (?:la|le|les) (?:ligne|programme|document)	125
party	renaissance	Renaissance	33	Écologie	Il faut accepter une hausse importante du prix des énergies fossiles pour accélérer la transition écologique.	1	2	https://parti-renaissance.fr/	Accord modéré : codage cohérent avec la ligne programmatique générale du parti sur écologie.	cohérent(?:e)? avec (?:la|le|les) (?:ligne|programme|document)|codage	92
party	renaissance	Renaissance	35	Écologie	Les politiques écologiques devraient reposer principalement sur des mécanismes de marché comme la taxe carbone plutôt que sur des interdictions.	2	2	https://parti-renaissance.fr/	Accord net : sources officielles et prises de position convergentes ; le niveau de confiance documentaire a été réévalué indépendamment de l’intensité de la réponse.	niveau de confiance documentaire|sources officielles et prises de position convergentes|réévalué	165
party	renaissance	Renaissance	36	Écologie	Il est justifié d'interdire certains produits ou comportements très polluants même lorsque les consommateurs les souhaitent.	1	2	https://parti-renaissance.fr/	Accord modéré : codage cohérent avec la ligne programmatique générale du parti sur écologie.	cohérent(?:e)? avec (?:la|le|les) (?:ligne|programme|document)|codage	92
party	renaissance	Renaissance	37	Écologie	Les pays riches devraient supporter une part prépondérante du coût de la transition écologique mondiale.	2	2	https://parti-renaissance.fr/	Accord net : sources officielles et prises de position convergentes ; le niveau de confiance documentaire a été réévalué indépendamment de l’intensité de la réponse.	niveau de confiance documentaire|sources officielles et prises de position convergentes|réévalué	165
party	renaissance	Renaissance	38	Europe	La France devrait transférer davantage de compétences à l'Union européenne afin de renforcer son poids économique et géopolitique.	2	2	https://parti-renaissance.fr/	Accord net : orientation cohérente avec le document officiel retenu, sans passage isolé directement équivalent à la question.	orientation cohérente avec le document officiel retenu|sans passage isolé directement équivalent|cohérent(?:e)? avec (?:la|le|les) (?:ligne|programme|document)	125
party	renaissance	Renaissance	39	Europe	La France devrait conserver autant que possible sa souveraineté nationale, même si cela réduit son influence au niveau européen.	-2	2	https://parti-renaissance.fr/	Désaccord net : orientation cohérente avec le document officiel retenu, sans passage isolé directement équivalent à la question.	orientation cohérente avec le document officiel retenu|sans passage isolé directement équivalent|cohérent(?:e)? avec (?:la|le|les) (?:ligne|programme|document)	128
party	renaissance	Renaissance	40	Europe	L'euro est globalement bénéfique pour la France malgré la perte de certains instruments de politique économique.	3	2	https://parti-renaissance.fr/	Accord fort : orientation cohérente avec le document officiel retenu, sans passage isolé directement équivalent à la question.	orientation cohérente avec le document officiel retenu|sans passage isolé directement équivalent|cohérent(?:e)? avec (?:la|le|les) (?:ligne|programme|document)	126
party	renaissance	Renaissance	41	Europe	L'Union européenne devrait pouvoir imposer davantage de règles communes aux États membres.	2	2	https://parti-renaissance.fr/	Accord net : orientation cohérente avec le document officiel retenu, sans passage isolé directement équivalent à la question.	orientation cohérente avec le document officiel retenu|sans passage isolé directement équivalent|cohérent(?:e)? avec (?:la|le|les) (?:ligne|programme|document)	125
party	renaissance	Renaissance	42	Europe	En cas de conflit entre les intérêts économiques français et les règles européennes, la France devrait pouvoir désobéir à certaines règles européennes.	-3	2	https://parti-renaissance.fr/	Désaccord fort : orientation cohérente avec le document officiel retenu, sans passage isolé directement équivalent à la question.	orientation cohérente avec le document officiel retenu|sans passage isolé directement équivalent|cohérent(?:e)? avec (?:la|le|les) (?:ligne|programme|document)	129
party	renaissance	Renaissance	43	Fiscalité / patrimoine	Il faudrait supprimer l'IFI et ne plus taxer spécifiquement le patrimoine immobilier au-delà de la fiscalité ordinaire.	1	2	https://parti-renaissance.fr/	Accord modéré : orientation cohérente avec le document officiel retenu, sans passage isolé directement équivalent à la question.	orientation cohérente avec le document officiel retenu|sans passage isolé directement équivalent|cohérent(?:e)? avec (?:la|le|les) (?:ligne|programme|document)	128
party	renaissance	Renaissance	44	Fiscalité / patrimoine	L'héritage devrait être davantage taxé au-delà d'un certain seuil de patrimoine transmis, même si cela conduit certaines familles à transmettre moins de patrimoine à leurs enfants.	-1	2	https://parti-renaissance.fr/	Réserve : orientation cohérente avec le document officiel retenu, sans passage isolé directement équivalent à la question.	orientation cohérente avec le document officiel retenu|sans passage isolé directement équivalent|cohérent(?:e)? avec (?:la|le|les) (?:ligne|programme|document)	122
party	renaissance	Renaissance	45	Fiscalité / patrimoine	Les très grandes fortunes devraient être imposées sur leur patrimoine mondial, même lorsqu'elles quittent la France.	0	2	https://parti-renaissance.fr/	Position équilibrée ou non tranchée : orientation cohérente avec le document officiel retenu, sans passage isolé directement équivalent à la question.	orientation cohérente avec le document officiel retenu|sans passage isolé directement équivalent|cohérent(?:e)? avec (?:la|le|les) (?:ligne|programme|document)	150
party	renaissance	Renaissance	46	Travail / chômage	Un chômeur devrait pouvoir perdre une partie significative de ses allocations s'il refuse plusieurs emplois raisonnablement adaptés à ses compétences.	2	2	https://parti-renaissance.fr/	Accord net : orientation cohérente avec le document officiel retenu, sans passage isolé directement équivalent à la question.	orientation cohérente avec le document officiel retenu|sans passage isolé directement équivalent|cohérent(?:e)? avec (?:la|le|les) (?:ligne|programme|document)	125
party	renaissance	Renaissance	48	Travail / chômage	Le CDI protège trop fortement les salariés déjà en poste et peut rendre plus difficile l’accès à l’emploi stable, au détriment des jeunes, chômeurs ou travailleurs en contrats précaires.	2	2	https://parti-renaissance.fr/	Accord net : sources officielles et prises de position convergentes ; le niveau de confiance documentaire a été réévalué indépendamment de l’intensité de la réponse.	niveau de confiance documentaire|sources officielles et prises de position convergentes|réévalué	165
party	renaissance	Renaissance	51	Protection sociale	Les prestations sociales devraient être fortement conditionnées à la durée de cotisation et de participation au marché du travail.	2	2	https://parti-renaissance.fr/	Accord net : orientation cohérente avec le document officiel retenu, sans passage isolé directement équivalent à la question.	orientation cohérente avec le document officiel retenu|sans passage isolé directement équivalent|cohérent(?:e)? avec (?:la|le|les) (?:ligne|programme|document)	125
party	renaissance	Renaissance	53	État / entreprises	Une entreprise qui reçoit plusieurs milliards d'euros d'aides publiques devrait pouvoir être contrainte de limiter ses dividendes et les rémunérations de ses dirigeants tant que l'aide n'est pas remboursée.	1	2	https://parti-renaissance.fr/	Accord modéré : codage cohérent avec la ligne programmatique générale du parti sur état / entreprises.	cohérent(?:e)? avec (?:la|le|les) (?:ligne|programme|document)|codage	102
party	renaissance	Renaissance	57	Immigration / assimilation	L'accès à certaines prestations sociales devrait être beaucoup plus limité pendant les premières années suivant l'arrivée d'un immigré.	1	2	https://parti-renaissance.fr/	Accord modéré : orientation cohérente avec le document officiel retenu, sans passage isolé directement équivalent à la question.	orientation cohérente avec le document officiel retenu|sans passage isolé directement équivalent|cohérent(?:e)? avec (?:la|le|les) (?:ligne|programme|document)	128
party	renaissance	Renaissance	58	Immigration / assimilation	La France devrait privilégier l'immigration économique qualifiée, même si cela signifie accueillir moins de personnes peu qualifiées.	2	2	https://parti-renaissance.fr/	Accord net : sources officielles et prises de position convergentes ; le niveau de confiance documentaire a été réévalué indépendamment de l’intensité de la réponse.	niveau de confiance documentaire|sources officielles et prises de position convergentes|réévalué	165
party	renaissance	Renaissance	59	Immigration / assimilation	Une personne née en France de parents étrangers devrait automatiquement devenir française à sa majorité si elle y a grandi, même si elle ne manifeste pas particulièrement d'attachement à la France.	2	2	https://parti-renaissance.fr/	Accord net : orientation cohérente avec le document officiel retenu, sans passage isolé directement équivalent à la question.	orientation cohérente avec le document officiel retenu|sans passage isolé directement équivalent|cohérent(?:e)? avec (?:la|le|les) (?:ligne|programme|document)	125
party	renaissance	Renaissance	60	Immigration / assimilation	La France devrait pouvoir refuser l'entrée à un immigré légalement admissible lorsqu'il existe de fortes raisons de penser qu'il ne souhaite pas s'intégrer culturellement à la société française.	1	2	https://parti-renaissance.fr/	Accord modéré : orientation cohérente avec le document officiel retenu, sans passage isolé directement équivalent à la question.	orientation cohérente avec le document officiel retenu|sans passage isolé directement équivalent|cohérent(?:e)? avec (?:la|le|les) (?:ligne|programme|document)	128
party	renaissance	Renaissance	63	Libertés / sécurité	Pour lutter contre le terrorisme, l'État devrait pouvoir surveiller préventivement une personne considérée comme présentant un risque sérieux, même sans preuve suffisante pour engager des poursuites pénales.	2	2	https://parti-renaissance.fr/	Accord net : orientation cohérente avec le document officiel retenu, sans passage isolé directement équivalent à la question.	orientation cohérente avec le document officiel retenu|sans passage isolé directement équivalent|cohérent(?:e)? avec (?:la|le|les) (?:ligne|programme|document)	125
party	renaissance	Renaissance	67	Écologie	Une taxe carbone qui réduit les émissions de CO₂ devrait être maintenue même si elle diminue le pouvoir d’achat des ménages modestes, à condition de compenser ces derniers par des aides ciblées.	2	2	https://parti-renaissance.fr/	Accord net : orientation cohérente avec le document officiel retenu, sans passage isolé directement équivalent à la question.	orientation cohérente avec le document officiel retenu|sans passage isolé directement équivalent|cohérent(?:e)? avec (?:la|le|les) (?:ligne|programme|document)	125
party	renaissance	Renaissance	68	Écologie	La France devrait interdire progressivement la vente de voitures thermiques même si cela augmente temporairement le prix moyen des véhicules.	2	2	https://parti-renaissance.fr/	Accord net : orientation cohérente avec le document officiel retenu, sans passage isolé directement équivalent à la question.	orientation cohérente avec le document officiel retenu|sans passage isolé directement équivalent|cohérent(?:e)? avec (?:la|le|les) (?:ligne|programme|document)	125
party	renaissance	Renaissance	72	Institutions	Pour certaines décisions économiques complexes, il serait préférable de confier davantage de pouvoir à des institutions indépendantes composées d'experts plutôt qu'aux responsables politiques élus.	2	2	https://parti-renaissance.fr/	Accord net : sources officielles et prises de position convergentes ; le niveau de confiance documentaire a été réévalué indépendamment de l’intensité de la réponse.	niveau de confiance documentaire|sources officielles et prises de position convergentes|réévalué	165
party	renaissance	Renaissance	73	Institutions	Un gouvernement devrait pouvoir prendre une décision économiquement nécessaire mais très impopulaire sans chercher à obtenir l'approbation immédiate de la population.	2	2	https://parti-renaissance.fr/	Accord net : sources officielles et prises de position convergentes ; le niveau de confiance documentaire a été réévalué indépendamment de l’intensité de la réponse.	niveau de confiance documentaire|sources officielles et prises de position convergentes|réévalué	165
party	renaissance	Renaissance	74	Institutions	Le référendum devrait être beaucoup plus utilisé, même lorsque les citoyens votent sur des sujets dont ils maîtrisent mal les aspects techniques.	0	2	https://parti-renaissance.fr/	Position équilibrée ou non tranchée : orientation cohérente avec le document officiel retenu, sans passage isolé directement équivalent à la question.	orientation cohérente avec le document officiel retenu|sans passage isolé directement équivalent|cohérent(?:e)? avec (?:la|le|les) (?:ligne|programme|document)	150
party	renaissance	Renaissance	76	Institutions	Le président de la République devrait disposer de davantage de pouvoirs pour pouvoir mettre en œuvre un programme pendant cinq ans sans être constamment bloqué par le Parlement.	2	2	https://parti-renaissance.fr/	Accord net : sources officielles et prises de position convergentes ; le niveau de confiance documentaire a été réévalué indépendamment de l’intensité de la réponse.	niveau de confiance documentaire|sources officielles et prises de position convergentes|réévalué	165
party	renaissance	Renaissance	77	Institutions	La proportionnelle intégrale serait préférable au système actuel, même si elle rendait plus fréquentes les coalitions et les gouvernements instables.	-1	2	https://parti-renaissance.fr/	Réserve : orientation cohérente avec le document officiel retenu, sans passage isolé directement équivalent à la question.	orientation cohérente avec le document officiel retenu|sans passage isolé directement équivalent|cohérent(?:e)? avec (?:la|le|les) (?:ligne|programme|document)	122
party	renaissance	Renaissance	78	Immigration / assimilation	Le droit de séjour durable en France devrait dépendre, sauf impossibilité particulière, d’efforts concrets pour apprendre le français, comprendre les règles et usages du pays et participer à la vie collective.	3	2	https://parti-renaissance.fr/	Accord fort : orientation cohérente avec le document officiel retenu, sans passage isolé directement équivalent à la question.	orientation cohérente avec le document officiel retenu|sans passage isolé directement équivalent|cohérent(?:e)? avec (?:la|le|les) (?:ligne|programme|document)	126
party	renaissance	Renaissance	79	Immigration / délinquance	Les différences de délinquance observées s’expliquent davantage par les inégalités sociales et économiques que par la culture d’origine des personnes concernées.	1	2	https://parti-renaissance.fr/	Accord modéré : orientation cohérente avec le document officiel retenu, sans passage isolé directement équivalent à la question.	orientation cohérente avec le document officiel retenu|sans passage isolé directement équivalent|cohérent(?:e)? avec (?:la|le|les) (?:ligne|programme|document)	128
party	renaissance	Renaissance	81	Santé / accès aux soins	Dans les zones où l'accès aux soins est insuffisant, l'Assurance maladie devrait pouvoir limiter le conventionnement de nouveaux médecins dans les zones déjà bien dotées afin d'encourager leur installation dans les déserts médicaux.	-2	3	https://www.assemblee-nationale.fr/dyn/17/scrutins/1214	Désaccord net : le scrutin sur la régulation du conventionnement médical fournit la position parlementaire la plus proche ; pour les formations non représentées, le codage est déduit de leur ligne sur la liberté d'installation. Niveau de preuve : preuve directe ou politique explicitement documentée.	codage	300
party	renaissance	Renaissance	86	Logement / locations touristiques	Dans les zones où le logement manque, une commune devrait pouvoir interdire la location touristique régulière d'un logement qui n'est pas la résidence principale de son propriétaire.	1	1	https://ensemble-2024.fr/notre-projet	Accord modéré : la source retenue précise le degré de régulation souhaité pour les meublés touristiques et les pouvoirs locaux. Niveau de preuve : estimation prudente à partir de la ligne générale.	source retenue	197
party	renaissance	Renaissance	88	Défense / dissuasion nucléaire	La dissuasion nucléaire française devrait aussi protéger les partenaires européens, tout en laissant à la France seule la décision finale de l'employer.	3	3	https://ensemble-2024.fr/notre-projet	Accord fort : la source retenue porte sur l'extension européenne de la dissuasion ou, pour les pays non dotés, sur la protection nucléaire alliée. Niveau de preuve : preuve directe ou politique explicitement documentée.	source retenue	219
party	rn	RN	1	Économie	Il faut réduire les impôts sur le travail et le capital, même si cela implique de réduire certaines dépenses publiques.	1	2	https://rassemblementnational.fr/documents/202406-programme.pdf	Accord modéré : orientation cohérente avec le document officiel retenu, sans passage isolé directement équivalent à la question.	orientation cohérente avec le document officiel retenu|sans passage isolé directement équivalent|cohérent(?:e)? avec (?:la|le|les) (?:ligne|programme|document)	128
party	rn	RN	3	Économie	L'État devrait davantage taxer les hauts revenus et les gros patrimoines afin de réduire les inégalités.	-1	2	https://rassemblementnational.fr/documents/202406-programme.pdf	Réserve : orientation cohérente avec le document officiel retenu, sans passage isolé directement équivalent à la question.	orientation cohérente avec le document officiel retenu|sans passage isolé directement équivalent|cohérent(?:e)? avec (?:la|le|les) (?:ligne|programme|document)	122
party	rn	RN	7	Économie	L'État devrait pouvoir nationaliser temporairement ou durablement une entreprise privée lorsqu'elle contrôle une activité stratégique pour le pays.	2	2	https://rassemblementnational.fr/documents/202406-programme.pdf	Accord net : orientation cohérente avec le document officiel retenu, sans passage isolé directement équivalent à la question.	orientation cohérente avec le document officiel retenu|sans passage isolé directement équivalent|cohérent(?:e)? avec (?:la|le|les) (?:ligne|programme|document)	125
party	rn	RN	12	État	L'État devrait intervenir beaucoup plus fortement dans l'économie lorsque le marché produit des résultats jugés socialement indésirables.	2	2	https://rassemblementnational.fr/documents/202406-programme.pdf	Accord net : orientation cohérente avec le document officiel retenu, sans passage isolé directement équivalent à la question.	orientation cohérente avec le document officiel retenu|sans passage isolé directement équivalent|cohérent(?:e)? avec (?:la|le|les) (?:ligne|programme|document)	125
party	rn	RN	14	Social / société	La société devrait accepter beaucoup plus largement les différents modes de vie, même lorsqu'ils s'éloignent des normes traditionnelles.	-2	3	https://rassemblementnational.fr/livrets-thematiques	Réserve : codage cohérent avec la ligne programmatique générale du parti sur social / société.	cohérent(?:e)? avec (?:la|le|les) (?:ligne|programme|document)|codage	94
party	rn	RN	17	Social / société	Les politiques publiques devraient chercher à corriger activement les discriminations historiques ou structurelles entre groupes sociaux.	-1	2	https://rassemblementnational.fr/livrets-thematiques	Réserve : codage cohérent avec la ligne programmatique générale du parti sur social / société.	cohérent(?:e)? avec (?:la|le|les) (?:ligne|programme|document)|codage	94
party	rn	RN	19	Social / société	Certaines traditions et valeurs culturelles méritent d'être préservées même si elles évoluent moins vite que la société.	3	2	https://rassemblementnational.fr/livrets-thematiques	Accord fort : codage cohérent avec la ligne programmatique générale du parti sur social / société.	cohérent(?:e)? avec (?:la|le|les) (?:ligne|programme|document)|codage	98
party	rn	RN	20	Immigration	La France devrait réduire le nombre d'immigrants qu'elle accueille chaque année.	3	3	https://municipales2026.rassemblementnational.fr/communiques/le-rn-impose-un-tournant-historique-dans-la-lutte-contre-limmigration-illegale	Accord fort : preuve primaire directe ou proposition officielle très proche ; le niveau de confiance documentaire a été réévalué indépendamment de l’intensité de la réponse.	niveau de confiance documentaire|réévalué	173
party	rn	RN	23	Immigration	L'accès à la nationalité française devrait être rendu plus exigeant.	3	3	https://municipales2026.rassemblementnational.fr/communiques/le-rn-impose-un-tournant-historique-dans-la-lutte-contre-limmigration-illegale	Accord fort : preuve primaire directe ou proposition officielle très proche ; le niveau de confiance documentaire a été réévalué indépendamment de l’intensité de la réponse.	niveau de confiance documentaire|réévalué	173
party	rn	RN	24	Immigration	La France devrait être beaucoup plus stricte concernant l'expulsion des étrangers condamnés pour des crimes graves.	3	3	https://municipales2026.rassemblementnational.fr/communiques/le-rn-impose-un-tournant-historique-dans-la-lutte-contre-limmigration-illegale	Accord fort : preuve primaire directe ou proposition officielle très proche ; le niveau de confiance documentaire a été réévalué indépendamment de l’intensité de la réponse.	niveau de confiance documentaire|réévalué	173
party	rn	RN	25	Immigration	Même lorsque l'immigration est économiquement bénéfique, elle peut être légitimement limitée pour préserver la cohésion culturelle du pays.	3	3	https://municipales2026.rassemblementnational.fr/communiques/le-rn-impose-un-tournant-historique-dans-la-lutte-contre-limmigration-illegale	Accord fort : preuve primaire directe ou proposition officielle très proche ; le niveau de confiance documentaire a été réévalué indépendamment de l’intensité de la réponse.	niveau de confiance documentaire|réévalué	173
party	rn	RN	26	Immigration	La France devrait accueillir davantage de réfugiés lorsqu'ils fuient une guerre ou une persécution, même si cela représente un coût économique.	-3	2	https://rassemblementnational.fr/livrets-thematiques	Désaccord fort : orientation cohérente avec le document officiel retenu, sans passage isolé directement équivalent à la question.	orientation cohérente avec le document officiel retenu|sans passage isolé directement équivalent|cohérent(?:e)? avec (?:la|le|les) (?:ligne|programme|document)	129
party	rn	RN	27	Sécurité / justice	Les peines de prison effectives devraient être plus sévères, même si cela augmente fortement la population carcérale.	3	2	https://rassemblementnational.fr/livrets-thematiques	Accord fort : orientation cohérente avec le document officiel retenu, sans passage isolé directement équivalent à la question.	orientation cohérente avec le document officiel retenu|sans passage isolé directement équivalent|cohérent(?:e)? avec (?:la|le|les) (?:ligne|programme|document)	126
party	rn	RN	29	Sécurité / justice	La police devrait disposer de pouvoirs plus importants pour lutter contre la criminalité, quitte à accepter davantage de contrôles sur certaines libertés individuelles.	3	2	https://rassemblementnational.fr/livrets-thematiques	Accord fort : orientation cohérente avec le document officiel retenu, sans passage isolé directement équivalent à la question.	orientation cohérente avec le document officiel retenu|sans passage isolé directement équivalent|cohérent(?:e)? avec (?:la|le|les) (?:ligne|programme|document)	126
party	rn	RN	32	Écologie	La lutte contre le changement climatique doit rester prioritaire même lorsqu'elle réduit la croissance économique à court terme.	0	2	https://rassemblementnational.fr/documents/202411-programme-europeennes.pdf	Position équilibrée ou non tranchée : orientation cohérente avec le document officiel retenu, sans passage isolé directement équivalent à la question.	orientation cohérente avec le document officiel retenu|sans passage isolé directement équivalent|cohérent(?:e)? avec (?:la|le|les) (?:ligne|programme|document)	150
party	rn	RN	33	Écologie	Il faut accepter une hausse importante du prix des énergies fossiles pour accélérer la transition écologique.	-2	2	https://rassemblementnational.fr/documents/202411-programme-europeennes.pdf	Désaccord net : codage cohérent avec la ligne programmatique générale du parti sur écologie.	cohérent(?:e)? avec (?:la|le|les) (?:ligne|programme|document)|codage	92
party	rn	RN	36	Écologie	Il est justifié d'interdire certains produits ou comportements très polluants même lorsque les consommateurs les souhaitent.	-1	2	https://rassemblementnational.fr/documents/202411-programme-europeennes.pdf	Réserve : codage cohérent avec la ligne programmatique générale du parti sur écologie.	cohérent(?:e)? avec (?:la|le|les) (?:ligne|programme|document)|codage	86
party	rn	RN	38	Europe	La France devrait transférer davantage de compétences à l'Union européenne afin de renforcer son poids économique et géopolitique.	-2	2	https://rassemblementnational.fr/documents/202411-programme-europeennes.pdf	Désaccord net : orientation cohérente avec le document officiel retenu, sans passage isolé directement équivalent à la question.	orientation cohérente avec le document officiel retenu|sans passage isolé directement équivalent|cohérent(?:e)? avec (?:la|le|les) (?:ligne|programme|document)	128
party	rn	RN	39	Europe	La France devrait conserver autant que possible sa souveraineté nationale, même si cela réduit son influence au niveau européen.	3	3	https://rassemblementnational.fr/documents/202411-programme-europeennes.pdf	Accord fort : preuve primaire directe ou proposition officielle très proche ; le niveau de confiance documentaire a été réévalué indépendamment de l’intensité de la réponse.	niveau de confiance documentaire|réévalué	173
party	rn	RN	40	Europe	L'euro est globalement bénéfique pour la France malgré la perte de certains instruments de politique économique.	1	2	https://rassemblementnational.fr/documents/202411-programme-europeennes.pdf	Accord modéré : orientation cohérente avec le document officiel retenu, sans passage isolé directement équivalent à la question.	orientation cohérente avec le document officiel retenu|sans passage isolé directement équivalent|cohérent(?:e)? avec (?:la|le|les) (?:ligne|programme|document)	128
party	rn	RN	41	Europe	L'Union européenne devrait pouvoir imposer davantage de règles communes aux États membres.	-2	2	https://rassemblementnational.fr/documents/202411-programme-europeennes.pdf	Désaccord net : orientation cohérente avec le document officiel retenu, sans passage isolé directement équivalent à la question.	orientation cohérente avec le document officiel retenu|sans passage isolé directement équivalent|cohérent(?:e)? avec (?:la|le|les) (?:ligne|programme|document)	128
party	rn	RN	42	Europe	En cas de conflit entre les intérêts économiques français et les règles européennes, la France devrait pouvoir désobéir à certaines règles européennes.	3	3	https://rassemblementnational.fr/documents/202411-programme-europeennes.pdf	Accord fort : preuve primaire directe ou proposition officielle très proche ; le niveau de confiance documentaire a été réévalué indépendamment de l’intensité de la réponse.	niveau de confiance documentaire|réévalué	173
party	rn	RN	43	Fiscalité / patrimoine	Il faudrait supprimer l'IFI et ne plus taxer spécifiquement le patrimoine immobilier au-delà de la fiscalité ordinaire.	2	2	https://rassemblementnational.fr/documents/202406-programme.pdf	Accord net : orientation cohérente avec le document officiel retenu, sans passage isolé directement équivalent à la question.	orientation cohérente avec le document officiel retenu|sans passage isolé directement équivalent|cohérent(?:e)? avec (?:la|le|les) (?:ligne|programme|document)	125
party	rn	RN	44	Fiscalité / patrimoine	L'héritage devrait être davantage taxé au-delà d'un certain seuil de patrimoine transmis, même si cela conduit certaines familles à transmettre moins de patrimoine à leurs enfants.	-2	2	https://rassemblementnational.fr/documents/202406-programme.pdf	Désaccord net : orientation cohérente avec le document officiel retenu, sans passage isolé directement équivalent à la question.	orientation cohérente avec le document officiel retenu|sans passage isolé directement équivalent|cohérent(?:e)? avec (?:la|le|les) (?:ligne|programme|document)	128
party	rn	RN	45	Fiscalité / patrimoine	Les très grandes fortunes devraient être imposées sur leur patrimoine mondial, même lorsqu'elles quittent la France.	-1	2	https://rassemblementnational.fr/documents/202406-programme.pdf	Réserve : orientation cohérente avec le document officiel retenu, sans passage isolé directement équivalent à la question.	orientation cohérente avec le document officiel retenu|sans passage isolé directement équivalent|cohérent(?:e)? avec (?:la|le|les) (?:ligne|programme|document)	122
party	rn	RN	46	Travail / chômage	Un chômeur devrait pouvoir perdre une partie significative de ses allocations s'il refuse plusieurs emplois raisonnablement adaptés à ses compétences.	3	2	https://rassemblementnational.fr/documents/202406-programme.pdf	Accord fort : orientation cohérente avec le document officiel retenu, sans passage isolé directement équivalent à la question.	orientation cohérente avec le document officiel retenu|sans passage isolé directement équivalent|cohérent(?:e)? avec (?:la|le|les) (?:ligne|programme|document)	126
party	rn	RN	51	Protection sociale	Les prestations sociales devraient être fortement conditionnées à la durée de cotisation et de participation au marché du travail.	2	2	https://rassemblementnational.fr/documents/202406-programme.pdf	Accord fort : orientation cohérente avec le document officiel retenu, sans passage isolé directement équivalent à la question.	orientation cohérente avec le document officiel retenu|sans passage isolé directement équivalent|cohérent(?:e)? avec (?:la|le|les) (?:ligne|programme|document)	126
party	rn	RN	53	État / entreprises	Une entreprise qui reçoit plusieurs milliards d'euros d'aides publiques devrait pouvoir être contrainte de limiter ses dividendes et les rémunérations de ses dirigeants tant que l'aide n'est pas remboursée.	2	2	https://rassemblementnational.fr/documents/202406-programme.pdf	Accord net : codage cohérent avec la ligne programmatique générale du parti sur état / entreprises.	cohérent(?:e)? avec (?:la|le|les) (?:ligne|programme|document)|codage	99
party	rn	RN	57	Immigration / assimilation	L'accès à certaines prestations sociales devrait être beaucoup plus limité pendant les premières années suivant l'arrivée d'un immigré.	3	2	https://rassemblementnational.fr/livrets-thematiques	Accord fort : orientation cohérente avec le document officiel retenu, sans passage isolé directement équivalent à la question.	orientation cohérente avec le document officiel retenu|sans passage isolé directement équivalent|cohérent(?:e)? avec (?:la|le|les) (?:ligne|programme|document)	126
party	rn	RN	58	Immigration / assimilation	La France devrait privilégier l'immigration économique qualifiée, même si cela signifie accueillir moins de personnes peu qualifiées.	1	2	https://rassemblementnational.fr/livrets-thematiques	Accord modéré : sources officielles et prises de position convergentes ; le niveau de confiance documentaire a été réévalué indépendamment de l’intensité de la réponse.	niveau de confiance documentaire|sources officielles et prises de position convergentes|réévalué	168
party	rn	RN	59	Immigration / assimilation	Une personne née en France de parents étrangers devrait automatiquement devenir française à sa majorité si elle y a grandi, même si elle ne manifeste pas particulièrement d'attachement à la France.	-3	2	https://rassemblementnational.fr/livrets-thematiques	Désaccord fort : orientation cohérente avec le document officiel retenu, sans passage isolé directement équivalent à la question.	orientation cohérente avec le document officiel retenu|sans passage isolé directement équivalent|cohérent(?:e)? avec (?:la|le|les) (?:ligne|programme|document)	129
party	rn	RN	60	Immigration / assimilation	La France devrait pouvoir refuser l'entrée à un immigré légalement admissible lorsqu'il existe de fortes raisons de penser qu'il ne souhaite pas s'intégrer culturellement à la société française.	3	2	https://rassemblementnational.fr/livrets-thematiques	Accord fort : orientation cohérente avec le document officiel retenu, sans passage isolé directement équivalent à la question.	orientation cohérente avec le document officiel retenu|sans passage isolé directement équivalent|cohérent(?:e)? avec (?:la|le|les) (?:ligne|programme|document)	126
party	rn	RN	63	Libertés / sécurité	Pour lutter contre le terrorisme, l'État devrait pouvoir surveiller préventivement une personne considérée comme présentant un risque sérieux, même sans preuve suffisante pour engager des poursuites pénales.	3	2	https://rassemblementnational.fr/livrets-thematiques	Accord fort : orientation cohérente avec le document officiel retenu, sans passage isolé directement équivalent à la question.	orientation cohérente avec le document officiel retenu|sans passage isolé directement équivalent|cohérent(?:e)? avec (?:la|le|les) (?:ligne|programme|document)	126
party	rn	RN	67	Écologie	Une taxe carbone qui réduit les émissions de CO₂ devrait être maintenue même si elle diminue le pouvoir d’achat des ménages modestes, à condition de compenser ces derniers par des aides ciblées.	-1	2	https://rassemblementnational.fr/documents/202411-programme-europeennes.pdf	Réserve : orientation cohérente avec le document officiel retenu, sans passage isolé directement équivalent à la question.	orientation cohérente avec le document officiel retenu|sans passage isolé directement équivalent|cohérent(?:e)? avec (?:la|le|les) (?:ligne|programme|document)	122
party	rn	RN	68	Écologie	La France devrait interdire progressivement la vente de voitures thermiques même si cela augmente temporairement le prix moyen des véhicules.	-3	2	https://rassemblementnational.fr/documents/202411-programme-europeennes.pdf	Désaccord fort : orientation cohérente avec le document officiel retenu, sans passage isolé directement équivalent à la question.	orientation cohérente avec le document officiel retenu|sans passage isolé directement équivalent|cohérent(?:e)? avec (?:la|le|les) (?:ligne|programme|document)	129
party	rn	RN	69	Écologie	Il faut privilégier le nucléaire même si cela conduit à réduire certains investissements dans les renouvelables.	3	2	https://rassemblementnational.fr/documents/202411-programme-europeennes.pdf	Accord fort : orientation cohérente avec le document officiel retenu, sans passage isolé directement équivalent à la question.	orientation cohérente avec le document officiel retenu|sans passage isolé directement équivalent|cohérent(?:e)? avec (?:la|le|les) (?:ligne|programme|document)	126
party	rn	RN	74	Institutions	Le référendum devrait être beaucoup plus utilisé, même lorsque les citoyens votent sur des sujets dont ils maîtrisent mal les aspects techniques.	3	2	https://rassemblementnational.fr/documents/202406-programme.pdf	Accord fort : orientation cohérente avec le document officiel retenu, sans passage isolé directement équivalent à la question.	orientation cohérente avec le document officiel retenu|sans passage isolé directement équivalent|cohérent(?:e)? avec (?:la|le|les) (?:ligne|programme|document)	126
party	rn	RN	76	Institutions	Le président de la République devrait disposer de davantage de pouvoirs pour pouvoir mettre en œuvre un programme pendant cinq ans sans être constamment bloqué par le Parlement.	2	2	https://rassemblementnational.fr/documents/202406-programme.pdf	Accord net : sources officielles et prises de position convergentes ; le niveau de confiance documentaire a été réévalué indépendamment de l’intensité de la réponse.	niveau de confiance documentaire|sources officielles et prises de position convergentes|réévalué	165
party	rn	RN	78	Immigration / assimilation	Le droit de séjour durable en France devrait dépendre, sauf impossibilité particulière, d’efforts concrets pour apprendre le français, comprendre les règles et usages du pays et participer à la vie collective.	3	2	https://rassemblementnational.fr/livrets-thematiques	Accord fort : orientation cohérente avec le document officiel retenu, sans passage isolé directement équivalent à la question.	orientation cohérente avec le document officiel retenu|sans passage isolé directement équivalent|cohérent(?:e)? avec (?:la|le|les) (?:ligne|programme|document)	126
party	rn	RN	79	Immigration / délinquance	Les différences de délinquance observées s’expliquent davantage par les inégalités sociales et économiques que par la culture d’origine des personnes concernées.	-2	2	https://rassemblementnational.fr/livrets-thematiques	Désaccord net : orientation cohérente avec le document officiel retenu, sans passage isolé directement équivalent à la question.	orientation cohérente avec le document officiel retenu|sans passage isolé directement équivalent|cohérent(?:e)? avec (?:la|le|les) (?:ligne|programme|document)	128
party	rn	RN	81	Santé / accès aux soins	Dans les zones où l'accès aux soins est insuffisant, l'Assurance maladie devrait pouvoir limiter le conventionnement de nouveaux médecins dans les zones déjà bien dotées afin d'encourager leur installation dans les déserts médicaux.	-3	3	https://www.assemblee-nationale.fr/dyn/17/scrutins/1214	Désaccord fort : le scrutin sur la régulation du conventionnement médical fournit la position parlementaire la plus proche ; pour les formations non représentées, le codage est déduit de leur ligne sur la liberté d'installation. Niveau de preuve : preuve directe ou politique explicitement documentée.	codage	301
party	rn	RN	88	Défense / dissuasion nucléaire	La dissuasion nucléaire française devrait aussi protéger les partenaires européens, tout en laissant à la France seule la décision finale de l'employer.	-3	3	https://rassemblementnational.fr/communiques/la-dissuasion-engage-la-nation-elle-ne-se-delegue-pas	Désaccord fort : la source retenue porte sur l'extension européenne de la dissuasion ou, pour les pays non dotés, sur la protection nucléaire alliée. Niveau de preuve : preuve directe ou politique explicitement documentée.	source retenue	222
party	udr	UDR	1	Économie	Il faut réduire les impôts sur le travail et le capital, même si cela implique de réduire certaines dépenses publiques.	3	3	https://www.udr.fr/priorites	Accord fort : codage fondé sur les documents officiels retenus pour le thème « Économie ». Niveau de preuve : position ou mesure explicitement documentée.	codage	154
party	udr	UDR	2	Économie	Les inégalités économiques sont acceptables tant qu'elles résultent principalement du travail ou de la prise de risque.	3	2	https://www.assemblee-nationale.fr/dyn/17/amendements/2247/CION_FIN/CF912	Accord fort : codage fondé sur les documents officiels retenus pour le thème « Économie ». Niveau de preuve : orientation cohérente étayée par plusieurs éléments.	codage	162
party	udr	UDR	3	Économie	L'État devrait davantage taxer les hauts revenus et les gros patrimoines afin de réduire les inégalités.	-3	3	https://www.assemblee-nationale.fr/dyn/17/amendements/2247/CION_FIN/CF912	Désaccord fort : codage fondé sur les documents officiels retenus pour le thème « Économie ». Niveau de preuve : position ou mesure explicitement documentée.	codage	157
party	udr	UDR	5	Économie	Le salaire minimum devrait être augmenté significativement.	-2	2	https://www.assemblee-nationale.fr/dyn/17/amendements/2247/CION_FIN/CF912	Désaccord net : codage fondé sur les documents officiels retenus pour le thème « Économie ». Niveau de preuve : orientation cohérente étayée par plusieurs éléments.	codage	164
party	udr	UDR	6	Économie	Les entreprises privées sont généralement plus efficaces que l'État pour fournir des biens et services, même dans certains secteurs essentiels.	2	2	https://www.assemblee-nationale.fr/dyn/17/amendements/2247/CION_FIN/CF912	Accord fort : codage fondé sur les documents officiels retenus pour le thème « Économie ». Niveau de preuve : orientation cohérente étayée par plusieurs éléments.	codage	162
party	udr	UDR	7	Économie	L'État devrait pouvoir nationaliser temporairement ou durablement une entreprise privée lorsqu'elle contrôle une activité stratégique pour le pays.	-2	2	https://www.assemblee-nationale.fr/dyn/17/amendements/2247/CION_FIN/CF912	Désaccord net : codage fondé sur les documents officiels retenus pour le thème « Économie ». Niveau de preuve : orientation cohérente étayée par plusieurs éléments.	codage	164
party	udr	UDR	8	Économie	La concurrence est généralement préférable à la réglementation pour améliorer les prix, la qualité et l'innovation.	3	2	https://www.assemblee-nationale.fr/dyn/17/amendements/2247/CION_FIN/CF912	Accord fort : codage fondé sur les documents officiels retenus pour le thème « Économie ». Niveau de preuve : orientation cohérente étayée par plusieurs éléments.	codage	162
party	udr	UDR	9	État	La France dépense trop d'argent public et devrait accepter de réduire certaines politiques sociales pour revenir à l'équilibre budgétaire.	3	3	https://www.assemblee-nationale.fr/dyn/17/amendements/2247/CION_FIN/CF912	Accord fort : codage fondé sur les documents officiels retenus pour le thème « État ». Niveau de preuve : position ou mesure explicitement documentée.	codage	150
party	udr	UDR	10	État	L'État devrait garantir un niveau élevé de protection sociale, même si cela implique une fiscalité importante.	-1	2	https://www.assemblee-nationale.fr/dyn/17/amendements/2247/CION_FIN/CF912	Réserve : codage fondé sur les documents officiels retenus pour le thème « État ». Niveau de preuve : orientation cohérente étayée par plusieurs éléments.	codage	154
party	udr	UDR	12	État	L'État devrait intervenir beaucoup plus fortement dans l'économie lorsque le marché produit des résultats jugés socialement indésirables.	-2	2	https://www.assemblee-nationale.fr/dyn/17/amendements/2247/CION_FIN/CF912	Désaccord net : codage fondé sur les documents officiels retenus pour le thème « État ». Niveau de preuve : orientation cohérente étayée par plusieurs éléments.	codage	160
party	udr	UDR	13	État	Les citoyens devraient avoir davantage de liberté pour choisir eux-mêmes comment utiliser leur argent plutôt que de passer par des systèmes publics obligatoires.	3	2	https://www.assemblee-nationale.fr/dyn/17/amendements/2247/CION_FIN/CF912	Accord fort : codage fondé sur les documents officiels retenus pour le thème « État ». Niveau de preuve : orientation cohérente étayée par plusieurs éléments.	codage	158
party	udr	UDR	14	Social / société	La société devrait accepter beaucoup plus largement les différents modes de vie, même lorsqu'ils s'éloignent des normes traditionnelles.	-2	1	https://www.udr.fr/	Désaccord net : codage fondé sur les documents officiels retenus pour le thème « Social / société ». Niveau de preuve : analogie prudente, sans proposition parfaitement équivalente.	codage	181
party	udr	UDR	16	Social / société	Réduire les inégalités peut parfois justifier de restreindre certaines libertés individuelles.	-2	1	https://www.udr.fr/	Désaccord net : codage fondé sur les documents officiels retenus pour le thème « Social / société ». Niveau de preuve : analogie prudente, sans proposition parfaitement équivalente.	codage	181
party	udr	UDR	17	Social / société	Les politiques publiques devraient chercher à corriger activement les discriminations historiques ou structurelles entre groupes sociaux.	-2	1	https://www.udr.fr/	Désaccord net : codage fondé sur les documents officiels retenus pour le thème « Social / société ». Niveau de preuve : analogie prudente, sans proposition parfaitement équivalente.	codage	181
party	udr	UDR	19	Social / société	Certaines traditions et valeurs culturelles méritent d'être préservées même si elles évoluent moins vite que la société.	3	2	https://www.udr.fr/	Accord fort : codage fondé sur les documents officiels retenus pour le thème « Social / société ». Niveau de preuve : orientation cohérente étayée par plusieurs éléments.	codage	170
party	udr	UDR	20	Immigration	La France devrait réduire le nombre d'immigrants qu'elle accueille chaque année.	3	3	https://www.udr.fr/priorites	Accord fort : preuve primaire directe ou proposition officielle très proche ; le niveau de confiance documentaire a été réévalué indépendamment de l’intensité de la réponse.	niveau de confiance documentaire|réévalué	173
party	udr	UDR	21	Immigration	L'immigration économique est globalement bénéfique pour l'économie française.	-2	2	https://www.assemblee-nationale.fr/dyn/opendata/PNREANR5L17B1609.html	Désaccord net : sources officielles et prises de position convergentes ; le niveau de confiance documentaire a été réévalué indépendamment de l’intensité de la réponse.	niveau de confiance documentaire|sources officielles et prises de position convergentes|réévalué	168
party	udr	UDR	23	Immigration	L'accès à la nationalité française devrait être rendu plus exigeant.	3	3	https://www.udr.fr/priorites	Accord fort : preuve primaire directe ou proposition officielle très proche ; le niveau de confiance documentaire a été réévalué indépendamment de l’intensité de la réponse.	niveau de confiance documentaire|réévalué	173
party	udr	UDR	24	Immigration	La France devrait être beaucoup plus stricte concernant l'expulsion des étrangers condamnés pour des crimes graves.	3	3	https://www.udr.fr/priorites	Accord fort : preuve primaire directe ou proposition officielle très proche ; le niveau de confiance documentaire a été réévalué indépendamment de l’intensité de la réponse.	niveau de confiance documentaire|réévalué	173
party	udr	UDR	25	Immigration	Même lorsque l'immigration est économiquement bénéfique, elle peut être légitimement limitée pour préserver la cohésion culturelle du pays.	3	2	https://www.assemblee-nationale.fr/dyn/opendata/PNREANR5L17B1609.html	Accord fort : codage fondé sur les documents officiels retenus pour le thème « Immigration ». Niveau de preuve : orientation cohérente étayée par plusieurs éléments.	codage	165
party	udr	UDR	27	Sécurité / justice	Les peines de prison effectives devraient être plus sévères, même si cela augmente fortement la population carcérale.	3	3	https://www.udr.fr/priorites	Accord fort : preuve primaire directe ou proposition officielle très proche ; le niveau de confiance documentaire a été réévalué indépendamment de l’intensité de la réponse.	niveau de confiance documentaire|réévalué	173
party	udr	UDR	28	Sécurité / justice	Il vaut mieux investir dans la prévention et la réinsertion que dans l'augmentation des sanctions.	-2	2	https://www.udr.fr/	Désaccord net : codage fondé sur les documents officiels retenus pour le thème « Sécurité / justice ». Niveau de preuve : orientation cohérente étayée par plusieurs éléments.	codage	174
party	udr	UDR	29	Sécurité / justice	La police devrait disposer de pouvoirs plus importants pour lutter contre la criminalité, quitte à accepter davantage de contrôles sur certaines libertés individuelles.	2	2	https://www.udr.fr/priorites	Accord net : sources officielles et prises de position convergentes ; le niveau de confiance documentaire a été réévalué indépendamment de l’intensité de la réponse.	niveau de confiance documentaire|sources officielles et prises de position convergentes|réévalué	165
party	udr	UDR	32	Écologie	La lutte contre le changement climatique doit rester prioritaire même lorsqu'elle réduit la croissance économique à court terme.	0	1	https://www.udr.fr/	Position neutre, partagée ou non arrêtée : codage fondé sur les documents officiels retenus pour le thème « Écologie ». Niveau de preuve : analogie prudente, sans proposition parfaitement équivalente.	codage	200
party	udr	UDR	33	Écologie	Il faut accepter une hausse importante du prix des énergies fossiles pour accélérer la transition écologique.	-2	1	https://www.udr.fr/	Désaccord net : codage fondé sur les documents officiels retenus pour le thème « Écologie ». Niveau de preuve : analogie prudente, sans proposition parfaitement équivalente.	codage	173
party	udr	UDR	35	Écologie	Les politiques écologiques devraient reposer principalement sur des mécanismes de marché comme la taxe carbone plutôt que sur des interdictions.	2	1	https://www.udr.fr/	Accord net : codage fondé sur les documents officiels retenus pour le thème « Écologie ». Niveau de preuve : analogie prudente, sans proposition parfaitement équivalente.	codage	170
party	udr	UDR	36	Écologie	Il est justifié d'interdire certains produits ou comportements très polluants même lorsque les consommateurs les souhaitent.	-2	1	https://www.udr.fr/	Désaccord net : codage fondé sur les documents officiels retenus pour le thème « Écologie ». Niveau de preuve : analogie prudente, sans proposition parfaitement équivalente.	codage	173
party	udr	UDR	37	Écologie	Les pays riches devraient supporter une part prépondérante du coût de la transition écologique mondiale.	-2	1	https://www.udr.fr/	Désaccord net : codage fondé sur les documents officiels retenus pour le thème « Écologie ». Niveau de preuve : analogie prudente, sans proposition parfaitement équivalente.	codage	173
party	udr	UDR	38	Europe	La France devrait transférer davantage de compétences à l'Union européenne afin de renforcer son poids économique et géopolitique.	-2	1	https://www.udr.fr/	Désaccord net : codage fondé sur les documents officiels retenus pour le thème « Europe ». Niveau de preuve : analogie prudente, sans proposition parfaitement équivalente.	codage	171
party	udr	UDR	39	Europe	La France devrait conserver autant que possible sa souveraineté nationale, même si cela réduit son influence au niveau européen.	2	2	https://www.udr.fr/priorites	Accord net : sources officielles et prises de position convergentes ; le niveau de confiance documentaire a été réévalué indépendamment de l’intensité de la réponse.	niveau de confiance documentaire|sources officielles et prises de position convergentes|réévalué	165
party	udr	UDR	40	Europe	L'euro est globalement bénéfique pour la France malgré la perte de certains instruments de politique économique.	1	1	https://www.udr.fr/	Accord modéré : codage fondé sur les documents officiels retenus pour le thème « Europe ». Niveau de preuve : analogie prudente, sans proposition parfaitement équivalente.	codage	171
party	udr	UDR	41	Europe	L'Union européenne devrait pouvoir imposer davantage de règles communes aux États membres.	-2	1	https://www.udr.fr/	Désaccord net : codage fondé sur les documents officiels retenus pour le thème « Europe ». Niveau de preuve : analogie prudente, sans proposition parfaitement équivalente.	codage	171
party	udr	UDR	42	Europe	En cas de conflit entre les intérêts économiques français et les règles européennes, la France devrait pouvoir désobéir à certaines règles européennes.	2	2	https://www.udr.fr/priorites	Accord net : sources officielles et prises de position convergentes ; le niveau de confiance documentaire a été réévalué indépendamment de l’intensité de la réponse.	niveau de confiance documentaire|sources officielles et prises de position convergentes|réévalué	165
party	udr	UDR	44	Fiscalité / patrimoine	L'héritage devrait être davantage taxé au-delà d'un certain seuil de patrimoine transmis, même si cela conduit certaines familles à transmettre moins de patrimoine à leurs enfants.	-3	3	https://www.udr.fr/priorites	Désaccord fort : preuve primaire directe ou proposition officielle très proche ; le niveau de confiance documentaire a été réévalué indépendamment de l’intensité de la réponse.	niveau de confiance documentaire|réévalué	176
party	udr	UDR	45	Fiscalité / patrimoine	Les très grandes fortunes devraient être imposées sur leur patrimoine mondial, même lorsqu'elles quittent la France.	-2	1	https://www.assemblee-nationale.fr/dyn/17/amendements/2247/CION_FIN/CF912	Désaccord net : codage fondé sur les documents officiels retenus pour le thème « Fiscalité / patrimoine ». Niveau de preuve : analogie prudente, sans proposition parfaitement équivalente.	codage	187
party	udr	UDR	46	Travail / chômage	Un chômeur devrait pouvoir perdre une partie significative de ses allocations s'il refuse plusieurs emplois raisonnablement adaptés à ses compétences.	2	2	https://www.assemblee-nationale.fr/dyn/17/amendements/2247/CION_FIN/CF912	Accord net : sources officielles et prises de position convergentes ; le niveau de confiance documentaire a été réévalué indépendamment de l’intensité de la réponse.	niveau de confiance documentaire|sources officielles et prises de position convergentes|réévalué	165
party	udr	UDR	48	Travail / chômage	Le CDI protège trop fortement les salariés déjà en poste et peut rendre plus difficile l’accès à l’emploi stable, au détriment des jeunes, chômeurs ou travailleurs en contrats précaires.	2	1	https://www.assemblee-nationale.fr/dyn/17/amendements/2247/CION_FIN/CF912	Accord net : codage fondé sur les documents officiels retenus pour le thème « Travail / chômage ». Niveau de preuve : analogie prudente, sans proposition parfaitement équivalente.	codage	179
party	udr	UDR	51	Protection sociale	Les prestations sociales devraient être fortement conditionnées à la durée de cotisation et de participation au marché du travail.	2	2	https://www.assemblee-nationale.fr/dyn/17/amendements/2247/CION_FIN/CF912	Accord net : sources officielles et prises de position convergentes ; le niveau de confiance documentaire a été réévalué indépendamment de l’intensité de la réponse.	niveau de confiance documentaire|sources officielles et prises de position convergentes|réévalué	165
party	udr	UDR	53	État / entreprises	Une entreprise qui reçoit plusieurs milliards d'euros d'aides publiques devrait pouvoir être contrainte de limiter ses dividendes et les rémunérations de ses dirigeants tant que l'aide n'est pas remboursée.	1	1	https://www.assemblee-nationale.fr/dyn/17/amendements/2247/CION_FIN/CF912	Accord modéré : codage fondé sur les documents officiels retenus pour le thème « État / entreprises ». Niveau de preuve : analogie prudente, sans proposition parfaitement équivalente.	codage	183
party	udr	UDR	54	État / entreprises	L'État devrait davantage utiliser son pouvoir d'actionnaire pour orienter les grandes entreprises françaises vers des objectifs industriels de long terme.	0	1	https://www.assemblee-nationale.fr/dyn/17/amendements/2247/CION_FIN/CF912	Position neutre, partagée ou non arrêtée : codage fondé sur les documents officiels retenus pour le thème « État / entreprises ». Niveau de preuve : analogie prudente, sans proposition parfaitement équivalente.	codage	210
party	udr	UDR	57	Immigration / assimilation	L'accès à certaines prestations sociales devrait être beaucoup plus limité pendant les premières années suivant l'arrivée d'un immigré.	3	3	https://www.udr.fr/priorites	Accord fort : preuve primaire directe ou proposition officielle très proche ; le niveau de confiance documentaire a été réévalué indépendamment de l’intensité de la réponse.	niveau de confiance documentaire|réévalué	173
party	udr	UDR	58	Immigration / assimilation	La France devrait privilégier l'immigration économique qualifiée, même si cela signifie accueillir moins de personnes peu qualifiées.	1	1	https://www.assemblee-nationale.fr/dyn/opendata/PNREANR5L17B1609.html	Accord modéré : codage fondé sur les documents officiels retenus pour le thème « Immigration / assimilation ». Niveau de preuve : analogie prudente, sans proposition parfaitement équivalente.	codage	191
party	udr	UDR	59	Immigration / assimilation	Une personne née en France de parents étrangers devrait automatiquement devenir française à sa majorité si elle y a grandi, même si elle ne manifeste pas particulièrement d'attachement à la France.	-3	3	https://www.udr.fr/priorites	Désaccord fort : preuve primaire directe ou proposition officielle très proche ; le niveau de confiance documentaire a été réévalué indépendamment de l’intensité de la réponse.	niveau de confiance documentaire|réévalué	176
party	udr	UDR	60	Immigration / assimilation	La France devrait pouvoir refuser l'entrée à un immigré légalement admissible lorsqu'il existe de fortes raisons de penser qu'il ne souhaite pas s'intégrer culturellement à la société française.	2	2	https://www.assemblee-nationale.fr/dyn/opendata/PNREANR5L17B1609.html	Accord net : sources officielles et prises de position convergentes ; le niveau de confiance documentaire a été réévalué indépendamment de l’intensité de la réponse.	niveau de confiance documentaire|sources officielles et prises de position convergentes|réévalué	165
party	udr	UDR	61	Immigration / assimilation	Le fait de conserver des pratiques culturelles ou religieuses très différentes de celles de la majorité française n'est pas en soi un problème tant que les lois françaises sont respectées.	-2	1	https://www.assemblee-nationale.fr/dyn/opendata/PNREANR5L17B1609.html	Désaccord net : codage fondé sur les documents officiels retenus pour le thème « Immigration / assimilation ». Niveau de preuve : analogie prudente, sans proposition parfaitement équivalente.	codage	191
party	udr	UDR	64	Libertés / expression	Une personne qui tient publiquement des propos profondément offensants mais qui n'appelle ni à la violence ni à commettre une infraction devrait être protégée par la liberté d'expression.	2	1	https://www.udr.fr/	Accord net : codage fondé sur les documents officiels retenus pour le thème « Libertés / expression ». Niveau de preuve : analogie prudente, sans proposition parfaitement équivalente.	codage	183
party	udr	UDR	66	Sécurité	Lorsqu’un conducteur refuse d’obtempérer et prend la fuite, les policiers devraient pouvoir utiliser leur arme à feu même si le danger pour leur vie n’est pas immédiat.	2	3	https://www.assemblee-nationale.fr/dyn/17/scrutins/7987	Accord fort : codage fondé sur les documents officiels retenus pour le thème « Sécurité ». Niveau de preuve : position ou mesure explicitement documentée.	codage	154
party	udr	UDR	67	Écologie	Une taxe carbone qui réduit les émissions de CO₂ devrait être maintenue même si elle diminue le pouvoir d’achat des ménages modestes, à condition de compenser ces derniers par des aides ciblées.	-1	1	https://www.udr.fr/	Réserve : codage fondé sur les documents officiels retenus pour le thème « Écologie ». Niveau de preuve : analogie prudente, sans proposition parfaitement équivalente.	codage	167
party	udr	UDR	68	Écologie	La France devrait interdire progressivement la vente de voitures thermiques même si cela augmente temporairement le prix moyen des véhicules.	-2	1	https://www.udr.fr/	Désaccord net : codage fondé sur les documents officiels retenus pour le thème « Écologie ». Niveau de preuve : analogie prudente, sans proposition parfaitement équivalente.	codage	173
party	udr	UDR	69	Écologie	Il faut privilégier le nucléaire même si cela conduit à réduire certains investissements dans les renouvelables.	2	1	https://www.udr.fr/	Accord net : codage fondé sur les documents officiels retenus pour le thème « Écologie ». Niveau de preuve : analogie prudente, sans proposition parfaitement équivalente.	codage	170
party	udr	UDR	71	Écologie / croissance	Si la France pouvait réduire ses émissions de 20 % mais que cela réduisait son PIB de 3 %, alors que les autres pays ne faisaient aucun effort comparable, il faudrait quand même le faire.	-2	1	https://www.udr.fr/	Désaccord net : codage fondé sur les documents officiels retenus pour le thème « Écologie / croissance ». Niveau de preuve : analogie prudente, sans proposition parfaitement équivalente.	codage	186
party	udr	UDR	72	Institutions	Pour certaines décisions économiques complexes, il serait préférable de confier davantage de pouvoir à des institutions indépendantes composées d'experts plutôt qu'aux responsables politiques élus.	-1	1	https://www.udr.fr/	Réserve : codage fondé sur les documents officiels retenus pour le thème « Institutions ». Niveau de preuve : analogie prudente, sans proposition parfaitement équivalente.	codage	171
party	udr	UDR	73	Institutions	Un gouvernement devrait pouvoir prendre une décision économiquement nécessaire mais très impopulaire sans chercher à obtenir l'approbation immédiate de la population.	1	1	https://www.udr.fr/	Accord modéré : codage fondé sur les documents officiels retenus pour le thème « Institutions ». Niveau de preuve : analogie prudente, sans proposition parfaitement équivalente.	codage	177
party	udr	UDR	74	Institutions	Le référendum devrait être beaucoup plus utilisé, même lorsque les citoyens votent sur des sujets dont ils maîtrisent mal les aspects techniques.	3	3	https://www.udr.fr/priorites	Accord fort : preuve primaire directe ou proposition officielle très proche ; le niveau de confiance documentaire a été réévalué indépendamment de l’intensité de la réponse.	niveau de confiance documentaire|réévalué	173
party	udr	UDR	75	Institutions	Il serait acceptable de donner davantage de poids politique aux citoyens qui démontrent un niveau élevé de connaissance du fonctionnement des institutions et de l'économie.	-2	1	https://www.udr.fr/	Désaccord net : codage fondé sur les documents officiels retenus pour le thème « Institutions ». Niveau de preuve : analogie prudente, sans proposition parfaitement équivalente.	codage	177
party	udr	UDR	76	Institutions	Le président de la République devrait disposer de davantage de pouvoirs pour pouvoir mettre en œuvre un programme pendant cinq ans sans être constamment bloqué par le Parlement.	2	1	https://www.udr.fr/	Accord net : codage fondé sur les documents officiels retenus pour le thème « Institutions ». Niveau de preuve : analogie prudente, sans proposition parfaitement équivalente.	codage	174
party	udr	UDR	78	Immigration / assimilation	Le droit de séjour durable en France devrait dépendre, sauf impossibilité particulière, d’efforts concrets pour apprendre le français, comprendre les règles et usages du pays et participer à la vie collective.	2	2	https://www.assemblee-nationale.fr/dyn/opendata/PNREANR5L17B1609.html	Accord net : sources officielles et prises de position convergentes ; le niveau de confiance documentaire a été réévalué indépendamment de l’intensité de la réponse.	niveau de confiance documentaire|sources officielles et prises de position convergentes|réévalué	165
party	udr	UDR	79	Immigration / délinquance	Les différences de délinquance observées s’expliquent davantage par les inégalités sociales et économiques que par la culture d’origine des personnes concernées.	-2	1	https://www.assemblee-nationale.fr/dyn/opendata/PNREANR5L17B1609.html	Désaccord net : codage fondé sur les documents officiels retenus pour le thème « Immigration / délinquance ». Niveau de preuve : analogie prudente, sans proposition parfaitement équivalente.	codage	190
party	udr	UDR	80	Écologie / agriculture	La France devrait interdire aux agriculteurs l’usage d’un produit jugé trop polluant, même si cette interdiction les désavantage face à des concurrents étrangers qui peuvent encore l’utiliser.	-3	2	https://www.udr.fr/	Désaccord fort : codage fondé sur les documents officiels retenus pour le thème « Écologie / agriculture ». Niveau de preuve : orientation cohérente étayée par plusieurs éléments.	codage	179
party	udr	UDR	82	Santé / assurance maladie	L'Assurance maladie devrait rembourser intégralement les soins essentiels, quitte à réduire fortement le rôle des complémentaires santé.	-2	1	https://www.udr.fr/	Désaccord net : codage fondé sur les documents officiels retenus pour le thème « Santé / assurance maladie ». Niveau de preuve : analogie prudente, sans proposition parfaitement équivalente.	codage	190
party	udr	UDR	83	Santé / hôpital	Il faut accepter de fermer ou regrouper certaines petites maternités et certains services d'urgence afin de concentrer les équipes et les équipements dans des établissements plus importants.	0	1	https://www.udr.fr/	Position neutre, partagée ou non arrêtée : codage fondé sur les documents officiels retenus pour le thème « Santé / hôpital ». Niveau de preuve : analogie prudente, sans proposition parfaitement équivalente.	codage	207
party	udr	UDR	84	Éducation / autonomie	Les chefs d'établissement scolaire devraient pouvoir recruter eux-même une partie de leurs enseignants et peser davantage dans leur évaluation.	2	1	https://www.udr.fr/	Accord net : codage fondé sur les documents officiels retenus pour le thème « Éducation / autonomie ». Niveau de preuve : analogie prudente, sans proposition parfaitement équivalente.	codage	183
party	udr	UDR	85	Éducation / mixité sociale	Le financement public des établissements privés sous contrat devrait être conditionné à des objectifs mesurables de mixité sociale.	-2	1	https://www.udr.fr/	Désaccord net : codage fondé sur les documents officiels retenus pour le thème « Éducation / mixité sociale ». Niveau de preuve : analogie prudente, sans proposition parfaitement équivalente.	codage	191
party	udr	UDR	86	Logement / locations touristiques	Dans les zones où le logement manque, une commune devrait pouvoir interdire la location touristique régulière d'un logement qui n'est pas la résidence principale de son propriétaire.	-1	1	https://www.udr.fr/	Réserve : codage fondé sur les documents officiels retenus pour le thème « Logement / locations touristiques ». Niveau de preuve : analogie prudente, sans proposition parfaitement équivalente.	codage	192
party	udr	UDR	87	Défense / Ukraine	La France devrait continuer à fournir une aide militaire et financière importante à l'Ukraine tant que son territoire reste occupé, même si la guerre se prolonge.	0	3	https://www.assemblee-nationale.fr/dyn/17/scrutins/988	Position neutre, partagée ou non arrêtée : codage fondé sur les documents officiels retenus pour le thème « Défense / Ukraine ». Niveau de preuve : position ou mesure explicitement documentée.	codage	192
party	udr	UDR	88	Défense / dissuasion nucléaire	La dissuasion nucléaire française devrait aussi protéger les partenaires européens, tout en laissant à la France seule la décision finale de l'employer.	-2	1	https://www.udr.fr/	Désaccord net : codage fondé sur les documents officiels retenus pour le thème « Défense / dissuasion nucléaire ». Niveau de preuve : analogie prudente, sans proposition parfaitement équivalente.	codage	195
party	udr	UDR	89	Santé / fin de vie	Une personne majeure atteinte d'une maladie grave et incurable provoquant des souffrances insupportables devrait pouvoir recevoir une aide médicale à mourir dans un cadre strictement contrôlé.	-3	3	https://www.assemblee-nationale.fr/dyn/17/scrutins/2107	Désaccord fort : codage fondé sur les documents officiels retenus pour le thème « Santé / fin de vie ». Niveau de preuve : position ou mesure explicitement documentée.	codage	167
party	udr	UDR	90	Dépendance / EHPAD	Les groupes privés à but lucratif ne devraient plus pouvoir gérer d'EHPAD. Les établissements existants devraient progressivement devenir publics ou non lucratifs.	-2	1	https://www.udr.fr/	Désaccord net : codage fondé sur les documents officiels retenus pour le thème « Dépendance / EHPAD ». Niveau de preuve : analogie prudente, sans proposition parfaitement équivalente.	codage	183
party	udr	UDR	91	Famille / prestations	Les allocations familiales devraient être versées à toutes les familles selon le nombre d'enfants, sans diminuer lorsque les revenus augmentent.	3	3	https://www.assemblee-nationale.fr/dyn/17/textes/l17b2750_proposition-resolution.pdf	Accord fort : codage fondé sur les documents officiels retenus pour le thème « Famille / prestations ». Niveau de preuve : position ou mesure explicitement documentée.	codage	167
party	udr	UDR	92	Numérique / mineurs	L'accès aux réseaux sociaux devrait être interdit aux moins de 15 ans, même avec l'accord de leurs parents.	0	3	https://www.assemblee-nationale.fr/dyn/17/scrutins/8431	Position neutre, partagée ou non arrêtée : codage fondé sur les documents officiels retenus pour le thème « Numérique / mineurs ». Niveau de preuve : position ou mesure explicitement documentée.	codage	194
party	udr	UDR	93	Numérique / intelligence artificielle	Les administrations publiques devraient privilégier des modèles d'intelligence artificielle hébergés en Europe, même s'ils sont temporairement moins performants ou plus coûteux que leurs concurrents étrangers.	-1	1	https://www.udr.fr/	Réserve : codage fondé sur les documents officiels retenus pour le thème « Numérique / intelligence artificielle ». Niveau de preuve : analogie prudente, sans proposition parfaitement équivalente.	codage	196
