qid	theme	question	score	confidence	source	justification	fetch_paragraphs	best_score	evidence_1	evidence_2	evidence_3
1	Économie	Il faut réduire les impôts sur le travail et le capital, même si cela implique de réduire certaines dépenses publiques.	-3	2	https://lafranceinsoumise.fr/europeennes-2024/programme-de-lunion-populaire/chapitre-1-sortir-de-lausterite-et-partager-les-richesses/	Désaccord très fort : LFI veut partager davantage les richesses, faire contribuer plus fortement les hauts revenus et les grandes fortunes, limiter les écarts de rémunération et conditionner les aides publiques aux entreprises. Pour LFI, sur Q1 (« Il faut réduire les impôts sur le travail et le capital, même si cela implique de réduire certaines dépenses publiques. »), elle contredit presque entièrement le choix proposé : -3.	72	0.1227	Refuser les injonctions de la Commission et du Conseil formulées dans le cadre du Semestre européen, qui promeuvent la privatisation et la mise en concurrence des services publics, les coupes dans les dépenses publiques et l’affaiblissement de nos systèmes de protection sociale, de santé et des droits sociaux des travailleurs (par exemple, l’intensification de la concurrence dans le secteur de l’électricité et du ferroviaire, la baisse des allocations familiales et des aides au logement)	Réviser la directive sur les marchés publics afin d’en interdire l’accès aux entreprises ne respectant pas le droit du travail, favoriser l’approvisionnement local et systématiser les conditionnalités écologiques et sociales	Garantir la transparence fiscale des multinationales en les obligeant à déclarer publiquement leur chiffre d’affaires et les impôts qu’elles paient dans chaque pays où elles disposent d’une activité
2	Économie	Les inégalités économiques sont acceptables tant qu'elles résultent principalement du travail ou de la prise de risque.	-1	2	https://lafranceinsoumise.fr/europeennes-2024/programme-de-lunion-populaire/chapitre-1-sortir-de-lausterite-et-partager-les-richesses/	Réserve modérée : LFI veut partager davantage les richesses, faire contribuer plus fortement les hauts revenus et les grandes fortunes, limiter les écarts de rémunération et conditionner les aides publiques aux entreprises. Pour LFI, sur Q2 (« Les inégalités économiques sont acceptables tant qu'elles résultent principalement du travail ou de la prise de risque. »), elle incline plutôt en sens inverse sans constituer un rejet complet : -1.	72	0.0959	Fixer à la Banque centrale européenne (BCE) de nouveaux objectifs prioritaires comme la lutte contre les inégalités et le chômage et le financement de la bifurcation écologique	Réviser la directive sur les marchés publics afin d’en interdire l’accès aux entreprises ne respectant pas le droit du travail, favoriser l’approvisionnement local et systématiser les conditionnalités écologiques et sociales	« Détruire la misère ! Oui, cela est possible ! Les législateurs et les gouvernants doivent y songer sans cesse ; car, en pareille matière, tant que le possible n’est pas fait, le devoir n’est pas rempli. »
3	Économie	L'État devrait davantage taxer les hauts revenus et les gros patrimoines afin de réduire les inégalités.	3	3	https://lafranceinsoumise.fr/europeennes-2024/programme-de-lunion-populaire/chapitre-1-sortir-de-lausterite-et-partager-les-richesses/	Accord très fort : LFI veut partager davantage les richesses, faire contribuer plus fortement les hauts revenus et les grandes fortunes, limiter les écarts de rémunération et conditionner les aides publiques aux entreprises. Pour LFI, sur Q3 (« L'État devrait davantage taxer les hauts revenus et les gros patrimoines afin de réduire les inégalités. »), cette orientation reprend presque entièrement le choix proposé : +3.	72	0.1007	Abolir les règles d’austérité anti-services publics Taxer les riches et les superprofits Mettre en place une allocation d’autonomie contre la pauvreté de la jeunesse	Fixer à la Banque centrale européenne (BCE) de nouveaux objectifs prioritaires comme la lutte contre les inégalités et le chômage et le financement de la bifurcation écologique	Instaurer un impôt universel sur les entreprises (basant leur taxation sur l’activité effectivement réalisée dans les pays européens) et sur les revenus des particuliers dans les paradis fiscaux pour lutter contre l’évasion fiscale
5	Économie	Le salaire minimum devrait être augmenté significativement.	3	3	https://lafranceinsoumise.fr/europeennes-2024/programme-de-lunion-populaire/chapitre-1-sortir-de-lausterite-et-partager-les-richesses/	Accord très fort : LFI veut partager davantage les richesses, faire contribuer plus fortement les hauts revenus et les grandes fortunes, limiter les écarts de rémunération et conditionner les aides publiques aux entreprises. Pour LFI, sur Q5 (« Le salaire minimum devrait être augmenté significativement. »), cette orientation reprend presque entièrement le choix proposé : +3.	72	0.3000	Interdire les stages non rémunérés, assurer la rémunération adéquate des stagiaires et des apprentis, refuser l’abaissement du salaire minimum pour les jeunes travailleurs	Rendre obligatoire la transparence salariale au sein des entreprises et fixer un salaire maximum autorisé pour limiter l’écart de 1 à 20 entre le salaire le plus bas et le salaire le plus haut dans une entreprise	Instaurer un taux minimum d’imposition des multinationales effectif et sans aucune exception de 25% et une assiette commune consolidée sur les sociétés
6	Économie	Les entreprises privées sont généralement plus efficaces que l'État pour fournir des biens et services, même dans certains secteurs essentiels.	-3	2	https://lafranceinsoumise.fr/europeennes-2024/programme-de-lunion-populaire/chapitre-3-sortir-du-libre-echange-et-relocaliser/	Désaccord très fort : LFI veut soustraire plusieurs biens essentiels à la logique de marché, développer des filières et pôles publics et encadrer fortement les entreprises par des objectifs sociaux et écologiques. Pour LFI, sur Q6 (« Les entreprises privées sont généralement plus efficaces que l'État pour fournir des biens et services, même dans certains secteurs essentiels. »), elle contredit presque entièrement le choix proposé : -3.	53	0.2381	Développer des filières publiques, à l’échelle de la France ou de l’Union européenne, pour la production de l’ensemble des biens et services nécessaires à la planification écologique et qui remplissent des besoins essentiels (médicaments, produits alimentaires, biens de consommation courants) pour retrouver notre souveraineté	Réformer le cadre des aides d’État pour subventionner directement des secteurs stratégiques clefs, notamment dans le cadre de la planification écologique	Étendre le devoir de vigilance des entreprises adopté au niveau européen à l’ensemble des grandes entreprises, y compris dans le secteur financier, durcir les sanctions administratives pour les entreprises qui violent les droits humains ou détruisent l’environnement dans leur chaîne de production, et faciliter l’accès à la justice pour les victimes en donnant la possibilité aux ONG ou aux associations de les représenter
7	Économie	L'État devrait pouvoir nationaliser temporairement ou durablement une entreprise privée lorsqu'elle contrôle une activité stratégique pour le pays.	3	3	https://lafranceinsoumise.fr/europeennes-2024/programme-de-lunion-populaire/chapitre-3-sortir-du-libre-echange-et-relocaliser/	Accord très fort : LFI veut soustraire plusieurs biens essentiels à la logique de marché, développer des filières et pôles publics et encadrer fortement les entreprises par des objectifs sociaux et écologiques. Pour LFI, sur Q7 (« L'État devrait pouvoir nationaliser temporairement ou durablement une entreprise privée lorsqu'elle contrôle une activité stratégique pour le pays. »), cette orientation reprend presque entièrement le choix proposé : +3.	53	0.1000	« L’activité économique n’a de sens qu’au service d’autre chose qu’elle-même. »	Garantir un contrôle citoyen sur ce service public par la mise en place d’un organisme de contrôle indépendant, une obligation de transparence et la publication d’indicateurs définis démocratiquement dans le cadre d’un contrat de service public	Renforcer les sanctions et la responsabilité civile et pénale du chef d’entreprise et des administrateurs d’entreprises en cas d’infractions sociales ou environnementales dans l’ensemble de leur chaîne de sous-traitance et d’approvisionnement, y compris hors UE
8	Économie	La concurrence est généralement préférable à la réglementation pour améliorer les prix, la qualité et l'innovation.	-3	2	https://lafranceinsoumise.fr/europeennes-2024/programme-de-lunion-populaire/chapitre-3-sortir-du-libre-echange-et-relocaliser/	Désaccord très fort : LFI veut soustraire plusieurs biens essentiels à la logique de marché, développer des filières et pôles publics et encadrer fortement les entreprises par des objectifs sociaux et écologiques. Pour LFI, sur Q8 (« La concurrence est généralement préférable à la réglementation pour améliorer les prix, la qualité et l'innovation. »), elle contredit presque entièrement le choix proposé : -3.	53	0.1579	Garantir que le prix payé par le consommateur final reflète uniquement les coûts de production plutôt que la spéculation pour que la facture des usagers n’alimente plus les dividendes des actionnaires et que les marges soient uniquement réinvesties dans la qualité du réseau et le développement des énergies renouvelables	Faire primer, via une clause de proximité, les critères sociaux et écologiques et de proximité sur le critère de prix dans les appels d’offres publics	Mettre un terme à la concurrence libre et non-faussée qui empêche la constitution de pôles publics (énergie, transports, etc.) et la sortie des biens communs du marché
9	État	La France dépense trop d'argent public et devrait accepter de réduire certaines politiques sociales pour revenir à l'équilibre budgétaire.	-3	3	https://lafranceinsoumise.fr/europeennes-2024/programme-de-lunion-populaire/chapitre-1-sortir-de-lausterite-et-partager-les-richesses/	Désaccord très fort : LFI veut partager davantage les richesses, faire contribuer plus fortement les hauts revenus et les grandes fortunes, limiter les écarts de rémunération et conditionner les aides publiques aux entreprises. Pour LFI, sur Q9 (« La France dépense trop d'argent public et devrait accepter de réduire certaines politiques sociales pour revenir à l'équilibre budgétaire. »), elle contredit presque entièrement le choix proposé : -3.	72	0.1287	Garantir un euro numérique 100% public, qui ne soit ni développé ni commercialisé par des plateformes privées, qui respecte la vie privée des usagers et ne remplace pas l’argent liquide	Obliger la BCE à financer les politiques sociales et écologiques des États, en l’autorisant à acheter directement la dette des États sans passer par les banques privées, et en mettant en place une autorisation de découvert des États auprès d’elle (qui ainsi ne devront plus se financer sur les marchés financiers)	Refuser le retour de l’austérité budgétaire et annuler la dette
10	État	L'État devrait garantir un niveau élevé de protection sociale, même si cela implique une fiscalité importante.	3	3	https://lafranceinsoumise.fr/europeennes-2024/programme-de-lunion-populaire/chapitre-1-sortir-de-lausterite-et-partager-les-richesses/	Accord très fort : LFI veut partager davantage les richesses, faire contribuer plus fortement les hauts revenus et les grandes fortunes, limiter les écarts de rémunération et conditionner les aides publiques aux entreprises. Pour LFI, sur Q10 (« L'État devrait garantir un niveau élevé de protection sociale, même si cela implique une fiscalité importante. »), cette orientation reprend presque entièrement le choix proposé : +3.	72	0.1876	Imposer une conditionnalité sociale et écologique à toutes les entreprises bénéficiant d’aides publiques, et favoriser l’Économie sociale et solidaire (ESS) dans l’attribution des aides d’État	Refuser les injonctions de la Commission et du Conseil formulées dans le cadre du Semestre européen, qui promeuvent la privatisation et la mise en concurrence des services publics, les coupes dans les dépenses publiques et l’affaiblissement de nos systèmes de protection sociale, de santé et des droits sociaux des travailleurs (par exemple, l’intensification de la concurrence dans le secteur de l’électricité et du ferroviaire, la baisse des allocations familiales et des aides au logement)	Renforcer la fiscalité écologique avec une taxe sur le dumping écologique et social aux frontières de l’espace économique européen et une taxe kérosène
12	État	L'État devrait intervenir beaucoup plus fortement dans l'économie lorsque le marché produit des résultats jugés socialement indésirables.	3	3	https://lafranceinsoumise.fr/europeennes-2024/programme-de-lunion-populaire/chapitre-3-sortir-du-libre-echange-et-relocaliser/	Accord très fort : LFI veut soustraire plusieurs biens essentiels à la logique de marché, développer des filières et pôles publics et encadrer fortement les entreprises par des objectifs sociaux et écologiques. Pour LFI, sur Q12 (« L'État devrait intervenir beaucoup plus fortement dans l'économie lorsque le marché produit des résultats jugés socialement indésirables. »), cette orientation reprend presque entièrement le choix proposé : +3.	53	0.0953	Mettre un terme aux accords de libre-échange pour relocaliser l’économie et encadrer strictement le commerce international	Remettre en place un service public national de l’électricité hors du marché tout en maintenant les interconnexions au niveau européen afin de garantir la solidarité entre États membres et ainsi assurer la sécurité d’approvisionnement sans passer par le marché	Réformer le cadre des aides d’État pour subventionner directement des secteurs stratégiques clefs, notamment dans le cadre de la planification écologique
13	État	Les citoyens devraient avoir davantage de liberté pour choisir eux-mêmes comment utiliser leur argent plutôt que de passer par des systèmes publics obligatoires.	-3	2	https://lafranceinsoumise.fr/europeennes-2024/programme-de-lunion-populaire/chapitre-3-sortir-du-libre-echange-et-relocaliser/	Désaccord très fort : LFI veut soustraire plusieurs biens essentiels à la logique de marché, développer des filières et pôles publics et encadrer fortement les entreprises par des objectifs sociaux et écologiques. Pour LFI, sur Q13 (« Les citoyens devraient avoir davantage de liberté pour choisir eux-mêmes comment utiliser leur argent plutôt que de passer par des systèmes publics… »), elle contredit presque entièrement le choix proposé : -3.	53	0.0749	Passer au protectionnisme écologique et social pour garantir notre indépendance	Réviser la directive sur la passation des marchés publics et refuser l’attribution de marchés publics aux entreprises qui ne respectent pas le droit du travail et les conventions collectives dans l’ensemble de leurs pays d’implantation	Utiliser tous les outils (taxes, normes, quotas, interdiction…) pour protéger l’industrie européenne de la concurrence déloyale, notamment chinoise et états-unienne, en particulier dans les secteurs stratégiques (énergie, télécommunications, santé, transports, numérique, spatial…)
14	Social / société	La société devrait accepter beaucoup plus largement les différents modes de vie, même lorsqu'ils s'éloignent des normes traditionnelles.	3	2	https://lafranceinsoumise.fr/europeennes-2024/programme-de-lunion-populaire/chapitre-6-etendre-les-droits-et-libertes-face-aux-reactionnaires/	Accord très fort : LFI place l’extension des droits et libertés, l’égalité et la lutte contre les discriminations au cœur de son programme, avec une conception large des libertés civiles. Pour LFI, sur Q14 (« La société devrait accepter beaucoup plus largement les différents modes de vie, même lorsqu'ils s'éloignent des normes traditionnelles. »), cette orientation reprend presque entièrement le choix proposé : +3.	64	0.0852	Donner des droits identiques au reste de la population à toutes les personnes en situation de handicap : éducation, emploi, déplacements, prestations sociales, vie politique, vie culturelle et sportive	Là où l’extrême droite passe, les droits reculent. L’Italie de Giorgia Meloni multiplie les attaques contre les personnes LGBTI. En Pologne, l’extrême droite au pouvoir a fortement attaqué le droit à l’avortement, désormais autorisé uniquement en cas de viol, d’inceste ou de danger pour la vie. En Hongrie, le gouvernement de Viktor Orban impose aux femmes d’écouter le cœur du fœtus avant de pouvoir procéder à un avortement. Face à ces attaques qui entravent les droits fondamentaux et la liberté de choisir sa vie, l’Union européenne doit les garantir, voire consacrer de nouveaux droits pour une nouvelle étape de l’émancipation humaine.	Inscrire le droit à mourir dans la dignité dans la Charte des droits fondamentaux de l’Union européenne. Défendre la généralisation du droit à la fin de vie assistée en Europe et faciliter dès à présent l’accès des citoyens européens qui souhaitent en disposer dans les États où il est déjà légalisé
16	Social / société	Réduire les inégalités peut parfois justifier de restreindre certaines libertés individuelles.	2	2	https://lafranceinsoumise.fr/europeennes-2024/programme-de-lunion-populaire/chapitre-6-etendre-les-droits-et-libertes-face-aux-reactionnaires/	Accord net : LFI place l’extension des droits et libertés, l’égalité et la lutte contre les discriminations au cœur de son programme, avec une conception large des libertés civiles. Pour LFI, sur Q16 (« Réduire les inégalités peut parfois justifier de restreindre certaines libertés individuelles. »), elle va clairement dans ce sens sans établir nécessairement chaque condition ou conséquence de l’énoncé : +2.	64	0.0726	Mettre dans la charte des droits fondamentaux l’accès gratuit et sûr à la contraception et à l’IVG, garantir le droit à l’éducation à la sexualité dans tous les États membres de l’Union européenne. Garantir leur effectivité en pratique en étendant le mécanisme de respect de l’État de droit, la possibilité de sanctions financières et de blocage des subventions européennes en cas de violations de ces libertés fondamentales		
17	Social / société	Les politiques publiques devraient chercher à corriger activement les discriminations historiques ou structurelles entre groupes sociaux.	3	2	https://lafranceinsoumise.fr/europeennes-2024/programme-de-lunion-populaire/chapitre-6-etendre-les-droits-et-libertes-face-aux-reactionnaires/	Accord très fort : LFI place l’extension des droits et libertés, l’égalité et la lutte contre les discriminations au cœur de son programme, avec une conception large des libertés civiles. Pour LFI, sur Q17 (« Les politiques publiques devraient chercher à corriger activement les discriminations historiques ou structurelles entre groupes sociaux. »), cette orientation reprend presque entièrement le choix proposé : +3.	64	0.0786	Nous souhaitons faire aboutir le projet de directive globale et universelle de l’Union européenne contre toutes les discriminations, pour combattre toutes les formes de racisme et de discriminations, liées aux origines, au handicap, à l’orientation sexuelle ou à l’identité de genre.	Prendre en compte la situation spécifique des femmes en situation de handicap dans l’ensemble des politiques d’égalités femmes-hommes, notamment dans la lutte contre les violences sexistes et sexuelles	Travailler à la reconnaissance et l’harmonisation du travail de l’art au niveau européen en soutenant la création d’un statut européen de l’artiste et des régimes sociaux adaptés notamment pour les artistes-auteurs, lutter contre l’ubérisation dans ces métiers et conditionner les subventions d’Europe Créative, programme de l’Union européenne visant à soutenir les secteurs culturels et créatifs, au respect de ces statuts spécifiques de travailleur
19	Social / société	Certaines traditions et valeurs culturelles méritent d'être préservées même si elles évoluent moins vite que la société.	-2	2	https://lafranceinsoumise.fr/europeennes-2024/programme-de-lunion-populaire/chapitre-6-etendre-les-droits-et-libertes-face-aux-reactionnaires/	Désaccord net : LFI place l’extension des droits et libertés, l’égalité et la lutte contre les discriminations au cœur de son programme, avec une conception large des libertés civiles. Pour LFI, sur Q19 (« Certaines traditions et valeurs culturelles méritent d'être préservées même si elles évoluent moins vite que la société. »), elle va clairement en sens inverse sans nécessairement rejeter chaque détail : -2.	64	0.0711	Interdire toute prise de contrôle de plus de 20 % du capital par une même personne physique ou morale dans les médias et industries culturelles les plus significatives (audiovisuel, musique, livre, jeu vidéo) comme le groupe Bolloré, et encourager la constitution d’acteurs européens alternatifs misant sur la diversité culturelle et la liberté de création pour résister face aux plateformes américaines		
20	Immigration	La France devrait réduire le nombre d'immigrants qu'elle accueille chaque année.	-3	3	https://lafranceinsoumise.fr/europeennes-2024/programme-de-lunion-populaire/chapitre-7-lutter-contre-lexil-force-et-organiser-un-accueil-coordonne/	Désaccord très fort : LFI défend un accueil digne, le droit d’asile, l’accès au travail et aux droits sociaux pour les exilés, ainsi que des voies d’intégration fondées sur les droits plutôt que sur la restriction migratoire. Pour LFI, sur Q20 (« La France devrait réduire le nombre d'immigrants qu'elle accueille chaque année. »), elle contredit presque entièrement le choix proposé : -3.	39	0.1192	Garantir le respect de l’intérêt supérieur des enfants dans toute procédure et dans chaque étape du parcours des demandeurs d’asile	Établir un mécanisme contraignant de répartition du traitement des demandes d’asile dès lors qu’un État membre fait face à un nombre plus élevé de demandes de protection internationale que ses capacités administratives ne lui permettent pas de gérer	Ouvrir des voies de migrations légales sécurisées et administrées par les autorités européennes compétentes pour permettre, chaque fois que cela est possible, que des êtres humains accèdent à l’asile sans être forcés de prendre la route et de traverser la mer au péril de leur vie
21	Immigration	L'immigration économique est globalement bénéfique pour l'économie française.	3	2	https://lafranceinsoumise.fr/europeennes-2024/programme-de-lunion-populaire/chapitre-7-lutter-contre-lexil-force-et-organiser-un-accueil-coordonne/	Accord très fort : LFI défend un accueil digne, le droit d’asile, l’accès au travail et aux droits sociaux pour les exilés, ainsi que des voies d’intégration fondées sur les droits plutôt que sur la restriction migratoire. Pour LFI, sur Q21 (« L'immigration économique est globalement bénéfique pour l'économie française. »), cette orientation reprend presque entièrement le choix proposé : +3.	39	0.1325	Garantir l’accès des exilés à l’éducation, à l’apprentissage de la langue, à l’aide juridique, et plus globalement au système de protection sociale	Garantir l’application stricte de l’ensemble des dispositifs de droit international liés à l’asile et abroger le pacte asile-immigration qui prévoit une augmentation de la rétention aux frontières, l’affaiblissement du droit d’asile et une accélération de l’externalisation de la politique migratoire	À l’encontre des politiques xénophobes menées par le gouvernement Macron, main dans la main avec l’extrême droite de Marine Le Pen et de Jordan Bardella, l’accueil et le respect des droits humains sont des principes fondamentaux de la République française. La France est le premier pays au monde à intégrer le droit d’asile dans sa Constitution, dès 1793.
23	Immigration	L'accès à la nationalité française devrait être rendu plus exigeant.	-3	3	https://lafranceinsoumise.fr/europeennes-2024/programme-de-lunion-populaire/chapitre-7-lutter-contre-lexil-force-et-organiser-un-accueil-coordonne/	Désaccord très fort : LFI défend un accueil digne, le droit d’asile, l’accès au travail et aux droits sociaux pour les exilés, ainsi que des voies d’intégration fondées sur les droits plutôt que sur la restriction migratoire. Pour LFI, sur Q23 (« L'accès à la nationalité française devrait être rendu plus exigeant. »), elle contredit presque entièrement le choix proposé : -3.	39	0.1324	Mettre en place un accès effectif des exilés aux soins physiques et mentaux ainsi qu’au soutien psychosocial	Garantir l’accès des exilés à l’éducation, à l’apprentissage de la langue, à l’aide juridique, et plus globalement au système de protection sociale	À l’encontre des politiques xénophobes menées par le gouvernement Macron, main dans la main avec l’extrême droite de Marine Le Pen et de Jordan Bardella, l’accueil et le respect des droits humains sont des principes fondamentaux de la République française. La France est le premier pays au monde à intégrer le droit d’asile dans sa Constitution, dès 1793.
25	Immigration	Même lorsque l'immigration est économiquement bénéfique, elle peut être légitimement limitée pour préserver la cohésion culturelle du pays.	-3	2	https://lafranceinsoumise.fr/europeennes-2024/programme-de-lunion-populaire/chapitre-7-lutter-contre-lexil-force-et-organiser-un-accueil-coordonne/	Désaccord très fort : LFI défend un accueil digne, le droit d’asile, l’accès au travail et aux droits sociaux pour les exilés, ainsi que des voies d’intégration fondées sur les droits plutôt que sur la restriction migratoire. Pour LFI, sur Q25 (« Même lorsque l'immigration est économiquement bénéfique, elle peut être légitimement limitée pour préserver la cohésion culturelle du pays. »), elle contredit presque entièrement le choix proposé : -3.	39	0.0736	Garantir l’application stricte de l’ensemble des dispositifs de droit international liés à l’asile et abroger le pacte asile-immigration qui prévoit une augmentation de la rétention aux frontières, l’affaiblissement du droit d’asile et une accélération de l’externalisation de la politique migratoire	Développer les relations entre l’Union européenne et les pays du sud de la Méditerranée à travers des projets communs	Construire un programme pour l’aide au retour des réfugiés qui le souhaitent lorsque la situation dans leur pays d’origine le permet
26	Immigration	La France devrait accueillir davantage de réfugiés lorsqu'ils fuient une guerre ou une persécution, même si cela représente un coût économique.	3	3	https://lafranceinsoumise.fr/europeennes-2024/programme-de-lunion-populaire/chapitre-7-lutter-contre-lexil-force-et-organiser-un-accueil-coordonne/	Accord très fort : LFI défend un accueil digne, le droit d’asile, l’accès au travail et aux droits sociaux pour les exilés, ainsi que des voies d’intégration fondées sur les droits plutôt que sur la restriction migratoire. Pour LFI, sur Q26 (« La France devrait accueillir davantage de réfugiés lorsqu'ils fuient une guerre ou une persécution, même si cela représente un coût économique. »), cette orientation reprend presque entièrement le choix proposé : +3.	39	0.0921	Permettre aux personnes qui fuient les violences et les persécutions du fait de leur genre ou de leur orientation sexuelle de bénéficier du droit d’asile	Nous devons accueillir dignement celles et ceux qui cherchent refuge sur notre sol. À l’encontre des politiques xénophobes menées par le gouvernement Macron, main dans la main avec l’extrême droite de Marine Le Pen et de Jordan Bardella, l’accueil et le respect des droits humains sont des principes fondamentaux de la République française. La France est le premier pays au monde à intégrer le droit d’asile dans sa Constitution, dès 1793. En Europe, les arrivées de populations ne sont pas massives : en 2020, les réfugiés représentent 0,6% de la population totale. Par contre, les pays les plus riches qui la composent ont souvent la responsabilité des migrations forcées de par leur implication dans la multiplication des conflits armés, la destruction des économies locales par la mondialisation et le réchauffement climatique. Au cours des années 2010 les événements climatiques ont provoqué 2 fois plus de déplacements forcés que les conflits, selon le Haut-commissariat pour les réfugiés de l’ONU. Il y aura jusqu’à 1 milliard de migrants climatiques dans les 30 ans, selon l’Organisation internationale pour les migrations. Avec son agence meurtrière Frontex, l’Union européenne a fait de la Méditerranée et de la Manche des cimetières à ciel ouvert. Plutôt que la politique du chiffre et la chasse aux migrants, qui ne font que créer du désordre et de la souffrance, nous porterons une politique migratoire humaine fondée sur un accueil respectueux, la répression des réseaux de passeurs et la lutte contre les causes des migrations forcées.	Ouvrir des voies de migrations légales sécurisées et administrées par les autorités européennes compétentes pour permettre, chaque fois que cela est possible, que des êtres humains accèdent à l’asile sans être forcés de prendre la route et de traverser la mer au péril de leur vie
27	Sécurité / justice	Les peines de prison effectives devraient être plus sévères, même si cela augmente fortement la population carcérale.	-2	2	https://lafranceinsoumise.fr/wp-content/uploads/2024/06/Programme-nouveaufrontpopulaire.pdf	Désaccord net : LFI privilégie une police de proximité, la prévention, l’indépendance de la justice et le respect des libertés publiques, tout en demandant davantage de moyens humains pour la justice et certains services de sécurité. Pour LFI, sur Q27 (« Les peines de prison effectives devraient être plus sévères, même si cela augmente fortement la population carcérale. »), elle va clairement en sens inverse sans nécessairement rejeter chaque détail : -2.	44	0.0453	16 Nouveau Front Populaire Contrat de législature Partie 3 Les mois suivants LES TRANSFORMATIONS • Revoir et allonger la formation des policiers • Mettre en place un nouveau code de déontologie, supprimer l’IGPN et l’IGGN et les remplacer par un nouvel organisme indépendant, rattaché à la Défenseure des droits • Augmenter les moyens de la justice pour garantir un traitement juste et dans un délai raisonnable de l’ensemble des procédures, notamment par l’embauche de magistrats, greffiers, agents de la protection judiciaire de la jeunesse • Agir contre la surpopulation carcérale, assurer des conditions dignes de détention et donner les moyens à l’administration pénitentiaire et judiciaire de réaliser sa mission en toute sécurité • Mettre en place les récipissés pour les contrôles d’identité Faire bifurquer l’ économie et réindustrialiser la France • Engager un plan de reconstruction industrielle pour mettre fin à la dépendance de la France et de l’Europe dans les domaines stratégiques (semi-conducteurs, médicaments, technologies de pointe, voitures électriques, panneaux solaires, etc) • Réaliser un diagnostic préalable des ressources naturelles avant implantation industrielle • Encadrer la sous-traitance, garantir la responsabilité du donneur d’ordre et mettre en place des quotas de sous-traitants issus du tissu de TPE/PME et de l’artisanat local • Conditionner les aides aux entreprises au respect de critères environnementaux, sociaux et de lutte contre les discriminations au sein de l’entreprise.		
28	Sécurité / justice	Il vaut mieux investir dans la prévention et la réinsertion que dans l'augmentation des sanctions.	3	2	https://lafranceinsoumise.fr/wp-content/uploads/2024/06/Programme-nouveaufrontpopulaire.pdf	Accord très fort : LFI privilégie une police de proximité, la prévention, l’indépendance de la justice et le respect des libertés publiques, tout en demandant davantage de moyens humains pour la justice et certains services de sécurité. Pour LFI, sur Q28 (« Il vaut mieux investir dans la prévention et la réinsertion que dans l'augmentation des sanctions. »), cette orientation reprend presque entièrement le choix proposé : +3.	44	0.1402	21 Nouveau Front Populaire Contrat de législature Partie 3 Les mois suivants LES TRANSFORMATIONS • Organiser la distribution de bouteilles d’eau et plafonner le prix de l’eau partout où le service d’eau potable est défaillant via modification du plan ORSEC-eau, et mettre en place de grands travaux de rénovation des canalisations • Créer un fonds d’indemnisation et de prévention contre les pollutions pour indemniser et assurer la prise en charge médicale des victimes du chlordécone et des sargasses et investir dans la dépollution et la décontamination des sols et des eaux (chlordécone et glyphosate aux Antilles, mercure en Guyane, essais nucléaires en Polynésie…) • Cesser de faire de Mayotte un territoire de seconde zone de la République.	Nous nous engageons à : • Donner à la justice les moyens de poursuivre et de sanctionner les auteurs de propos ou actes racistes, islamophobes et antisémites • Instaurer un Commissariat à l’égalité doté d’un Observatoire des discriminations et de pôles spécialisés au sein des services publics et des cours d’appel • Adopter et mettre en œuvre un plan de lutte contre les discriminations, notamment à l’embauche, à la santé et au logement, et le renforcement des sanctions L’antisémitisme a une histoire tragique dans notre pays qui ne doit pas se répéter.	7Nouveau Front Populaire Contrat de législature Agir pour un cessez-le-feu immédiat à Gaza et pour une paix juste et durable • Rompre avec le soutien coupable du gouvernement français au gouvernement suprémaciste d’extrême droite de Netanyahu pour imposer un cessez-le-feu immédiat à Gaza et faire respecter l’ordonnance de la Cour Internationale de Justice (CIJ) qui évoque, sans ambiguïtés, un risque de génocide • Agir pour la libération des otages détenus depuis les massacres terroristes du Hamas, dont nous rejetons le projet théocratique, et pour la libération des prisonniers politiques palestiniens • Soutenir la Cour Pénale Internationale (CPI) dans ses poursuites contre les dirigeants du Hamas et le gouvernement de Netanyahu • Reconnaitre immédiatement l’État de Palestine aux côtés de l’État d’Israël sur la base des résolutions de l’ONU • Décréter un embargo sur les livraisons d’armes à Israël • Infliger des sanctions contre le gouvernement d’extrême droite de Netanyahu tant que celui-ci ne respecte pas le droit international à Gaza et en Cisjordanie • Demander la suspension de l’accord d‘association Union européenne - Israël, conditionné au respect des droits humains • Permettre l’organisation d’élections libres sous contrôle international pour permettre aux Palestiniens de décider de leur destin • Faire respecter la souveraineté du Liban et la protection des 700 Français engagés sous casque bleu pour le droit international L’urgence de la paix
29	Sécurité / justice	La police devrait disposer de pouvoirs plus importants pour lutter contre la criminalité, quitte à accepter davantage de contrôles sur certaines libertés individuelles.	-3	2	https://lafranceinsoumise.fr/wp-content/uploads/2024/06/Programme-nouveaufrontpopulaire.pdf	Désaccord très fort : LFI privilégie une police de proximité, la prévention, l’indépendance de la justice et le respect des libertés publiques, tout en demandant davantage de moyens humains pour la justice et certains services de sécurité. Pour LFI, sur Q29 (« La police devrait disposer de pouvoirs plus importants pour lutter contre la criminalité, quitte à accepter davantage de contrôles sur certaines… »), elle contredit presque entièrement le choix proposé : -3.	44	0.1158	Nous proposerons un plan interministériel pour analyser, prévenir et lutter contre l’islamophobie en France, et contre ses effets sur ceux qui la subissent.	Nous proposerons un plan interministériel pour analyser, prévenir et lutter contre l’antisémitisme en France, notamment à l’école et contre ses effets sur la vie des populations qui le subissent.	Nous refusons les attaques contre nos libertés démocratiques et la répression vis à vis des forces sociales et associatives, particulièrement bafouées ces dernières années.
32	Écologie	La lutte contre le changement climatique doit rester prioritaire même lorsqu'elle réduit la croissance économique à court terme.	3	2	https://lafranceinsoumise.fr/europeennes-2024/programme-de-lunion-populaire/chapitre-4-faire-la-planification-ecologique-europeenne/	Accord très fort : LFI défend une planification écologique contraignante, la sortie des énergies fossiles, des interdictions ciblées et une réduction matérielle de certains usages plutôt qu’une transition principalement laissée au marché. Pour LFI, sur Q32 (« La lutte contre le changement climatique doit rester prioritaire même lorsqu'elle réduit la croissance économique à court terme. »), cette orientation reprend presque entièrement le choix proposé : +3.	133	0.1340	Accroître le soutien européen à la recherche publique sur l’adaptation au changement climatique des forêts et des essences forestières et sur la gestion raisonnée des insectes ravageurs et pathogènes	Exclure les plantations des subventions européennes à la foresterie, trop souvent utilisées pour des plantations monospécifiques d’essences à croissance rapide, sauf lorsqu’elles font suite à une impasse sanitaire avérée	Les années à venir sont décisives pour l’Humanité. Face au bouleversement climatique et à ses effets irréversibles, l’Union européenne devrait être à la pointe de la lutte pour la sauvegarde de nos écosystèmes tout en garantissant une vie digne pour toutes et tous. Elle en a les moyens financiers, techniques et humains. L’intérêt général humain le commande.
33	Écologie	Il faut accepter une hausse importante du prix des énergies fossiles pour accélérer la transition écologique.	2	2	https://lafranceinsoumise.fr/europeennes-2024/programme-de-lunion-populaire/chapitre-4-faire-la-planification-ecologique-europeenne/	Accord net : LFI défend une planification écologique contraignante, la sortie des énergies fossiles, des interdictions ciblées et une réduction matérielle de certains usages plutôt qu’une transition principalement laissée au marché. Pour LFI, sur Q33 (« Il faut accepter une hausse importante du prix des énergies fossiles pour accélérer la transition écologique. »), elle va clairement dans ce sens sans établir nécessairement chaque condition ou conséquence de l’énoncé : +2.	133	0.2284	Supprimer les subventions directes et indirectes accordées aux énergies fossiles (pétrole, gaz, charbon, gaz de schiste) et interdire toute nouvelle exploitation d’énergies fossiles dans l’Union européenne	Négocier un traité international de non-prolifération des énergies fossiles et contre le lobbying des entreprises du pétrole, du charbon et du gaz dans les institutions publiques	Neuf ans après les accords de Paris, l’Union européenne met encore en place des dispositifs contre-productifs comme le marché carbone. Alors que 80% des émissions de gaz à effet de serre proviennent aujourd’hui des énergies fossiles, il y a urgence à en sortir de manière juste et concertée. Ce n’est pas aux plus pauvres, qui subissent déjà les premiers les effets du dérèglement climatique, de payer mais aux pollueurs et aux plus riches. Cela passe par la taxation des super-pollueurs et de leurs super-profits : les entreprises du pétrole, du gaz, et du charbon qui s’enrichissent au mépris de leur impact environnemental.
36	Écologie	Il est justifié d'interdire certains produits ou comportements très polluants même lorsque les consommateurs les souhaitent.	3	2	https://lafranceinsoumise.fr/europeennes-2024/programme-de-lunion-populaire/chapitre-4-faire-la-planification-ecologique-europeenne/	Accord très fort : LFI défend une planification écologique contraignante, la sortie des énergies fossiles, des interdictions ciblées et une réduction matérielle de certains usages plutôt qu’une transition principalement laissée au marché. Pour LFI, sur Q36 (« Il est justifié d'interdire certains produits ou comportements très polluants même lorsque les consommateurs les souhaitent. »), cette orientation reprend presque entièrement le choix proposé : +3.	133	0.2338	Renforcer le règlement REACH pour lutter contre les pollutions industrielles et interdire les produits chimiques les plus dangereux et les polluants éternels (PFAS)	Interdire l’utilisation des PFAS et l’importation de produits qui en contiennent. De nombreuses alternatives naturelles existent et doivent être privilégiées pour toutes les catégories de produits concernés	Mettre fin aux zones à faibles émissions (ZFE) dans leur conception actuelle dont les critères induisent des inégalités sociales et une trop grande tolérance à l’égard de certains véhicules, notamment les SUV, qualifiés à tort de non-polluants
37	Écologie	Les pays riches devraient supporter une part prépondérante du coût de la transition écologique mondiale.	3	2	https://lafranceinsoumise.fr/europeennes-2024/programme-de-lunion-populaire/chapitre-4-faire-la-planification-ecologique-europeenne/	Accord très fort : LFI défend une planification écologique contraignante, la sortie des énergies fossiles, des interdictions ciblées et une réduction matérielle de certains usages plutôt qu’une transition principalement laissée au marché. Pour LFI, sur Q37 (« Les pays riches devraient supporter une part prépondérante du coût de la transition écologique mondiale. »), cette orientation reprend presque entièrement le choix proposé : +3.	133	0.0903	Mettre en place un grand plan d’investissement public dans la bifurcation écologique financé par de nouvelles ressources propres	Fixer des taux maximaux de sel, de sucre et d’acide gras saturés dans les aliments transformés sur la base des normes de l’Organisation mondiale de la santé (OMS)	Budgéter une aide à la transition pour les éleveurs industriels se convertissant à l’élevage paysan ou aux cultures végétales
38	Europe	La France devrait transférer davantage de compétences à l'Union européenne afin de renforcer son poids économique et géopolitique.	-1	2	https://lafranceinsoumise.fr/europeennes-2024/lespace-programme/	Réserve modérée : LFI veut transformer profondément les règles européennes et assume la désobéissance à certaines d’entre elles lorsqu’elles empêchent l’application de son programme social et écologique. Pour LFI, sur Q38 (« La France devrait transférer davantage de compétences à l'Union européenne afin de renforcer son poids économique et géopolitique. »), elle incline plutôt en sens inverse sans constituer un rejet complet : -1.	9	0.0824	Le programme de l’Union populaire pour les élections européennes s’adjoint au programme partagé de la Nouvelle Union Populaire écologique et sociale (NUPES), ainsi que l’Avenir en commun et les 54 publications thématiques (livrets et plans) qui le complètent.	Par vos votes, vous pouvez déjà dire « non » à Macron et à Le Pen. Vous pouvez mettre un coup d’arrêt aux politiques destructrices mises en œuvre par la Commission européenne, soutenue par la droite, les macronistes, et les socialistes européens ! Les député·es insoumis·es que vous enverrez au Parlement européen par vos voix auront pour premières tâches de bousculer les institutions pour ouvrir la voie, lancer l’alerte, bloquer la Commission européenne et arracher des avancées pour les peuples, pour la planète, pour la paix. Donnez-nous la force de tout changer !	Découvrez les fiches pratiques et argumentaires de l’Union populaire. Elles vous permettront d’avoir tous les arguments et tous les outils pour convaincre de voter pour la liste menée par Manon Aubry et notre programme lors des élections européennes, le 9 juin 2024.
39	Europe	La France devrait conserver autant que possible sa souveraineté nationale, même si cela réduit son influence au niveau européen.	2	2	https://lafranceinsoumise.fr/europeennes-2024/lespace-programme/	Accord net : LFI veut transformer profondément les règles européennes et assume la désobéissance à certaines d’entre elles lorsqu’elles empêchent l’application de son programme social et écologique. Pour LFI, sur Q39 (« La France devrait conserver autant que possible sa souveraineté nationale, même si cela réduit son influence au niveau européen. »), elle va clairement dans ce sens sans établir nécessairement chaque condition ou conséquence de l’énoncé : +2.	9	0.0715	Nous allons au Parlement européen pour mener des combats concrets, pas pour faire fonctionner leur système.	C’est pour cela que nous assumerons les rapports de force nécessaires et la désobéissance à ces règles pour être en capacité d’appliquer notre programme. En ce sens, nous appliquerons le programme de la NUPES, qui a permis de remporter le 1er tour des élections législatives et de faire élire 151 députés aux élections législatives en 2002. Fidèles à ce projet, et au travail réalisé par les jeunes de la NUPES, nous travaillerons activement à une modification en profondeur des règles incompatibles avec notre programme	Nous voulons bifurquer vers le mieux disant écologique et social. Or, un programme de rupture à la hauteur des urgences écologiques et sociales va à l’encontre de certaines des règles européennes actuelles : traités de libre-échange, concurrence libre et non faussée, marché européen de l’énergie, carcan budgétaire, politique agricole productiviste, Banque centrale européenne (BCE) dont les taux d’intérêt étranglent l’investissement des entreprises, Europe de la défense soumise à l’OTAN.
40	Europe	L'euro est globalement bénéfique pour la France malgré la perte de certains instruments de politique économique.	0	2	https://lafranceinsoumise.fr/europeennes-2024/lespace-programme/	Position intermédiaire : LFI veut transformer profondément les règles européennes et assume la désobéissance à certaines d’entre elles lorsqu’elles empêchent l’application de son programme social et écologique. Pour LFI, sur Q40 (« L'euro est globalement bénéfique pour la France malgré la perte de certains instruments de politique économique. »), elle ne tranche pas clairement l’arbitrage précis posé : 0.	9	0			
41	Europe	L'Union européenne devrait pouvoir imposer davantage de règles communes aux États membres.	0	2	https://lafranceinsoumise.fr/europeennes-2024/lespace-programme/	Position intermédiaire : LFI veut transformer profondément les règles européennes et assume la désobéissance à certaines d’entre elles lorsqu’elles empêchent l’application de son programme social et écologique. Pour LFI, sur Q41 (« L'Union européenne devrait pouvoir imposer davantage de règles communes aux États membres. »), elle ne tranche pas clairement l’arbitrage précis posé : 0.	9	0.1095	Nous voulons bifurquer vers le mieux disant écologique et social. Or, un programme de rupture à la hauteur des urgences écologiques et sociales va à l’encontre de certaines des règles européennes actuelles : traités de libre-échange, concurrence libre et non faussée, marché européen de l’énergie, carcan budgétaire, politique agricole productiviste, Banque centrale européenne (BCE) dont les taux d’intérêt étranglent l’investissement des entreprises, Europe de la défense soumise à l’OTAN.	Le programme de l’Union populaire pour les élections européennes s’adjoint au programme partagé de la Nouvelle Union Populaire écologique et sociale (NUPES), ainsi que l’Avenir en commun et les 54 publications thématiques (livrets et plans) qui le complètent.	C’est pour cela que nous assumerons les rapports de force nécessaires et la désobéissance à ces règles pour être en capacité d’appliquer notre programme. En ce sens, nous appliquerons le programme de la NUPES, qui a permis de remporter le 1er tour des élections législatives et de faire élire 151 députés aux élections législatives en 2002. Fidèles à ce projet, et au travail réalisé par les jeunes de la NUPES, nous travaillerons activement à une modification en profondeur des règles incompatibles avec notre programme
42	Europe	En cas de conflit entre les intérêts économiques français et les règles européennes, la France devrait pouvoir désobéir à certaines règles européennes.	3	2	https://lafranceinsoumise.fr/europeennes-2024/lespace-programme/	Accord très fort : LFI veut transformer profondément les règles européennes et assume la désobéissance à certaines d’entre elles lorsqu’elles empêchent l’application de son programme social et écologique. Pour LFI, sur Q42 (« En cas de conflit entre les intérêts économiques français et les règles européennes, la France devrait pouvoir désobéir à certaines règles européennes. »), cette orientation reprend presque entièrement le choix proposé : +3.	9	0.1926	Nous voulons bifurquer vers le mieux disant écologique et social. Or, un programme de rupture à la hauteur des urgences écologiques et sociales va à l’encontre de certaines des règles européennes actuelles : traités de libre-échange, concurrence libre et non faussée, marché européen de l’énergie, carcan budgétaire, politique agricole productiviste, Banque centrale européenne (BCE) dont les taux d’intérêt étranglent l’investissement des entreprises, Europe de la défense soumise à l’OTAN.	C’est pour cela que nous assumerons les rapports de force nécessaires et la désobéissance à ces règles pour être en capacité d’appliquer notre programme. En ce sens, nous appliquerons le programme de la NUPES, qui a permis de remporter le 1er tour des élections législatives et de faire élire 151 députés aux élections législatives en 2002. Fidèles à ce projet, et au travail réalisé par les jeunes de la NUPES, nous travaillerons activement à une modification en profondeur des règles incompatibles avec notre programme	Découvrez les fiches pratiques et argumentaires de l’Union populaire. Elles vous permettront d’avoir tous les arguments et tous les outils pour convaincre de voter pour la liste menée par Manon Aubry et notre programme lors des élections européennes, le 9 juin 2024.
43	Fiscalité / patrimoine	Il faudrait supprimer l'IFI et ne plus taxer spécifiquement le patrimoine immobilier au-delà de la fiscalité ordinaire.	-3	3	https://lafranceinsoumise.fr/europeennes-2024/programme-de-lunion-populaire/chapitre-1-sortir-de-lausterite-et-partager-les-richesses/	Désaccord très fort : LFI veut partager davantage les richesses, faire contribuer plus fortement les hauts revenus et les grandes fortunes, limiter les écarts de rémunération et conditionner les aides publiques aux entreprises. Pour LFI, sur Q43 (« Il faudrait supprimer l'IFI et ne plus taxer spécifiquement le patrimoine immobilier au-delà de la fiscalité ordinaire. »), elle contredit presque entièrement le choix proposé : -3.	72	0.0914	Abolir les règles d’austérité anti-services publics Taxer les riches et les superprofits Mettre en place une allocation d’autonomie contre la pauvreté de la jeunesse	Renforcer la fiscalité écologique avec une taxe sur le dumping écologique et social aux frontières de l’espace économique européen et une taxe kérosène	
44	Fiscalité / patrimoine	L'héritage devrait être davantage taxé au-delà d'un certain seuil de patrimoine transmis, même si cela conduit certaines familles à transmettre moins de patrimoine à leurs enfants.	2	2	https://lafranceinsoumise.fr/europeennes-2024/programme-de-lunion-populaire/chapitre-1-sortir-de-lausterite-et-partager-les-richesses/	Accord net : LFI veut partager davantage les richesses, faire contribuer plus fortement les hauts revenus et les grandes fortunes, limiter les écarts de rémunération et conditionner les aides publiques aux entreprises. Pour LFI, sur Q44 (« L'héritage devrait être davantage taxé au-delà d'un certain seuil de patrimoine transmis, même si cela conduit certaines familles à transmettre moins… »), elle va clairement dans ce sens sans établir nécessairement chaque condition ou conséquence de l’énoncé : +2.	72	0.0653	Lancer une directive pour une allocation d’autonomie accessible aux jeunes de moins de 25 ans et située au-dessus du seuil de pauvreté (soit 1158 euros mensuels en France)	« Détruire la misère ! Oui, cela est possible ! Les législateurs et les gouvernants doivent y songer sans cesse ; car, en pareille matière, tant que le possible n’est pas fait, le devoir n’est pas rempli. »	Créer un registre européen global des actifs pour lutter plus efficacement contre l’évasion fiscale, tout en poussant pour son extension au niveau mondial : cela empêchera notamment les investisseurs transfrontaliers de frauder l’impôt avec des schémas tels que ceux révélés dans les CumEx files
45	Fiscalité / patrimoine	Les très grandes fortunes devraient être imposées sur leur patrimoine mondial, même lorsqu'elles quittent la France.	2	2	https://lafranceinsoumise.fr/europeennes-2024/programme-de-lunion-populaire/chapitre-1-sortir-de-lausterite-et-partager-les-richesses/	Accord net : LFI veut partager davantage les richesses, faire contribuer plus fortement les hauts revenus et les grandes fortunes, limiter les écarts de rémunération et conditionner les aides publiques aux entreprises. Pour LFI, sur Q45 (« Les très grandes fortunes devraient être imposées sur leur patrimoine mondial, même lorsqu'elles quittent la France. »), elle va clairement dans ce sens sans établir nécessairement chaque condition ou conséquence de l’énoncé : +2.	72	0.0877	Garantir l’application effective du devoir de vigilance des multinationales et porter son application au niveau mondial par le biais d’un traité international	Créer un registre européen global des actifs pour lutter plus efficacement contre l’évasion fiscale, tout en poussant pour son extension au niveau mondial : cela empêchera notamment les investisseurs transfrontaliers de frauder l’impôt avec des schémas tels que ceux révélés dans les CumEx files	
46	Travail / chômage	Un chômeur devrait pouvoir perdre une partie significative de ses allocations s'il refuse plusieurs emplois raisonnablement adaptés à ses compétences.	-2	2	https://lafranceinsoumise.fr/europeennes-2024/programme-de-lunion-populaire/chapitre-3-sortir-du-libre-echange-et-relocaliser/	Désaccord net : LFI veut soustraire plusieurs biens essentiels à la logique de marché, développer des filières et pôles publics et encadrer fortement les entreprises par des objectifs sociaux et écologiques. Pour LFI, sur Q46 (« Un chômeur devrait pouvoir perdre une partie significative de ses allocations s'il refuse plusieurs emplois raisonnablement adaptés à ses compétences. »), elle va clairement en sens inverse sans nécessairement rejeter chaque détail : -2.	53	0			
48	Travail / chômage	Le CDI protège trop fortement les salariés déjà en poste et peut rendre plus difficile l’accès à l’emploi stable, au détriment des jeunes, chômeurs ou travailleurs en contrats précaires.	-2	1	https://lafranceinsoumise.fr/europeennes-2024/programme-de-lunion-populaire/chapitre-3-sortir-du-libre-echange-et-relocaliser/	Désaccord net : LFI veut soustraire plusieurs biens essentiels à la logique de marché, développer des filières et pôles publics et encadrer fortement les entreprises par des objectifs sociaux et écologiques. Pour LFI, sur Q48 (« Le CDI protège trop fortement les salariés déjà en poste et peut rendre plus difficile l’accès à l’emploi stable, au détriment des jeunes, chômeurs ou… »), elle va clairement en sens inverse sans nécessairement rejeter chaque détail : -2.	53	0.0555	Malgré les grands discours sur la « relocalisation » et le « protectionnisme européen », la Commission européenne s’obstine plus que jamais dans le libre-échange. L’Union européenne a déjà des accords de libre échange en place avec 79 pays. Elle est en train d’en adopter deux nouveaux (Chili, Kenya) et négocie actuellement des accords avec 11 autres pays dont celui avec le Mercosur. C’est pourtant une folie tant en matière d’écologie – les coûts climatiques des accords de libre-échange sont bien souvent supérieurs aux soi-disant avantages économiques – que de droits humains, en encourageant le dumping social et l’exploitation de travailleurs dans des conditions catastrophiques. Ces accords tuent notre industrie et notre agriculture en les soumettant à une concurrence déloyale : il n’y a pourtant aucun sens à importer des quatre coins du monde des marchandises et produits alimentaires que nous produisons déjà ici. Notre engagement est donc clair : nous sommes le seul groupe à avoir voté contre tous les accords de libre-échange destructeurs et nous y mettrons fin. Nous voulons passer au protectionnisme écologique et social. Il faut garantir la protection des biens communs en les sortant du marché. Il faut relocaliser l’industrie et garantir notre indépendance sur les ressources clés, en partant des besoins. Nous appliquerons un principe de non-régression pour qu’aucune décision européenne ne réduise les protections sociales ou environnementales.	Interdire l’accès au marché européen aux produits ne respectant pas des normes sociales et environnementales suffisantes ou violant les droits humains dans leur chaîne de production et renforcer les contrôles	Faire de la sobriété matérielle et de la réduction de la demande un levier de réduction des importations, de relocalisation et de réindustrialisation au service de l’emploi et de la réduction de l’empreinte écologique
49	Retraites	Les retraites devraient être progressivement réformées vers un système combinant répartition et capitalisation, même si cela implique une période de transition coûteuse.	-3	2	https://lafranceinsoumise.fr/europeennes-2024/programme-de-lunion-populaire/chapitre-3-sortir-du-libre-echange-et-relocaliser/	Désaccord très fort : LFI veut soustraire plusieurs biens essentiels à la logique de marché, développer des filières et pôles publics et encadrer fortement les entreprises par des objectifs sociaux et écologiques. Pour LFI, sur Q49 (« Les retraites devraient être progressivement réformées vers un système combinant répartition et capitalisation, même si cela implique une période de… »), elle contredit presque entièrement le choix proposé : -3.	53	0.0575	Favoriser la production nationale dans les marchés publics lorsqu’elle répond au besoin, puis la production européenne. Cela permettra par exemple un approvisionnement local des cantines ou bien l’utilisation de panneaux solaires français et européens aujourd’hui laminés par le dumping asiatique		
50	Retraites	L'âge légal de départ à la retraite devrait être automatiquement indexé sur l'espérance de vie nationale.	-3	2	https://lafranceinsoumise.fr/europeennes-2024/programme-de-lunion-populaire/chapitre-3-sortir-du-libre-echange-et-relocaliser/	Désaccord très fort : LFI veut soustraire plusieurs biens essentiels à la logique de marché, développer des filières et pôles publics et encadrer fortement les entreprises par des objectifs sociaux et écologiques. Pour LFI, sur Q50 (« L'âge légal de départ à la retraite devrait être automatiquement indexé sur l'espérance de vie nationale. »), elle contredit presque entièrement le choix proposé : -3.	53	0.0735	Établir une planification publique européenne et nationale adaptée aux potentiels des différents territoires pour décupler la production d’électricité renouvelable au niveau européen	Mettre en place une coordination des investissements énergétiques par une planification publique européenne, nationale et territoriale, multi-énergies, adaptée aux potentiels des différents territoires	Mettre en œuvre dans les États une clause de sauvegarde sanitaire interdisant l’importation de produits mettant en cause un norme sanitaire nationale, à comprendre comme une clause de non régression
51	Protection sociale	Les prestations sociales devraient être fortement conditionnées à la durée de cotisation et de participation au marché du travail.	-3	2	https://lafranceinsoumise.fr/europeennes-2024/programme-de-lunion-populaire/chapitre-3-sortir-du-libre-echange-et-relocaliser/	Désaccord très fort : LFI veut soustraire plusieurs biens essentiels à la logique de marché, développer des filières et pôles publics et encadrer fortement les entreprises par des objectifs sociaux et écologiques. Pour LFI, sur Q51 (« Les prestations sociales devraient être fortement conditionnées à la durée de cotisation et de participation au marché du travail. »), elle contredit presque entièrement le choix proposé : -3.	53	0.1256	Interdire l’accès au marché européen aux produits ne respectant pas des normes sociales et environnementales suffisantes ou violant les droits humains dans leur chaîne de production et renforcer les contrôles	Nous voulons passer au protectionnisme écologique et social. Il faut garantir la protection des biens communs en les sortant du marché. Il faut relocaliser l’industrie et garantir notre indépendance sur les ressources clés, en partant des besoins. Nous appliquerons un principe de non-régression pour qu’aucune décision européenne ne réduise les protections sociales ou environnementales.	Renforcer le contrôle des investissements directs étrangers afin d’empêcher la captation ou la participation d’entreprises étrangères à des industries stratégiques pour notre souveraineté (énergétique, médical, militaire)
53	État / entreprises	Une entreprise qui reçoit plusieurs milliards d'euros d'aides publiques devrait pouvoir être contrainte de limiter ses dividendes et les rémunérations de ses dirigeants tant que l'aide n'est pas remboursée.	3	3	https://lafranceinsoumise.fr/europeennes-2024/programme-de-lunion-populaire/chapitre-3-sortir-du-libre-echange-et-relocaliser/	Accord très fort : LFI veut soustraire plusieurs biens essentiels à la logique de marché, développer des filières et pôles publics et encadrer fortement les entreprises par des objectifs sociaux et écologiques. Pour LFI, sur Q53 (« Une entreprise qui reçoit plusieurs milliards d'euros d'aides publiques devrait pouvoir être contrainte de limiter ses dividendes et les rémunérations… »), cette orientation reprend presque entièrement le choix proposé : +3.	53	0.0591	Renforcer les sanctions et la responsabilité civile et pénale du chef d’entreprise et des administrateurs d’entreprises en cas d’infractions sociales ou environnementales dans l’ensemble de leur chaîne de sous-traitance et d’approvisionnement, y compris hors UE	Réformer le cadre des aides d’État pour subventionner directement des secteurs stratégiques clefs, notamment dans le cadre de la planification écologique	Permettre les aides d’État pour les investissements dans les navires construits en Europe et infrastructures portuaires et industrielles pour construire une base industrielle et technologique des énergies renouvelables
54	État / entreprises	L'État devrait davantage utiliser son pouvoir d'actionnaire pour orienter les grandes entreprises françaises vers des objectifs industriels de long terme.	3	2	https://lafranceinsoumise.fr/europeennes-2024/programme-de-lunion-populaire/chapitre-3-sortir-du-libre-echange-et-relocaliser/	Accord très fort : LFI veut soustraire plusieurs biens essentiels à la logique de marché, développer des filières et pôles publics et encadrer fortement les entreprises par des objectifs sociaux et écologiques. Pour LFI, sur Q54 (« L'État devrait davantage utiliser son pouvoir d'actionnaire pour orienter les grandes entreprises françaises vers des objectifs industriels de long terme. »), cette orientation reprend presque entièrement le choix proposé : +3.	53	0.1077	Étendre le devoir de vigilance des entreprises adopté au niveau européen à l’ensemble des grandes entreprises, y compris dans le secteur financier, durcir les sanctions administratives pour les entreprises qui violent les droits humains ou détruisent l’environnement dans leur chaîne de production, et faciliter l’accès à la justice pour les victimes en donnant la possibilité aux ONG ou aux associations de les représenter	Assurer la mise en œuvre de la sortie coordonnée de l’Union européenne et de la France du traité sur la charte de l’énergie et refuser de payer les compensations qui pourraient être exigées par les grandes entreprises fossiles	Mettre un terme à la contradiction des pratiques commerciales délétères de l’Union européenne avec ses propres règles visant à protéger les droits humains et l’environnement, notamment les législations européennes sur le devoir de vigilance des entreprises, le travail forcé, la déforestation et la restauration de la nature
55	État / entreprises	Il faudrait réduire fortement les normes administratives pesant sur les entreprises, même si certaines protections environnementales ou sociales deviennent moins strictes.	-3	2	https://lafranceinsoumise.fr/europeennes-2024/programme-de-lunion-populaire/chapitre-3-sortir-du-libre-echange-et-relocaliser/	Désaccord très fort : LFI veut soustraire plusieurs biens essentiels à la logique de marché, développer des filières et pôles publics et encadrer fortement les entreprises par des objectifs sociaux et écologiques. Pour LFI, sur Q55 (« Il faudrait réduire fortement les normes administratives pesant sur les entreprises, même si certaines protections environnementales ou sociales… »), elle contredit presque entièrement le choix proposé : -3.	53	0.1725	Interdire l’accès au marché européen aux produits ne respectant pas des normes sociales et environnementales suffisantes ou violant les droits humains dans leur chaîne de production et renforcer les contrôles	Nous voulons passer au protectionnisme écologique et social. Il faut garantir la protection des biens communs en les sortant du marché. Il faut relocaliser l’industrie et garantir notre indépendance sur les ressources clés, en partant des besoins. Nous appliquerons un principe de non-régression pour qu’aucune décision européenne ne réduise les protections sociales ou environnementales.	Renforcer les sanctions et la responsabilité civile et pénale du chef d’entreprise et des administrateurs d’entreprises en cas d’infractions sociales ou environnementales dans l’ensemble de leur chaîne de sous-traitance et d’approvisionnement, y compris hors UE
57	Immigration / assimilation	L'accès à certaines prestations sociales devrait être beaucoup plus limité pendant les premières années suivant l'arrivée d'un immigré.	-3	2	https://lafranceinsoumise.fr/europeennes-2024/programme-de-lunion-populaire/chapitre-7-lutter-contre-lexil-force-et-organiser-un-accueil-coordonne/	Désaccord très fort : LFI défend un accueil digne, le droit d’asile, l’accès au travail et aux droits sociaux pour les exilés, ainsi que des voies d’intégration fondées sur les droits plutôt que sur la restriction migratoire. Pour LFI, sur Q57 (« L'accès à certaines prestations sociales devrait être beaucoup plus limité pendant les premières années suivant l'arrivée d'un immigré. »), elle contredit presque entièrement le choix proposé : -3.	39	0.0700	Mettre en place un accès effectif des exilés aux soins physiques et mentaux ainsi qu’au soutien psychosocial	Garantir l’accès des exilés à l’éducation, à l’apprentissage de la langue, à l’aide juridique, et plus globalement au système de protection sociale	Au cours des années 2010 les événements climatiques ont provoqué 2 fois plus de déplacements forcés que les conflits, selon le Haut-commissariat pour les réfugiés de l’ONU. Il y aura jusqu’à 1 milliard de migrants climatiques dans les 30 ans, selon l’Organisation internationale pour les migrations.
58	Immigration / assimilation	La France devrait privilégier l'immigration économique qualifiée, même si cela signifie accueillir moins de personnes peu qualifiées.	-1	1	https://lafranceinsoumise.fr/europeennes-2024/programme-de-lunion-populaire/chapitre-7-lutter-contre-lexil-force-et-organiser-un-accueil-coordonne/	Réserve modérée : LFI défend un accueil digne, le droit d’asile, l’accès au travail et aux droits sociaux pour les exilés, ainsi que des voies d’intégration fondées sur les droits plutôt que sur la restriction migratoire. Pour LFI, sur Q58 (« La France devrait privilégier l'immigration économique qualifiée, même si cela signifie accueillir moins de personnes peu qualifiées. »), elle incline plutôt en sens inverse sans constituer un rejet complet : -1.	39	0.0886	Nous devons accueillir dignement celles et ceux qui cherchent refuge sur notre sol.	Interdire le placement des mineurs, des familles et des personnes vulnérables en centres de rétention	Permettre aux personnes qui fuient les violences et les persécutions du fait de leur genre ou de leur orientation sexuelle de bénéficier du droit d’asile
59	Immigration / assimilation	Une personne née en France de parents étrangers devrait automatiquement devenir française à sa majorité si elle y a grandi, même si elle ne manifeste pas particulièrement d'attachement à la France.	3	2	https://lafranceinsoumise.fr/europeennes-2024/programme-de-lunion-populaire/chapitre-7-lutter-contre-lexil-force-et-organiser-un-accueil-coordonne/	Accord très fort : LFI défend un accueil digne, le droit d’asile, l’accès au travail et aux droits sociaux pour les exilés, ainsi que des voies d’intégration fondées sur les droits plutôt que sur la restriction migratoire. Pour LFI, sur Q59 (« Une personne née en France de parents étrangers devrait automatiquement devenir française à sa majorité si elle y a grandi, même si elle ne manifeste… »), cette orientation reprend presque entièrement le choix proposé : +3.	39	0.0710	Soutenir une politique migratoire qui prend en compte les besoins spécifiques (juridiques, médicaux, psychologiques) des femmes et des enfants, particulièrement vulnérables aux violences sexistes et sexuelles	À l’encontre des politiques xénophobes menées par le gouvernement Macron, main dans la main avec l’extrême droite de Marine Le Pen et de Jordan Bardella, l’accueil et le respect des droits humains sont des principes fondamentaux de la République française. La France est le premier pays au monde à intégrer le droit d’asile dans sa Constitution, dès 1793.	
60	Immigration / assimilation	La France devrait pouvoir refuser l'entrée à un immigré légalement admissible lorsqu'il existe de fortes raisons de penser qu'il ne souhaite pas s'intégrer culturellement à la société française.	-3	2	https://lafranceinsoumise.fr/europeennes-2024/programme-de-lunion-populaire/chapitre-7-lutter-contre-lexil-force-et-organiser-un-accueil-coordonne/	Désaccord très fort : LFI défend un accueil digne, le droit d’asile, l’accès au travail et aux droits sociaux pour les exilés, ainsi que des voies d’intégration fondées sur les droits plutôt que sur la restriction migratoire. Pour LFI, sur Q60 (« La France devrait pouvoir refuser l'entrée à un immigré légalement admissible lorsqu'il existe de fortes raisons de penser qu'il ne souhaite pas… »), elle contredit presque entièrement le choix proposé : -3.	39	0.0889	À l’encontre des politiques xénophobes menées par le gouvernement Macron, main dans la main avec l’extrême droite de Marine Le Pen et de Jordan Bardella, l’accueil et le respect des droits humains sont des principes fondamentaux de la République française. La France est le premier pays au monde à intégrer le droit d’asile dans sa Constitution, dès 1793.	Refuser le financement et la construction de murs et de clôtures inutiles et dangereux aux frontières de l’Union européenne	Refuser l’externalisation des frontières européennes dans des pays tiers, en particulier dans les régimes autoritaires qui violent les droits humains
61	Immigration / assimilation	Le fait de conserver des pratiques culturelles ou religieuses très différentes de celles de la majorité française n'est pas en soi un problème tant que les lois françaises sont respectées.	3	2	https://lafranceinsoumise.fr/europeennes-2024/programme-de-lunion-populaire/chapitre-7-lutter-contre-lexil-force-et-organiser-un-accueil-coordonne/	Accord très fort : LFI défend un accueil digne, le droit d’asile, l’accès au travail et aux droits sociaux pour les exilés, ainsi que des voies d’intégration fondées sur les droits plutôt que sur la restriction migratoire. Pour LFI, sur Q61 (« Le fait de conserver des pratiques culturelles ou religieuses très différentes de celles de la majorité française n'est pas en soi un problème tant que… »), cette orientation reprend presque entièrement le choix proposé : +3.	39	0.0760	Organiser une Commission d’enquête sur ces pratiques et sur l’ensemble des violations des droits fondamentaux lors des procédures aux frontières de l’Union européenne	Prendre en compte les relations familiales, culturelles, linguistiques et professionnelles dans le cadre du mécanisme de répartition des demandes d’asile afin d’améliorer les perspectives d’intégration	Nous devons accueillir dignement celles et ceux qui cherchent refuge sur notre sol. À l’encontre des politiques xénophobes menées par le gouvernement Macron, main dans la main avec l’extrême droite de Marine Le Pen et de Jordan Bardella, l’accueil et le respect des droits humains sont des principes fondamentaux de la République française. La France est le premier pays au monde à intégrer le droit d’asile dans sa Constitution, dès 1793. En Europe, les arrivées de populations ne sont pas massives : en 2020, les réfugiés représentent 0,6% de la population totale. Par contre, les pays les plus riches qui la composent ont souvent la responsabilité des migrations forcées de par leur implication dans la multiplication des conflits armés, la destruction des économies locales par la mondialisation et le réchauffement climatique. Au cours des années 2010 les événements climatiques ont provoqué 2 fois plus de déplacements forcés que les conflits, selon le Haut-commissariat pour les réfugiés de l’ONU. Il y aura jusqu’à 1 milliard de migrants climatiques dans les 30 ans, selon l’Organisation internationale pour les migrations. Avec son agence meurtrière Frontex, l’Union européenne a fait de la Méditerranée et de la Manche des cimetières à ciel ouvert. Plutôt que la politique du chiffre et la chasse aux migrants, qui ne font que créer du désordre et de la souffrance, nous porterons une politique migratoire humaine fondée sur un accueil respectueux, la répression des réseaux de passeurs et la lutte contre les causes des migrations forcées.
63	Libertés / sécurité	Pour lutter contre le terrorisme, l'État devrait pouvoir surveiller préventivement une personne considérée comme présentant un risque sérieux, même sans preuve suffisante pour engager des poursuites pénales.	-1	2	https://lafranceinsoumise.fr/wp-content/uploads/2024/06/Programme-nouveaufrontpopulaire.pdf	Réserve modérée : LFI privilégie une police de proximité, la prévention, l’indépendance de la justice et le respect des libertés publiques, tout en demandant davantage de moyens humains pour la justice et certains services de sécurité. Pour LFI, sur Q63 (« Pour lutter contre le terrorisme, l'État devrait pouvoir surveiller préventivement une personne considérée comme présentant un risque sérieux, même… »), elle incline plutôt en sens inverse sans constituer un rejet complet : -1.	44	0.1177	7Nouveau Front Populaire Contrat de législature Agir pour un cessez-le-feu immédiat à Gaza et pour une paix juste et durable • Rompre avec le soutien coupable du gouvernement français au gouvernement suprémaciste d’extrême droite de Netanyahu pour imposer un cessez-le-feu immédiat à Gaza et faire respecter l’ordonnance de la Cour Internationale de Justice (CIJ) qui évoque, sans ambiguïtés, un risque de génocide • Agir pour la libération des otages détenus depuis les massacres terroristes du Hamas, dont nous rejetons le projet théocratique, et pour la libération des prisonniers politiques palestiniens • Soutenir la Cour Pénale Internationale (CPI) dans ses poursuites contre les dirigeants du Hamas et le gouvernement de Netanyahu • Reconnaitre immédiatement l’État de Palestine aux côtés de l’État d’Israël sur la base des résolutions de l’ONU • Décréter un embargo sur les livraisons d’armes à Israël • Infliger des sanctions contre le gouvernement d’extrême droite de Netanyahu tant que celui-ci ne respecte pas le droit international à Gaza et en Cisjordanie • Demander la suspension de l’accord d‘association Union européenne - Israël, conditionné au respect des droits humains • Permettre l’organisation d’élections libres sous contrôle international pour permettre aux Palestiniens de décider de leur destin • Faire respecter la souveraineté du Liban et la protection des 700 Français engagés sous casque bleu pour le droit international L’urgence de la paix	Nous proposerons un plan interministériel pour analyser, prévenir et lutter contre l’islamophobie en France, et contre ses effets sur ceux qui la subissent.	Nous proposerons un plan interministériel pour analyser, prévenir et lutter contre l’antisémitisme en France, notamment à l’école et contre ses effets sur la vie des populations qui le subissent.
64	Libertés / expression	Une personne qui tient publiquement des propos profondément offensants mais qui n'appelle ni à la violence ni à commettre une infraction devrait être protégée par la liberté d'expression.	2	2	https://lafranceinsoumise.fr/europeennes-2024/programme-de-lunion-populaire/chapitre-6-etendre-les-droits-et-libertes-face-aux-reactionnaires/	Accord net : LFI place l’extension des droits et libertés, l’égalité et la lutte contre les discriminations au cœur de son programme, avec une conception large des libertés civiles. Pour LFI, sur Q64 (« Une personne qui tient publiquement des propos profondément offensants mais qui n'appelle ni à la violence ni à commettre une infraction devrait être… »), elle va clairement dans ce sens sans établir nécessairement chaque condition ou conséquence de l’énoncé : +2.	64	0.0866	Permettre la liberté de circulation et donner des droits identiques à toute personne en situation de handicap quelle que soit sa nationalité et quel que soit l’État membre dans lequel elle se trouve, en renforçant la proposition de Carte européenne des personnes en situation de handicap et en l’étendant aux déplacements de longue durée	Interdire toute prise de contrôle de plus de 20 % du capital par une même personne physique ou morale dans les médias et industries culturelles les plus significatives (audiovisuel, musique, livre, jeu vidéo) comme le groupe Bolloré, et encourager la constitution d’acteurs européens alternatifs misant sur la diversité culturelle et la liberté de création pour résister face aux plateformes américaines	Créer un observatoire européen de la liberté d’information dans l’Union européenne doté d’un mécanisme d’alerte, afin de surveiller les entraves au travail des journalistes (procédures-baillons, logiciels espions, violences lors de manifestations,…), les manques de transparence en matière de propriété des médias, les manquements en matière de pluralisme et de liberté éditoriale
68	Écologie	La France devrait interdire progressivement la vente de voitures thermiques même si cela augmente temporairement le prix moyen des véhicules.	3	2	https://lafranceinsoumise.fr/europeennes-2024/programme-de-lunion-populaire/chapitre-4-faire-la-planification-ecologique-europeenne/	Accord très fort : LFI défend une planification écologique contraignante, la sortie des énergies fossiles, des interdictions ciblées et une réduction matérielle de certains usages plutôt qu’une transition principalement laissée au marché. Pour LFI, sur Q68 (« La France devrait interdire progressivement la vente de voitures thermiques même si cela augmente temporairement le prix moyen des véhicules. »), cette orientation reprend presque entièrement le choix proposé : +3.	133	0.1117	Établir un plan de relocalisation de la production de petites voitures type citadine dans l’Union européenne	Proposer une révision de la législation sur le bien-être animal comme s’y était engagée la Commission européenne : lutte contre le trafic d’espèces sauvages ; instaurer des restrictions sur le commerce légal d’animaux de compagnie exotiques ; harmoniser au niveau européen les systèmes d’enregistrement et de traçabilité des animaux de compagnie ; interdire la vente des animaux sur internet	Limiter la taille, le poids et les dimensions des SUV autorisés à la vente dans la réglementation européenne
69	Écologie	Il faut privilégier le nucléaire même si cela conduit à réduire certains investissements dans les renouvelables.	-3	2	https://lafranceinsoumise.fr/europeennes-2024/programme-de-lunion-populaire/chapitre-4-faire-la-planification-ecologique-europeenne/	Désaccord très fort : LFI défend une planification écologique contraignante, la sortie des énergies fossiles, des interdictions ciblées et une réduction matérielle de certains usages plutôt qu’une transition principalement laissée au marché. Pour LFI, sur Q69 (« Il faut privilégier le nucléaire même si cela conduit à réduire certains investissements dans les renouvelables. »), elle contredit presque entièrement le choix proposé : -3.	133	0.1522	Nous devons changer les modes de production, de consommation et d’échange. Tout cela doit être planifié. La planification est d’abord une méthode. C’est pour cela que nous proposons d’inscrire les principes de la règle verte (ne pas prélever sur la nature plus de ressources renouvelables que ce qu’elle peut reconstituer, ni de produire plus de pollutions et de déchets que ce qu’elle peut supporter) et de la règle bleue (application de la règle verte à l’eau pour son usage et pour la protection de sa qualité) comme fondements des politiques environnementales européennes afin que la consommation finale de l’Union européenne n’excède pas les capacités biologiques des écosystèmes. Nous proposons un nouvel horizon au peuple humain : l’harmonie des êtres humains entre eux et avec la nature.	Permettre aux États de privilégier un approvisionnement local et de protéger leurs productions sur des critères écologiques et sociaux	Réduire le gaspillage alimentaire et viser un système 100 % biologique au plus tard en 2050
71	Écologie / croissance	Si la France pouvait réduire ses émissions de 20 % mais que cela réduisait son PIB de 3 %, alors que les autres pays ne faisaient aucun effort comparable, il faudrait quand même le faire.	2	1	https://lafranceinsoumise.fr/europeennes-2024/programme-de-lunion-populaire/chapitre-4-faire-la-planification-ecologique-europeenne/	Accord net : LFI défend une planification écologique contraignante, la sortie des énergies fossiles, des interdictions ciblées et une réduction matérielle de certains usages plutôt qu’une transition principalement laissée au marché. Pour LFI, sur Q71 (« Si la France pouvait réduire ses émissions de 20 % mais que cela réduisait son PIB de 3 %, alors que les autres pays ne faisaient aucun effort… »), elle va clairement dans ce sens sans établir nécessairement chaque condition ou conséquence de l’énoncé : +2.	133	0.1158	Neuf ans après les accords de Paris, l’Union européenne met encore en place des dispositifs contre-productifs comme le marché carbone. Alors que 80% des émissions de gaz à effet de serre proviennent aujourd’hui des énergies fossiles, il y a urgence à en sortir de manière juste et concertée. Ce n’est pas aux plus pauvres, qui subissent déjà les premiers les effets du dérèglement climatique, de payer mais aux pollueurs et aux plus riches. Cela passe par la taxation des super-pollueurs et de leurs super-profits : les entreprises du pétrole, du gaz, et du charbon qui s’enrichissent au mépris de leur impact environnemental.	Encadrer la publicité alimentaire et l’interdire sur tous les supports quand elle est à destination des enfants et adolescents	Appliquer une clause de sauvegarde sanitaire quand une production agricole importée contient des produits interdits en France pour des raisons de santé publique
72	Institutions	Pour certaines décisions économiques complexes, il serait préférable de confier davantage de pouvoir à des institutions indépendantes composées d'experts plutôt qu'aux responsables politiques élus.	-2	2	https://programme.lafranceinsoumise.fr/livrets/6e-republique/	Désaccord net : LFI défend une VIe République, davantage de contrôle parlementaire et citoyen, le référendum d’initiative citoyenne et une réduction du caractère présidentiel des institutions. Pour LFI, sur Q72 (« Pour certaines décisions économiques complexes, il serait préférable de confier davantage de pouvoir à des institutions indépendantes composées… »), elle va clairement en sens inverse sans nécessairement rejeter chaque détail : -2.	0	0			
73	Institutions	Un gouvernement devrait pouvoir prendre une décision économiquement nécessaire mais très impopulaire sans chercher à obtenir l'approbation immédiate de la population.	0	1	https://programme.lafranceinsoumise.fr/livrets/6e-republique/	Position intermédiaire : LFI défend une VIe République, davantage de contrôle parlementaire et citoyen, le référendum d’initiative citoyenne et une réduction du caractère présidentiel des institutions. Pour LFI, sur Q73 (« Un gouvernement devrait pouvoir prendre une décision économiquement nécessaire mais très impopulaire sans chercher à obtenir l'approbation immédiate de… »), elle ne tranche pas clairement l’arbitrage précis posé : 0.	0	0			
74	Institutions	Le référendum devrait être beaucoup plus utilisé, même lorsque les citoyens votent sur des sujets dont ils maîtrisent mal les aspects techniques.	2	2	https://programme.lafranceinsoumise.fr/livrets/6e-republique/	Accord net : LFI défend une VIe République, davantage de contrôle parlementaire et citoyen, le référendum d’initiative citoyenne et une réduction du caractère présidentiel des institutions. Pour LFI, sur Q74 (« Le référendum devrait être beaucoup plus utilisé, même lorsque les citoyens votent sur des sujets dont ils maîtrisent mal les aspects techniques. »), elle va clairement dans ce sens sans établir nécessairement chaque condition ou conséquence de l’énoncé : +2.	0	0			
75	Institutions	Il serait acceptable de donner davantage de poids politique aux citoyens qui démontrent un niveau élevé de connaissance du fonctionnement des institutions et de l'économie.	-2	1	https://programme.lafranceinsoumise.fr/livrets/6e-republique/	Désaccord net : LFI défend une VIe République, davantage de contrôle parlementaire et citoyen, le référendum d’initiative citoyenne et une réduction du caractère présidentiel des institutions. Pour LFI, sur Q75 (« Il serait acceptable de donner davantage de poids politique aux citoyens qui démontrent un niveau élevé de connaissance du fonctionnement des… »), elle va clairement en sens inverse sans nécessairement rejeter chaque détail : -2.	0	0			
77	Institutions	La proportionnelle intégrale serait préférable au système actuel, même si elle rendait plus fréquentes les coalitions et les gouvernements instables.	3	2	https://programme.lafranceinsoumise.fr/livrets/6e-republique/	Accord très fort : LFI défend une VIe République, davantage de contrôle parlementaire et citoyen, le référendum d’initiative citoyenne et une réduction du caractère présidentiel des institutions. Pour LFI, sur Q77 (« La proportionnelle intégrale serait préférable au système actuel, même si elle rendait plus fréquentes les coalitions et les gouvernements instables. »), cette orientation reprend presque entièrement le choix proposé : +3.	0	0			
78	Immigration / assimilation	Le droit de séjour durable en France devrait dépendre, sauf impossibilité particulière, d’efforts concrets pour apprendre le français, comprendre les règles et usages du pays et participer à la vie collective.	0	2	https://lafranceinsoumise.fr/europeennes-2024/programme-de-lunion-populaire/chapitre-7-lutter-contre-lexil-force-et-organiser-un-accueil-coordonne/	Position intermédiaire : LFI défend un accueil digne, le droit d’asile, l’accès au travail et aux droits sociaux pour les exilés, ainsi que des voies d’intégration fondées sur les droits plutôt que sur la restriction migratoire. Pour LFI, sur Q78 (« Le droit de séjour durable en France devrait dépendre, sauf impossibilité particulière, d’efforts concrets pour apprendre le français, comprendre les… »), elle ne tranche pas clairement l’arbitrage précis posé : 0.	39	0.0596	À l’encontre des politiques xénophobes menées par le gouvernement Macron, main dans la main avec l’extrême droite de Marine Le Pen et de Jordan Bardella, l’accueil et le respect des droits humains sont des principes fondamentaux de la République française. La France est le premier pays au monde à intégrer le droit d’asile dans sa Constitution, dès 1793.	Ouvrir des voies de migrations légales sécurisées et administrées par les autorités européennes compétentes pour permettre, chaque fois que cela est possible, que des êtres humains accèdent à l’asile sans être forcés de prendre la route et de traverser la mer au péril de leur vie	Garantir l’application stricte de l’ensemble des dispositifs de droit international liés à l’asile et abroger le pacte asile-immigration qui prévoit une augmentation de la rétention aux frontières, l’affaiblissement du droit d’asile et une accélération de l’externalisation de la politique migratoire
79	Immigration / délinquance	Les différences de délinquance observées s’expliquent davantage par les inégalités sociales et économiques que par la culture d’origine des personnes concernées.	3	2	https://lafranceinsoumise.fr/europeennes-2024/programme-de-lunion-populaire/chapitre-7-lutter-contre-lexil-force-et-organiser-un-accueil-coordonne/	Accord très fort : LFI défend un accueil digne, le droit d’asile, l’accès au travail et aux droits sociaux pour les exilés, ainsi que des voies d’intégration fondées sur les droits plutôt que sur la restriction migratoire. Pour LFI, sur Q79 (« Les différences de délinquance observées s’expliquent davantage par les inégalités sociales et économiques que par la culture d’origine des personnes… »), cette orientation reprend presque entièrement le choix proposé : +3.	39	0.0902	Construire un programme pour l’aide au retour des réfugiés qui le souhaitent lorsque la situation dans leur pays d’origine le permet	Interdire le placement des mineurs, des familles et des personnes vulnérables en centres de rétention	Permettre aux personnes qui fuient les violences et les persécutions du fait de leur genre ou de leur orientation sexuelle de bénéficier du droit d’asile
81	Santé / accès aux soins	Dans les zones où l'accès aux soins est insuffisant, l'Assurance maladie devrait pouvoir limiter le conventionnement de nouveaux médecins dans les zones déjà bien dotées afin d'encourager leur installation dans les déserts médicaux.	3	3	https://lafranceinsoumise.fr/wp-content/uploads/2024/06/Programme-nouveaufrontpopulaire.pdf	Accord très fort : LFI défend l’extension des services publics et de la protection sociale, un accès plus égalitaire à la santé, à l’école et au logement, ainsi qu’un encadrement accru des acteurs privés dans les secteurs essentiels. Pour LFI, sur Q81 (« Dans les zones où l'accès aux soins est insuffisant, l'Assurance maladie devrait pouvoir limiter le conventionnement de nouveaux médecins dans les… »), cette orientation reprend presque entièrement le choix proposé : +3.	44	0.0594	Nous combattons le projet raciste et de casse sociale de l’extrême droite et voulons l’empêcher d’arriver au pouvoir.	3 Nouveau Front Populaire Contrat de législature Partie 1 15 premiers jours LA RUPTURE Une seule priorité pour le gouvernement du Nouveau Front Populaire dès son installation : répondre aux urgences qui abîment la vie et la confiance du peuple français.	Exiger le remboursement des aides en cas de non-respect des contreparties • Faire des salariés de véritables acteurs de la vie économique, en leur réservant au moins un tiers des sièges dans les Conseils d’Administration et en élargissant leur droit d’intervention dans l’entreprise • Réglementer la banque et la finance pour éviter de nouvelles crises et financer l’économie réelle : • Augmenter les réserves des banques pour faire face aux risques climatiques • Zero financement des banques pour les énergies fossiles en commençant par les nouveaux projets
82	Santé / assurance maladie	L'Assurance maladie devrait rembourser intégralement les soins essentiels, quitte à réduire fortement le rôle des complémentaires santé.	3	3	https://lafranceinsoumise.fr/wp-content/uploads/2024/06/Programme-nouveaufrontpopulaire.pdf	Accord très fort : LFI défend l’extension des services publics et de la protection sociale, un accès plus égalitaire à la santé, à l’école et au logement, ainsi qu’un encadrement accru des acteurs privés dans les secteurs essentiels. Pour LFI, sur Q82 (« L'Assurance maladie devrait rembourser intégralement les soins essentiels, quitte à réduire fortement le rôle des complémentaires santé. »), cette orientation reprend presque entièrement le choix proposé : +3.	44	0.0655	Deux grandes lois permettront d’entamer la reconstruction des deux services publics les plus cruciaux : santé et éducation.	Nous nous engageons à : • Donner à la justice les moyens de poursuivre et de sanctionner les auteurs de propos ou actes racistes, islamophobes et antisémites • Instaurer un Commissariat à l’égalité doté d’un Observatoire des discriminations et de pôles spécialisés au sein des services publics et des cours d’appel • Adopter et mettre en œuvre un plan de lutte contre les discriminations, notamment à l’embauche, à la santé et au logement, et le renforcement des sanctions L’antisémitisme a une histoire tragique dans notre pays qui ne doit pas se répéter.	
83	Santé / hôpital	Il faut accepter de fermer ou regrouper certaines petites maternités et certains services d'urgence afin de concentrer les équipes et les équipements dans des établissements plus importants.	-3	2	https://lafranceinsoumise.fr/wp-content/uploads/2024/06/Programme-nouveaufrontpopulaire.pdf	Désaccord très fort : LFI défend l’extension des services publics et de la protection sociale, un accès plus égalitaire à la santé, à l’école et au logement, ainsi qu’un encadrement accru des acteurs privés dans les secteurs essentiels. Pour LFI, sur Q83 (« Il faut accepter de fermer ou regrouper certaines petites maternités et certains services d'urgence afin de concentrer les équipes et les équipements… »), elle contredit presque entièrement le choix proposé : -3.	44	0.1025	Nous adopterons immédiatement 20 actes de rupture pour répondre à l’urgence sociale, au défi climatique, à la réparation des services publics, à un chemin d’apaisement en France et dans le monde.	5 Nouveau Front Populaire Contrat de législature Partie 1 15 premiers jours LA RUPTURE Réparer les services publics • Organiser une conférence de sauvetage de l’hôpital public afin d’éviter la saturation pendant l’été, proposer la revalorisation du travail de nuit et du week-end pour ses personnels • Redonner à l’école publique son objectif d’émancipation en abrogeant le « choc des savoirs » de Macron, et préserver la liberté pédagogique • Faire les premier pas pour la gratuité intégrale à l’école : cantine scolaire, fournitures, transports, activités périscolaires • Augmenter le montant du Pass’Sport à 150 euros et étendre son utilisation au sport scolaire en vue de la rentrée Apaiser • Relancer la création d’emplois aidés pour les associations, notamment sportives et d’éducation populaire • Déployer de premières équipes de police de proximité, interdire les LBD et les grenades mutilantes, et démanteler les BRAV-M Retrouver la paix en Kanaky-Nouvelle Calédonie • Abandonner le processus de réforme constitutionnelle visant au dégel immédiat du corps électoral.	Elle découle notamment de l’omniprésence des discours islamophobes dans certains médias, de presse écrite ou audiovisuelle.
84	Éducation / autonomie	Les chefs d'établissement scolaire devraient pouvoir recruter eux-même une partie de leurs enseignants et peser davantage dans leur évaluation.	-3	2	https://lafranceinsoumise.fr/wp-content/uploads/2024/06/Programme-nouveaufrontpopulaire.pdf	Désaccord très fort : LFI défend l’extension des services publics et de la protection sociale, un accès plus égalitaire à la santé, à l’école et au logement, ainsi qu’un encadrement accru des acteurs privés dans les secteurs essentiels. Pour LFI, sur Q84 (« Les chefs d'établissement scolaire devraient pouvoir recruter eux-même une partie de leurs enseignants et peser davantage dans leur évaluation. »), elle contredit presque entièrement le choix proposé : -3.	44	0.1055	Son cap c’est l’harmonie des êtres humains entre eux et avec la nature.	Nous combattons le projet raciste et de casse sociale de l’extrême droite et voulons l’empêcher d’arriver au pouvoir.	5 Nouveau Front Populaire Contrat de législature Partie 1 15 premiers jours LA RUPTURE Réparer les services publics • Organiser une conférence de sauvetage de l’hôpital public afin d’éviter la saturation pendant l’été, proposer la revalorisation du travail de nuit et du week-end pour ses personnels • Redonner à l’école publique son objectif d’émancipation en abrogeant le « choc des savoirs » de Macron, et préserver la liberté pédagogique • Faire les premier pas pour la gratuité intégrale à l’école : cantine scolaire, fournitures, transports, activités périscolaires • Augmenter le montant du Pass’Sport à 150 euros et étendre son utilisation au sport scolaire en vue de la rentrée Apaiser • Relancer la création d’emplois aidés pour les associations, notamment sportives et d’éducation populaire • Déployer de premières équipes de police de proximité, interdire les LBD et les grenades mutilantes, et démanteler les BRAV-M Retrouver la paix en Kanaky-Nouvelle Calédonie • Abandonner le processus de réforme constitutionnelle visant au dégel immédiat du corps électoral.
85	Éducation / mixité sociale	Le financement public des établissements privés sous contrat devrait être conditionné à des objectifs mesurables de mixité sociale.	3	2	https://lafranceinsoumise.fr/wp-content/uploads/2024/06/Programme-nouveaufrontpopulaire.pdf	Accord très fort : LFI défend l’extension des services publics et de la protection sociale, un accès plus égalitaire à la santé, à l’école et au logement, ainsi qu’un encadrement accru des acteurs privés dans les secteurs essentiels. Pour LFI, sur Q85 (« Le financement public des établissements privés sous contrat devrait être conditionné à des objectifs mesurables de mixité sociale. »), cette orientation reprend presque entièrement le choix proposé : +3.	44	0.1254	7Nouveau Front Populaire Contrat de législature Agir pour un cessez-le-feu immédiat à Gaza et pour une paix juste et durable • Rompre avec le soutien coupable du gouvernement français au gouvernement suprémaciste d’extrême droite de Netanyahu pour imposer un cessez-le-feu immédiat à Gaza et faire respecter l’ordonnance de la Cour Internationale de Justice (CIJ) qui évoque, sans ambiguïtés, un risque de génocide • Agir pour la libération des otages détenus depuis les massacres terroristes du Hamas, dont nous rejetons le projet théocratique, et pour la libération des prisonniers politiques palestiniens • Soutenir la Cour Pénale Internationale (CPI) dans ses poursuites contre les dirigeants du Hamas et le gouvernement de Netanyahu • Reconnaitre immédiatement l’État de Palestine aux côtés de l’État d’Israël sur la base des résolutions de l’ONU • Décréter un embargo sur les livraisons d’armes à Israël • Infliger des sanctions contre le gouvernement d’extrême droite de Netanyahu tant que celui-ci ne respecte pas le droit international à Gaza et en Cisjordanie • Demander la suspension de l’accord d‘association Union européenne - Israël, conditionné au respect des droits humains • Permettre l’organisation d’élections libres sous contrôle international pour permettre aux Palestiniens de décider de leur destin • Faire respecter la souveraineté du Liban et la protection des 700 Français engagés sous casque bleu pour le droit international L’urgence de la paix	23 Nouveau Front Populaire Contrat de législature Partie 3 Les mois suivants LES TRANSFORMATIONS • Taxer les plus riches au niveau européen pour augmenter les ressources propres du budget de l’Union européenne • Généraliser de la taxation des superprofits au niveau européen • Modifier le droit de la concurrence en Europe pour garantir le droit de monopole public au niveau national • Passer au vote à la majorité qualifiée au conseil pour les questions fiscales Conformément à ce que nos groupes ont voté à l’Assemblée nationale, nous refuserons, pour l’application de notre contrat de législature, le pacte budgétaire, le droit de la concurrence lorsqu’il remet en cause les services publics et nous rejetterons les traités de libre-échange.	16 Nouveau Front Populaire Contrat de législature Partie 3 Les mois suivants LES TRANSFORMATIONS • Revoir et allonger la formation des policiers • Mettre en place un nouveau code de déontologie, supprimer l’IGPN et l’IGGN et les remplacer par un nouvel organisme indépendant, rattaché à la Défenseure des droits • Augmenter les moyens de la justice pour garantir un traitement juste et dans un délai raisonnable de l’ensemble des procédures, notamment par l’embauche de magistrats, greffiers, agents de la protection judiciaire de la jeunesse • Agir contre la surpopulation carcérale, assurer des conditions dignes de détention et donner les moyens à l’administration pénitentiaire et judiciaire de réaliser sa mission en toute sécurité • Mettre en place les récipissés pour les contrôles d’identité Faire bifurquer l’ économie et réindustrialiser la France • Engager un plan de reconstruction industrielle pour mettre fin à la dépendance de la France et de l’Europe dans les domaines stratégiques (semi-conducteurs, médicaments, technologies de pointe, voitures électriques, panneaux solaires, etc) • Réaliser un diagnostic préalable des ressources naturelles avant implantation industrielle • Encadrer la sous-traitance, garantir la responsabilité du donneur d’ordre et mettre en place des quotas de sous-traitants issus du tissu de TPE/PME et de l’artisanat local • Conditionner les aides aux entreprises au respect de critères environnementaux, sociaux et de lutte contre les discriminations au sein de l’entreprise.
86	Logement / locations touristiques	Dans les zones où le logement manque, une commune devrait pouvoir interdire la location touristique régulière d'un logement qui n'est pas la résidence principale de son propriétaire.	2	2	https://lafranceinsoumise.fr/wp-content/uploads/2024/06/Programme-nouveaufrontpopulaire.pdf	Accord net : LFI défend l’extension des services publics et de la protection sociale, un accès plus égalitaire à la santé, à l’école et au logement, ainsi qu’un encadrement accru des acteurs privés dans les secteurs essentiels. Pour LFI, sur Q86 (« Dans les zones où le logement manque, une commune devrait pouvoir interdire la location touristique régulière d'un logement qui n'est pas la résidence… »), elle va clairement dans ce sens sans établir nécessairement chaque condition ou conséquence de l’énoncé : +2.	44	0.0774	Nous combattons le projet raciste et de casse sociale de l’extrême droite et voulons l’empêcher d’arriver au pouvoir.	Nous nous engageons à : • Donner à la justice les moyens de poursuivre et de sanctionner les auteurs de propos ou actes racistes, islamophobes et antisémites • Instaurer un Commissariat à l’égalité doté d’un Observatoire des discriminations et de pôles spécialisés au sein des services publics et des cours d’appel • Adopter et mettre en œuvre un plan de lutte contre les discriminations, notamment à l’embauche, à la santé et au logement, et le renforcement des sanctions L’antisémitisme a une histoire tragique dans notre pays qui ne doit pas se répéter.	Mettre à l’ ordre du jour des changements en Europe • Refuser les contraintes austéritaires du pacte budgétaire • Proposer une réforme de la Politique agricole commune (PAC)
87	Défense / Ukraine	La France devrait continuer à fournir une aide militaire et financière importante à l'Ukraine tant que son territoire reste occupé, même si la guerre se prolonge.	-2	3	https://lafranceinsoumise.fr/europeennes-2024/lespace-programme/	Désaccord net : LFI veut transformer profondément les règles européennes et assume la désobéissance à certaines d’entre elles lorsqu’elles empêchent l’application de son programme social et écologique. Pour LFI, sur Q87 (« La France devrait continuer à fournir une aide militaire et financière importante à l'Ukraine tant que son territoire reste occupé, même si la guerre… »), elle va clairement en sens inverse sans nécessairement rejeter chaque détail : -2.	9	0			
88	Défense / dissuasion nucléaire	La dissuasion nucléaire française devrait aussi protéger les partenaires européens, tout en laissant à la France seule la décision finale de l'employer.	-3	2	https://lafranceinsoumise.fr/europeennes-2024/lespace-programme/	Désaccord très fort : LFI veut transformer profondément les règles européennes et assume la désobéissance à certaines d’entre elles lorsqu’elles empêchent l’application de son programme social et écologique. Pour LFI, sur Q88 (« La dissuasion nucléaire française devrait aussi protéger les partenaires européens, tout en laissant à la France seule la décision finale de l'employer. »), elle contredit presque entièrement le choix proposé : -3.	9	0.0445	Par vos votes, vous pouvez déjà dire « non » à Macron et à Le Pen. Vous pouvez mettre un coup d’arrêt aux politiques destructrices mises en œuvre par la Commission européenne, soutenue par la droite, les macronistes, et les socialistes européens ! Les député·es insoumis·es que vous enverrez au Parlement européen par vos voix auront pour premières tâches de bousculer les institutions pour ouvrir la voie, lancer l’alerte, bloquer la Commission européenne et arracher des avancées pour les peuples, pour la planète, pour la paix. Donnez-nous la force de tout changer !		
89	Santé / fin de vie	Une personne majeure atteinte d'une maladie grave et incurable provoquant des souffrances insupportables devrait pouvoir recevoir une aide médicale à mourir dans un cadre strictement contrôlé.	3	3	https://lafranceinsoumise.fr/europeennes-2024/programme-de-lunion-populaire/chapitre-6-etendre-les-droits-et-libertes-face-aux-reactionnaires/	Accord très fort : LFI place l’extension des droits et libertés, l’égalité et la lutte contre les discriminations au cœur de son programme, avec une conception large des libertés civiles. Pour LFI, sur Q89 (« Une personne majeure atteinte d'une maladie grave et incurable provoquant des souffrances insupportables devrait pouvoir recevoir une aide médicale à… »), cette orientation reprend presque entièrement le choix proposé : +3.	64	0.0694	Mettre en place un organe européen indépendant à même de recevoir et d’examiner des recours de victimes de discrimination raciale	Engager les États membres à consacrer 1 % de l’aide publique au développement au soutien en faveur de médias indépendants et conditionner les financements européens au respect de la liberté de la presse et de l’État de droit	Défendre un autre modèle universitaire à l’échelle européenne pour une libre circulation du savoir, des étudiants et des enseignants, quelle que soit leur origine dans le cadre d’un enseignement public, ouvert à tous et toutes, émancipateur et indépendant des pressions économiques
91	Famille / prestations	Les allocations familiales devraient être versées à toutes les familles selon le nombre d'enfants, sans diminuer lorsque les revenus augmentent.	2	1	https://lafranceinsoumise.fr/wp-content/uploads/2024/06/Programme-nouveaufrontpopulaire.pdf	Accord net : LFI défend l’extension des services publics et de la protection sociale, un accès plus égalitaire à la santé, à l’école et au logement, ainsi qu’un encadrement accru des acteurs privés dans les secteurs essentiels. Pour LFI, sur Q91 (« Les allocations familiales devraient être versées à toutes les familles selon le nombre d'enfants, sans diminuer lorsque les revenus augmentent. »), elle va clairement dans ce sens sans établir nécessairement chaque condition ou conséquence de l’énoncé : +2.	44	0.0539	Étendre l’aide médicale d’État, aligner les niveaux du RSA et du SMIC sur le reste du pays et scolariser systématiquement tous les enfants • Prendre systématiquement en compte les Outre-mers dans chaque texte législatif • Lutter contre les situations de monopole dans les Outre-mer • Proposer un principe de faveur des ultra-marins sur les postes à responsabilité et favoriser le retour des fonctionnaires d’État • Favoriser l’enseignement des langues régionales en outre-mer • Lancer un plan spécifique de rattrapage en matière de désenclavement routier et ferroviaire en Guyane Garantir un accueil digne • Abroger les lois asile et immigration de Macron • Mettre en place une agence de sauvetage en mer et sur terre, dans l’attente de sa création au niveau européen et en appui de l’agence de l’Union européenne pour l’asile • Assurer un accompagnement social et une autorisation de travailler pour les demandeurs d’asile • Faciliter l’accès aux visas, régulariser les travailleurs, étudiants, parents d’enfants scolarisés et instituer la carte de séjour de dix ans comme titre de séjour de référence • Créer un statut de déplacé climatique • Améliorer les conditions d’accueil des exilés à Mayotte et supprimer les conditions empêchant le déplacement entre Mayotte et le reste du territoire • Créer des voies légales et sécurisées d’immigration • Réviser le pacte asile immigration européen pour un accueil digne des migrants		
92	Numérique / mineurs	L'accès aux réseaux sociaux devrait être interdit aux moins de 15 ans, même avec l'accord de leurs parents.	-3	3	https://lafranceinsoumise.fr/europeennes-2024/programme-de-lunion-populaire/chapitre-6-etendre-les-droits-et-libertes-face-aux-reactionnaires/	Désaccord très fort : LFI place l’extension des droits et libertés, l’égalité et la lutte contre les discriminations au cœur de son programme, avec une conception large des libertés civiles. Pour LFI, sur Q92 (« L'accès aux réseaux sociaux devrait être interdit aux moins de 15 ans, même avec l'accord de leurs parents. »), elle contredit presque entièrement le choix proposé : -3.	64	0.0947	Inclure le droit à l’IVG et à la contraception, et leur accès gratuit pour toutes les femmes, dans la Charte européenne des droits fondamentaux	Travailler à la reconnaissance et l’harmonisation du travail de l’art au niveau européen en soutenant la création d’un statut européen de l’artiste et des régimes sociaux adaptés notamment pour les artistes-auteurs, lutter contre l’ubérisation dans ces métiers et conditionner les subventions d’Europe Créative, programme de l’Union européenne visant à soutenir les secteurs culturels et créatifs, au respect de ces statuts spécifiques de travailleur	Promouvoir au niveau européen le principe de laïcité, qui assure la liberté de conscience, garantit le libre exercice des cultes sous les seules restrictions édictées dans l’intérêt de l’ordre public, interdit la discrimination en raison des convictions spirituelles ou religieuses et refuse l’ingérence du religieux dans les affaires politiques et du politique dans les affaires religieuses
93	Numérique / intelligence artificielle	Les administrations publiques devraient privilégier des modèles d'intelligence artificielle hébergés en Europe, même s'ils sont temporairement moins performants ou plus coûteux que leurs concurrents étrangers.	1	2	https://lafranceinsoumise.fr/wp-content/uploads/2024/06/Programme-nouveaufrontpopulaire.pdf	Accord modéré : LFI défend l’extension des services publics et de la protection sociale, un accès plus égalitaire à la santé, à l’école et au logement, ainsi qu’un encadrement accru des acteurs privés dans les secteurs essentiels. Pour LFI, sur Q93 (« Les administrations publiques devraient privilégier des modèles d'intelligence artificielle hébergés en Europe, même s'ils sont temporairement moins… »), elle incline dans ce sens sans adopter toute la proposition : +1.	44	0.0521	Mettre à l’ ordre du jour des changements en Europe • Refuser les contraintes austéritaires du pacte budgétaire • Proposer une réforme de la Politique agricole commune (PAC)	23 Nouveau Front Populaire Contrat de législature Partie 3 Les mois suivants LES TRANSFORMATIONS • Taxer les plus riches au niveau européen pour augmenter les ressources propres du budget de l’Union européenne • Généraliser de la taxation des superprofits au niveau européen • Modifier le droit de la concurrence en Europe pour garantir le droit de monopole public au niveau national • Passer au vote à la majorité qualifiée au conseil pour les questions fiscales Conformément à ce que nos groupes ont voté à l’Assemblée nationale, nous refuserons, pour l’application de notre contrat de législature, le pacte budgétaire, le droit de la concurrence lorsqu’il remet en cause les services publics et nous rejetterons les traités de libre-échange.	16 Nouveau Front Populaire Contrat de législature Partie 3 Les mois suivants LES TRANSFORMATIONS • Revoir et allonger la formation des policiers • Mettre en place un nouveau code de déontologie, supprimer l’IGPN et l’IGGN et les remplacer par un nouvel organisme indépendant, rattaché à la Défenseure des droits • Augmenter les moyens de la justice pour garantir un traitement juste et dans un délai raisonnable de l’ensemble des procédures, notamment par l’embauche de magistrats, greffiers, agents de la protection judiciaire de la jeunesse • Agir contre la surpopulation carcérale, assurer des conditions dignes de détention et donner les moyens à l’administration pénitentiaire et judiciaire de réaliser sa mission en toute sécurité • Mettre en place les récipissés pour les contrôles d’identité Faire bifurquer l’ économie et réindustrialiser la France • Engager un plan de reconstruction industrielle pour mettre fin à la dépendance de la France et de l’Europe dans les domaines stratégiques (semi-conducteurs, médicaments, technologies de pointe, voitures électriques, panneaux solaires, etc) • Réaliser un diagnostic préalable des ressources naturelles avant implantation industrielle • Encadrer la sous-traitance, garantir la responsabilité du donneur d’ordre et mettre en place des quotas de sous-traitants issus du tissu de TPE/PME et de l’artisanat local • Conditionner les aides aux entreprises au respect de critères environnementaux, sociaux et de lutte contre les discriminations au sein de l’entreprise.
