qid	theme	question	score	confidence	source	justification	fetch_paragraphs	best_score	evidence_1	evidence_2	evidence_3
1	Économie	Il faut réduire les impôts sur le travail et le capital, même si cela implique de réduire certaines dépenses publiques.	-2	2	https://projet-socialiste.fr/projet/vivre-libres/	Désaccord net : Le Projet socialiste 2026 veut relever le SMIC, limiter à 1 pour 20 les écarts de rémunération, taxer davantage le capital et reprendre en main certains prix et marchés par la puissance publique. Pour PS, sur Q1 (« Il faut réduire les impôts sur le travail et le capital, même si cela implique de réduire certaines dépenses publiques. »), elle va clairement en sens inverse sans nécessairement rejeter chaque détail : -2.	217	0.2105	Reprendre le contrôle des aides publiques aux entreprises : Réorienter immédiatement 30 milliards d’aides publiques identifiées comme inefficaces et sources d’effets d’aubaines. Conditionner toutes les aides publiques à des engagements clairs : maintien ou création d’emplois, respect de critères environnementaux, égalité salariale femmes-hommes, formation des salariés, dialogue social effectif, absence d’optimisation fiscale agressive. L’employeur informe les membres du CSE de l’utilisation des aides publiques. Le CSE donne un avis motivé et peut saisir l’inspecteur du travail si l’utilisation de l’aide publique n’est pas conforme aux objectifs prévus. En finir avec le saupoudrage et réserver les exonérations et crédits d’impôts aux secteurs à haute valeur ajoutée, de souveraineté, aux PME industrielles innovantes, aux projets de relocalisation, aux investissements dans la transition énergétique et la circularité. Toute aide publique devra répondre à une logique de contrepartie et d’intérêt général : un remboursement sera systématiquement exigé en cas de délocalisation ou de non-respect des engagements. Recentrer le Crédit d’Impôt Recherche (CIR) sur les TPE, PME et les ETI industrielles innovantes : mettre fin aux effets d’aubaine des grands groupes sous-traitant des dépenses déjà planifiées.	Réduire la facture d’électricité des Français et les protéger contre la précarité énergétique en investissant massivement dans la production d’énergie propre, sûre et bon marché.	La force de l’Europe réside dans la défense de son modèle, unique au monde, fondé sur la démocratie, la protection sociale et, demain, une certaine idée de l‘écologie. Nous n’avons rien à envier aux États-Unis de Donald Trump que l’époque nous montre en exemple : en Europe, l’espérance de vie est plus élevée, la mortalité infantile et la pauvreté sont moindres, les homicides sont près de 3 fois moins nombreux, la dette étudiante est proche de zéro et la mortalité au travail deux fois moins élevée qu’aux États-Unis. L’Union européenne doit protéger les peuples et renforcer leur liberté dans un monde qui inquiète. Pour cela, il faut renforcer le modèle européen, pas le détricoter. Cela implique de le protéger tant face aux menaces extérieures que contre ceux qui veulent le détruire de l’intérieur. Face au front coordonné des extrêmes droites en Europe, la gauche européenne doit se réorganiser et s’unir pour porter une nouvelle idée de l’Europe. Nous appelons à bâtir une nouvelle alliance sociale transnationale à partir des membres du Parti socialiste européen et en lien avec les mouvements politiques, syndicaux, patronaux, associatifs, qui partagent l’idée de construire la souveraineté de l’Europe face aux empires, et d’en faire une puissance publique protectrice qui défende un modèle caractérisé par la justice sociale, l’ambition écologique et la vitalité démocratique. Son programme pourra s’inspirer des propositions suivantes.
2	Économie	Les inégalités économiques sont acceptables tant qu'elles résultent principalement du travail ou de la prise de risque.	0	2	https://projet-socialiste.fr/projet/vivre-libres/	Position intermédiaire : Le Projet socialiste 2026 veut relever le SMIC, limiter à 1 pour 20 les écarts de rémunération, taxer davantage le capital et reprendre en main certains prix et marchés par la puissance publique. Pour PS, sur Q2 (« Les inégalités économiques sont acceptables tant qu'elles résultent principalement du travail ou de la prise de risque. »), elle ne tranche pas clairement l’arbitrage précis posé : 0.	217	0.1290	Rendre aux salariés et aux travailleurs indépendants la maîtrise de leur temps . Favoriser, par la négociation sociale, les innovations organisationnelles permettant une meilleure articulation entre vie professionnelle et vie personnelle, notamment l’expérimentation de la semaine de quatre jours et la réduction progressive du temps de travail lorsque les conditions économiques et sociales le permettent.	Chapitre 1 – Mieux vivre au travail et de son travail	Le temps est une richesse, et il est politique ! L’accès au temps choisi, au repos et à la capacité de s’organiser est aujourd’hui une ligne de fracture sociale. Les femmes, les salariés précaires, les travailleurs aux horaires décalés ou les aidants subissent de fortes contraintes temporelles marquées par l’imprévisibilité, l’impossibilité de télétravailler ou de prévoir un rendez-vous médical. Ces inégalités se manifestent jusque dans l’accès aux vacances, dont près de 40 % des Français sont exclus. L’aspiration au temps libéré n’a jamais été aussi forte. Une part importante des salariés déclare ne pas pouvoir concilier correctement travail et vie personnelle, du fait de l’intensification du travail, de la précarisation de l’emploi et d’une porosité grandissante entre vie professionnelle et personnelle. La maîtrise du temps doit être replacée au cœur du modèle social français : pour donner à chacun la liberté de vivre, nous rendrons aux salariés du pouvoir sur l’organisation de leur travail et ouvrirons de nouveaux droits au temps choisi.
3	Économie	L'État devrait davantage taxer les hauts revenus et les gros patrimoines afin de réduire les inégalités.	2	3	https://projet-socialiste.fr/projet/vivre-libres/	Accord net : Le Projet socialiste 2026 veut relever le SMIC, limiter à 1 pour 20 les écarts de rémunération, taxer davantage le capital et reprendre en main certains prix et marchés par la puissance publique. Pour PS, sur Q3 (« L'État devrait davantage taxer les hauts revenus et les gros patrimoines afin de réduire les inégalités. »), elle va clairement dans ce sens sans établir nécessairement chaque condition ou conséquence de l’énoncé : +2.	217	0.2127	Pour maintenir l’équilibre financier du nouveau système de retraites, flécher des revenus de l’imposition du capital, assujettir aux cotisations sociales certains compléments de salaire attribués aux plus hauts revenus (attributions gratuites d’actions, dividendes, intéressement, participation, avantages en nature) et les revenus tirés des heures supplémentaires versés aux travailleurs dont la rémunération est supérieure à 3 SMIC, et agir pour l’emploi des seniors, des femmes et des jeunes.	Mettre l’intelligence artificielle au service d’un service public plus simple, plus rapide et plus accessible. Utilisée pour réduire les délais, simplifier les démarches, détecter le non-recours aux droits ou accompagner les collectivités, elle devra permettre aux agents de consacrer davantage de temps aux missions de conseil, d’écoute et d’accompagnement. L’IA doit libérer du temps humain, pas l’effacer.	Cette ambition politique suppose un État stratège pleinement engagé, capable de protéger les actifs essentiels de la concurrence déloyale par des mesures de régulation commerciale fermes et une intervention directe dans le capital des entreprises critiques. Enfin, cette refondation industrielle ne peut être durable sans un investissement massif dans la recherche et la formation, visant à résorber les inégalités territoriales et sociales pour garantir à tous l’accès aux emplois d’avenir.
5	Économie	Le salaire minimum devrait être augmenté significativement.	2	3	https://projet-socialiste.fr/projet/vivre-libres/	Accord net : Le Projet socialiste 2026 veut relever le SMIC, limiter à 1 pour 20 les écarts de rémunération, taxer davantage le capital et reprendre en main certains prix et marchés par la puissance publique. Pour PS, sur Q5 (« Le salaire minimum devrait être augmenté significativement. »), elle va clairement dans ce sens sans établir nécessairement chaque condition ou conséquence de l’énoncé : +2.	217	0.1479	Créer un droit à la reconversion pour les travailleurs des secteurs fragilisés , avec un accompagnement renforcé et une protection des revenus à 100 % du salaire pendant une année de formation ou de reconversion.	Instaurer une taxe anti-rente ciblant les multi-propriétaires dès le quatrième logement (hors résidence principale) pour briser la rente immobilière et la spéculation . Cette taxe ne s’appliquera pas aux propriétaires bailleurs dont les loyers sont conventionnés ou significativement inférieurs aux prix du marché, afin de ne pas pénaliser la gestion locative à vocation sociale. Les recettes de cette taxe seront intégralement fléchées vers la construction de logements publics et la rénovation thermique globale des bâtiments.	Pour maintenir l’équilibre financier du nouveau système de retraites, flécher des revenus de l’imposition du capital, assujettir aux cotisations sociales certains compléments de salaire attribués aux plus hauts revenus (attributions gratuites d’actions, dividendes, intéressement, participation, avantages en nature) et les revenus tirés des heures supplémentaires versés aux travailleurs dont la rémunération est supérieure à 3 SMIC, et agir pour l’emploi des seniors, des femmes et des jeunes.
6	Économie	Les entreprises privées sont généralement plus efficaces que l'État pour fournir des biens et services, même dans certains secteurs essentiels.	-1	2	https://projet-socialiste.fr/projet/vivre-libres/	Réserve modérée : Le PS veut davantage de régulation publique, une économie sociale et solidaire plus importante, des prises de contrôle dans certains secteurs stratégiques et une protection sociale principalement collective. Pour PS, sur Q6 (« Les entreprises privées sont généralement plus efficaces que l'État pour fournir des biens et services, même dans certains secteurs essentiels. »), elle incline plutôt en sens inverse sans constituer un rejet complet : -1.	217	0.1864	Est-il normal de considérer que l’énergie, l’alimentation, l’eau ou encore le logement soient entièrement régis par les règles du marché ? Un effort de démarchandisation doit être entrepris, par un plus fort encadrement des biens et services essentiels. C’est ainsi que nous permettrons à chacun de retrouver sa part de liberté.	Doubler la part de l’ESS dans l’économie et l’emploi d’ici 2050 , en réservant certains secteurs aux acteurs de l’ESS (grand âge, petite enfance) en collaboration avec le secteur public, et en renforçant sa place dans les secteurs d’avenir (numérique, énergies renouvelables, construction, mobilités) et non délocalisables (économie circulaire, valorisation des déchets). Créer un réseau national d’incubateurs et de conseil pour les entreprises de l’ESS. Favoriser la reprise d’entreprises par leurs salariés sous forme de l’ESS. Créer un droit de préemption pour les salariés lors de la cession d’une entreprise et un fonds national de financement dédié à la transmission en coopérative, couplé à des dispositifs fiscaux, en privilégiant lorsque cela est possible les modèles ESS.	Cette ambition politique suppose un État stratège pleinement engagé, capable de protéger les actifs essentiels de la concurrence déloyale par des mesures de régulation commerciale fermes et une intervention directe dans le capital des entreprises critiques. Enfin, cette refondation industrielle ne peut être durable sans un investissement massif dans la recherche et la formation, visant à résorber les inégalités territoriales et sociales pour garantir à tous l’accès aux emplois d’avenir.
8	Économie	La concurrence est généralement préférable à la réglementation pour améliorer les prix, la qualité et l'innovation.	-1	2	https://projet-socialiste.fr/projet/vivre-libres/	Réserve modérée : Le PS veut davantage de régulation publique, une économie sociale et solidaire plus importante, des prises de contrôle dans certains secteurs stratégiques et une protection sociale principalement collective. Pour PS, sur Q8 (« La concurrence est généralement préférable à la réglementation pour améliorer les prix, la qualité et l'innovation. »), elle incline plutôt en sens inverse sans constituer un rejet complet : -1.	217	0.1249	Démocratiser l’accès aux métiers de l’innovation, de la science et de la recherche auprès des jeunes des quartiers populaires, des campagnes isolées et les jeunes femmes, en créant une stratégie nationale d’innovation pour financer des initiatives de sensibilisation (ateliers d’information en collège/lycée, mentorats, stages, immersions, forums, concours d’innovation).	Renforcer la recherche publique française et européenne. En France, porter l’investissement en R&D à hauteur de 3 % du PIB d’ici 2030 dont au moins 1 % pour la recherche publique. En Europe, doubler les fonds du programme « Horizon Europe », pour atteindre 200 milliards d’euros, afin de développer des infrastructures de recherche publiques européennes dans les domaines clés (deeptech, quantique, IA, santé, low-tech). Réformer le Conseil européen de l’Innovation. Augmenter ses moyens et améliorer sa gouvernance pour en faire une agence de financement de la recherche sur le modèle de la DARPA américaine, agile et dotée de budgets massifs pour financer les technologies de rupture.	Lutter contre l’inflation alimentaire en garantissant la transparence des prix et en encadrant les prix fixés par l’industrie agroalimentaire, grâce à une autorité européenne de contrôle.
9	État	La France dépense trop d'argent public et devrait accepter de réduire certaines politiques sociales pour revenir à l'équilibre budgétaire.	-1	2	https://projet-socialiste.fr/projet/vivre-libres/	Réserve modérée : Le Projet socialiste 2026 veut relever le SMIC, limiter à 1 pour 20 les écarts de rémunération, taxer davantage le capital et reprendre en main certains prix et marchés par la puissance publique. Pour PS, sur Q9 (« La France dépense trop d'argent public et devrait accepter de réduire certaines politiques sociales pour revenir à l'équilibre budgétaire. »), elle incline plutôt en sens inverse sans constituer un rejet complet : -1.	217	0.1116	Adopter une « Loi Évin de l’alimentation » pour interdire toute publicité en faveur de produits trop gras, trop salés et trop sucrés ciblant les enfants , associée au développement de l’éducation alimentaire (cuisine, nutrition, esprit critique face au marketing) durant l’enfance et l’adolescence.	Si le travail et le rapport au travail changent, nombre de nos concitoyens aspirent toujours à s’épanouir professionnellement et souffrent d’un manque de reconnaissance financière et symbolique. L’écart se creuse entre celles et ceux pour qui le travail manque parfois, use souvent et ne paye pas assez, et une minorité qui concentre les opportunités. Trop nombreux sont les parcours accidentés, les contrats précaires, les temps partiels subis, les périodes de chômage anxiogènes et sans issue. Trop nombreux sont ces jeunes, diplômés ou non, tenus écartés de l’emploi, multipliant les démarches et diminuant chaque semaine leurs critères, enchaînant les stages pas ou peu rémunérés pour remplir les demandes d’expérience professionnelle. Trop nombreuses sont ces femmes piégées dans un emploi deux jours par semaine, trop peu rémunérateur et pourtant seule issue qui s’offre à elles, au-delà d’une course effrénée aux contrats courts. Trop nombreux, enfin, sont ces seniors, assignés à un âge où l’on n’entre plus dans un nouvel emploi, mais où la retraite n’est qu’une idée lointaine.	Mettre l’intelligence artificielle au service d’un service public plus simple, plus rapide et plus accessible. Utilisée pour réduire les délais, simplifier les démarches, détecter le non-recours aux droits ou accompagner les collectivités, elle devra permettre aux agents de consacrer davantage de temps aux missions de conseil, d’écoute et d’accompagnement. L’IA doit libérer du temps humain, pas l’effacer.
10	État	L'État devrait garantir un niveau élevé de protection sociale, même si cela implique une fiscalité importante.	3	3	https://projet-socialiste.fr/projet/vivre-libres/	Accord très fort : Le Projet socialiste 2026 veut relever le SMIC, limiter à 1 pour 20 les écarts de rémunération, taxer davantage le capital et reprendre en main certains prix et marchés par la puissance publique. Pour PS, sur Q10 (« L'État devrait garantir un niveau élevé de protection sociale, même si cela implique une fiscalité importante. »), cette orientation reprend presque entièrement le choix proposé : +3.	217	0.2180	La force de l’Europe réside dans la défense de son modèle, unique au monde, fondé sur la démocratie, la protection sociale et, demain, une certaine idée de l‘écologie. Nous n’avons rien à envier aux États-Unis de Donald Trump que l’époque nous montre en exemple : en Europe, l’espérance de vie est plus élevée, la mortalité infantile et la pauvreté sont moindres, les homicides sont près de 3 fois moins nombreux, la dette étudiante est proche de zéro et la mortalité au travail deux fois moins élevée qu’aux États-Unis. L’Union européenne doit protéger les peuples et renforcer leur liberté dans un monde qui inquiète. Pour cela, il faut renforcer le modèle européen, pas le détricoter. Cela implique de le protéger tant face aux menaces extérieures que contre ceux qui veulent le détruire de l’intérieur. Face au front coordonné des extrêmes droites en Europe, la gauche européenne doit se réorganiser et s’unir pour porter une nouvelle idée de l’Europe. Nous appelons à bâtir une nouvelle alliance sociale transnationale à partir des membres du Parti socialiste européen et en lien avec les mouvements politiques, syndicaux, patronaux, associatifs, qui partagent l’idée de construire la souveraineté de l’Europe face aux empires, et d’en faire une puissance publique protectrice qui défende un modèle caractérisé par la justice sociale, l’ambition écologique et la vitalité démocratique. Son programme pourra s’inspirer des propositions suivantes.	Reprendre la main sur le progrès technique est une condition de notre liberté. Pour apprendre, travailler, nous informer, échanger ou nous soigner, nous dépendons des smartphones, d’internet et, désormais, de l’intelligence artificielle. Ces technologies ouvrent des possibilités immenses et libèrent du temps. Mais elles peuvent aussi épuiser, enfermer dans des dépendances, surveiller et précariser. Nous devons lutter contre les nouvelles servitudes numériques, en régulant les grandes plateformes,leurs algorithmes et la concentration des pouvoirs technologiques. Cela implique aussi de mettre l’IA au service du bien commun. Cela nécessite également de soutenir la recherche et les innovations sociales, écologiques et démocratiques. Dans une France socialiste, la technologie n’asservit pas, elle libère. Le progrès technique n’y sert pas l’accumulation du profit, mais le bien commun. Il se met au service de la bifurcation écologique, de la cohésion sociale et de la vitalité démocratique.	Organiser annuellement une conférence sociale de l’IA avec les partenaires sociaux, l’État et les Régions.
12	État	L'État devrait intervenir beaucoup plus fortement dans l'économie lorsque le marché produit des résultats jugés socialement indésirables.	2	2	https://projet-socialiste.fr/projet/vivre-libres/	Accord net : Le PS veut davantage de régulation publique, une économie sociale et solidaire plus importante, des prises de contrôle dans certains secteurs stratégiques et une protection sociale principalement collective. Pour PS, sur Q12 (« L'État devrait intervenir beaucoup plus fortement dans l'économie lorsque le marché produit des résultats jugés socialement indésirables. »), elle va clairement dans ce sens sans établir nécessairement chaque condition ou conséquence de l’énoncé : +2.	217	0.1305	Faire de l’économie sociale et solidaire un moteur de l’économie de demain	L’économie sociale et solidaire (ESS) est centrale pour notre pays : avec près de 10 % du PIB, 14 % de l’emploi privé et l’engagement de 13 millions de bénévoles, elle incarne une autre vision de l’économie : utile, démocratique, enracinée dans les territoires. Associations, coopératives et entreprises de l’ESS montrent chaque jour qu’il est possible de produire et d’innover sans sacrifier l’intérêt général. Parce qu’elle repose sur la gouvernance partagée, la coopération et le réinvestissement de la valeur, l’ESS est un levier majeur pour réussir les transitions écologique, sociale et industrielle et pour une réindustrialisation durable et non délocalisable. Pourtant, son potentiel reste bridé par la précarité des financements et des parcours professionnels. L’État doit jouer un rôle moteur et planifier le développement de l’ESS. Celle-ci doit cesser d’être un supplément d’âme pour devenir le cœur d’un projet de société fondé sur la solidarité et l’émancipation.	Sortir l’électricité de la logique de marché pour garantir l’accès de toutes et tous à une énergie abordable, en étendant les tarifs réglementés pour les particuliers, les services publics et les entreprises. Réserver la logique de marché aux échanges transfrontaliers.
13	État	Les citoyens devraient avoir davantage de liberté pour choisir eux-mêmes comment utiliser leur argent plutôt que de passer par des systèmes publics obligatoires.	-2	2	https://projet-socialiste.fr/projet/vivre-libres/	Désaccord net : Le PS veut davantage de régulation publique, une économie sociale et solidaire plus importante, des prises de contrôle dans certains secteurs stratégiques et une protection sociale principalement collective. Pour PS, sur Q13 (« Les citoyens devraient avoir davantage de liberté pour choisir eux-mêmes comment utiliser leur argent plutôt que de passer par des systèmes publics… »), elle va clairement en sens inverse sans nécessairement rejeter chaque détail : -2.	217	0.0910	Généraliser l’accès aux titres-restaurant à tous les salariés, et l’utiliser pour accorder aux précaires une allocation alimentation.	Protéger les travailleurs indépendants. Combattre leur précarité fiscale et créer une Caisse de sécurité sociale des indépendants précaires. Cette caisse, dédiée aux 900 000 travailleurs indépendants français exerçant à titre principal sans autre revenu structurant, serait cofinancée selon une architecture tripartite : 50 % par les cotisations des travailleurs eux-mêmes ; 30 % par une contribution des donneurs d’ordre – plateformes numériques et entreprises qui externalisent structurellement leur force de travail vers des indépendants – ; 20 % par une subvention de l’État.	La liberté n’est pas garantie dans une société où la vie digne n’est pas assurée pour toutes et tous. Il ne peut exister de liberté politique sans liberté matérielle. Affronter la précarité dans sa vie quotidienne, pour se loger, se chauffer, se nourrir ou se déplacer, enferme et isole des millions de Français.
14	Social / société	La société devrait accepter beaucoup plus largement les différents modes de vie, même lorsqu'ils s'éloignent des normes traditionnelles.	3	2	https://projet-socialiste.fr/projet/refaire-societe/	Accord très fort : Le PS défend l’égalité des droits, la lutte contre le racisme et les discriminations et une République pluraliste, tout en maintenant un cadre commun laïque et civique. Pour PS, sur Q14 (« La société devrait accepter beaucoup plus largement les différents modes de vie, même lorsqu'ils s'éloignent des normes traditionnelles. »), cette orientation reprend presque entièrement le choix proposé : +3.	242	0.0887	Refaire société ne se décrète pas : cela se construit. Pour retisser le lien qui unit les Françaises et les Français, nous devons combattre les fractures sociales, territoriales et culturelles qui fragmentent notre pays. Cela implique de redonner vie aux villes petites et moyennes, de lutter contre la ségrégation et de permettre à chacun de vivre, travailler et se loger dignement, où qu’il choisisse de s’installer.	Favoriser l’expérimentation et l’utilisation, au niveau local et national, de modes de scrutin innovants : vote par approbation, jugement majoritaire, vote préférentiel.	Adapter certaines normes aux spécificités locales , en particulier pour les constructions, l’agriculture, la formation professionnelle, l’énergie ou l’urbanisme, sous le contrôle du préfet.
16	Social / société	Réduire les inégalités peut parfois justifier de restreindre certaines libertés individuelles.	0	2	https://projet-socialiste.fr/projet/refaire-societe/	Position intermédiaire : Le PS défend l’égalité des droits, la lutte contre le racisme et les discriminations et une République pluraliste, tout en maintenant un cadre commun laïque et civique. Pour PS, sur Q16 (« Réduire les inégalités peut parfois justifier de restreindre certaines libertés individuelles. »), elle ne tranche pas clairement l’arbitrage précis posé : 0.	242	0.1688	Nous utilisons des cookies pour améliorer votre expérience et analyser la navigation. Refuser peut limiter certaines fonctionnalités du site.	La ghettoïsation territoriale, scolaire et urbaine de notre pays ne peut plus être ignorée : certains espaces – quartiers, établissements scolaires ou zones urbaines – se trouvent aujourd’hui durablement marqués par la concentration de populations socialement défavorisées ou, au contraire, très privilégiées. La métropolisation subie a concentré les activités économiques, sociales et culturelles autour de quelques grandes métropoles et plongé les villes petites et moyennes dans une spirale de dévitalisation sur laquelle l’extrême droite prospère. Cette fracturation française se traduit par des écarts importants de réussite éducative entre les établissements selon leur composition sociale, des inégalités d’accès aux services publics, à l’emploi et à la mobilité. Elle crée des territoires qui cumulent les fragilités : Quartiers Prioritaires de la Ville (QPV), zones rurales enclavées, périphéries urbaines délaissées. Sans mixité, il ne peut y avoir ni vivre-ensemble, ni citoyenneté partagée. Revitaliser les territoires délaissés et lutter contre toute forme de ghettoïsation est un impératif démocratique, au cœur de notre projet de société.	Réduire le recours excessif aux cabinets de conseil privés, développer des capacités d’expertise au sein de l’État.
17	Social / société	Les politiques publiques devraient chercher à corriger activement les discriminations historiques ou structurelles entre groupes sociaux.	3	2	https://projet-socialiste.fr/projet/refaire-societe/	Accord très fort : Le PS défend l’égalité des droits, la lutte contre le racisme et les discriminations et une République pluraliste, tout en maintenant un cadre commun laïque et civique. Pour PS, sur Q17 (« Les politiques publiques devraient chercher à corriger activement les discriminations historiques ou structurelles entre groupes sociaux. »), cette orientation reprend presque entièrement le choix proposé : +3.	242	0.1711	Lutter activement contre les discriminations au sein des entreprises et des administrations avec un dispositif obligatoire incluant une formation, des procédures de signalement et la nomination d’un référent.	Valoriser les apports de figures culturelles et politiques invisibilisées par les discriminations, et leur rendre toute leur place dans l’histoire française.	Associer les personnes concernées à la conception, à la mise en œuvre et à l’évaluation des politiques publiques de lutte contre la pauvreté, en reconnaissant leur expertise d’usage et leur capacité d’agir.
19	Social / société	Certaines traditions et valeurs culturelles méritent d'être préservées même si elles évoluent moins vite que la société.	-1	2	https://projet-socialiste.fr/projet/refaire-societe/	Réserve modérée : Le PS défend l’égalité des droits, la lutte contre le racisme et les discriminations et une République pluraliste, tout en maintenant un cadre commun laïque et civique. Pour PS, sur Q19 (« Certaines traditions et valeurs culturelles méritent d'être préservées même si elles évoluent moins vite que la société. »), elle incline plutôt en sens inverse sans constituer un rejet complet : -1.	242	0.1403	Comment refaire société ? Loin des incantations à la réconciliation, la résorption des fractures sociales, territoriales et culturelles qui mettent à mal l’unité du peuple français ne pourra s’accomplir qu’à travers des politiques de justice.	Refaire société ne se décrète pas : cela se construit. Pour retisser le lien qui unit les Françaises et les Français, nous devons combattre les fractures sociales, territoriales et culturelles qui fragmentent notre pays. Cela implique de redonner vie aux villes petites et moyennes, de lutter contre la ségrégation et de permettre à chacun de vivre, travailler et se loger dignement, où qu’il choisisse de s’installer.	La ghettoïsation territoriale, scolaire et urbaine de notre pays ne peut plus être ignorée : certains espaces – quartiers, établissements scolaires ou zones urbaines – se trouvent aujourd’hui durablement marqués par la concentration de populations socialement défavorisées ou, au contraire, très privilégiées. La métropolisation subie a concentré les activités économiques, sociales et culturelles autour de quelques grandes métropoles et plongé les villes petites et moyennes dans une spirale de dévitalisation sur laquelle l’extrême droite prospère. Cette fracturation française se traduit par des écarts importants de réussite éducative entre les établissements selon leur composition sociale, des inégalités d’accès aux services publics, à l’emploi et à la mobilité. Elle crée des territoires qui cumulent les fragilités : Quartiers Prioritaires de la Ville (QPV), zones rurales enclavées, périphéries urbaines délaissées. Sans mixité, il ne peut y avoir ni vivre-ensemble, ni citoyenneté partagée. Revitaliser les territoires délaissés et lutter contre toute forme de ghettoïsation est un impératif démocratique, au cœur de notre projet de société.
20	Immigration	La France devrait réduire le nombre d'immigrants qu'elle accueille chaque année.	-2	2	https://projet-socialiste.fr/projet/refaire-societe/	Désaccord net : Le Projet socialiste 2026 veut régulariser par le travail, renforcer les voies légales d’entrée et le droit d’asile, défendre l’AME et développer dès la demande de titre l’apprentissage du français et la formation civique. Pour PS, sur Q20 (« La France devrait réduire le nombre d'immigrants qu'elle accueille chaque année. »), elle va clairement en sens inverse sans nécessairement rejeter chaque détail : -2.	242	0.1787	Revoir l’ensemble des niches fiscales et sociales pour supprimer les niches inefficaces, plafonner celles qui bénéficient principalement aux hauts patrimoines et transformer les avantages fiscaux non évalués en crédits budgétaires transparents, votés et examinés chaque année. Supprimer les exonérations sociales qui n’ont pas d’effet sur l’emploi, entre 2 et 3,5 SMIC, pour une économie de 11 milliards d’euros par an.	Renforcer le contrôle du Parlement sur la conduite des affaires étrangères et européennes, par l’organisation d’un débat avec vote de résolution avant chaque Conseil européen et chaque échéance internationale importante (G7, G20, Assemblée générale des nations unies).	Réduire le recours excessif aux cabinets de conseil privés, développer des capacités d’expertise au sein de l’État.
21	Immigration	L'immigration économique est globalement bénéfique pour l'économie française.	2	2	https://projet-socialiste.fr/projet/refaire-societe/	Accord net : Le Projet socialiste 2026 veut régulariser par le travail, renforcer les voies légales d’entrée et le droit d’asile, défendre l’AME et développer dès la demande de titre l’apprentissage du français et la formation civique. Pour PS, sur Q21 (« L'immigration économique est globalement bénéfique pour l'économie française. »), elle va clairement dans ce sens sans établir nécessairement chaque condition ou conséquence de l’énoncé : +2.	242	0.2169	Renforcer les moyens à disposition de l’Office français de l’Immigration et de l’Intégration en faveur de l’apprentissage de la langue française et des formations civiques. Assurer l’apprentissage de la langue française et l’enseignement moral et civique dès le dépôt de la demande d’un titre de séjour.	Les migrations font partie intégrante de l’histoire de la France et de son identité. Notre pays s’est construit et enrichi grâce aux apports des populations immigrées. Pourtant, le débat public sur l’immigration est trop souvent confisqué par la stigmatisation, les caricatures et l’exploitation des peurs, en décalage avec la réalité des faits. Contrairement aux discours alarmistes, l’immigration ne « submerge » pas la France. La responsabilité politique impose de sortir des postures idéologiques. Notre politique migratoire est aujourd’hui inefficace et illisible. Depuis 1945, l’accumulation désordonnée de 118 réformes successives a produit un droit des étrangers complexe, instable et inégalement appliqué selon les territoires. Les services administratifs manquent de moyens, ce qui entraîne retards, erreurs et situations d’irrégularité, avec des impacts redoutables sur les processus d’intégration des étrangers, notamment par le travail. La logique du chiffre, illustrée par l’explosion des obligations de quitter le territoire (OQTF), a échoué. Nous voulons en finir avec une politique d’entrée et de séjour fondée sur la xénophobie, comme nous voulons stopper la machine administrative à fabriquer des clandestins qui finit par enrichir les marchands de sommeil et exploiter les travailleurs. Nous proposons un changement profond de la politique migratoire française, autour d’un cadre clair et humaniste, applicable et donc effectivement appliqué.	Qu’est-ce qu’être Français aujourd’hui ? Alors que notre cohésion nationale s’affaiblit et que l’extrême droite impose une vision excluante de l’identité française, les Socialistes doivent répondre à cette question. La France est une communauté de destin, pas d’origine. La nation française est une construction politique, « par le haut ».
23	Immigration	L'accès à la nationalité française devrait être rendu plus exigeant.	-2	2	https://projet-socialiste.fr/projet/refaire-societe/	Désaccord net : Le Projet socialiste 2026 veut régulariser par le travail, renforcer les voies légales d’entrée et le droit d’asile, défendre l’AME et développer dès la demande de titre l’apprentissage du français et la formation civique. Pour PS, sur Q23 (« L'accès à la nationalité française devrait être rendu plus exigeant. »), elle va clairement en sens inverse sans nécessairement rejeter chaque détail : -2.	242	0.1558	Subordonner le maintien des délégations de service public au respect d’exigences strictes de qualité, d’accessibilité et de continuité du service rendu aux usagers.	Qu’est-ce qu’être Français aujourd’hui ? Alors que notre cohésion nationale s’affaiblit et que l’extrême droite impose une vision excluante de l’identité française, les Socialistes doivent répondre à cette question. La France est une communauté de destin, pas d’origine. La nation française est une construction politique, « par le haut ».	La ghettoïsation territoriale, scolaire et urbaine de notre pays ne peut plus être ignorée : certains espaces – quartiers, établissements scolaires ou zones urbaines – se trouvent aujourd’hui durablement marqués par la concentration de populations socialement défavorisées ou, au contraire, très privilégiées. La métropolisation subie a concentré les activités économiques, sociales et culturelles autour de quelques grandes métropoles et plongé les villes petites et moyennes dans une spirale de dévitalisation sur laquelle l’extrême droite prospère. Cette fracturation française se traduit par des écarts importants de réussite éducative entre les établissements selon leur composition sociale, des inégalités d’accès aux services publics, à l’emploi et à la mobilité. Elle crée des territoires qui cumulent les fragilités : Quartiers Prioritaires de la Ville (QPV), zones rurales enclavées, périphéries urbaines délaissées. Sans mixité, il ne peut y avoir ni vivre-ensemble, ni citoyenneté partagée. Revitaliser les territoires délaissés et lutter contre toute forme de ghettoïsation est un impératif démocratique, au cœur de notre projet de société.
24	Immigration	La France devrait être beaucoup plus stricte concernant l'expulsion des étrangers condamnés pour des crimes graves.	-2	2	https://projet-socialiste.fr/projet/refaire-societe/	Désaccord net : Le Projet socialiste 2026 veut régulariser par le travail, renforcer les voies légales d’entrée et le droit d’asile, défendre l’AME et développer dès la demande de titre l’apprentissage du français et la formation civique. Pour PS, sur Q24 (« La France devrait être beaucoup plus stricte concernant l'expulsion des étrangers condamnés pour des crimes graves. »), elle va clairement en sens inverse sans nécessairement rejeter chaque détail : -2.	242	0.1529	Renforcer les dispositifs de sanction de l’Arcom, régulateur de l’audiovisuel, concernant les propos appelant à la discrimination, en allégeant le régime de la preuve en cas de propos racistes ou discriminants et en créant une procédure de retrait ou de suspension de fréquence TNT en cas de violations graves et répétées des obligations légales en matière de lutte contre les discours de haine.	Étendre le droit de vote aux étrangers extra-européens aux élections locales.	Supprimer les doublons entre l’État et les collectivités par la clarification stricte de l’ensemble des compétences, ainsi que celles encore exercées par l’État. Cette suppression représente une opportunité d’économie de plus de 7,5 Mds €.
25	Immigration	Même lorsque l'immigration est économiquement bénéfique, elle peut être légitimement limitée pour préserver la cohésion culturelle du pays.	-2	2	https://projet-socialiste.fr/projet/refaire-societe/	Désaccord net : Le Projet socialiste 2026 veut régulariser par le travail, renforcer les voies légales d’entrée et le droit d’asile, défendre l’AME et développer dès la demande de titre l’apprentissage du français et la formation civique. Pour PS, sur Q25 (« Même lorsque l'immigration est économiquement bénéfique, elle peut être légitimement limitée pour préserver la cohésion culturelle du pays. »), elle va clairement en sens inverse sans nécessairement rejeter chaque détail : -2.	242	0.1256	Le droit d’asile assure protection à toute personne fuyant la guerre et les persécutions, menacée dans son pays d’origine. C’est la fierté de la France d’être une terre de paix qui accueille celles et ceux qui sont en danger dans leur pays. En 2024, 130 952 premières demandes d’asile ont été enregistrées en France, formulées principalement par des personnes originaires d’Ukraine, d’Afghanistan, ou encore de République Démocratique du Congo, soit de pays en proie à des conflits armés. 38 % de ces demandes ont été validées. Contre les tentatives des droites pour le défaire, nous devons préserver le droit d’asile, tenant compte des nouvelles causes des déplacements forcés à l’image du changement climatique, et instaurer une réelle solidarité européenne dans la répartition des demandeurs d’asile entre les États membres.	La montée de l’extrême droite s’accompagne partout d’une offensive contre la culture, instrument central d’une guerre pour affaiblir les démocraties et façonner des sociétés dociles. En France et en Europe, cette attaque passe par la remise en cause de l’exception culturelle, la dérégulation et la concentration des outils de création et de diffusion, au profit des logiques de marché. Or, l’exception culturelle repose sur un principe clair : la culture ne peut être soumise au libre-échange et doit être protégée par des règles fortes et des aides publiques à la création et à la diffusion. A l’échelle de la nation, la culture est un ciment collectif qui crée du commun. A l’échelle individuelle, c’est un levier d’émancipation qui offre une ouverture sur le monde, un accès au savoir et la capacité de forger un esprit critique. Cible des réactionnaires alliés aux puissances de l’argent, la culture est aussi bousculée par l’intelligence artificielle, qui menace les droits des créateurs par l’exploitation illégitime des œuvres. Face à ces attaques, nous assumons une politique de rupture positive pour défendre la liberté de création, protéger les artistes et la souveraineté culturelle de la France et de l’Europe.	Chapitre 17 – Faire peuple, reconstruire la cohésion nationale
26	Immigration	La France devrait accueillir davantage de réfugiés lorsqu'ils fuient une guerre ou une persécution, même si cela représente un coût économique.	3	2	https://projet-socialiste.fr/projet/refaire-societe/	Accord très fort : Le Projet socialiste 2026 veut régulariser par le travail, renforcer les voies légales d’entrée et le droit d’asile, défendre l’AME et développer dès la demande de titre l’apprentissage du français et la formation civique. Pour PS, sur Q26 (« La France devrait accueillir davantage de réfugiés lorsqu'ils fuient une guerre ou une persécution, même si cela représente un coût économique. »), cette orientation reprend presque entièrement le choix proposé : +3.	242	0.0852	Refaire société ne se décrète pas : cela se construit. Pour retisser le lien qui unit les Françaises et les Français, nous devons combattre les fractures sociales, territoriales et culturelles qui fragmentent notre pays. Cela implique de redonner vie aux villes petites et moyennes, de lutter contre la ségrégation et de permettre à chacun de vivre, travailler et se loger dignement, où qu’il choisisse de s’installer.	Faire de la DILCRAH une autorité indépendante avec un budget et des moyens propres. Son conseil d’administration devra accueillir des représentants des associations reconnues dans la lutte contre les discriminations.	Supprimer les doublons entre l’État et les collectivités par la clarification stricte de l’ensemble des compétences, ainsi que celles encore exercées par l’État. Cette suppression représente une opportunité d’économie de plus de 7,5 Mds €.
27	Sécurité / justice	Les peines de prison effectives devraient être plus sévères, même si cela augmente fortement la population carcérale.	-1	2	https://projet-socialiste.fr/projet/etre-en-securites/	Réserve modérée : Le PS défend une sécurité de proximité articulant police, prévention et justice, avec des moyens publics renforcés mais sous contrôle de l’État de droit et sans faire de la seule répression le principe directeur. Pour PS, sur Q27 (« Les peines de prison effectives devraient être plus sévères, même si cela augmente fortement la population carcérale. »), elle incline plutôt en sens inverse sans constituer un rejet complet : -1.	170	0.1082	Favoriser la réinsertion des personnes incarcérées. Réviser le droit des peines pour promouvoir les peines alternatives en milieu ouvert. Refonder notre système carcéral en favorisant l’évaluation et l’orientation des personnes détenues dans des établissements plus adaptés à la lutte contre la récidive et la réitération. Rénover l’ensemble du parc pénitentiaire en plus d’un effort de construction de nouvelles places pour garantir la dignité de la détention.	La santé mentale est aujourd’hui une urgence collective majeure, trop longtemps reléguée au second plan des politiques publiques. 13 millions de personnes en France sont concernées par des troubles psychiques, soit près d’une sur cinq. Parmi les jeunes de 18 à 24 ans, 40 % présentent des symptômes dépressifs. Chez les adolescents, les tentatives de suicide ont fortement augmenté chez les jeunes filles, signe d’une détresse psychique particulière liée à la pression sociale, aux violences subies et à la dévalorisation de soi. Les inégalités sociales, la précarité et l’isolement aggravent ces vulnérabilités, tandis que l’accès aux soins psychologiques et psychiatriques se dégrade : pénurie de professionnels, délais excessifs, déserts médicaux et persistance de la stigmatisation. Face à ce constat alarmant, il est impératif de faire de la santé mentale un droit fondamental et une priorité nationale. Cela suppose un engagement fort en faveur de la prévention tout au long de la vie et un accès effectif, universel et équitable aux soins psychologiques et psychiatriques.	La prévention est le point le plus faible de notre système de santé. Sur 1 800 euros de dépenses annuelles de santé par habitant, seulement 70 y sont consacrés. Cela se ressent dans l’état de santé de notre population, par rapport à d’autres pays développés : moindre espérance de vie en bonne santé, augmentation forte de la mortalité infantile, incidence de cancers parmi les plus élevées, nouvelles addictions en progression, etc. Les femmes sont souvent en première ligne dans l’organisation de la prévention pour les autres (enfants, parents âgés, conjoint), mais renoncent fréquemment à leurs propres dépistages faute de temps, de disponibilité médicale ou d’information adaptée. 80 % des maladies cardio-vasculaires et 40 % des cancers sont évitables ! Prévenir, plutôt que guérir : ce doit être la nouvelle priorité de notre politique de santé.
28	Sécurité / justice	Il vaut mieux investir dans la prévention et la réinsertion que dans l'augmentation des sanctions.	2	2	https://projet-socialiste.fr/projet/etre-en-securites/	Accord net : Le PS défend une sécurité de proximité articulant police, prévention et justice, avec des moyens publics renforcés mais sous contrôle de l’État de droit et sans faire de la seule répression le principe directeur. Pour PS, sur Q28 (« Il vaut mieux investir dans la prévention et la réinsertion que dans l'augmentation des sanctions. »), elle va clairement dans ce sens sans établir nécessairement chaque condition ou conséquence de l’énoncé : +2.	170	0.1807	Faire de la prévention une priorité de notre politique de santé, avec un pilotage interministériel et des moyens à la hauteur. Faire passer les dépenses consacrées à la prévention de 4 % à 8 % des dépenses globales de santé, pour déployer des actions de prévention autour de grandes priorités comme la prévention des cancers et leur dépistage précoce, la prévention des maladies cardiovasculaires et la politique vaccinale. Investir massivement dans la recherche fondamentale publique en santé, biologie, épidémiologie et sciences environnementales afin de renforcer les capacités de prévention, d’anticipation et de réponse face aux crises sanitaires futures. Développer une approche systémique des liens entre santé et environnement selon une logique « One Health ».	La délinquance est en hausse continue sur l’ensemble du territoire, nourrie notamment par l’essor du narcotrafic. Ce phénomène ne peut être dissocié de profondes fractures sociales, territoriales et éducatives : pauvreté, inégalités, échec scolaire, ruptures familiales et exposition précoce à la violence, en particulier chez les mineurs. Pourtant, les politiques publiques ont progressivement affaibli les moyens de la prévention, réduisant la prévention spécialisée, la médiation sociale et le travail éducatif de terrain, au profit d’une approche essentiellement répressive. Or, la sécurité durable repose d’abord sur la cohésion sociale. Il est indispensable de réaffirmer la prévention de la délinquance comme une priorité nationale, coordonnée entre l’État, les collectivités, la justice et l’École. Cette stratégie doit articuler la prévention primaire (agir avant la déviance, par l’éducation et l’insertion), la prévention secondaire (repérer et accompagner les jeunes à risque), et la prévention tertiaire (favoriser la réinsertion après la sanction) afin de s’attaquer aux causes structurelles de la délinquance et non à ses seuls symptômes. Ce travail doit s’opérer dès l’enfance pour éviter les ruptures de parcours.	La prévention est le point le plus faible de notre système de santé. Sur 1 800 euros de dépenses annuelles de santé par habitant, seulement 70 y sont consacrés. Cela se ressent dans l’état de santé de notre population, par rapport à d’autres pays développés : moindre espérance de vie en bonne santé, augmentation forte de la mortalité infantile, incidence de cancers parmi les plus élevées, nouvelles addictions en progression, etc. Les femmes sont souvent en première ligne dans l’organisation de la prévention pour les autres (enfants, parents âgés, conjoint), mais renoncent fréquemment à leurs propres dépistages faute de temps, de disponibilité médicale ou d’information adaptée. 80 % des maladies cardio-vasculaires et 40 % des cancers sont évitables ! Prévenir, plutôt que guérir : ce doit être la nouvelle priorité de notre politique de santé.
29	Sécurité / justice	La police devrait disposer de pouvoirs plus importants pour lutter contre la criminalité, quitte à accepter davantage de contrôles sur certaines libertés individuelles.	-1	2	https://projet-socialiste.fr/projet/etre-en-securites/	Réserve modérée : Le PS défend une sécurité de proximité articulant police, prévention et justice, avec des moyens publics renforcés mais sous contrôle de l’État de droit et sans faire de la seule répression le principe directeur. Pour PS, sur Q29 (« La police devrait disposer de pouvoirs plus importants pour lutter contre la criminalité, quitte à accepter davantage de contrôles sur certaines… »), elle incline plutôt en sens inverse sans constituer un rejet complet : -1.	170	0.2139	Mettre fin au narcotrafic et lutter contre la criminalité organisée	Mobiliser la société contre la pollution. Renforcer les lois et les contrôles , en renforçant la police de l’environnement au sein de l’Office Français de la biodiversité et en obligeant les entreprises à publier leur « bilan pollution » (équivalent du bilan carbone). Reconnaître par la loi le caractère induit de certaines maladies en lien avec l’exposition professionnelle à des substances toxiques , comme le chlordécone, le glyphosate, les perturbateurs endocriniens, les pesticides. Éduquer et mobiliser la société contre les pollutions et leurs atteintes sur notre santé, notamment les plus jeunes, à travers des campagnes ciblées.	Le narcotrafic et la criminalité organisée menacent notre nation. Ils alimentent la violence, fragilisent l’économie, corrompent les institutions et détruisent l’avenir des jeunes, en particulier dans les quartiers populaires. Le trafic de stupéfiants ne se limite plus aux grandes métropoles : il touche désormais les villes moyennes, les zones rurales et les outre-mer, exploitant la technologie et la logistique internationale pour prospérer. L’État a longtemps été impuissant : la police judiciaire affaiblie, le Parquet national anticriminalité organisée (PNACO) sous-doté, la coopération entre services insuffisante. Pendant ce temps, les trafics recrutent au sein d’une jeunesse désœuvrée, souvent mineure, dans des quartiers où l’économie légale s’est effondrée. Face aux réseaux criminels, un sursaut républicain s’impose : lutte implacable contre les mafias, protection des habitants, réduction des marchés parallèles. Nous devrons aussi refondre notre politique des drogues pour assécher les profits du crime organisé, à partir d’un débat national sur la légalisation du cannabis. Alors que 47,3 % des Français ont déjà consommé du cannabis et que 8 millions en consomment régulièrement, la criminalisation de sa production, de sa distribution et de sa consommation enrichit les réseaux de narcotrafiquants et ne permet pas de concentrer les moyens de l’Etat pour lutter contre les trafics les plus dangereux.
32	Écologie	La lutte contre le changement climatique doit rester prioritaire même lorsqu'elle réduit la croissance économique à court terme.	3	2	https://projet-socialiste.fr/projet/vivre-avec-la-nature/	Accord très fort : Le Projet socialiste 2026 veut planifier la bifurcation écologique, fixer des objectifs environnementaux opposables aux ministères et utiliser des interdictions, investissements et prises de contrôle publiques dans plusieurs secteurs. Pour PS, sur Q32 (« La lutte contre le changement climatique doit rester prioritaire même lorsqu'elle réduit la croissance économique à court terme. »), cette orientation reprend presque entièrement le choix proposé : +3.	115	0.1744	Adapter le bâti au changement climatique : l’adaptation du bâti urbain et rural pour le confort d’hiver et d’été doit permettre d’assurer la contribution à l’atténuation du changement climatique et la baisse des factures énergétiques des ménages. Pour cela, la collectivité publique doit soutenir l’innovation technique et sociale (habitat participatif, habitat modulaire). L’État doit encourager l’utilisation de matériaux plus respectueux et résilients.	Faire de l’élevage un pilier de la souveraineté alimentaire française . Une stratégie nationale de long terme permettra de soutenir l’installation de nouveaux éleveurs, de moderniser les exploitations, d’accompagner leur adaptation au changement climatique et de renforcer les moyens sanitaires publics. Les procédures administratives seront simplifiées.	Mettre en place une politique ambitieuse de réutilisation avancée des eaux usées, associée à une lutte contre les fuites dans les réseaux d’eau potable.
33	Écologie	Il faut accepter une hausse importante du prix des énergies fossiles pour accélérer la transition écologique.	2	2	https://projet-socialiste.fr/projet/vivre-avec-la-nature/	Accord net : Le Projet socialiste 2026 veut planifier la bifurcation écologique, fixer des objectifs environnementaux opposables aux ministères et utiliser des interdictions, investissements et prises de contrôle publiques dans plusieurs secteurs. Pour PS, sur Q33 (« Il faut accepter une hausse importante du prix des énergies fossiles pour accélérer la transition écologique. »), elle va clairement dans ce sens sans établir nécessairement chaque condition ou conséquence de l’énoncé : +2.	115	0.1885	Accélérer la transition écologique pour sécuriser l’avenir de la filière sans pêcher plus, mais en pêchant mieux. Renouveler et décarboner la flotte de pêche. Généraliser le déploiement d’engins de pêche plus sélectifs, moins énergivores et à faible impact sur les fonds marins. Renforcer la recherche halieutique publique et indépendante permettant d’identifier toutes les causes qui freinent l’atteinte du bon état écologique des stocks.	Refonder notre modèle agricole, c’est d’abord, et avant tout, garantir un revenu digne. Sans prix rémunérateurs, il ne pourra y avoir de transition écologique, d’installation de nouveaux agriculteurs et de souveraineté. Sans une politique volontariste pour faciliter l’accès à la terre, il n’y aura pas de renouvellement des générations. C’est ensuite planifier et sécuriser la transition agroécologique. Il sera nécessaire d’offrir des débouchés, de partager de la valeur et d’accompagner les investissements. C’est enfin protéger face aux dérives du marché et de la concurrence internationale. La réciprocité des normes doit devenir la règle, car le libre-échange sans réciprocité tire les prix vers le bas, tout en nous empêchant d’appliquer nos règles sociales, sanitaires et écologiques. Nous défendons donc une agriculture ancrée dans les territoires, fondée sur l’agroécologie et le juste échange. Cela permettra aux paysans de vivre dignement de leur travail et à la France de retrouver une souveraineté alimentaire compatible avec l’urgence écologique. Produire autrement, c’est refuser la fausse opposition entre souveraineté alimentaire et transition écologique.	La Politique Agricole Commune (PAC) a été progressivement façonnée par une logique libérale fondée sur la mise en concurrence des États membres et l’ouverture accrue aux échanges internationaux. Cette orientation fragilise profondément les agriculteurs européens, confrontés à une concurrence déloyale de pays tiers ne respectant ni les mêmes normes sociales, ni les mêmes exigences environnementales. Cette situation crée une double injustice : elle pénalise les producteurs qui respectent des règles strictes, et expose les consommateurs à des produits aux standards sanitaires inférieurs. Elle contredit également les ambitions européennes en matière de transition écologique et de justice sociale. La pression sur les prix affaiblit les revenus agricoles, renforce le pouvoir des grands groupes agroalimentaires et favorise des pratiques destructrices pour la biodiversité. Face à ces dérives, notamment illustrées par l’accord UE-Mercosur, il est indispensable de refonder le multilatéralisme commercial. Le juste échange doit devenir un pilier essentiel de la souveraineté alimentaire, du revenu paysan et de la transition agroécologique.
35	Écologie	Les politiques écologiques devraient reposer principalement sur des mécanismes de marché comme la taxe carbone plutôt que sur des interdictions.	0	2	https://projet-socialiste.fr/projet/vivre-avec-la-nature/	Position intermédiaire : Le Projet socialiste 2026 veut planifier la bifurcation écologique, fixer des objectifs environnementaux opposables aux ministères et utiliser des interdictions, investissements et prises de contrôle publiques dans plusieurs secteurs. Pour PS, sur Q35 (« Les politiques écologiques devraient reposer principalement sur des mécanismes de marché comme la taxe carbone plutôt que sur des interdictions. »), elle ne tranche pas clairement l’arbitrage précis posé : 0.	115	0.0914	L’agriculture nourrit le pays, structure nos territoires, nos écosystèmes et conditionne notre souveraineté alimentaire. Pourtant, celles et ceux qui nous nourrissent sont parmi les plus fragilisés. Notre agriculture est constamment menacée : crises à répétition, pression des marchés, dérèglement climatique, concurrence déloyale… Chaque année, des exploitations disparaissent et l’installation devient un parcours d’obstacles. Notre capacité à produire demain recule. Ce n’est pas une fatalité, mais le résultat de choix politiques qui ont laissé s’imposer la loi du marché, au détriment du revenu paysan et de la cohérence écologique. C’est également un impératif d’ordre public que d’assurer l’approvisionnement alimentaire en quantité et en qualité de la population. L’accès à l’alimentation doit être considéré comme un droit fondamental.	Généraliser le remboursement des travaux d’insonorisation des logements situés dans les zones de forte exposition au bruit financé par la taxe sur les nuisances sonores aériennes (TNSA).	Refonder notre modèle agricole, c’est d’abord, et avant tout, garantir un revenu digne. Sans prix rémunérateurs, il ne pourra y avoir de transition écologique, d’installation de nouveaux agriculteurs et de souveraineté. Sans une politique volontariste pour faciliter l’accès à la terre, il n’y aura pas de renouvellement des générations. C’est ensuite planifier et sécuriser la transition agroécologique. Il sera nécessaire d’offrir des débouchés, de partager de la valeur et d’accompagner les investissements. C’est enfin protéger face aux dérives du marché et de la concurrence internationale. La réciprocité des normes doit devenir la règle, car le libre-échange sans réciprocité tire les prix vers le bas, tout en nous empêchant d’appliquer nos règles sociales, sanitaires et écologiques. Nous défendons donc une agriculture ancrée dans les territoires, fondée sur l’agroécologie et le juste échange. Cela permettra aux paysans de vivre dignement de leur travail et à la France de retrouver une souveraineté alimentaire compatible avec l’urgence écologique. Produire autrement, c’est refuser la fausse opposition entre souveraineté alimentaire et transition écologique.
36	Écologie	Il est justifié d'interdire certains produits ou comportements très polluants même lorsque les consommateurs les souhaitent.	2	2	https://projet-socialiste.fr/projet/vivre-avec-la-nature/	Accord net : Le Projet socialiste 2026 veut planifier la bifurcation écologique, fixer des objectifs environnementaux opposables aux ministères et utiliser des interdictions, investissements et prises de contrôle publiques dans plusieurs secteurs. Pour PS, sur Q36 (« Il est justifié d'interdire certains produits ou comportements très polluants même lorsque les consommateurs les souhaitent. »), elle va clairement dans ce sens sans établir nécessairement chaque condition ou conséquence de l’énoncé : +2.	115	0.1527	Réduire l’usage des engrais et des pesticides de synthèse et interdire les produits les plus toxiques dont le glyphosate . Il faut également veiller à empêcher toutes tentatives de réintroduction des produits interdits comme les néonicotinoïdes, en s’appuyant sur le principe de non-abaissement des réglementations déjà existantes.	Renforcer et simplifier les labels « Made in France » , pour favoriser la production et surtout la consommation agricole nationale. Généraliser une information claire sur l’origine des produits, les circuits de transformation, les conditions de production et les dates de production afin de garantir une meilleure transparence pour les consommateurs.	Interdire la consommation en France des produits agricoles fabriqués en utilisant des pesticides et herbicides interdits en Europe , qui soumettent nos agriculteurs à une concurrence déloyale. Défendre l’extension de cette interdiction au niveau européen.
37	Écologie	Les pays riches devraient supporter une part prépondérante du coût de la transition écologique mondiale.	2	2	https://projet-socialiste.fr/projet/vivre-avec-la-nature/	Accord net : Le Projet socialiste 2026 veut planifier la bifurcation écologique, fixer des objectifs environnementaux opposables aux ministères et utiliser des interdictions, investissements et prises de contrôle publiques dans plusieurs secteurs. Pour PS, sur Q37 (« Les pays riches devraient supporter une part prépondérante du coût de la transition écologique mondiale. »), elle va clairement dans ce sens sans établir nécessairement chaque condition ou conséquence de l’énoncé : +2.	115	0.1320	La Politique Agricole Commune (PAC) a été progressivement façonnée par une logique libérale fondée sur la mise en concurrence des États membres et l’ouverture accrue aux échanges internationaux. Cette orientation fragilise profondément les agriculteurs européens, confrontés à une concurrence déloyale de pays tiers ne respectant ni les mêmes normes sociales, ni les mêmes exigences environnementales. Cette situation crée une double injustice : elle pénalise les producteurs qui respectent des règles strictes, et expose les consommateurs à des produits aux standards sanitaires inférieurs. Elle contredit également les ambitions européennes en matière de transition écologique et de justice sociale. La pression sur les prix affaiblit les revenus agricoles, renforce le pouvoir des grands groupes agroalimentaires et favorise des pratiques destructrices pour la biodiversité. Face à ces dérives, notamment illustrées par l’accord UE-Mercosur, il est indispensable de refonder le multilatéralisme commercial. Le juste échange doit devenir un pilier essentiel de la souveraineté alimentaire, du revenu paysan et de la transition agroécologique.	Le bien-être animal n’est pas seulement une question morale : c’est un enjeu de santé publique, de dignité au travail, de justice sociale et de transition écologique. Les métiers liés aux animaux – abattoirs, élevage industriel, pêche – figurent parmi les plus pénibles et les plus invisibilisés. Cadences élevées, gestes répétitifs, horaires décalés, exposition constante à la souffrance et à la mort entraînent une usure physique et psychologique. Cette situation découle d’un modèle agro-industriel productiviste qui traite le vivant comme une marchandise, au mépris de la sensibilité animale reconnue par le droit. En France, la majorité des animaux abattus provient d’élevages intensifs, dont les conséquences sont graves pour le bien-être animal, la santé des travailleurs et la santé publique. Dans la sphère privée, près d’un foyer sur deux vit avec un animal, mais le coût des soins vétérinaires, l’absence de garde accessible, les difficultés de transport ou l’exclusion de nombreux lieux publics conduisent à des abandons évitables, affectant personnes âgées, familles modestes ou personnes sans domicile. La France reste en décalage sur des pratiques reconnues comme douloureuses et les filières évoluent peu faute d’accompagnement et d’anticipation des reconversions. La sortie de l’expérimentation animale reste théorique, les méthodes alternatives étant insuffisamment financées. En protégeant le vivant, nous protégerons l’être humain.	Refonder notre modèle agricole, c’est d’abord, et avant tout, garantir un revenu digne. Sans prix rémunérateurs, il ne pourra y avoir de transition écologique, d’installation de nouveaux agriculteurs et de souveraineté. Sans une politique volontariste pour faciliter l’accès à la terre, il n’y aura pas de renouvellement des générations. C’est ensuite planifier et sécuriser la transition agroécologique. Il sera nécessaire d’offrir des débouchés, de partager de la valeur et d’accompagner les investissements. C’est enfin protéger face aux dérives du marché et de la concurrence internationale. La réciprocité des normes doit devenir la règle, car le libre-échange sans réciprocité tire les prix vers le bas, tout en nous empêchant d’appliquer nos règles sociales, sanitaires et écologiques. Nous défendons donc une agriculture ancrée dans les territoires, fondée sur l’agroécologie et le juste échange. Cela permettra aux paysans de vivre dignement de leur travail et à la France de retrouver une souveraineté alimentaire compatible avec l’urgence écologique. Produire autrement, c’est refuser la fausse opposition entre souveraineté alimentaire et transition écologique.
38	Europe	La France devrait transférer davantage de compétences à l'Union européenne afin de renforcer son poids économique et géopolitique.	3	2	https://projet-socialiste.fr/projet/pacifier-le-monde/	Accord très fort : Le PS inscrit la souveraineté française dans une Europe plus intégrée et plus autonome, avec davantage de politiques communes dans l’industrie, l’énergie, la défense et la diplomatie. Pour PS, sur Q38 (« La France devrait transférer davantage de compétences à l'Union européenne afin de renforcer son poids économique et géopolitique. »), cette orientation reprend presque entièrement le choix proposé : +3.	57	0.1490	La défense de nos valeurs passe par la recherche d’une paix juste et durable en Ukraine, où se joue l’avenir du continent européen. Soutenir la résistance ukrainienne face à l’agression russe, pour la placer en position de force dans les futures négociations. Faire du retour des enfants déportés et de la libération des civils pris en otage un préalable à ces négociations. Financer le soutien militaire et la reconstruction du pays à travers la saisie des 210 milliards d’avoirs publics russes immobilisés dans l’Union européenne. Soutenir l’adhésion de l’Ukraine à l’Union européenne.	Protéger la vérité. Créer un statut européen unique des lanceurs d’alerte et chercheurs menacés, adossé à un fonds de protection juridique. Utiliser notre diplomatie humanitaire et civile en ouvrant 10 000 visas humanitaires/an avec des places et 20 000 réinstallations sur 5 ans pour journalistes, chercheurs, ONG. Lancer un rapport annuel « Vérité et République » publié par la France et l’Union européenne portant sur la liberté académique et de la presse, la corruption et les technologies de surveillance.	Réhabiliter et renforcer le Conseil économique et social (ECOSOC) des Nations Unies, en lui confiant un mandat clair et contraignant : évaluer les politiques du FMI, de la Banque mondiale et de l’OMC au regard de critères sociaux, économiques et humains ; émettre des recommandations avant l’adoption de tout programme de réformes, auxquels le FMI et la Banque mondiale seraient tenus de répondre publiquement ; garantir le principe de non-régression sociale.
39	Europe	La France devrait conserver autant que possible sa souveraineté nationale, même si cela réduit son influence au niveau européen.	-3	2	https://projet-socialiste.fr/projet/pacifier-le-monde/	Désaccord très fort : Le PS inscrit la souveraineté française dans une Europe plus intégrée et plus autonome, avec davantage de politiques communes dans l’industrie, l’énergie, la défense et la diplomatie. Pour PS, sur Q39 (« La France devrait conserver autant que possible sa souveraineté nationale, même si cela réduit son influence au niveau européen. »), elle contredit presque entièrement le choix proposé : -3.	57	0.1425	La sécurité internationale ne peut pas se résumer à la dissuasion militaire. Sans éducation, ni infrastructure, ni lutte contre les inégalités et le réchauffement climatique, aucune sécurité durable n’est possible. Nous devons défendre une politique de sécurité globale qui renforce et européanise notre défense nationale mais qui cherche à renforcer la solidarité internationale en investissant dans le développement, l’éducation et le climat, et en défendant une diplomatie environnementale et féministe.	Financer l’émancipation des femmes et des filles comme une politique de sécurité nationale. Pérenniser et doubler le montant du Fonds français de soutien aux organisations féministes. Proposer la création d’un fonds européen de soutien aux organisations féministes à travers le monde. Positionner la France parmi les cinq premiers donateurs à ONU Femmes. Développer les réseaux féministes francophones.	Face aux défis du 21e siècle, à commencer par le réchauffement climatique ou la répartition équitable des ressources sur une planète finie, nous n’avons jamais eu autant besoin de coopération internationale.
40	Europe	L'euro est globalement bénéfique pour la France malgré la perte de certains instruments de politique économique.	3	2	https://projet-socialiste.fr/projet/pacifier-le-monde/	Accord très fort : Le PS inscrit la souveraineté française dans une Europe plus intégrée et plus autonome, avec davantage de politiques communes dans l’industrie, l’énergie, la défense et la diplomatie. Pour PS, sur Q40 (« L'euro est globalement bénéfique pour la France malgré la perte de certains instruments de politique économique. »), cette orientation reprend presque entièrement le choix proposé : +3.	57	0.0732	Reconnaître la Nature comme sujet de droit international et protéger ceux qui la défendent. Octroyer un statut juridique à certains communs planétaires permettant d’engager des recours internationaux. Intégrer dans les traités internationaux un principe de protection des terres vivrières, afin de prévenir leur captation par des acteurs privés. Reconnaître et protéger les défenseurs de l’environnement (ONG, militants, scientifiques, juristes, lanceurs d’alerte) comme catégorie protégée par le droit international.	La crise écologique redéfinit les relations internationales. Le dérèglement climatique, la perte de biodiversité, la pression sur l’eau et les sols fragilisent la stabilité mondiale, accentuent les inégalités et touchent d’abord les pays qui ont le moins contribué à la crise. Les engagements internationaux sont trop faibles au regard des alertes scientifiques, et compromis par les rivalités géopolitiques. Dans ce contexte, la France et l’Europe peinent à porter une diplomatie environnementale claire, cohérente et crédible. Les relations internationales doivent être fondées sur la coopération et l’équité plutôt que sur la compétition extractiviste. Planifier plutôt que subir, partager plutôt qu’accaparer : voilà l’ambition de notre diplomatie environnementale.	Réhabiliter et renforcer le Conseil économique et social (ECOSOC) des Nations Unies, en lui confiant un mandat clair et contraignant : évaluer les politiques du FMI, de la Banque mondiale et de l’OMC au regard de critères sociaux, économiques et humains ; émettre des recommandations avant l’adoption de tout programme de réformes, auxquels le FMI et la Banque mondiale seraient tenus de répondre publiquement ; garantir le principe de non-régression sociale.
41	Europe	L'Union européenne devrait pouvoir imposer davantage de règles communes aux États membres.	3	2	https://projet-socialiste.fr/projet/pacifier-le-monde/	Accord très fort : Le PS inscrit la souveraineté française dans une Europe plus intégrée et plus autonome, avec davantage de politiques communes dans l’industrie, l’énergie, la défense et la diplomatie. Pour PS, sur Q41 (« L'Union européenne devrait pouvoir imposer davantage de règles communes aux États membres. »), cette orientation reprend presque entièrement le choix proposé : +3.	57	0.1521	La défense de nos valeurs passe par la recherche d’une paix juste et durable en Ukraine, où se joue l’avenir du continent européen. Soutenir la résistance ukrainienne face à l’agression russe, pour la placer en position de force dans les futures négociations. Faire du retour des enfants déportés et de la libération des civils pris en otage un préalable à ces négociations. Financer le soutien militaire et la reconstruction du pays à travers la saisie des 210 milliards d’avoirs publics russes immobilisés dans l’Union européenne. Soutenir l’adhésion de l’Ukraine à l’Union européenne.	Faire de la justice et de la paix en Israël/Palestine un horizon crédible, en soutenant une solution à deux États, en lien avec l’ONU, l’Union européenne, les États arabes et les sociétés civiles israéliennes et palestiniennes. Exiger un cessez-le-feu permanent à Gaza et démilitariser le Hamas. Obtenir le respect du droit international par Israël à travers la suspension de l’accord d’association UE-Israël, des sanctions à l’encontre des ministres du gouvernement Netanyahou et des colons violents dans les territoires palestiniens occupés, un embargo strict sur les exportations d’armes vers Israël. Soutenir le renforcement démocratique, la transparence et la légitimité des institutions palestiniennes, dans le respect du droit du peuple palestinien à déterminer librement ses représentants et son avenir politique. Soutenir l’action de la justice internationale en Israël/Palestine et les procédures en cours devant la Cour Pénale Internationale et la Cour Internationale de Justice.	Instaurer un droit de pétition internationale, permettant d’inscrire un point à l’ordre du jour de l’Assemblée générale des Nations unies, soumis à deux conditions : un pourcentage minimum de la population dans chaque pays participant et la participation d’au moins un tiers des États membres de l’ONU.
42	Europe	En cas de conflit entre les intérêts économiques français et les règles européennes, la France devrait pouvoir désobéir à certaines règles européennes.	-2	2	https://projet-socialiste.fr/projet/pacifier-le-monde/	Désaccord net : Le PS inscrit la souveraineté française dans une Europe plus intégrée et plus autonome, avec davantage de politiques communes dans l’industrie, l’énergie, la défense et la diplomatie. Pour PS, sur Q42 (« En cas de conflit entre les intérêts économiques français et les règles européennes, la France devrait pouvoir désobéir à certaines règles européennes. »), elle va clairement en sens inverse sans nécessairement rejeter chaque détail : -2.	57	0.1206	Défendre la parité au Parlement européen en imposant la règle des listes électorales alternées pour les élections européennes.	Sur Terre, l’équilibre du vivant dépend des océans, des forêts, de l’eau douce, des fonds marins, ou encore de l’espace extra-atmosphérique. Ce qui régit la vie de tous ne saurait être privatisé. Ces biens communs mondiaux sont aujourd’hui fragilisés par la surexploitation capitaliste, l’accaparement des ressources, la privatisation silencieuse et les effets du changement climatique. Ce désordre provoque des déplacements massifs de populations, des conflits, et multiplie les risques de crises sanitaires, alimentaires, ou économiques. Le combat pour la justice écologique mondiale est un combat pour la paix. Seul un cadre multilatéral ambitieux peut empêcher la prédation et la privatisation des biens communs mondiaux. Les biens communs doivent être protégés par des règles universelles impliquant les États, les organisations internationales et scientifiques, les ONG et les peuples directement concernés, afin d’empêcher qu’ils ne deviennent les nouvelles frontières du pillage économique.	Nous utilisons des cookies pour améliorer votre expérience et analyser la navigation. Refuser peut limiter certaines fonctionnalités du site.
43	Fiscalité / patrimoine	Il faudrait supprimer l'IFI et ne plus taxer spécifiquement le patrimoine immobilier au-delà de la fiscalité ordinaire.	-2	3	https://projet-socialiste.fr/projet/vivre-libres/	Désaccord net : Le Projet socialiste 2026 veut relever le SMIC, limiter à 1 pour 20 les écarts de rémunération, taxer davantage le capital et reprendre en main certains prix et marchés par la puissance publique. Pour PS, sur Q43 (« Il faudrait supprimer l'IFI et ne plus taxer spécifiquement le patrimoine immobilier au-delà de la fiscalité ordinaire. »), elle va clairement en sens inverse sans nécessairement rejeter chaque détail : -2.	217	0.0752	Permettre à chacun de se nourrir sainement, à travers une fiscalité favorable (TVA réduite) aux produits alimentaires de base, non transformés pour en diminuer le coût. Soutenir massivement les acteurs de proximité et l’aide alimentaire solidaire.	Prioriser les logements à destination de l’habitat de longue durée en remettant à plat la fiscalité locative au bénéfice du logement permanent et en poursuivant l’encadrement des locations touristiques (type Airbnb) et des résidences secondaires.	Créer et outiller une police du numérique : fusionner la CNIL et l’ARCOM afin de créer une autorité unique, comprenant un département spécifiquement dédié au contrôle des algorithmes, doté de moyens d’enquête et de sanction. Les obligations de prévention et de retrait rapide des contenus haineux par les plateformes, prévues par le Digital Services Act (DSA), et celles de l’AI Act concernant la régulation de l’IA seront renforcées, avec des sanctions financières réellement dissuasives et appliquées en cas de manquement.
44	Fiscalité / patrimoine	L'héritage devrait être davantage taxé au-delà d'un certain seuil de patrimoine transmis, même si cela conduit certaines familles à transmettre moins de patrimoine à leurs enfants.	1	2	https://projet-socialiste.fr/projet/vivre-libres/	Accord modéré : Le Projet socialiste 2026 veut relever le SMIC, limiter à 1 pour 20 les écarts de rémunération, taxer davantage le capital et reprendre en main certains prix et marchés par la puissance publique. Pour PS, sur Q44 (« L'héritage devrait être davantage taxé au-delà d'un certain seuil de patrimoine transmis, même si cela conduit certaines familles à transmettre moins… »), elle incline dans ce sens sans adopter toute la proposition : +1.	217	0.0880	Garantir à tous le droit au repos , en renforçant le droit à la déconnexion avec des sanctions en cas de non-respect, en organisant un droit aux vacances pour les familles et les trois millions d’enfants qui en sont privés. Réinvestir dans les structures d’éducation populaire, les colonies de vacances, les clubs sportifs et les maisons de quartier.	Donner à l’Europe les moyens de ses ambitions en multipliant le budget européen par trois, à hauteur de 3 % du PIB européen, via de nouvelles ressources propres sans augmenter les impôts des classes moyennes et populaires . Pour parvenir à cet objectif, augmenter les ressources propres de l’Europe grâce au rehaussement des droits de douane sur les filières stratégiques, à une imposition minimale sur le patrimoine des grandes fortunes, à une taxe sur les produits financiers et sur les paris en ligne. Parallèlement, lancer un nouvel emprunt européen commun de 500 milliards d’euros.	Nous utilisons des cookies pour améliorer votre expérience et analyser la navigation. Refuser peut limiter certaines fonctionnalités du site.
45	Fiscalité / patrimoine	Les très grandes fortunes devraient être imposées sur leur patrimoine mondial, même lorsqu'elles quittent la France.	2	2	https://projet-socialiste.fr/projet/vivre-libres/	Accord net : Le Projet socialiste 2026 veut relever le SMIC, limiter à 1 pour 20 les écarts de rémunération, taxer davantage le capital et reprendre en main certains prix et marchés par la puissance publique. Pour PS, sur Q45 (« Les très grandes fortunes devraient être imposées sur leur patrimoine mondial, même lorsqu'elles quittent la France. »), elle va clairement dans ce sens sans établir nécessairement chaque condition ou conséquence de l’énoncé : +2.	217	0.2036	Donner à l’Europe les moyens de ses ambitions en multipliant le budget européen par trois, à hauteur de 3 % du PIB européen, via de nouvelles ressources propres sans augmenter les impôts des classes moyennes et populaires . Pour parvenir à cet objectif, augmenter les ressources propres de l’Europe grâce au rehaussement des droits de douane sur les filières stratégiques, à une imposition minimale sur le patrimoine des grandes fortunes, à une taxe sur les produits financiers et sur les paris en ligne. Parallèlement, lancer un nouvel emprunt européen commun de 500 milliards d’euros.	Instaurer une taxe minimale de 15 % sur les bénéfices des grandes entreprises pour financer le doublement du budget du Fonds Social Européen.	Construire un nouveau partenariat stratégique de sécurité avec les démocraties et les « puissances moyennes » qui veulent lutter contre l’impérialisme et préserver un ordre mondial fondé sur le droit. Construire une industrie européenne de défense au service de notre autonomie stratégique, en favorisant la création de champions européens de la défense, en privilégiant la logique de coopération sur les logiques de concurrence dans l’attribution des financements et en européanisant nos chaînes de production.
46	Travail / chômage	Un chômeur devrait pouvoir perdre une partie significative de ses allocations s'il refuse plusieurs emplois raisonnablement adaptés à ses compétences.	-2	2	https://projet-socialiste.fr/projet/vivre-libres/	Désaccord net : Le PS veut davantage de régulation publique, une économie sociale et solidaire plus importante, des prises de contrôle dans certains secteurs stratégiques et une protection sociale principalement collective. Pour PS, sur Q46 (« Un chômeur devrait pouvoir perdre une partie significative de ses allocations s'il refuse plusieurs emplois raisonnablement adaptés à ses compétences. »), elle va clairement en sens inverse sans nécessairement rejeter chaque détail : -2.	217	0.0759	Chapitre 3 – Réindustrialiser le pays et créer les emplois de demain	L’activité commerciale et artisanale est le cœur battant de nos communes. Pourtant, 62 % d’entre elles sont aujourd’hui privées de commerce, contre 25 % en 1980. Ce recul fragilise nos territoires, accélère leur déclassement et menace leur vitalité. Dans les dix ans à venir, des milliers d’artisans partiront à la retraite sans repreneur ; chaque année, près de 30 000 entreprises viables disparaissent pour cette seule raison, emportant emplois et lien social. Après la désindustrialisation des territoires, la France doit désormais faire face à la dévitalisation commerciale de ses centres-villes et de ses centres-bourgs. Face à l’urgence, l’État et les collectivités doivent soutenir les salariés prêts à reprendre ces entreprises, mais aussi développer un modèle économique de proximité : les plateformes numériques géantes ne paient quasiment plus d’impôts en France, tandis que les entrepôts de stockage de marchandises gigantesques sont proportionnellement moins taxés que la surface commerciale d’une librairie, d’un marchand de jouets, d’une boucherie-charcuterie, d’une boulangerie ou d’un caviste. Les artisans et commerçants doivent pouvoir continuer leur activité et en vivre décemment. Nous défendrons leur travail et porterons une politique volontariste pour préserver l’emploi, l’innovation et la vie de nos territoires.	Pérenniser l’ESS avec des modes de financement adaptés, en mobilisant des fonds publics pour les avances de trésorerie au démarrage des activités et en permettant l’accès à des fonds de capital-risque pour financer le changement d’échelle des entreprises de l’ESS. Baisser l’Impôt sur les sociétés applicable sur les bénéfices mis en réserve.
48	Travail / chômage	Le CDI protège trop fortement les salariés déjà en poste et peut rendre plus difficile l’accès à l’emploi stable, au détriment des jeunes, chômeurs ou travailleurs en contrats précaires.	-1	1	https://projet-socialiste.fr/projet/vivre-libres/	Réserve modérée : Le PS veut davantage de régulation publique, une économie sociale et solidaire plus importante, des prises de contrôle dans certains secteurs stratégiques et une protection sociale principalement collective. Pour PS, sur Q48 (« Le CDI protège trop fortement les salariés déjà en poste et peut rendre plus difficile l’accès à l’emploi stable, au détriment des jeunes, chômeurs ou… »), elle incline plutôt en sens inverse sans constituer un rejet complet : -1.	217	0.2075	Si le travail et le rapport au travail changent, nombre de nos concitoyens aspirent toujours à s’épanouir professionnellement et souffrent d’un manque de reconnaissance financière et symbolique. L’écart se creuse entre celles et ceux pour qui le travail manque parfois, use souvent et ne paye pas assez, et une minorité qui concentre les opportunités. Trop nombreux sont les parcours accidentés, les contrats précaires, les temps partiels subis, les périodes de chômage anxiogènes et sans issue. Trop nombreux sont ces jeunes, diplômés ou non, tenus écartés de l’emploi, multipliant les démarches et diminuant chaque semaine leurs critères, enchaînant les stages pas ou peu rémunérés pour remplir les demandes d’expérience professionnelle. Trop nombreuses sont ces femmes piégées dans un emploi deux jours par semaine, trop peu rémunérateur et pourtant seule issue qui s’offre à elles, au-delà d’une course effrénée aux contrats courts. Trop nombreux, enfin, sont ces seniors, assignés à un âge où l’on n’entre plus dans un nouvel emploi, mais où la retraite n’est qu’une idée lointaine.	Protéger les salariés en réduisant la part des contrats courts et du temps partiel subi, par l’augmentation des cotisations sociales employeurs pour les entreprises qui y ont fortement recours.	Le temps est une richesse, et il est politique ! L’accès au temps choisi, au repos et à la capacité de s’organiser est aujourd’hui une ligne de fracture sociale. Les femmes, les salariés précaires, les travailleurs aux horaires décalés ou les aidants subissent de fortes contraintes temporelles marquées par l’imprévisibilité, l’impossibilité de télétravailler ou de prévoir un rendez-vous médical. Ces inégalités se manifestent jusque dans l’accès aux vacances, dont près de 40 % des Français sont exclus. L’aspiration au temps libéré n’a jamais été aussi forte. Une part importante des salariés déclare ne pas pouvoir concilier correctement travail et vie personnelle, du fait de l’intensification du travail, de la précarisation de l’emploi et d’une porosité grandissante entre vie professionnelle et personnelle. La maîtrise du temps doit être replacée au cœur du modèle social français : pour donner à chacun la liberté de vivre, nous rendrons aux salariés du pouvoir sur l’organisation de leur travail et ouvrirons de nouveaux droits au temps choisi.
49	Retraites	Les retraites devraient être progressivement réformées vers un système combinant répartition et capitalisation, même si cela implique une période de transition coûteuse.	-2	2	https://projet-socialiste.fr/projet/vivre-libres/	Désaccord net : Le PS veut davantage de régulation publique, une économie sociale et solidaire plus importante, des prises de contrôle dans certains secteurs stratégiques et une protection sociale principalement collective. Pour PS, sur Q49 (« Les retraites devraient être progressivement réformées vers un système combinant répartition et capitalisation, même si cela implique une période de… »), elle va clairement en sens inverse sans nécessairement rejeter chaque détail : -2.	217	0.1751	La retraite en bonne santé est une conquête sociale majeure, fruit des luttes du monde du travail, qui doit être protégée au XXIᵉ siècle. Elle est un temps libéré, essentiel à l’équilibre personnel, familial et citoyen. La réforme portée par Élisabeth Borne, repoussant l’âge légal à 64 ans, a marqué une nouvelle régression sociale. Sa suspension, obtenue par les socialistes, représente une première victoire collective et ouvre la voie à une véritable négociation sociale pour refonder notre système de retraites. Face aux offensives du patronat en faveur de la retraite par capitalisation, nous réaffirmons le rôle central du régime par répartition, pilier de notre République sociale. La démographie n’est pas un défi insurmontable pour sa pérennité. Les réformes successives ont fait peser l’effort quasi exclusivement sur les salariés, aggravant les inégalités, notamment entre femmes et hommes. En France, les femmes perçoivent une pension de droit direct inférieure de près de 40 % à celle des hommes, conséquence des salaires plus bas, du temps partiel subi et des interruptions liées aux charges familiales. À l’âge de la retraite, un homme cadre a cinq ans d’espérance de vie en plus qu’un ouvrier. Après l’abrogation de la réforme Borne, et en lien avec les partenaires sociaux, nous défendrons l’existence du régime par répartition, en assurant son financement et en nous attaquant aux criantes inégalités que génère le système actuel.	Reprendre la main sur le progrès technique est une condition de notre liberté. Pour apprendre, travailler, nous informer, échanger ou nous soigner, nous dépendons des smartphones, d’internet et, désormais, de l’intelligence artificielle. Ces technologies ouvrent des possibilités immenses et libèrent du temps. Mais elles peuvent aussi épuiser, enfermer dans des dépendances, surveiller et précariser. Nous devons lutter contre les nouvelles servitudes numériques, en régulant les grandes plateformes,leurs algorithmes et la concentration des pouvoirs technologiques. Cela implique aussi de mettre l’IA au service du bien commun. Cela nécessite également de soutenir la recherche et les innovations sociales, écologiques et démocratiques. Dans une France socialiste, la technologie n’asservit pas, elle libère. Le progrès technique n’y sert pas l’accumulation du profit, mais le bien commun. Il se met au service de la bifurcation écologique, de la cohésion sociale et de la vitalité démocratique.	Pour maintenir l’équilibre financier du nouveau système de retraites, flécher des revenus de l’imposition du capital, assujettir aux cotisations sociales certains compléments de salaire attribués aux plus hauts revenus (attributions gratuites d’actions, dividendes, intéressement, participation, avantages en nature) et les revenus tirés des heures supplémentaires versés aux travailleurs dont la rémunération est supérieure à 3 SMIC, et agir pour l’emploi des seniors, des femmes et des jeunes.
50	Retraites	L'âge légal de départ à la retraite devrait être automatiquement indexé sur l'espérance de vie nationale.	-2	1	https://projet-socialiste.fr/projet/vivre-libres/	Désaccord net : Le PS veut davantage de régulation publique, une économie sociale et solidaire plus importante, des prises de contrôle dans certains secteurs stratégiques et une protection sociale principalement collective. Pour PS, sur Q50 (« L'âge légal de départ à la retraite devrait être automatiquement indexé sur l'espérance de vie nationale. »), elle va clairement en sens inverse sans nécessairement rejeter chaque détail : -2.	217	0.3013	Après l’abrogation de la réforme Borne, convoquer une conférence sociale pour définir un nouveau système de retraite par répartition qui permette à chacun de profiter d’une retraite en bonne santé : proposer de construire un droit à la retraite calculé en fonction d’une durée de cotisation fixée à 43 annuités, réductible en fonction de la pénibilité des métiers exercés tout au long de sa vie. Les critères de pénibilité seront les 10 répertoriés dans la réforme Touraine de 2015, incluant les 4 critères de pénibilité supprimés par le gouvernement d’Édouard Philippe en 2018 (charges lourdes, exposition aux vibrations mécaniques, exposition aux agents chimiques dangereux, postures pénibles). L’âge légal de départ, ramené à 62 ans, ne disparaîtra pas pour autant : il continuera de jouer un rôle de protection minimale pour les salariés.	La retraite en bonne santé est une conquête sociale majeure, fruit des luttes du monde du travail, qui doit être protégée au XXIᵉ siècle. Elle est un temps libéré, essentiel à l’équilibre personnel, familial et citoyen. La réforme portée par Élisabeth Borne, repoussant l’âge légal à 64 ans, a marqué une nouvelle régression sociale. Sa suspension, obtenue par les socialistes, représente une première victoire collective et ouvre la voie à une véritable négociation sociale pour refonder notre système de retraites. Face aux offensives du patronat en faveur de la retraite par capitalisation, nous réaffirmons le rôle central du régime par répartition, pilier de notre République sociale. La démographie n’est pas un défi insurmontable pour sa pérennité. Les réformes successives ont fait peser l’effort quasi exclusivement sur les salariés, aggravant les inégalités, notamment entre femmes et hommes. En France, les femmes perçoivent une pension de droit direct inférieure de près de 40 % à celle des hommes, conséquence des salaires plus bas, du temps partiel subi et des interruptions liées aux charges familiales. À l’âge de la retraite, un homme cadre a cinq ans d’espérance de vie en plus qu’un ouvrier. Après l’abrogation de la réforme Borne, et en lien avec les partenaires sociaux, nous défendrons l’existence du régime par répartition, en assurant son financement et en nous attaquant aux criantes inégalités que génère le système actuel.	La liberté que nous devons conquérir se décline aussi bien à l’échelle individuelle que collective .Pour l’individu, la liberté est de choisir sa vie : bien vivre de son travail, pouvoir se loger, se nourrir, se chauffer l’hiver et se rafraîchir l’été, profiter de temps libéré et d’une retraite en bonne santé, ne pas être manipulé par le capitalisme numérique qui rentabilise de notre attention, etc. Tous ces objectifs nécessitent une reprise en main du marché par la puissance publique. Pour que les Français·es puissent à nouveau affronter sereinement la vie quotidienne, augmenter les salaires ne suffira pas : nous devons faire baisser les dépenses dites « contraintes » (logement, alimentation, énergie), par des politiques de régulation et de redistribution.Pour une nation, vivre libre c’est choisir son destin , en sachant se défendre et en développant son économie pour satisfaire ses besoins essentiels (énergie, alimentation, santé, etc.). Au 21e siècle, la souveraineté de la France ne se pense plus qu’à l’échelle de notre pays, mais aussi de l’Europe.
51	Protection sociale	Les prestations sociales devraient être fortement conditionnées à la durée de cotisation et de participation au marché du travail.	-2	2	https://projet-socialiste.fr/projet/vivre-libres/	Désaccord net : Le PS veut davantage de régulation publique, une économie sociale et solidaire plus importante, des prises de contrôle dans certains secteurs stratégiques et une protection sociale principalement collective. Pour PS, sur Q51 (« Les prestations sociales devraient être fortement conditionnées à la durée de cotisation et de participation au marché du travail. »), elle va clairement en sens inverse sans nécessairement rejeter chaque détail : -2.	217	0.1409	Protéger les salariés en réduisant la part des contrats courts et du temps partiel subi, par l’augmentation des cotisations sociales employeurs pour les entreprises qui y ont fortement recours.	L’intelligence artificielle ouvre des possibilités immenses pour le progrès humain : automatiser les tâches répétitives, libérer du temps de travail, améliorer les services publics ou la prévention en santé. Mais, livrée aux seules logiques de marché, sans maîtrise démocratique, elle devient un facteur de dérives sociales, écologiques et démocratiques. L’IA est énergivore, dépendante des énergies fossiles et des terres rares, et entre en concurrence avec les besoins que fait naître la bifurcation écologique. Elle concentre aujourd’hui ses bénéfices entre les mains de quelques grandes entreprises et actionnaires, tandis que les travailleurs manquent de formation et de protections face aux destructions d’emplois. À l’école, son usage massif sans encadrement renforce les inégalités d’accès au savoir. Elle fragilise aussi nos démocraties par la manipulation de l’information et la dépendance à des plateformes privées étrangères, opaques et non souveraines. La révolution de l’IA ne doit pas enrichir une oligarchie, mais être planifiée démocratiquement pour servir le bien commun.	Après l’abrogation de la réforme Borne, convoquer une conférence sociale pour définir un nouveau système de retraite par répartition qui permette à chacun de profiter d’une retraite en bonne santé : proposer de construire un droit à la retraite calculé en fonction d’une durée de cotisation fixée à 43 annuités, réductible en fonction de la pénibilité des métiers exercés tout au long de sa vie. Les critères de pénibilité seront les 10 répertoriés dans la réforme Touraine de 2015, incluant les 4 critères de pénibilité supprimés par le gouvernement d’Édouard Philippe en 2018 (charges lourdes, exposition aux vibrations mécaniques, exposition aux agents chimiques dangereux, postures pénibles). L’âge légal de départ, ramené à 62 ans, ne disparaîtra pas pour autant : il continuera de jouer un rôle de protection minimale pour les salariés.
53	État / entreprises	Une entreprise qui reçoit plusieurs milliards d'euros d'aides publiques devrait pouvoir être contrainte de limiter ses dividendes et les rémunérations de ses dirigeants tant que l'aide n'est pas remboursée.	3	2	https://projet-socialiste.fr/projet/vivre-libres/	Accord très fort : Le PS veut davantage de régulation publique, une économie sociale et solidaire plus importante, des prises de contrôle dans certains secteurs stratégiques et une protection sociale principalement collective. Pour PS, sur Q53 (« Une entreprise qui reçoit plusieurs milliards d'euros d'aides publiques devrait pouvoir être contrainte de limiter ses dividendes et les rémunérations… »), cette orientation reprend presque entièrement le choix proposé : +3.	217	0.1858	Reprendre le contrôle des aides publiques aux entreprises : Réorienter immédiatement 30 milliards d’aides publiques identifiées comme inefficaces et sources d’effets d’aubaines. Conditionner toutes les aides publiques à des engagements clairs : maintien ou création d’emplois, respect de critères environnementaux, égalité salariale femmes-hommes, formation des salariés, dialogue social effectif, absence d’optimisation fiscale agressive. L’employeur informe les membres du CSE de l’utilisation des aides publiques. Le CSE donne un avis motivé et peut saisir l’inspecteur du travail si l’utilisation de l’aide publique n’est pas conforme aux objectifs prévus. En finir avec le saupoudrage et réserver les exonérations et crédits d’impôts aux secteurs à haute valeur ajoutée, de souveraineté, aux PME industrielles innovantes, aux projets de relocalisation, aux investissements dans la transition énergétique et la circularité. Toute aide publique devra répondre à une logique de contrepartie et d’intérêt général : un remboursement sera systématiquement exigé en cas de délocalisation ou de non-respect des engagements. Recentrer le Crédit d’Impôt Recherche (CIR) sur les TPE, PME et les ETI industrielles innovantes : mettre fin aux effets d’aubaine des grands groupes sous-traitant des dépenses déjà planifiées.	Partager la richesse en entreprise notamment à travers la limitation des écarts de salaires en instaurant un plafond de 1 à 20 entre les plus hautes et les plus basses rémunérations dans un même groupe consolidé. Conditionner le versement de dividendes pour les entreprises de 10 salariés et plus à un partage équitable de la valeur en instaurant une règle simple et lisible : 1 € de dividende versé = au moins 1 € de participation ou intéressement versé aux salariés.	L’agence publique européenne des terres rares, dotée de 5 milliards d’euros, sera chargée de la prospection, de l’extraction responsable, du traitement et du recyclage.
54	État / entreprises	L'État devrait davantage utiliser son pouvoir d'actionnaire pour orienter les grandes entreprises françaises vers des objectifs industriels de long terme.	2	2	https://projet-socialiste.fr/projet/vivre-libres/	Accord net : Le PS veut davantage de régulation publique, une économie sociale et solidaire plus importante, des prises de contrôle dans certains secteurs stratégiques et une protection sociale principalement collective. Pour PS, sur Q54 (« L'État devrait davantage utiliser son pouvoir d'actionnaire pour orienter les grandes entreprises françaises vers des objectifs industriels de long terme. »), elle va clairement dans ce sens sans établir nécessairement chaque condition ou conséquence de l’énoncé : +2.	217	0.1512	Favoriser les alternatives françaises et européennes aux géants américains et chinois du numérique par la commande publique et en imposant l’interopérabilité des grandes plateformes. .	Planifier la montée en puissance des énergies renouvelables, avec le soutien de l’État et une simplification des procédures administratives. Donner la priorité aux industries françaises et européennes dans les appels d’offres.	Instaurer une taxe minimale de 15 % sur les bénéfices des grandes entreprises pour financer le doublement du budget du Fonds Social Européen.
55	État / entreprises	Il faudrait réduire fortement les normes administratives pesant sur les entreprises, même si certaines protections environnementales ou sociales deviennent moins strictes.	-2	2	https://projet-socialiste.fr/projet/vivre-libres/	Désaccord net : Le PS veut davantage de régulation publique, une économie sociale et solidaire plus importante, des prises de contrôle dans certains secteurs stratégiques et une protection sociale principalement collective. Pour PS, sur Q55 (« Il faudrait réduire fortement les normes administratives pesant sur les entreprises, même si certaines protections environnementales ou sociales… »), elle va clairement en sens inverse sans nécessairement rejeter chaque détail : -2.	217	0.2403	Conditionner toute ouverture de nouvelles mines de terres rares ou sites de traitement à la conformité aux normes environnementales et sociales les plus strictes, afin d’éviter la délocalisation de la pollution tout en sécurisant les approvisionnements.	Instaurer une taxe écologique de 20 % sur les importations de terres rares et programmer l’interdiction en Europe d’ici 2030 des importations de terres rares issues de mines ne respectant pas des normes sociales et environnementales strictes. Les recettes fiscales serviront à financer le développement d’une filière européenne responsable.	Limiter les tâches administratives des artisans-commerçants en simplifiant les démarches fiscales et sociales qui pèsent disproportionnellement sur les petites entreprises et les indépendants.
57	Immigration / assimilation	L'accès à certaines prestations sociales devrait être beaucoup plus limité pendant les premières années suivant l'arrivée d'un immigré.	-2	2	https://projet-socialiste.fr/projet/refaire-societe/	Désaccord net : Le Projet socialiste 2026 veut régulariser par le travail, renforcer les voies légales d’entrée et le droit d’asile, défendre l’AME et développer dès la demande de titre l’apprentissage du français et la formation civique. Pour PS, sur Q57 (« L'accès à certaines prestations sociales devrait être beaucoup plus limité pendant les premières années suivant l'arrivée d'un immigré. »), elle va clairement en sens inverse sans nécessairement rejeter chaque détail : -2.	242	0.1562	Faire de la réduction du non-recours aux prestations sociales une priorité nationale : automatiser autant que possible l’accès aux droits, simplifier radicalement les démarches et aller vers les publics les plus éloignés par des politiques d’intervention hors les murs.	Consacrer l’égalité républicaine et lancer un plan Marshall pour Mayotte : mettre en place urgemment , de façon concertée et planifiée, la convergence effective des dispositifs nationaux à Mayotte pour en finir avec des disparités de montants ou de conditions d’accès à des prestations sociales.	Généraliser les opérations de testing dans l’accès au logement afin de lutter contre les discriminations territoriales, sociales et raciales dans l’accès au parc locatif public comme privé. Contrôler et sanctionner les pratiques discriminatoires des agences immobilières, plateformes et bailleurs contrevenants.
58	Immigration / assimilation	La France devrait privilégier l'immigration économique qualifiée, même si cela signifie accueillir moins de personnes peu qualifiées.	1	1	https://projet-socialiste.fr/projet/refaire-societe/	Accord modéré : Le Projet socialiste 2026 veut régulariser par le travail, renforcer les voies légales d’entrée et le droit d’asile, défendre l’AME et développer dès la demande de titre l’apprentissage du français et la formation civique. Pour PS, sur Q58 (« La France devrait privilégier l'immigration économique qualifiée, même si cela signifie accueillir moins de personnes peu qualifiées. »), elle incline dans ce sens sans adopter toute la proposition : +1.	242	0.0932	Refaire société ne se décrète pas : cela se construit. Pour retisser le lien qui unit les Françaises et les Français, nous devons combattre les fractures sociales, territoriales et culturelles qui fragmentent notre pays. Cela implique de redonner vie aux villes petites et moyennes, de lutter contre la ségrégation et de permettre à chacun de vivre, travailler et se loger dignement, où qu’il choisisse de s’installer.	Faire de la DILCRAH une autorité indépendante avec un budget et des moyens propres. Son conseil d’administration devra accueillir des représentants des associations reconnues dans la lutte contre les discriminations.	Interdire les thérapies de conversion en Europe, notamment pour les personnes trans, et soutenir par notre diplomatie la dépénalisation de l’homosexualité et la mise en place du mariage civil pour les personnes de même sexe, partout dans le monde.
59	Immigration / assimilation	Une personne née en France de parents étrangers devrait automatiquement devenir française à sa majorité si elle y a grandi, même si elle ne manifeste pas particulièrement d'attachement à la France.	3	2	https://projet-socialiste.fr/projet/refaire-societe/	Accord très fort : Le Projet socialiste 2026 veut régulariser par le travail, renforcer les voies légales d’entrée et le droit d’asile, défendre l’AME et développer dès la demande de titre l’apprentissage du français et la formation civique. Pour PS, sur Q59 (« Une personne née en France de parents étrangers devrait automatiquement devenir française à sa majorité si elle y a grandi, même si elle ne manifeste… »), cette orientation reprend presque entièrement le choix proposé : +3.	242	0.0839	Régulariser et intégrer par le travail, lutter contre l’exploitation des travailleurs sans papiers. Permettre l’obtention d’un titre de séjour à toute personne étrangère disposant d’un contrat de travail depuis au moins 6 mois. Faciliter l’accès à la formation professionnelle des primo-arrivants. Inciter les entreprises à intégrer les enjeux de l’inclusion des travailleurs étrangers dans la définition de leurs missions et leurs démarches d’innovation. Renforcer le pouvoir de l’Inspection du travail pour protéger les travailleurs migrants, qu’ils soient réguliers ou non. Instituer un droit de plainte sécurisé : permettre à un travailleur sans papiers de dénoncer un employeur abusif ou des conditions de travail dangereuses sans risquer d’être expulsé.	Les migrations font partie intégrante de l’histoire de la France et de son identité. Notre pays s’est construit et enrichi grâce aux apports des populations immigrées. Pourtant, le débat public sur l’immigration est trop souvent confisqué par la stigmatisation, les caricatures et l’exploitation des peurs, en décalage avec la réalité des faits. Contrairement aux discours alarmistes, l’immigration ne « submerge » pas la France. La responsabilité politique impose de sortir des postures idéologiques. Notre politique migratoire est aujourd’hui inefficace et illisible. Depuis 1945, l’accumulation désordonnée de 118 réformes successives a produit un droit des étrangers complexe, instable et inégalement appliqué selon les territoires. Les services administratifs manquent de moyens, ce qui entraîne retards, erreurs et situations d’irrégularité, avec des impacts redoutables sur les processus d’intégration des étrangers, notamment par le travail. La logique du chiffre, illustrée par l’explosion des obligations de quitter le territoire (OQTF), a échoué. Nous voulons en finir avec une politique d’entrée et de séjour fondée sur la xénophobie, comme nous voulons stopper la machine administrative à fabriquer des clandestins qui finit par enrichir les marchands de sommeil et exploiter les travailleurs. Nous proposons un changement profond de la politique migratoire française, autour d’un cadre clair et humaniste, applicable et donc effectivement appliqué.	Étendre le droit de vote aux étrangers extra-européens aux élections locales.
60	Immigration / assimilation	La France devrait pouvoir refuser l'entrée à un immigré légalement admissible lorsqu'il existe de fortes raisons de penser qu'il ne souhaite pas s'intégrer culturellement à la société française.	-2	2	https://projet-socialiste.fr/projet/refaire-societe/	Désaccord net : Le Projet socialiste 2026 veut régulariser par le travail, renforcer les voies légales d’entrée et le droit d’asile, défendre l’AME et développer dès la demande de titre l’apprentissage du français et la formation civique. Pour PS, sur Q60 (« La France devrait pouvoir refuser l'entrée à un immigré légalement admissible lorsqu'il existe de fortes raisons de penser qu'il ne souhaite pas… »), elle va clairement en sens inverse sans nécessairement rejeter chaque détail : -2.	242	0.0826	Régulariser et intégrer par le travail, lutter contre l’exploitation des travailleurs sans papiers. Permettre l’obtention d’un titre de séjour à toute personne étrangère disposant d’un contrat de travail depuis au moins 6 mois. Faciliter l’accès à la formation professionnelle des primo-arrivants. Inciter les entreprises à intégrer les enjeux de l’inclusion des travailleurs étrangers dans la définition de leurs missions et leurs démarches d’innovation. Renforcer le pouvoir de l’Inspection du travail pour protéger les travailleurs migrants, qu’ils soient réguliers ou non. Instituer un droit de plainte sécurisé : permettre à un travailleur sans papiers de dénoncer un employeur abusif ou des conditions de travail dangereuses sans risquer d’être expulsé.	Qu’est-ce qu’être Français aujourd’hui ? Alors que notre cohésion nationale s’affaiblit et que l’extrême droite impose une vision excluante de l’identité française, les Socialistes doivent répondre à cette question. La France est une communauté de destin, pas d’origine. La nation française est une construction politique, « par le haut ».	Renforcer les moyens à disposition de l’Office français de l’Immigration et de l’Intégration en faveur de l’apprentissage de la langue française et des formations civiques. Assurer l’apprentissage de la langue française et l’enseignement moral et civique dès le dépôt de la demande d’un titre de séjour.
61	Immigration / assimilation	Le fait de conserver des pratiques culturelles ou religieuses très différentes de celles de la majorité française n'est pas en soi un problème tant que les lois françaises sont respectées.	2	2	https://projet-socialiste.fr/projet/refaire-societe/	Accord net : Le Projet socialiste 2026 veut régulariser par le travail, renforcer les voies légales d’entrée et le droit d’asile, défendre l’AME et développer dès la demande de titre l’apprentissage du français et la formation civique. Pour PS, sur Q61 (« Le fait de conserver des pratiques culturelles ou religieuses très différentes de celles de la majorité française n'est pas en soi un problème tant que… »), elle va clairement dans ce sens sans établir nécessairement chaque condition ou conséquence de l’énoncé : +2.	242	0.1344	Valoriser les apports de figures culturelles et politiques invisibilisées par les discriminations, et leur rendre toute leur place dans l’histoire française.	Refaire société ne se décrète pas : cela se construit. Pour retisser le lien qui unit les Françaises et les Français, nous devons combattre les fractures sociales, territoriales et culturelles qui fragmentent notre pays. Cela implique de redonner vie aux villes petites et moyennes, de lutter contre la ségrégation et de permettre à chacun de vivre, travailler et se loger dignement, où qu’il choisisse de s’installer.	Consacrer la valeur des œuvres et du travail des artistes face à la plateformisation et aux IA. Créer une taxe Amazon pour le secteur du livre afin de soutenir directement ce secteur ainsi que les librairies indépendantes. Introduire un principe de présomption d’entraînement sur les œuvres protégées par le droit d’auteur pour les plateformes d’IA et imposer l’étiquetage des contenus générés par IA. Aligner les obligations d’investissement et les quotas de diffusions d’œuvres françaises et européennes des plateformes de vidéo à la demande sur celles des chaînes de télévision.
63	Libertés / sécurité	Pour lutter contre le terrorisme, l'État devrait pouvoir surveiller préventivement une personne considérée comme présentant un risque sérieux, même sans preuve suffisante pour engager des poursuites pénales.	0	2	https://projet-socialiste.fr/projet/etre-en-securites/	Position intermédiaire : Le PS défend une sécurité de proximité articulant police, prévention et justice, avec des moyens publics renforcés mais sous contrôle de l’État de droit et sans faire de la seule répression le principe directeur. Pour PS, sur Q63 (« Pour lutter contre le terrorisme, l'État devrait pouvoir surveiller préventivement une personne considérée comme présentant un risque sérieux, même… »), elle ne tranche pas clairement l’arbitrage précis posé : 0.	170	0.0946	Mettre fin au narcotrafic et lutter contre la criminalité organisée	Renforcer la coopération européenne et internationale pour lutter contre la cybercriminalité.	Repenser le modèle de l’accueil de la personne âgée en établissement
64	Libertés / expression	Une personne qui tient publiquement des propos profondément offensants mais qui n'appelle ni à la violence ni à commettre une infraction devrait être protégée par la liberté d'expression.	2	2	https://projet-socialiste.fr/projet/refaire-societe/	Accord net : Le PS défend l’égalité des droits, la lutte contre le racisme et les discriminations et une République pluraliste, tout en maintenant un cadre commun laïque et civique. Pour PS, sur Q64 (« Une personne qui tient publiquement des propos profondément offensants mais qui n'appelle ni à la violence ni à commettre une infraction devrait être… »), elle va clairement dans ce sens sans établir nécessairement chaque condition ou conséquence de l’énoncé : +2.	242	0.1337	Inscrire et renforcer la liberté académique dans la Constitution : définir explicitement la liberté académique (libertés de recherche, pédagogique et d’expression) comme principe fondamental de l’Enseignement Supérieur et de la Recherche.	Renforcer les dispositifs de sanction de l’Arcom, régulateur de l’audiovisuel, concernant les propos appelant à la discrimination, en allégeant le régime de la preuve en cas de propos racistes ou discriminants et en créant une procédure de retrait ou de suspension de fréquence TNT en cas de violations graves et répétées des obligations légales en matière de lutte contre les discours de haine.	La montée de l’extrême droite s’accompagne partout d’une offensive contre la culture, instrument central d’une guerre pour affaiblir les démocraties et façonner des sociétés dociles. En France et en Europe, cette attaque passe par la remise en cause de l’exception culturelle, la dérégulation et la concentration des outils de création et de diffusion, au profit des logiques de marché. Or, l’exception culturelle repose sur un principe clair : la culture ne peut être soumise au libre-échange et doit être protégée par des règles fortes et des aides publiques à la création et à la diffusion. A l’échelle de la nation, la culture est un ciment collectif qui crée du commun. A l’échelle individuelle, c’est un levier d’émancipation qui offre une ouverture sur le monde, un accès au savoir et la capacité de forger un esprit critique. Cible des réactionnaires alliés aux puissances de l’argent, la culture est aussi bousculée par l’intelligence artificielle, qui menace les droits des créateurs par l’exploitation illégitime des œuvres. Face à ces attaques, nous assumons une politique de rupture positive pour défendre la liberté de création, protéger les artistes et la souveraineté culturelle de la France et de l’Europe.
67	Écologie	Une taxe carbone qui réduit les émissions de CO₂ devrait être maintenue même si elle diminue le pouvoir d’achat des ménages modestes, à condition de compenser ces derniers par des aides ciblées.	3	2	https://projet-socialiste.fr/projet/vivre-avec-la-nature/	Accord très fort : Le Projet socialiste 2026 veut planifier la bifurcation écologique, fixer des objectifs environnementaux opposables aux ministères et utiliser des interdictions, investissements et prises de contrôle publiques dans plusieurs secteurs. Pour PS, sur Q67 (« Une taxe carbone qui réduit les émissions de CO₂ devrait être maintenue même si elle diminue le pouvoir d’achat des ménages modestes, à condition de… »), cette orientation reprend presque entièrement le choix proposé : +3.	115	0.1275	La transition énergétique du parc de logements est une priorité politique face à l’urgence sociale et climatique. Le logement, avec les transports, demeure l’un des secteurs les plus énergivores et expose des millions de ménages à une précarité énergétique croissante. Aujourd’hui, 7,4 millions de logements sont des passoires énergétiques, touchant près de 12 millions de personnes, tandis que la facture énergétique équivaut en moyenne à 5,6 % du budget des ménages, avec de fortes inégalités territoriales. Parce que 80 % des logements de 2050 sont déjà construits, notre action se concentrera sur la rénovation massive du parc existant. Nous ferons de l’adaptation du bâti un pilier de la politique du logement afin de garantir confort, sécurité et résilience face au dérèglement climatique, tout en réduisant l’empreinte carbone du secteur. Cette transition ne peut réussir sans un accompagnement renforcé des ménages modestes, pour assurer partout et durablement le droit à un logement digne et habitable.	Cibler les aides de la PAC pour qu’elle favorise l’emploi agricole plutôt que la surface d’exploitation en plafonnant les aides à l’hectare à 100 000 euros et en incluant une dégressivité de ces aides, afin d’orienter ces aides vers les petites exploitations, les jeunes agriculteurs, les territoires à handicap naturel, les productions en recul, et la polyculture-élevage, ainsi qu’un renforcement de la structuration des filières.	Généraliser le remboursement des travaux d’insonorisation des logements situés dans les zones de forte exposition au bruit financé par la taxe sur les nuisances sonores aériennes (TNSA).
68	Écologie	La France devrait interdire progressivement la vente de voitures thermiques même si cela augmente temporairement le prix moyen des véhicules.	3	2	https://projet-socialiste.fr/projet/vivre-avec-la-nature/	Accord très fort : Le Projet socialiste 2026 veut planifier la bifurcation écologique, fixer des objectifs environnementaux opposables aux ministères et utiliser des interdictions, investissements et prises de contrôle publiques dans plusieurs secteurs. Pour PS, sur Q68 (« La France devrait interdire progressivement la vente de voitures thermiques même si cela augmente temporairement le prix moyen des véhicules. »), cette orientation reprend presque entièrement le choix proposé : +3.	115	0.1170	Financer des alternatives à l’expérimentation animale, la réduire et en sortir chaque fois que cela est possible. Interdire les expériences visant l’augmentation de la productivité animale.	Adopter un plan national de lutte contre le bruit artificiel . Généraliser le revêtement antibruit, réduire les axes routiers urbains, contrôler strictement les motos et véhicules bruyants. Limiter le bruit des machines, des voitures, des transports par la mise en place de zones de « non bruit » sur le modèle des espaces naturels protégés. Protéger les zones d’exposition au bruit aérien en remboursant l’insonorisation des logements situés dans les périmètres définis par les plans de gêne sonore.	Rénover massivement le parc de logements existants , pour viser à la disparition des passoires thermiques en 2050.
69	Écologie	Il faut privilégier le nucléaire même si cela conduit à réduire certains investissements dans les renouvelables.	0	2	https://projet-socialiste.fr/projet/vivre-avec-la-nature/	Position intermédiaire : Le Projet socialiste 2026 veut planifier la bifurcation écologique, fixer des objectifs environnementaux opposables aux ministères et utiliser des interdictions, investissements et prises de contrôle publiques dans plusieurs secteurs. Pour PS, sur Q69 (« Il faut privilégier le nucléaire même si cela conduit à réduire certains investissements dans les renouvelables. »), elle ne tranche pas clairement l’arbitrage précis posé : 0.	115	0.1528	Financer des alternatives à l’expérimentation animale, la réduire et en sortir chaque fois que cela est possible. Interdire les expériences visant l’augmentation de la productivité animale.	Refonder notre modèle agricole, c’est d’abord, et avant tout, garantir un revenu digne. Sans prix rémunérateurs, il ne pourra y avoir de transition écologique, d’installation de nouveaux agriculteurs et de souveraineté. Sans une politique volontariste pour faciliter l’accès à la terre, il n’y aura pas de renouvellement des générations. C’est ensuite planifier et sécuriser la transition agroécologique. Il sera nécessaire d’offrir des débouchés, de partager de la valeur et d’accompagner les investissements. C’est enfin protéger face aux dérives du marché et de la concurrence internationale. La réciprocité des normes doit devenir la règle, car le libre-échange sans réciprocité tire les prix vers le bas, tout en nous empêchant d’appliquer nos règles sociales, sanitaires et écologiques. Nous défendons donc une agriculture ancrée dans les territoires, fondée sur l’agroécologie et le juste échange. Cela permettra aux paysans de vivre dignement de leur travail et à la France de retrouver une souveraineté alimentaire compatible avec l’urgence écologique. Produire autrement, c’est refuser la fausse opposition entre souveraineté alimentaire et transition écologique.	Privilégier la pêche côtière et l’aquaculture familiale , promouvoir ce modèle au niveau européen et international et lutter contre les assauts de la financiarisation et de la privatisation.
71	Écologie / croissance	Si la France pouvait réduire ses émissions de 20 % mais que cela réduisait son PIB de 3 %, alors que les autres pays ne faisaient aucun effort comparable, il faudrait quand même le faire.	2	2	https://projet-socialiste.fr/projet/vivre-avec-la-nature/	Accord net : Le Projet socialiste 2026 veut planifier la bifurcation écologique, fixer des objectifs environnementaux opposables aux ministères et utiliser des interdictions, investissements et prises de contrôle publiques dans plusieurs secteurs. Pour PS, sur Q71 (« Si la France pouvait réduire ses émissions de 20 % mais que cela réduisait son PIB de 3 %, alors que les autres pays ne faisaient aucun effort… »), elle va clairement dans ce sens sans établir nécessairement chaque condition ou conséquence de l’énoncé : +2.	115	0.0951	Financer des alternatives à l’expérimentation animale, la réduire et en sortir chaque fois que cela est possible. Interdire les expériences visant l’augmentation de la productivité animale.	La pêche française est en crise. Avec le deuxième domaine maritime mondial, la France porte une responsabilité particulière dans la préservation des ressources marines, la protection des océans et le développement d’une pêche durable. Alors que plus de 70 % des produits de la mer consommés en Europe proviennent de pays tiers qui, souvent, ne respectent pas les standards européens, les pêcheurs Français n’arrivent pas à bien vivre de leur métier et en particulier ceux pratiquant la petite pêche, qui a perdu 14,5 % de ses emplois ces cinq dernières années. La surpêche industrielle, la pollution et le dérèglement climatique amoindrissent la ressource. L’âge moyen des navires est de plus de 30 ans : beaucoup trop de pêcheurs travaillent sur des navires vieillissants, polluants, énergivores, coûteux en maintenance et offrant des conditions de travail insatisfaisantes. La pêche maritime en France n’emploie que 12 463 marins, mais un emploi embarqué génère approximativement 3 à 4 emplois à terre (mareyage, transformation, commercialisation, construction navale). Si la pêche représente un secteur économique modeste, elle est vitale pour l’identité et l’économie des 20 000 km de territoires littoraux que compte notre pays. Nous voulons sauver la pêche française en construisant une politique publique de pêche et d’aquaculture 100 % durable.	Le modèle agricole conventionnel est à la croisée des chemins : il abîme les sols, fragilise la biodiversité et reste dépendant des engrais et pesticides de synthèse. L’agriculture est le 2ᵉ secteur émetteur de gaz à effet de serre en France (19 % des émissions). Pourtant, l’agriculture biologique peine à se développer : elle ne représente que 10 % des surfaces agricoles en France, faute de débouchés stables et de revenus sécurisés pour les agriculteurs. Le passage au bio ou à l’agroécologie est trop souvent vécu comme un risque supplémentaire, plutôt qu’une perspective souhaitable. Face au dérèglement climatique et à l’urgence d’une alimentation saine, la transition agroécologique doit devenir notre horizon stratégique. Préserver les sols, l’eau et la biodiversité, réduire les pesticides et équilibrer élevage et cultures sont des impératifs. Cette transition ne se décrète pas : elle exige un accompagnement technique et financier des agriculteurs, la structuration des filières, la valorisation des services environnementaux et la sécurisation des revenus. Les choix politiques doivent être à la hauteur pour bâtir une agriculture durable et souveraine : rémunérer les services environnementaux rendus par les paysans, soutenir le bio, protéger les terres agricoles et organiser la production au plus près des territoires.
72	Institutions	Pour certaines décisions économiques complexes, il serait préférable de confier davantage de pouvoir à des institutions indépendantes composées d'experts plutôt qu'aux responsables politiques élus.	-1	1	https://projet-socialiste.fr/projet/refaire-societe/	Réserve modérée : Le Projet socialiste 2026 veut rééquilibrer les institutions au profit du Parlement et des citoyens, développer la proportionnelle et limiter les instruments qui permettent à l’exécutif de contourner le vote parlementaire. Pour PS, sur Q72 (« Pour certaines décisions économiques complexes, il serait préférable de confier davantage de pouvoir à des institutions indépendantes composées… »), elle incline plutôt en sens inverse sans constituer un rejet complet : -1.	242	0.0945	Une démocratie ne vit que si ses citoyens ont le sentiment d’être entendus. Pourtant, de plus en plus de Françaises et de Français se détournent des urnes et doutent de la capacité de nos institutions à répondre à leurs préoccupations. Une même aspiration s’exprime : celle d’être écouté, respecté et associé aux décisions qui façonnent notre avenir commun.	Rapprocher durablement la recherche et l’action publique . Les passerelles entre doctorants, chercheurs et haute fonction publique seront renforcées afin que les politiques publiques s’appuient davantage sur les connaissances scientifiques.	Instaurer un mode de scrutin proportionnel pour les élections législatives, inspiré du modèle allemand, qui combine l’élection de députés dans des circonscriptions locales et une répartition des sièges selon les voix obtenues nationalement par chaque parti. Ce système garantit une représentation plus équitable des forces politiques à l’Assemblée nationale, en réduisant les distorsions entre les suffrages exprimés et les sièges attribués, tout en maintenant un ancrage territorial des élus. Prendre prioritairement les élus de compensation parmi le genre sous-représenté, pour améliorer la parité en politique.
73	Institutions	Un gouvernement devrait pouvoir prendre une décision économiquement nécessaire mais très impopulaire sans chercher à obtenir l'approbation immédiate de la population.	0	1	https://projet-socialiste.fr/projet/refaire-societe/	Position intermédiaire : Le Projet socialiste 2026 veut rééquilibrer les institutions au profit du Parlement et des citoyens, développer la proportionnelle et limiter les instruments qui permettent à l’exécutif de contourner le vote parlementaire. Pour PS, sur Q73 (« Un gouvernement devrait pouvoir prendre une décision économiquement nécessaire mais très impopulaire sans chercher à obtenir l'approbation immédiate de… »), elle ne tranche pas clairement l’arbitrage précis posé : 0.	242	0.1427	Modifier l’article 40 de la Constitution pour desserrer les contraintes qui pèsent sur le pouvoir de décision budgétaire du Parlement.	Sanctuariser la décision du Conseil d’État du 13 février 2024, qui implique que l’ARCOM prenne en compte la diversité des sujets abordés ainsi que les interventions de l’ensemble des participants aux programmes diffusés, sans se limiter aux personnalités politiques, afin de lutter contre l’affichage « d’experts » qui sont en réalité des relais d’opinion et prendre en compte la présence de ces opinions en distinguant les heures de grande écoute des autres.	Favoriser l’expérimentation et l’utilisation, au niveau local et national, de modes de scrutin innovants : vote par approbation, jugement majoritaire, vote préférentiel.
74	Institutions	Le référendum devrait être beaucoup plus utilisé, même lorsque les citoyens votent sur des sujets dont ils maîtrisent mal les aspects techniques.	2	2	https://projet-socialiste.fr/projet/refaire-societe/	Accord net : Le Projet socialiste 2026 veut rééquilibrer les institutions au profit du Parlement et des citoyens, développer la proportionnelle et limiter les instruments qui permettent à l’exécutif de contourner le vote parlementaire. Pour PS, sur Q74 (« Le référendum devrait être beaucoup plus utilisé, même lorsque les citoyens votent sur des sujets dont ils maîtrisent mal les aspects techniques. »), elle va clairement dans ce sens sans établir nécessairement chaque condition ou conséquence de l’énoncé : +2.	242	0.1380	Instaurer une démocratie continue et participative en facilitant l’usage du référendum grâce à l’abaissement du seuil pour le référendum d’initiative partagée (RIP) avec 1 million de signatures et la création d’un référendum d’initiative citoyenne (RIC). Expérimenter le « préférendum » pour sortir le référendum de sa logique binaire. Permettre la mise en place de conventions citoyennes précédant les référendums.	L’ensemble de nos propositions sera soumis à une Convention composée de citoyens tirés au sort, de juristes, de parlementaires et d’élus locaux. Nous ferons valider par référendum les réformes qui nécessitent de modifier la Constitution, et par le Parlement celles qui relèvent de la loi ordinaire ou organique.	Transformer le Conseil économique, social et environnemental (CESE) en Conseil de la Société Civile (CSC). Sa composition actuelle sera complétée par un collège de 150 citoyens tirés au sort, reflétant fidèlement la diversité sociale et territoriale de la Nation, pour des mandats courts et non renouvelables. Le CSC sera le pivot du nouveau Référendum d’Initiative Citoyenne (RIC) : il sélectionnera les propositions citoyennes recevables et préparera le débat public en amont du vote.
75	Institutions	Il serait acceptable de donner davantage de poids politique aux citoyens qui démontrent un niveau élevé de connaissance du fonctionnement des institutions et de l'économie.	-2	1	https://projet-socialiste.fr/projet/refaire-societe/	Désaccord net : Le Projet socialiste 2026 veut rééquilibrer les institutions au profit du Parlement et des citoyens, développer la proportionnelle et limiter les instruments qui permettent à l’exécutif de contourner le vote parlementaire. Pour PS, sur Q75 (« Il serait acceptable de donner davantage de poids politique aux citoyens qui démontrent un niveau élevé de connaissance du fonctionnement des… »), elle va clairement en sens inverse sans nécessairement rejeter chaque détail : -2.	242	0.1027	Une démocratie ne vit que si ses citoyens ont le sentiment d’être entendus. Pourtant, de plus en plus de Françaises et de Français se détournent des urnes et doutent de la capacité de nos institutions à répondre à leurs préoccupations. Une même aspiration s’exprime : celle d’être écouté, respecté et associé aux décisions qui façonnent notre avenir commun.	Se donner les moyens d’une réelle politique migratoire et d’intégration	L’indépendance des médias, pilier essentiel de la démocratie, est aujourd’hui gravement menacée en France. Une concentration capitalistique sans précédent confie l’essentiel de l’information à une poignée de milliardaires, mettant en péril le pluralisme, la liberté éditoriale et le droit des citoyens à une information libre. Cette situation est aggravée par l’affaiblissement de l’audiovisuel public, la domination des plateformes numériques, la captation des revenus publicitaires par les GAFAM et des attaques répétées contre les journalistes. Les procédures-bâillons, les atteintes au secret des sources, les projets de lois liberticides et les campagnes de désinformation fragilisent encore davantage la liberté de la presse. Ces difficultés sont aggravées par un cadre législatif obsolète et insuffisamment protecteur, incapable de limiter efficacement la concentration des médias ou de garantir leur indépendance, ainsi qu’un système d’aides publiques à la presse inadapté qui favorise les grands groupes sans contreparties solides. Ces évolutions nourrissent une crise de confiance des citoyens envers l’information et posent un problème démocratique majeur. Nous ne laisserons pas le débat public être confisqué par des intérêts privés et réactionnaires. L’information n’est pas un bien comme les autres, mais un bien commun qu’il convient de protéger des logiques capitalistes de rentabilité et d’actionnariat.
76	Institutions	Le président de la République devrait disposer de davantage de pouvoirs pour pouvoir mettre en œuvre un programme pendant cinq ans sans être constamment bloqué par le Parlement.	-3	2	https://parti-socialiste.fr/vie-parlementaire/notre-declaration-politique-17eme-legislature/	Désaccord fort : le projet socialiste 2026 veut déprésidentialiser la Ve République, renforcer le Parlement et rééquilibrer le pouvoir exécutif ; il s'oppose directement à un renforcement du président.	59	0.0885	Nous appe­lons le Président de la République à res­pec­ter la volon­té du peuple fran­çais et à nom­mer un Premier ministre ou une Première ministre dési­gné par le Nouveau Front Populaire. Tant qu’il ne l’aura pas fait, notre groupe se consti­tue­ra en tant que groupe d’opposition.	Nous veille­rons au res­pect des pro­messes de la République et culti­ve­rons la cohé­sion natio­nale. Pour nous, la République fran­çaise est un cadre de vie col­lec­tif fon­dé sur la recherche de l’égalité́ réelle comme base des rela­tions sociales et comme mode de pro­duc­tion d’un des­tin com­mun. Nous croyons qu’il existe un che­min pour vivre ensemble et pas seule­ment les uns à côté des autres. Ce che­min s’appelle la République, et nous vou­lons la République jusqu’au bout, fidèles à Jaurès : « Sans la République, le socia­lisme est impuis­sant, sans le socia­lisme, la République est vide. »	Enfin, et pour la deuxième légis­la­ture consé­cu­tive, le pré­sident de la République ne dis­po­se­ra pas d’une majo­ri­té à l’Assemblée natio­nale. Ses dépu­tés sont même en net recul d’un point de vue numé­rique. Les élec­teurs et élec­trices ont à la fois sanc­tion­né sa poli­tique injuste, faite pour celles et ceux qui ne manquent de rien, mais aus­si une pra­tique du pou­voir qui a bru­ta­li­sé le Parlement, contour­né les corps inter­mé­diaires et mépri­sé les élus locaux.
77	Institutions	La proportionnelle intégrale serait préférable au système actuel, même si elle rendait plus fréquentes les coalitions et les gouvernements instables.	2	2	https://projet-socialiste.fr/projet/refaire-societe/	Accord net : Le Projet socialiste 2026 veut rééquilibrer les institutions au profit du Parlement et des citoyens, développer la proportionnelle et limiter les instruments qui permettent à l’exécutif de contourner le vote parlementaire. Pour PS, sur Q77 (« La proportionnelle intégrale serait préférable au système actuel, même si elle rendait plus fréquentes les coalitions et les gouvernements instables. »), elle va clairement dans ce sens sans établir nécessairement chaque condition ou conséquence de l’énoncé : +2.	242	0.0604	Basculer vers un impôt progressif sur les sociétés : la politique fiscale est très favorable aux grandes entreprises, au détriment des PME et ETI. Pour corriger ce biais, nous proposons de mettre un terme à la logique proportionnelle de l’impôt sur les sociétés et de le rendre progressif, pour favoriser l’investissement dans les PME.	Renforcer les droits de l’opposition parlementaire par un accès facilité aux commissions d’enquête et aux missions d’information, la saisine élargie du Conseil Constitutionnel et l’instauration de rôles parlementaires spécifiques, comme celui de contre-rapporteur, qui pourra rédiger des conclusions intégrées au rapport d’une commission. Répartir les présidences des commissions permanentes à la proportionnelle des groupes politiques.	Préparer la « grande transmission » de l’héritage en créant un Impôt sur les grandes successions (IGS), sans impact pour 99 % des Français. Celui-ci prendrait en compte l’ensemble des transmissions patrimoniales reçues au cours de la vie dans l’assiette des droits de mutation à titre gratuit (DMTG) , en accroissant la progressivité de son barème (avec un abattement unique de 200 000 euros au cours de la vie), et en créant un prélèvement forfaitaire sur les plus-values latentes dont sont porteuses les valeurs mobilières transmises par les plus hauts patrimoines. Sur la période 2025-2040, le rendement cumulé de l’IGS serait de 400 milliards d’euros.
78	Immigration / assimilation	Le droit de séjour durable en France devrait dépendre, sauf impossibilité particulière, d’efforts concrets pour apprendre le français, comprendre les règles et usages du pays et participer à la vie collective.	1	2	https://projet-socialiste.fr/projet/refaire-societe/	Accord modéré : Le Projet socialiste 2026 veut régulariser par le travail, renforcer les voies légales d’entrée et le droit d’asile, défendre l’AME et développer dès la demande de titre l’apprentissage du français et la formation civique. Pour PS, sur Q78 (« Le droit de séjour durable en France devrait dépendre, sauf impossibilité particulière, d’efforts concrets pour apprendre le français, comprendre les… »), elle incline dans ce sens sans adopter toute la proposition : +1.	242	0.0998	Protéger l’état de droit Moderniser le Conseil Constitutionnel : supprimer la présence des anciens présidents de la République comme membres de droit, confirmer toutes les nominations par une majorité des 3/5e au sein des commissions parlementaires compétentes, procéder à l’élection du président par les membres du Conseil et non par nomination du Président de la République, étendre aux membres les règles de transparence applicables aux parlementaires. Supprimer la Cour de justice de la République. Basculer dans le droit commun les infractions que juge aujourd’hui la CJR. Renforcer les pouvoirs du Défenseur des Droits par la possibilité de saisine du Conseil constitutionnel et des pouvoirs d’enquête propres. Introduire un contrôle parlementaire renforcé des états d’urgence au sein de la Constitution : modalité de déclenchement, délais, limitation de son objet, objectifs poursuivis. Faire le bilan et réviser les lois « d’exception » qui portent atteinte aux libertés publiques , afin de mieux concilier liberté individuelle et sécurité collective.	Le droit d’asile assure protection à toute personne fuyant la guerre et les persécutions, menacée dans son pays d’origine. C’est la fierté de la France d’être une terre de paix qui accueille celles et ceux qui sont en danger dans leur pays. En 2024, 130 952 premières demandes d’asile ont été enregistrées en France, formulées principalement par des personnes originaires d’Ukraine, d’Afghanistan, ou encore de République Démocratique du Congo, soit de pays en proie à des conflits armés. 38 % de ces demandes ont été validées. Contre les tentatives des droites pour le défaire, nous devons préserver le droit d’asile, tenant compte des nouvelles causes des déplacements forcés à l’image du changement climatique, et instaurer une réelle solidarité européenne dans la répartition des demandeurs d’asile entre les États membres.	Les migrations font partie intégrante de l’histoire de la France et de son identité. Notre pays s’est construit et enrichi grâce aux apports des populations immigrées. Pourtant, le débat public sur l’immigration est trop souvent confisqué par la stigmatisation, les caricatures et l’exploitation des peurs, en décalage avec la réalité des faits. Contrairement aux discours alarmistes, l’immigration ne « submerge » pas la France. La responsabilité politique impose de sortir des postures idéologiques. Notre politique migratoire est aujourd’hui inefficace et illisible. Depuis 1945, l’accumulation désordonnée de 118 réformes successives a produit un droit des étrangers complexe, instable et inégalement appliqué selon les territoires. Les services administratifs manquent de moyens, ce qui entraîne retards, erreurs et situations d’irrégularité, avec des impacts redoutables sur les processus d’intégration des étrangers, notamment par le travail. La logique du chiffre, illustrée par l’explosion des obligations de quitter le territoire (OQTF), a échoué. Nous voulons en finir avec une politique d’entrée et de séjour fondée sur la xénophobie, comme nous voulons stopper la machine administrative à fabriquer des clandestins qui finit par enrichir les marchands de sommeil et exploiter les travailleurs. Nous proposons un changement profond de la politique migratoire française, autour d’un cadre clair et humaniste, applicable et donc effectivement appliqué.
79	Immigration / délinquance	Les différences de délinquance observées s’expliquent davantage par les inégalités sociales et économiques que par la culture d’origine des personnes concernées.	3	2	https://projet-socialiste.fr/projet/refaire-societe/	Accord très fort : Le Projet socialiste 2026 veut régulariser par le travail, renforcer les voies légales d’entrée et le droit d’asile, défendre l’AME et développer dès la demande de titre l’apprentissage du français et la formation civique. Pour PS, sur Q79 (« Les différences de délinquance observées s’expliquent davantage par les inégalités sociales et économiques que par la culture d’origine des personnes… »), cette orientation reprend presque entièrement le choix proposé : +3.	242	0.1371	Associer les personnes concernées à la conception, à la mise en œuvre et à l’évaluation des politiques publiques de lutte contre la pauvreté, en reconnaissant leur expertise d’usage et leur capacité d’agir.	La trajectoire vers l’égalité réelle entre l’Hexagone et les Outre-mer est aujourd’hui rompue. Pour des millions de Français ultramarins, la citoyenneté demeure à deux vitesses, marquée par un sentiment durable d’abandon, de déclassement et d’injustice. Face à la superposition des crises sociales, économiques, sécuritaires, sanitaires et environnementales, l’État continue de privilégier une gestion dans l’urgence, cherchant avant tout à restaurer une paix sociale de façade, sans s’attaquer aux causes structurelles des inégalités. La vie chère, alimentée par des monopoles économiques et une dépendance structurelle aux importations, asphyxie les populations et plonge une part massive d’entre elles sous le seuil de pauvreté. Les services publics essentiels se délitent : accès à l’eau potable, à la santé, à la sécurité. L’État régalien peine à assurer ses missions fondamentales. À ces fractures s’ajoute une vulnérabilité environnementale extrême, aggravée par le changement climatique et des scandales sanitaires, à l’image du chlordécone. Nous voulons mettre un terme à la gouvernance centralisée et uniforme des Outre-mer, décidée depuis Paris, qui ignore les réalités locales. Plutôt que la politique de gestion de crise permanente, nous voulons développer une vision de long-terme pour l’autonomie et l’égalité réelle des Outre-mer.	La ghettoïsation territoriale, scolaire et urbaine de notre pays ne peut plus être ignorée : certains espaces – quartiers, établissements scolaires ou zones urbaines – se trouvent aujourd’hui durablement marqués par la concentration de populations socialement défavorisées ou, au contraire, très privilégiées. La métropolisation subie a concentré les activités économiques, sociales et culturelles autour de quelques grandes métropoles et plongé les villes petites et moyennes dans une spirale de dévitalisation sur laquelle l’extrême droite prospère. Cette fracturation française se traduit par des écarts importants de réussite éducative entre les établissements selon leur composition sociale, des inégalités d’accès aux services publics, à l’emploi et à la mobilité. Elle crée des territoires qui cumulent les fragilités : Quartiers Prioritaires de la Ville (QPV), zones rurales enclavées, périphéries urbaines délaissées. Sans mixité, il ne peut y avoir ni vivre-ensemble, ni citoyenneté partagée. Revitaliser les territoires délaissés et lutter contre toute forme de ghettoïsation est un impératif démocratique, au cœur de notre projet de société.
81	Santé / accès aux soins	Dans les zones où l'accès aux soins est insuffisant, l'Assurance maladie devrait pouvoir limiter le conventionnement de nouveaux médecins dans les zones déjà bien dotées afin d'encourager leur installation dans les déserts médicaux.	3	3	https://projet-socialiste.fr/projet/vivre-libres/	Accord très fort : Le PS veut renforcer la santé, l’école, le logement et la protection sociale publics, encadrer davantage le marché du logement et préserver la retraite par répartition. Pour PS, sur Q81 (« Dans les zones où l'accès aux soins est insuffisant, l'Assurance maladie devrait pouvoir limiter le conventionnement de nouveaux médecins dans les… »), cette orientation reprend presque entièrement le choix proposé : +3.	217	0.1111	Les transports sont la première source d’émissions de gaz à effet de serre en France. Les Français parcourent toujours plus de kilomètres, majoritairement en voiture, qui reste le mode de déplacement de 80 % d’entre eux, faute d’alternatives accessibles. La moitié de la population n’a pas accès à des transports collectifs efficaces. Cette dépendance, particulièrement marquée dans les zones rurales et périurbaines, a un coût social élevé : 25 % des Français ont déjà renoncé à un emploi ou une formation par manque de solutions de transport. Un nouveau contrat social des transports est nécessaire, fondé sur la justice sociale et des alternatives propres et accessibles sur tout le territoire.	Le temps est une richesse, et il est politique ! L’accès au temps choisi, au repos et à la capacité de s’organiser est aujourd’hui une ligne de fracture sociale. Les femmes, les salariés précaires, les travailleurs aux horaires décalés ou les aidants subissent de fortes contraintes temporelles marquées par l’imprévisibilité, l’impossibilité de télétravailler ou de prévoir un rendez-vous médical. Ces inégalités se manifestent jusque dans l’accès aux vacances, dont près de 40 % des Français sont exclus. L’aspiration au temps libéré n’a jamais été aussi forte. Une part importante des salariés déclare ne pas pouvoir concilier correctement travail et vie personnelle, du fait de l’intensification du travail, de la précarisation de l’emploi et d’une porosité grandissante entre vie professionnelle et personnelle. La maîtrise du temps doit être replacée au cœur du modèle social français : pour donner à chacun la liberté de vivre, nous rendrons aux salariés du pouvoir sur l’organisation de leur travail et ouvrirons de nouveaux droits au temps choisi.	Simplifier les procédures d’installation et d’extension de sites industriels, avec un guichet unique et un raccourcissement des délais.
83	Santé / hôpital	Il faut accepter de fermer ou regrouper certaines petites maternités et certains services d'urgence afin de concentrer les équipes et les équipements dans des établissements plus importants.	-2	2	https://projet-socialiste.fr/projet/vivre-libres/	Désaccord net : Le PS veut renforcer la santé, l’école, le logement et la protection sociale publics, encadrer davantage le marché du logement et préserver la retraite par répartition. Pour PS, sur Q83 (« Il faut accepter de fermer ou regrouper certaines petites maternités et certains services d'urgence afin de concentrer les équipes et les équipements… »), elle va clairement en sens inverse sans nécessairement rejeter chaque détail : -2.	217	0.0853	Enseigner l’ESS dans les cursus de formation économique et les établissements d’enseignement supérieur, notamment les écoles de commerce.	Réformer le cadre réglementaire des Services d’Intérêt Économique Général (SIEG) afin de consacrer l’énergie, les transports, la santé et le logement comme des services publics stratégiques .	Nous utilisons des cookies pour améliorer votre expérience et analyser la navigation. Refuser peut limiter certaines fonctionnalités du site.
84	Éducation / autonomie	Les chefs d'établissement scolaire devraient pouvoir recruter eux-même une partie de leurs enseignants et peser davantage dans leur évaluation.	-2	1	https://projet-socialiste.fr/projet/vivre-libres/	Désaccord net : Le PS veut renforcer la santé, l’école, le logement et la protection sociale publics, encadrer davantage le marché du logement et préserver la retraite par répartition. Pour PS, sur Q84 (« Les chefs d'établissement scolaire devraient pouvoir recruter eux-même une partie de leurs enseignants et peser davantage dans leur évaluation. »), elle va clairement en sens inverse sans nécessairement rejeter chaque détail : -2.	217	0.1051	Depuis 40 ans, le coût du logement n’a cessé de peser toujours plus lourdement sur nos budgets. Pour les ménages les plus pauvres, cela peut atteindre 45 % des dépenses contraintes, contre à peine 14 % pour les plus aisés. Faire baisser le coût du logement est un objectif incontournable pour rendre du pouvoir de vivre aux Français. Pour cela, une intervention publique forte est nécessaire. Nous devons sortir d’une France à deux vitesses, où les plus riches peuvent être multipropriétaires, là où des millions de Français qui travaillent n’arrivent plus à se loger.	De nombreuses entreprises peinent à recruter. Cette situation fragilise les territoires, en particulier les zones rurales et les villes moyennes, où l’offre de formation reste insuffisante. Les filières industrielles et technologiques, souvent dévalorisées, peinent à attirer les jeunes malgré leur capacité à créer des emplois qualifiés, durables et porteurs de sens. Depuis une vingtaine d’années, la productivité décroît en France. Il est urgent d’investir dans le capital humain ! Or l’accès à la formation reste très inégal. Les salariés les plus qualifiés en bénéficient davantage, tandis que ceux qui en ont le plus besoin — jeunes peu diplômés, travailleurs des secteurs fragilisés, seniors — y accèdent difficilement. Pour créer les emplois de demain et réindustrialiser le pays, il est indispensable de reconstruire un écosystème de formation solide, associant État, régions, entreprises et acteurs éducatifs, fondé sur l’anticipation des besoins et l’égalité réelle.	Faire de l’école un pilier de l’égalité face à l’IA en formant les enseignants et les élèves, dès le collège, aux usages critiques de l’IA générative pour éviter une fracture éducative.
86	Logement / locations touristiques	Dans les zones où le logement manque, une commune devrait pouvoir interdire la location touristique régulière d'un logement qui n'est pas la résidence principale de son propriétaire.	2	3	https://projet-socialiste.fr/projet/vivre-libres/	Accord net : Le PS veut renforcer la santé, l’école, le logement et la protection sociale publics, encadrer davantage le marché du logement et préserver la retraite par répartition. Pour PS, sur Q86 (« Dans les zones où le logement manque, une commune devrait pouvoir interdire la location touristique régulière d'un logement qui n'est pas la résidence… »), elle va clairement dans ce sens sans établir nécessairement chaque condition ou conséquence de l’énoncé : +2.	217	0.1684	Renforcer le « fonds social climat » pour soutenir les ménages modestes dans l’achat et la location de véhicules électriques ou dans la rénovation de leur logement.	Instaurer une taxe anti-rente ciblant les multi-propriétaires dès le quatrième logement (hors résidence principale) pour briser la rente immobilière et la spéculation . Cette taxe ne s’appliquera pas aux propriétaires bailleurs dont les loyers sont conventionnés ou significativement inférieurs aux prix du marché, afin de ne pas pénaliser la gestion locative à vocation sociale. Les recettes de cette taxe seront intégralement fléchées vers la construction de logements publics et la rénovation thermique globale des bâtiments.	3 Français sur 5 rencontrent des difficultés pour se loger. 2,7 millions de ménages sont en attente d’un logement social. De plus en plus de jeunes actifs, d’étudiants, et de salariés sont obligés de renoncer à des parcours de formation ou d’emploi faute de pouvoir se loger à proximité. Pour les familles monoparentales, majoritairement composées de femmes, les difficultés d’accès à un logement abordable entraînent renoncement au travail, isolement et décrochage social.
87	Défense / Ukraine	La France devrait continuer à fournir une aide militaire et financière importante à l'Ukraine tant que son territoire reste occupé, même si la guerre se prolonge.	3	3	https://projet-socialiste.fr/projet/pacifier-le-monde/	Accord très fort : Le PS inscrit la souveraineté française dans une Europe plus intégrée et plus autonome, avec davantage de politiques communes dans l’industrie, l’énergie, la défense et la diplomatie. Pour PS, sur Q87 (« La France devrait continuer à fournir une aide militaire et financière importante à l'Ukraine tant que son territoire reste occupé, même si la guerre… »), cette orientation reprend presque entièrement le choix proposé : +3.	57	0.1128	Porter secours aux victimes de crimes de guerre et contre l’humanité. Garantir dans les visas humanitaires et programmes de réinstallation un accès favorisé aux victimes de crimes de guerre et associé d’une aide juridique, psychologique et sanitaire. Garantir des centres spécialisés de prise en charge des violences sexuelles de guerre. Créer un mécanisme européen d’appui immédiat aux procureurs nationaux pour documenter les crimes de guerre, y compris les violences sexuelles.	Appeler à la finalisation de la mise en œuvre des réformes de régulation financière héritées de la crise de 2008, dont Bâle III pour le secteur bancaire. La stabilité financière constitue un bien commun essentiel. Les réformes portées après la crise de 2008 sont aujourd’hui remises en cause par l’Administration Trump, qui poursuit un agenda de « dérégulation ». Le cadre de la régulation financière doit par ailleurs s’adapter à l’émergence de nouveaux acteurs (par exemple : crypto, finance non-bancaire) dont l’insuffisante régulation contient des risques pour la stabilité financière mondiale.	La défense de nos valeurs passe par la recherche d’une paix juste et durable en Ukraine, où se joue l’avenir du continent européen. Soutenir la résistance ukrainienne face à l’agression russe, pour la placer en position de force dans les futures négociations. Faire du retour des enfants déportés et de la libération des civils pris en otage un préalable à ces négociations. Financer le soutien militaire et la reconstruction du pays à travers la saisie des 210 milliards d’avoirs publics russes immobilisés dans l’Union européenne. Soutenir l’adhésion de l’Ukraine à l’Union européenne.
88	Défense / dissuasion nucléaire	La dissuasion nucléaire française devrait aussi protéger les partenaires européens, tout en laissant à la France seule la décision finale de l'employer.	3	3	https://projet-socialiste.fr/projet/pacifier-le-monde/	Accord très fort : Le PS inscrit la souveraineté française dans une Europe plus intégrée et plus autonome, avec davantage de politiques communes dans l’industrie, l’énergie, la défense et la diplomatie. Pour PS, sur Q88 (« La dissuasion nucléaire française devrait aussi protéger les partenaires européens, tout en laissant à la France seule la décision finale de l'employer. »), cette orientation reprend presque entièrement le choix proposé : +3.	57	0.0865	Le système international issu de l’après-1945 traverse une crise profonde. Construit dans un contexte de rapports de force dominé par un petit nombre de puissances et calqué sur les priorités de la Guerre froide, il n’est plus adapté aux défis du XXIᵉ siècle. Les institutions multilatérales telles que le FMI, l’OMC, et en particulier l’ONU, souffrent d’un déficit démocratique : les pays du « Sud » sont sous-représentés, la société civile n’a qu’un accès très marginal à la prise de décision, la place des femmes est restreinte. Aucune de ces institutions ne régule efficacement le capitalisme débridé, ni ne protège les biens communs mondiaux. Aussi, leur modèle économique est obsolète : une poignée d’institutions, dominées par les économies les plus riches, concentrent le pouvoir financier. Nous héritons d’un système multilatéral affaibli, concurrencé par des coalitions ad hoc, comme le « Conseil de la paix » porté par Donald Trump, et des organisations régionales. Pour nous, le multilatéralisme n’est pas une option : c’est un instrument de justice et de paix. Chaque État, chaque peuple, chaque société civile doit participer à la définition de l’avenir commun. Nous voulons reconstruire des institutions multilatérales fortes, démocratiques et équitables.	Défendre une issue politique en Iran par le peuple iranien lui-même . Agir pour une mobilisation résolue de la communauté internationale et en particulier de l’Europe. Réactiver un cadre diplomatique sur la question iranienne, cibler et renforcer les sanctions sur les responsables de la répression, reprendre des négociations sur le nucléaire iranien visant à empêcher la poursuite d’un programme nucléaire militaire par le régime, sous contrôle de l’AIEA (Agence internationale de l’énergie atomique). Soutenir une issue politique par les Iraniens eux-mêmes via l’organisation d’élections libres.	Protéger l’Arctique en consacrant le principe d’inexploitabilité de ses ressources minières et souterraines.
89	Santé / fin de vie	Une personne majeure atteinte d'une maladie grave et incurable provoquant des souffrances insupportables devrait pouvoir recevoir une aide médicale à mourir dans un cadre strictement contrôlé.	3	3	https://projet-socialiste.fr/projet/refaire-societe/	Accord très fort : Le PS défend l’égalité des droits, la lutte contre le racisme et les discriminations et une République pluraliste, tout en maintenant un cadre commun laïque et civique. Pour PS, sur Q89 (« Une personne majeure atteinte d'une maladie grave et incurable provoquant des souffrances insupportables devrait pouvoir recevoir une aide médicale à… »), cette orientation reprend presque entièrement le choix proposé : +3.	242	0.1388	Défendre l’aide médicale d’État (AME) et développer les dispositifs d’accompagnement psychologique pour les personnes victimes de la traite.	Encadrer plus strictement l’usage des cryptos-actifs et clarifier leur fiscalité pour éviter toute optimisation fiscale.	Interdire toute aide publique financière à la presse condamnée pour incitation à la haine .
91	Famille / prestations	Les allocations familiales devraient être versées à toutes les familles selon le nombre d'enfants, sans diminuer lorsque les revenus augmentent.	-2	2	https://projet-socialiste.fr/projet/vivre-libres/	Désaccord net : Le PS veut renforcer la santé, l’école, le logement et la protection sociale publics, encadrer davantage le marché du logement et préserver la retraite par répartition. Pour PS, sur Q91 (« Les allocations familiales devraient être versées à toutes les familles selon le nombre d'enfants, sans diminuer lorsque les revenus augmentent. »), elle va clairement en sens inverse sans nécessairement rejeter chaque détail : -2.	217	0.1200	Pour maintenir l’équilibre financier du nouveau système de retraites, flécher des revenus de l’imposition du capital, assujettir aux cotisations sociales certains compléments de salaire attribués aux plus hauts revenus (attributions gratuites d’actions, dividendes, intéressement, participation, avantages en nature) et les revenus tirés des heures supplémentaires versés aux travailleurs dont la rémunération est supérieure à 3 SMIC, et agir pour l’emploi des seniors, des femmes et des jeunes.	Garantir à tous le droit au repos , en renforçant le droit à la déconnexion avec des sanctions en cas de non-respect, en organisant un droit aux vacances pour les familles et les trois millions d’enfants qui en sont privés. Réinvestir dans les structures d’éducation populaire, les colonies de vacances, les clubs sportifs et les maisons de quartier.	Instaurer un « passeport carbone » qui permet la progressivité de la surtaxe sur les billets d’avion selon le nombre de trajets (applicable également aux entreprises, ligues et clubs sportifs, etc.), afin de désinciter au recours abusif à l’avion et de faire contribuer les plus gros émetteurs, tout en garantissant une continuité territoriale pour les résidents ultramarins ;
92	Numérique / mineurs	L'accès aux réseaux sociaux devrait être interdit aux moins de 15 ans, même avec l'accord de leurs parents.	1	3	https://projet-socialiste.fr/projet/refaire-societe/	Accord modéré : Le PS défend l’égalité des droits, la lutte contre le racisme et les discriminations et une République pluraliste, tout en maintenant un cadre commun laïque et civique. Pour PS, sur Q92 (« L'accès aux réseaux sociaux devrait être interdit aux moins de 15 ans, même avec l'accord de leurs parents. »), elle incline dans ce sens sans adopter toute la proposition : +1.	242	0.1842	Lutter contre la grande pauvreté dès 18 ans avec le revenu d’autonomie pour les 18–25 ans, articulé avec les parcours de formation, d’insertion et d’emploi, et conçu pour être simple d’accès et immédiatement mobilisable.	Préserver la liberté de conscience et celle de critiquer les religions en luttant contre le prosélytisme et l’extrémisme religieux , y compris sur les réseaux sociaux, par un renforcement de moyens policiers et judiciaires dédiés.	Renforcer les capacités de l’Arcom afin qu’elle puisse garantir effectivement le pluralisme de l’information et lutter contre les manipulations de l’espace public numérique. Ses pouvoirs de contrôle seront étendus aux plateformes et aux réseaux sociaux, dans le prolongement des principes fixés par le Digital Services Act en matière de transparence, de responsabilité et de modération des contenus.
93	Numérique / intelligence artificielle	Les administrations publiques devraient privilégier des modèles d'intelligence artificielle hébergés en Europe, même s'ils sont temporairement moins performants ou plus coûteux que leurs concurrents étrangers.	2	2	https://projet-socialiste.fr/projet/vivre-libres/	Accord net : Le PS veut renforcer la santé, l’école, le logement et la protection sociale publics, encadrer davantage le marché du logement et préserver la retraite par répartition. Pour PS, sur Q93 (« Les administrations publiques devraient privilégier des modèles d'intelligence artificielle hébergés en Europe, même s'ils sont temporairement moins… »), elle va clairement dans ce sens sans établir nécessairement chaque condition ou conséquence de l’énoncé : +2.	217	0.1522	Défendre un traité international de régulation de l’intelligence artificielle fondé sur : la transparence des modèles, l’interdiction des usages de surveillance de masse, la protection des données, la souveraineté numérique européenne et l’accès équitable aux infrastructures numériques.	Mettre l’intelligence artificielle au service du bien commun	Créer un CPF-IA abondé pour tout salarié dont le métier est transformé par l’intelligence artificielle, assorti d’un droit opposable à la reconversion.
